{
 "input_nodes": 12,
 "hidden_nodes": 16,
 "output_nodes": 20,
 "epochs": 1000,
 "lr": 0.20000000000000007,
 "output": 0,
 "epsilon": 0.01,
 "synapse0": [
  [
   44450.72680505205,
   -34803.415442469304,
   -17545.637197436805,
   -8206.412406697977,
   -1670.2825302302901,
   16327.674142444721,
   27200.02207579988,
   -30384.861060373212,
   2483.9723789517343,
   -5727.456061071092,
   -20440.765082964976,
   14353.611076914654,
   47361.16347785675,
   15539.379572298336,
   21675.555661154813,
   61751.76745163421
  ],
  [
   -98445.05153272026,
   -724.8430594935913,
   -12553.963985493996,
   -66556.1123837119,
   -10016.095126195116,
   -42406.86041044587,
   -76564.04394569677,
   -15289.655298368327,
   -46676.02401055376,
   -15722.771341134503,
   -18868.219785702247,
   -15186.616501081642,
   -100167.87693871718,
   -70793.63066283113,
   -77733.8409586429,
   -118546.40238492556
  ],
  [
   61997.06595731828,
   10032.118348774073,
   10149.732011142029,
   20982.166903115623,
   6121.866332021323,
   7340.023629327761,
   88606.75947119243,
   13185.097426889612,
   23139.301456477548,
   1907.7679633490477,
   4450.43452970893,
   13921.736492664817,
   69065.33710650481,
   72939.49881985389,
   39626.87556120715,
   73274.29752702136
  ],
  [
   64984.06985566886,
   -1555.7553333070757,
   3949.757957339877,
   42792.469145984156,
   10543.71307357481,
   31601.474542821485,
   22382.266448609153,
   781.9769609508465,
   36161.030770136225,
   -1845.5278872721603,
   13648.726420703255,
   12790.56436417134,
   62786.37480001963,
   50417.49490233376,
   59326.404966937946,
   70129.49340052178
  ],
  [
   -19023.046067261683,
   -4819.017533096254,
   -9589.192796662966,
   29465.982727575913,
   -4933.517383177981,
   -17594.36981510065,
   -15945.526551334613,
   -20130.597382631222,
   9710.271699801582,
   -3004.322548292747,
   -25359.96932603604,
   45399.101167912,
   -9827.921987584652,
   -62860.83322659203,
   -40249.32411720496,
   4052.4924861401037
  ],
  [
   -24095.54715705759,
   -17255.097401319723,
   -8279.026760167453,
   -16830.4244346204,
   -5871.1563217480725,
   -18833.601716162844,
   -37545.37013377142,
   -3952.333744213486,
   -27709.351229859567,
   -9393.409696757646,
   -28133.791147166387,
   51630.032448164304,
   -9511.707614642035,
   -35116.89301835841,
   -31122.02412824147,
   -22269.56702574526
  ],
  [
   -18123.278677561306,
   -40555.06001870869,
   -27420.507224227676,
   -41190.30237605563,
   -12746.997634421557,
   -31005.516861256165,
   -26448.336722305095,
   -37312.504232508814,
   -41520.998995860915,
   -14915.952040276261,
   -18295.967314474263,
   -2835.821501741969,
   -30221.791784865367,
   -32490.868597552108,
   -48733.27591729415,
   -10255.396894183983
  ],
  [
   -1414.1491442749748,
   -33098.090115279214,
   -29677.01368776735,
   -68718.68303250785,
   -5007.711835835782,
   7529.190006627904,
   -3907.0540444977223,
   -42969.6755239342,
   -40671.2580738393,
   -23237.479303624248,
   -17977.11359044751,
   -27070.885236909515,
   -17900.229655189545,
   13414.209479202837,
   26413.33590318984,
   -23592.56636524789
  ],
  [
   4562.03642559751,
   -16947.1011537809,
   -10234.81931658324,
   -49197.671049291544,
   -6470.990735246038,
   365.97412760268793,
   -13487.396416038537,
   -14937.406449340668,
   -28391.30174535451,
   -1987.3898492309388,
   17413.677872106637,
   50693.28292114703,
   -7881.825057418537,
   27854.30837962256,
   8908.482571527695,
   2728.0854112169764
  ],
  [
   -23056.695084785762,
   -38806.92845855293,
   -34504.18258475859,
   -76314.9050715722,
   -12660.481464837325,
   -31783.949280963174,
   -40004.208923222584,
   -37539.228678334606,
   -57560.52559969372,
   -31283.653989065624,
   -5435.077389149322,
   -29854.430349370705,
   -32472.072434003854,
   -7649.588103251079,
   -44272.15244640557,
   -31955.385269754956
  ],
  [
   -134880.23510108364,
   -62616.06752820743,
   -62659.782218390894,
   -163162.28008357866,
   -23865.611793095646,
   -71380.38898262079,
   -119711.09858050977,
   -97163.2720159109,
   -84647.6804784245,
   -32245.747719154682,
   -105981.20498905434,
   -27378.22641167052,
   -106419.41426834604,
   -144305.97118401714,
   -151480.48312915978,
   -135443.573337518
  ],
  [
   43356.674031405884,
   -36192.64810439612,
   -31008.848031736146,
   2521.780304066169,
   -896.4887030596066,
   52287.2125400379,
   87750.18316725492,
   -38746.17561166368,
   27523.153948392668,
   -10259.838203733128,
   -26365.647751867735,
   9396.785161853739,
   29920.62303494542,
   -8844.976370825527,
   67405.87537940427,
   38991.9575339579
  ]
 ],