{
 "input_nodes": 12,
 "hidden_nodes": 16,
 "output_nodes": 20,
 "epochs": 1000,
 "lr": 0.5,
 "output": 0,
 "epsilon": 0.01,
 "synapse0": [
  [
   2362.546120351294,
   -535.2851767091018,
   170.68980236254077,
   559.3208331702442,
   -207.3695632664417,
   76.42935583106744,
   1267.8410159002115,
   104.79709602836276,
   -518.4735126024742,
   -543.783524447927,
   -734.3238277684484,
   453.15810321497617,
   4356.328559291337,
   1901.110460449913,
   404.41101647674043,
   3504.6475234471113
  ],
  [
   -5119.720085730019,
   -761.0909415757909,
   -2206.305270652676,
   -4295.815009517864,
   -1099.4254343793853,
   -730.0199915344542,
   -4149.965977044352,
   -951.6254729825372,
   -757.9097598408136,
   -1456.358937730986,
   -3208.9977585355236,
   -409.87085786331306,
   -7863.740463431882,
   -5020.649177901363,
   -3610.8756207370902,
   -7515.328579362409
  ],
  [
   2026.0526961922103,
   -1131.3451445619987,
   -483.1957711596274,
   47.72623596171084,
   129.28841496362523,
   -1158.7184971051877,
   4810.339551026601,
   -794.909397564618,
   100.36706806017386,
   287.70504146457665,
   -1658.2401809278938,
   464.4888850893858,
   6065.4922936969215,
   3251.5677716711994,
   1161.4220158483026,
   5503.445739068809
  ],
  [
   2004.404928929178,
   -124.96760640305064,
   814.6133090304163,
   827.4872234104115,
   955.3454118678582,
   1069.1871226612031,
   370.5582784646253,
   305.20142045219325,
   1377.6656334553809,
   708.9270993124662,
   1619.6210345244456,
   669.281342129417,
   4116.91315667321,
   3011.141437195056,
   1338.7347689529774,
   3036.529176074586
  ],
  [
   220.61426785683327,
   121.50513648901016,
   -1051.8933938021048,
   -869.7046714095994,
   -717.8562468872038,
   -757.7448210794223,
   -213.11068793366198,
   -488.91105644942024,
   -26.511840271203035,
   -691.3177066713738,
   -2646.5868976977777,
   1637.0954014325253,
   -717.3506701692444,
   -2648.7218064614717,
   -2090.957240271907,
   -1717.4189685130405
  ],
  [
   -810.4413403618557,
   -2747.915772775209,
   -1909.716838811545,
   -2816.9607999559844,
   -599.9353290412525,
   -688.7487998385463,
   -1912.2205773165285,
   -1910.8720238560754,
   -2100.421778203595,
   -369.5646281353699,
   -3219.8798710786587,
   1690.6762091850323,
   -2449.0822135040935,
   -522.7419682556235,
   -3349.137008352528,
   -1028.107814502564
  ],
  [
   -743.3038508755744,
   32.73372822599999,
   -434.04765771644975,
   -1796.413309567739,
   -1567.3689354419241,
   -856.9772837446893,
   -1495.6909671935803,
   111.52537771857452,
   -1443.8924999536503,
   -1611.5511628963195,
   -2754.778057977715,
   271.0697235918942,
   -1156.9333145395717,
   -2205.0169982669436,
   -2187.892339330939,
   -1782.038037939402
  ],
  [
   -361.0927509538769,
   -1600.3030797416293,
   -2203.068122132117,
   -647.5085157403846,
   -746.9445998816924,
   156.7256756135021,
   -699.4851472466706,
   -611.5149520171898,
   541.7036620659794,
   -1976.3528332673757,
   -2748.697626653842,
   -1163.3642945238794,
   -1282.2779912122826,
   439.08574712502957,
   1130.8870285847913,
   -987.3374179911332
  ],
  [
   -706.3820512863771,
   1453.2988298100042,
   297.260416195781,
   494.8173621111133,
   -827.0309104215235,
   1096.1043326245742,
   267.19499574536667,
   1485.2955425551916,
   -352.1871559730108,
   -183.6866101233868,
   392.059235399238,
   2304.1758672838887,
   856.4039585585713,
   786.1406373447445,
   2072.679200767554,
   1048.2732023009014
  ],
  [
   -2002.7769788162295,
   -1178.3640535835116,
   -1853.0270293001608,
   -2309.2051823810016,
   -1692.544571598014,
   -1625.2702191006342,
   -2847.899261383413,
   -59.402705576436134,
   -1357.2622366364435,
   -2740.873859920364,
   -2414.3383923941615,
   -1195.3525034147967,
   -1971.9162773382732,
   -1983.2646680567468,
   -2279.8945227076724,
   -2637.6344904957737
  ],
  [
   -5493.171267458572,
   -3914.649497011807,
   -4899.552685551009,
   -11783.923514624623,
   -2653.547278529568,
   -2863.8267581332793,
   -6513.284678542999,
   -4029.6677499879133,
   -5373.236430379913,
   -2777.315649896005,
   -10218.29939275062,
   -1500.5868488790898,
   -8219.906442336225,
   -6581.9131294749295,
   -11631.065875113627,
   -8869.541356227648
  ],
  [
   3979.619045288678,
   -973.8563891462564,
   -2063.883009054932,
   1376.5433951730304,
   -168.47908163581877,
   791.3024078186492,
   4328.417181235662,
   -1169.2760406676712,
   335.73712613885584,
   -937.4156089920525,
   -2062.5481626687592,
   606.8447044115156,
   979.0748024520229,
   1898.2252285824304,
   3441.0604671572055,
   3415.378054547929
  ]
 ],