{
 "input_nodes": 12,
 "hidden_nodes": 16,
 "output_nodes": 20,
 "epochs": 1000,
 "lr": 0.45,
 "output": 0,
 "epsilon": 0.01,
 "synapse0": [
  [
   20320.212055864926,
   -15879.072603697969,
   -7578.05020248085,
   9204.047302035196,
   -357.09004984635965,
   6655.280219964428,
   10829.982495423692,
   -13154.972637643503,
   2292.698564655539,
   -3737.1952029980544,
   -9715.625686834363,
   5554.900134721795,
   26462.47747627536,
   2799.5943330404466,
   8396.747032385643,
   30553.021307747178
  ],
  [
   -42591.15091321757,
   -282.42473142776424,
   -6623.677379194661,
   -29682.718127190372,
   -5939.976868994494,
   -17683.896575531322,
   -29963.37600988641,
   -7637.328391717342,
   -21750.493928559466,
   -7006.286552489718,
   -10027.26244438283,
   -5904.766745542662,
   -52224.90066665699,
   -28956.538202207343,
   -28477.725651148423,
   -56377.80514422137
  ],
  [
   24384.998748560596,
   6546.128836120081,
   7200.647623074114,
   5843.013314704477,
   2594.1613474789615,
   -4188.807430803247,
   32054.99931447294,
   8988.94498900437,
   9456.290000226845,
   3544.377558708886,
   3241.6718667612768,
   5959.921597175102,
   34118.15217930138,
   33893.684945873145,
   12562.642249322622,
   31693.158745776946
  ],
  [
   27829.653850859486,
   2083.651121355879,
   5236.7503662279705,
   23579.20255183612,
   5708.057232528767,
   11330.625465297262,
   5616.499105620882,
   4342.596061584024,
   19616.177159888142,
   1268.1421065263382,
   10773.350853169852,
   6769.305742875015,
   30797.922533022152,
   17682.036845338036,
   18156.980690253626,
   29038.650309733966
  ],
  [
   -9751.89602808603,
   -5110.833916594398,
   -7471.248973389388,
   3149.4930124130738,
   -3094.9911658077763,
   -5940.601983766239,
   -2131.5019308577025,
   -13009.816950412283,
   2931.804123845495,
   -3666.9114040457803,
   -16215.93969275798,
   18187.129378512134,
   23.17710014551328,
   -32222.348860744,
   -12960.261086157763,
   -2317.078642042611
  ],
  [
   -11939.339582069993,
   -7901.810061394758,
   -4586.1595953885735,
   -16313.699802378174,
   -2798.9582752722,
   -10607.498491786082,
   -18361.59734881966,
   -1346.9236341527856,
   -13695.325352132926,
   -4640.150186693895,
   -12404.007418828473,
   21126.738386755285,
   -11286.308278437986,
   -9468.302384466311,
   -10269.602956844645,
   -8838.497049813333
  ],
  [
   -6581.014279744372,
   -18141.623553667607,
   -11290.494039550977,
   -1966.1714833633148,
   -7031.155989871881,
   -15162.501211346613,
   -6925.540465352416,
   -16616.9520946948,
   -18193.66083290295,
   -6617.373081385223,
   -11423.826406121461,
   -724.4835346539348,
   -10515.705024457353,
   -15315.408560354443,
   -18069.180654647997,
   -3315.9814026375548
  ],
  [
   1642.966354957323,
   -13081.008294937168,
   -12424.001962281747,
   -12002.110636022577,
   -3087.554028419485,
   -901.1452825883044,
   -570.9501099662039,
   -16065.916617342842,
   -16350.018994147373,
   -10457.85810480216,
   -6612.485793135575,
   -11853.259700019133,
   -10519.261592093577,
   6758.978488617847,
   10335.829542414207,
   -10949.4796540339
  ],
  [
   4529.181904459375,
   -6751.88703380235,
   -3231.5368955217536,
   4909.340441992259,
   -3782.0185352704902,
   1410.991853355807,
   -3138.129239210457,
   -5328.6480491470575,
   -10575.533092739774,
   -411.9759374712569,
   6860.00349267738,
   22057.48283421694,
   -3571.188521515154,
   12155.25149987158,
   2694.031657573205,
   1528.8019429059918
  ],
  [
   -10086.0462150654,
   -17723.67511050944,
   -15623.35750781624,
   -13081.566370653027,
   -6951.74714079292,
   -16312.301541358756,
   -17358.074242698473,
   -16563.11262949304,
   -23894.986876019357,
   -15034.66582162543,
   -3937.2892866848088,
   -13142.2609137614,
   -16895.57914059638,
   -5394.56934233453,
   -18139.999017939674,
   -13886.285204530954
  ],
  [
   -59775.0422353164,
   -29628.568096469124,
   -30297.081888057517,
   -68210.94768602836,
   -12547.371764869482,
   -30023.511466541724,
   -48473.27703862548,
   -45800.052643362644,
   -44302.85306039613,
   -16040.164740807631,
   -53861.16769386385,
   -11548.604315858664,
   -56120.239365193345,
   -61507.82946936271,
   -59722.60791660537,
   -55260.666944859084
  ],
  [
   24460.230728534894,
   -17174.99249262026,
   -15856.245092412237,
   10315.756926851715,
   -399.16691251610087,
   22906.37619222868,
   33589.07638536051,
   -19418.86344897735,
   11463.720539997685,
   -5800.25266108397,
   -13120.307831062784,
   4556.621316918946,
   14003.132620280167,
   -2399.4955604647075,
   28399.86340730384,
   17711.14129989965
  ]
 ],