{
 "input_nodes": 12,
 "hidden_nodes": 16,
 "output_nodes": 20,
 "epochs": 1000,
 "lr": 0.30000000000000004,
 "output": 0,
 "epsilon": 0.01,
 "synapse0": [
  [
   -7374.439412629437,
   -2479.9080195634783,
   -11199.145880665714,
   -7018.251838276346,
   -4723.513765535045,
   -10393.001529081102,
   3540.1155320992734,
   -3987.3617810992514,
   -9449.20840502076,
   -11552.387948455535,
   960.2559594798208,
   4728.6630792778815,
   -1441.0934634051096,
   -3144.156014864705,
   -7690.426021250914,
   629.2277415118326
  ],
  [
   -4083.8902490872792,
   421.46178108312836,
   8001.641546611798,
   -3181.3982328847114,
   7336.763409309273,
   -3653.194978474743,
   -4655.594159497075,
   -4486.067612123511,
   4130.123083727581,
   -2034.78166314952,
   -8237.815134601029,
   1607.9131509328033,
   -10345.11715011958,
   -11338.565301534709,
   1336.0816607001866,
   -5086.251946356038
  ],
  [
   -22439.693809089295,
   -9273.521985397241,
   -8560.326883303804,
   -56768.469086690246,
   -1824.3677894707057,
   -19027.83931015462,
   5397.973423573169,
   -31475.718438778214,
   5076.920356391833,
   -4971.87497265467,
   -28157.88667088425,
   -34424.19707110625,
   -6201.516834598651,
   -13467.444865906133,
   -6177.9567694209045,
   -1743.4463743125275
  ],
  [
   -13466.034033436092,
   -6451.680679893571,
   6440.234172148615,
   -32423.13348875463,
   -5537.560005360411,
   -995.4839059794433,
   2135.7441590853423,
   -25913.551420750886,
   -2943.578720858447,
   11317.60334224923,
   -37352.89297543604,
   -26451.941743586503,
   -23965.982217375287,
   -8788.080918827833,
   -6792.509857321929,
   7655.729062478261
  ],
  [
   -865.8264295737127,
   -7364.185389938344,
   -960.1599713029001,
   16395.67129001167,
   2336.8474372772353,
   -12120.087432197513,
   2283.0029753049116,
   4587.167617017621,
   -10642.882965854056,
   30282.383763255184,
   41416.121032151335,
   25927.875016398313,
   -16589.226074936156,
   1470.836521097544,
   -6235.753003740818,
   4604.164554295584
  ],
  [
   -16025.402801222357,
   -1294.8153113911158,
   -2424.849249404845,
   -12600.670816225598,
   4007.870991867335,
   -6017.959315308659,
   -278.76534478584847,
   -13826.423740281116,
   -10666.239006796686,
   -20009.29240426603,
   -54806.84580530771,
   -4522.921444745899,
   -19407.630074888493,
   -11206.447331207117,
   203.73774013821824,
   -1678.5183564202725
  ],
  [
   -7235.532584749522,
   -584.3898403196912,
   -2883.966537750099,
   -10681.212201257973,
   1812.4747827322772,
   -11494.942862470985,
   -1108.2303140870697,
   -5394.044625392736,
   -6201.202435310604,
   -5379.72693965987,
   -11146.363718837272,
   2670.4734557380443,
   -5874.861452115326,
   -11202.41127454618,
   -8348.183879165872,
   1840.1576963197929
  ],
  [
   -44767.21477670145,
   -4437.253897010748,
   7403.15308710019,
   -59237.48534057406,
   -2853.4669922256844,
   -36865.860600784705,
   4380.256174121625,
   -43075.600359295415,
   -8240.709592819749,
   -30625.134812544722,
   -59486.0445513376,
   -26037.797011369476,
   -48589.45658454169,
   -47343.04147804581,
   11153.595472702935,
   -4087.6083515068326
  ],
  [
   -15743.0458435066,
   -2314.905263533633,
   -14614.674510483697,
   -24831.65830691172,
   3236.1204825283435,
   -22685.854970706372,
   -3262.9238248224674,
   -14571.797505616816,
   -7798.894695728913,
   -13524.73392441229,
   14705.196282619947,
   -864.4817391936581,
   -7004.955374442958,
   -18936.52869723827,
   3780.918316632342,
   -2875.9238912262936
  ],
  [
   -13997.308433232754,
   544.293035733911,
   -2440.687424664126,
   -17167.2730207474,
   3131.5327566658516,
   -10349.775670731735,
   1420.0174554638547,
   -12704.367790463102,
   -4440.558681923279,
   761.4270485992007,
   10232.495176639404,
   -7293.1847731344,
   -10480.984243422889,
   -10973.826160969413,
   4832.054890360999,
   2271.6842005096323
  ],
  [
   -38012.03406086717,
   7558.32796683066,
   -11684.985304596958,
   -72830.07216381273,
   -16668.95069138565,
   -26781.899345465143,
   152.53165993628735,
   -46831.78539282966,
   -19952.14280007027,
   -33989.23727324709,
   -11040.06304741124,
   -50380.33266036807,
   -19136.56981876038,
   -47499.97401036832,
   418.9122450345565,
   2230.7447579702803
  ],
  [
   -42430.25933142792,
   11049.01068369187,
   -3832.9778610023322,
   -52065.96108047641,
   -6644.974900157344,
   -23495.714551906174,
   -4078.8383263744413,
   -43440.387553827815,
   -21809.52316387487,
   -23869.210186727858,
   -24735.954952484302,
   -45711.900164802886,
   -25685.15459781773,
   -47452.57615600571,
   -4407.3376648893545,
   5823.982173835136
  ]
 ],