{
 "input_nodes": 12,
 "hidden_nodes": 16,
 "output_nodes": 20,
<<<<<<< HEAD
 "epochs": 20000,
 "lr": 0.7000000000000002,
=======
 "epochs": 1000,
 "lr": 0.8000000000000003,
>>>>>>> 1d91806ed7caa63a593afe0a88419be28f426dee
 "output": 0,
 "epsilon": 0.01,
 "synapse0": [
  [
   -235.3004166998942,
   -421.71174930456544,
   -2325.2835020665543,
   3665.0171978561125,
   -825.4366897417101,
   -2204.9541619767433,
   972.4589267148837,
   -903.5607453733892,
   -232.17216004987642,
   -515.6823101424204,
   -1575.280423541384,
   -271.6035641116004,
   -212.58073068457065,
   -761.2660301255662,
   -1386.98810624928,
   -994.2305569321862
  ],
  [
   -38.88089387186338,
   537.0254075082244,
   1670.483238964311,
   -3456.372427074376,
   358.52045108732244,
   1822.0297057428586,
   -339.09754205709515,
   1050.2996426973712,
   -535.929406101508,
   -127.58810617752349,
   2195.605333489072,
   233.23087475608978,
   1601.546622834031,
   520.4275970840595,
   1071.5525548801768,
   484.1134280985109
  ],
  [
   -550.3177843630211,
   -678.1314905976911,
   -447.32927505777377,
   -422.3494750188474,
   -2134.781295567745,
   -2126.2936600193934,
   526.9385935007537,
   -744.1991692377225,
   509.58342679260056,
   -1415.1631150857033,
   -1107.057674300056,
   -89.77025473423807,
   -91.505539843552,
   -998.8005303916545,
   -1209.4572675895765,
   -1108.6551681032129
  ],
  [
   -917.3939486411039,
   -1339.2266881698986,
   -505.9345319687676,
   -424.58773989246396,
   -2691.1957574985277,
   194.88552508320973,
   -22.620995498422406,
   -835.9326029200779,
   1359.8253848981024,
   -496.24739354847424,
   -570.6027390754431,
   -1569.4041448981623,
   23.991562530783245,
   -1409.4535479522401,
   -2873.3385699951996,
   -18.20015048052024
  ],
  [
   121.31114691356835,
   -716.5892080253913,
   581.7182058360918,
   -1678.4111439812655,
   764.0032144484072,
   -662.234078218421,
   -13.597298430546449,
   -2173.751854130697,
   -660.0472935768395,
   231.70354168537503,
   -1014.4751372631023,
   -947.6233936929348,
   -225.5839000595878,
   -2376.7417577923393,
   -897.559477064606,
   129.71935318612674
  ],
  [
   -795.358643262803,
   -1414.4892334575898,
   -1157.1429196040078,
   -2818.0176033918547,
   -3271.0561681440436,
   -1653.405374462708,
   -471.43400106129815,
   -339.8464029564669,
   -1486.1403016132456,
   -1255.0786693836383,
   88.81512368648693,
   -1280.3909973480786,
   -1801.8869467680474,
   -1748.6914910864725,
   752.1757898162002,
   838.4133668654135
  ],
  [
   45.90610992233202,
   188.565355802169,
   17.150025750238605,
   1109.296610408632,
   199.44170746631502,
   -576.6659812292323,
   291.8745455162941,
   758.9588480903012,
   -221.39369058872936,
   -227.5940604393749,
   128.36199054384488,
   340.2375111477194,
   902.2805202461144,
   13.000797420829967,
   -309.88738803736686,
   -785.1852976724836
  ],
  [
   -1096.7751037825153,
   890.8374452967664,
   -4509.775765229492,
   -3482.7493520363214,
   61.60176734210407,
   -501.21117241267814,
   271.66627724212884,
   -571.049181577236,
   -1375.2652366830287,
   -1068.907144773221,
   -102.42161403540439,
   -608.2828284240422,
   -3798.730178445338,
   -595.6837893386471,
   1209.1956483128026,
   781.607761525413
  ],
  [
   -658.2015579539526,
   -744.1480170242655,
   -742.6305657785064,
   -3308.7131481271736,
   64.07186998317496,
   -440.41107952728464,
   -496.10501465585446,
   -610.300452903197,
   -1652.3266785781655,
   -612.2926283025683,
   -278.5718520821869,
   248.5565656833125,
   -1143.2338797849936,
   -854.9108140521472,
   634.65726913279,
   154.89047107603986
  ],
  [
   -294.60528242627015,
   530.9009246415167,
   -49.14228393600358,
   1881.9445632639076,
   -61.069860401104535,
   259.1206845845878,
   721.4515615904406,
   -213.75241103056686,
   1309.5171810198442,
   -34.87522310180252,
   1287.900944717511,
   22.347568689246188,
   2191.0511712335006,
   -93.42717235395173,
   -276.54751286129806,
   -555.2316096906735
  ],
  [
   -452.7208496138862,
   -1075.6240243684874,
   -5212.699279371909,
   1925.630936276394,
   -733.2968619536603,
   -154.39846012388116,
   61.82804924293908,
   469.54041791050815,
   1847.5465777690904,
   158.90577575728875,
   -4110.560223921241,
   -890.9355295771826,
   -3557.440968870592,
   1132.2277762750396,
   -499.93218425524066,
   -3924.053013113136
  ],
  [
   -416.0498853741956,
   -50.1045661809053,
   -1753.22979374314,
   1130.8588325728804,
   895.4907021662208,
   2781.5089404078926,
   778.9413004479205,
   523.967098337494,
   593.5498144611835,
   2203.817784059837,
   -1488.167081646376,
   624.7816244901088,
   -311.2795546279922,
   2902.4957754041643,
   -1615.2308372289276,
   -1426.4183191804643
  ]
 ],