{
 "input_nodes": 12,
 "hidden_nodes": 16,
 "output_nodes": 20,
 "epochs": 1000,
 "lr": 0.30000000000000004,
 "output": 0,
 "epsilon": 0.01,
 "synapse0": [
  [
   -8090.503678874402,
   -2407.6781273987935,
   -9409.769746303706,
   -7103.970475802483,
   -4717.5525646206115,
   -10981.83981425459,
   3728.090893360031,
   -4352.9449812854255,
   -9252.558550056348,
   -10525.089163163027,
   -100.7086134953547,
   4528.294573618429,
   -2689.3347685446156,
   -3684.7461164185797,
   -7785.968917100942,
   146.5625898864667
  ],
  [
   -2701.029402984217,
   579.9111665809518,
   6636.970067803717,
   -2335.9045186669227,
   7077.2928055777975,
   -1987.331241330151,
   -4845.398157181412,
   -3709.533332180142,
   3914.632796227472,
   -2849.5889058899475,
   -6834.929019342004,
   1516.6527580751801,
   -8171.650549936301,
   -9937.754711398482,
   1369.6661208895894,
   -4714.52637614002
  ],
  [
   -20817.094716398937,
   -7746.309473950607,
   -8009.647109594773,
   -53798.24252807407,
   -2464.7771598112,
   -16915.320714658847,
   5848.556238371921,
   -29728.05427473439,
   4307.587642523582,
   -4500.649841545552,
   -26465.087950522633,
   -31263.410123377664,
   -6453.554421020286,
   -13201.836149785091,
   -6497.844801488328,
   -2007.5780300990998
  ],
  [
   -13759.708403734168,
   -4859.960678269018,
   5187.34338501173,
   -32230.221770192384,
   -5137.040246308856,
   -2554.8259875948634,
   1424.1210873895159,
   -25302.907562250242,
   -3101.5683733827345,
   9277.636031154883,
   -32152.186279330537,
   -23250.260740151876,
   -22083.559800158946,
   -10416.250233549968,
   -6820.507696211315,
   7563.866069294606
  ],
  [
   -1429.890725059401,
   -6985.260068288554,
   -1026.3372734772015,
   14335.852692876251,
   2120.115662753245,
   -12368.666863459339,
   2137.677845296843,
   3623.777371857029,
   -10186.08620709773,
   29815.076470287495,
   37343.21394418946,
   23869.715734399,
   -15556.809943046917,
   709.0663087033047,
   -5837.230764003886,
   4643.44478290543
  ],
  [
   -14781.641240631714,
   -1102.7951850992936,
   -2509.5245408409396,
   -11682.6737836106,
   3757.940491119432,
   -5462.922649570785,
   -715.4920818148914,
   -13013.266278689332,
   -9642.722402844407,
   -19201.290139717672,
   -48125.705203330974,
   -3985.756958345154,
   -17302.38604634181,
   -9868.987690512811,
   237.48425133231132,
   -1444.6674109403657
  ],
  [
   -6712.480662322626,
   -468.28352737675226,
   -2636.4521851544982,
   -9752.971810968416,
   1744.521214209894,
   -10380.680773936898,
   -1011.6956949648181,
   -5134.991475958016,
   -6708.952397007279,
   -5722.440627746588,
   -9942.569158186941,
   1873.9956381116215,
   -5565.570662836285,
   -10470.614926926295,
   -8466.540023919828,
   1827.2645447679345
  ],
  [
   -40876.777917970125,
   -4097.763584025592,
   6738.989530099939,
   -53395.73022387081,
   -2298.82455942627,
   -32899.15147078844,
   4199.2726063773725,
   -39355.65954833437,
   -8653.347135846603,
   -30137.717312932768,
   -53590.022399426205,
   -20903.263484219362,
   -44196.49337558031,
   -42327.0215371159,
   10315.134493532574,
   -4522.986013995056
  ],
  [
   -14403.29768573371,
   -2417.820915790699,
   -12979.490330358874,
   -22823.77345330768,
   2304.6281023029587,
   -20721.198096281132,
   -3227.0162952576507,
   -13602.405943706734,
   -8379.020047175985,
   -13412.43999605152,
   12067.547183326873,
   -696.2115536110193,
   -6092.895669622789,
   -17305.19741701422,
   3062.4144230991565,
   -2685.9690371345914
  ],
  [
   -12796.433289991395,
   467.63138288687406,
   -1896.4898709113072,
   -15841.32498449442,
   3226.372579076133,
   -9347.20700254105,
   1356.3313523598902,
   -11796.397090095803,
   -4252.994834705251,
   534.7171205889329,
   8586.373929754087,
   -6413.974025502976,
   -9037.415765015798,
   -9773.359550530135,
   4287.1412533932,
   2178.2409120900907
  ],
  [
   -36211.855840934935,
   7040.348238525493,
   -9599.987193537529,
   -69238.81491303993,
   -15807.968713470225,
   -25298.583189001558,
   480.43134400476237,
   -44621.479103415004,
   -18889.098677470538,
   -31591.44594406276,
   -11407.134827717675,
   -46398.05367869573,
   -17183.41736890118,
   -43978.44635212451,
   -58.419053087490006,
   1239.329121472636
  ],
  [
   -39615.37411197078,
   9628.421426232904,
   -2653.8711601514688,
   -47532.078483510144,
   -5834.800501701469,
   -22241.52881538976,
   -4388.068195049287,
   -40150.8487118979,
   -20358.68619704065,
   -20841.610210766135,
   -23306.11931114435,
   -38384.875173575216,
   -23462.209478482993,
   -43216.472330879435,
   -4659.831178828945,
   5417.00132323239
  ]
 ],