{
 "input_nodes": 12,
 "hidden_nodes": 16,
 "output_nodes": 20,
 "epochs": 1000,
 "lr": 0.4,
 "output": 0,
 "epsilon": 0.01,
 "synapse0": [
  [
   -8580.361958648808,
   -52671.49303025051,
   -18751.209938616423,
   -26849.678707759675,
   -25323.715248395976,
   -21665.843455384595,
   -39495.17256543553,
   984.563026195335,
   -10660.217925141844,
   -17275.162105350664,
   -29556.88689967715,
   -37157.25717667042,
   -28138.11484596095,
   -27504.910056244626,
   -21237.63444499782,
   -10383.790972947209
  ],
  [
   7294.239981875423,
   106821.4355226194,
   5296.815423776352,
   34659.06748179538,
   1950.218378254362,
   5198.6918996197965,
   4785.116148850819,
   504.0414735505056,
   1535.0522458958808,
   3982.984645715781,
   30314.94989370378,
   15431.611931069427,
   14557.264845853253,
   6957.375647351102,
   -842.8394134632179,
   1260.747167051881
  ],
  [
   -9490.634823295906,
   -177484.5419696287,
   -52589.517759416805,
   -41573.28995869701,
   -24096.62771489928,
   -41438.15833708393,
   -36893.541235919176,
   -21103.589661154325,
   -18405.531673544825,
   -28676.18516877512,
   -53194.623172885695,
   -50621.704491123535,
   -27643.690417712507,
   -29878.208685764817,
   -17540.195937843942,
   -5139.956920484504
  ],
  [
   -1655.6852397072128,
   -33553.38496946641,
   -39904.70879806014,
   -20200.187882444105,
   -16287.198802892122,
   -31274.95285703184,
   -18689.761074101407,
   -11983.251498986829,
   -8011.743196711084,
   -12112.43909480037,
   -31066.677189208585,
   -21724.78695967839,
   -31148.11196532374,
   -17329.91074789485,
   -15997.330421941459,
   -8738.895683534533
  ],
  [
   -5026.050870592617,
   -7705.311027666605,
   -24944.807027762297,
   -286.93508584601227,
   -9792.378484678926,
   -31825.330204508846,
   -2538.8833832757796,
   -2938.829337936829,
   -6520.793710375754,
   -6198.31802765423,
   -8995.957243915112,
   -13512.004530590084,
   -20364.769337996237,
   -8396.882856833943,
   -13517.051639415693,
   -4587.229803592338
  ],
  [
   -1752.5169396814165,
   -36044.25437860411,
   -28484.547192559796,
   -8581.785871444696,
   -2028.0880796126532,
   -31804.268458554878,
   4155.097706633353,
   3807.501332416374,
   -2403.7910323374426,
   -1677.855071903461,
   -23472.850005339787,
   -7064.034753084664,
   -21037.458195819825,
   -2515.624294886481,
   -4512.611253343971,
   -648.3623126153117
  ],
  [
   4312.016109889059,
   37816.32893085211,
   9416.30547941828,
   11458.27610849429,
   -13161.835398000758,
   6563.582528350335,
   -25157.02365102438,
   5615.6567532628005,
   -2930.8205996966403,
   -6571.148210375059,
   7167.248014607889,
   -10970.489129619073,
   2407.4249308208323,
   -12598.501644237018,
   -11757.287598900975,
   -4941.594761796189
  ],
  [
   1860.394910200228,
   14514.85544257855,
   9071.58674091728,
   -4089.5629271071994,
   -23656.362370400486,
   14429.785202238358,
   -50732.867069309774,
   -3201.028251387701,
   -7640.245193614022,
   -16061.385297528375,
   -1070.954039269003,
   -24564.210122766413,
   4457.070572259618,
   -22729.129144780884,
   -15249.06352742148,
   -7663.565384338804
  ],
  [
   1236.6063443212759,
   51810.072665161446,
   17146.454327852087,
   8754.678116733712,
   -14005.165326440221,
   18898.5990859455,
   -32362.505099829563,
   -4253.341249015118,
   -3085.5432632992415,
   -7407.81313579277,
   14485.34319923761,
   -6659.987516404316,
   9691.94408221435,
   -5659.635921424237,
   -7508.080015149514,
   -3784.0267771752606
  ],
  [
   1068.5861402071869,
   33885.68494152553,
   -267.26038402748287,
   15365.606491902565,
   -20577.14203251188,
   4902.566762161752,
   -32097.511522728782,
   1609.8237957962695,
   -6738.668307286259,
   -11626.163486204481,
   4919.405332746245,
   -18712.538304625796,
   2690.759264111881,
   -19732.410814048555,
   -18294.787329442966,
   -10526.143222220595
  ],
  [
   2754.193984017754,
   96152.9733826746,
   28965.22540037038,
   26310.291212946377,
   -6402.9461538157875,
   19463.347330107328,
   -14641.849045177023,
   18146.80348948246,
   -1040.094044721622,
   -415.4530504529901,
   24183.281574444056,
   -2022.6727018554163,
   18348.78723334923,
   -11338.745930947789,
   -5758.148697764576,
   552.2857454308396
  ],
  [
   -7532.489164141471,
   41486.366493575195,
   -4217.052137188021,
   -7986.367173352382,
   -2287.9632065096657,
   -990.2700228247691,
   -5021.294882101053,
   10752.713594275367,
   -2639.012905246976,
   -729.9340621695059,
   -4095.2443592078143,
   -3321.1807491573827,
   -1681.8549516943895,
   -9217.0597019641,
   645.8513927578214,
   448.9394320569271
  ]
 ],