{
 "input_nodes": 12,
 "hidden_nodes": 16,
 "output_nodes": 20,
 "epochs": 1000,
 "lr": 0.4,
 "output": 0,
 "epsilon": 0.01,
 "synapse0": [
  [
   -4764.522639853753,
   -14387.35385557882,
   -7965.737374850108,
   -10574.179349051929,
   -10146.901045593087,
   -8731.203278949934,
   -15794.483724727797,
   981.9961882512426,
   -4618.90478061543,
   -7386.845839194627,
   -5326.09661147403,
   -15232.812882651431,
   -7801.294222368041,
   -11383.030427299655,
   -7916.097678255619,
   -4201.932688232232
  ],
  [
   3881.9876035872617,
   29062.059717620974,
   3343.341291641916,
   11103.119393729634,
   1354.1719505947608,
   706.0424355027635,
   3091.061406726651,
   -1139.5582262360438,
   954.9533261716216,
   2073.1959802507304,
   9734.709207279866,
   6355.48390469319,
   4099.845359835985,
   3472.08947966263,
   -346.5499189852954,
   757.5962874666626
  ],
  [
   -7614.585057967474,
   -49225.31222027063,
   -15915.140644328043,
   -21988.67315339356,
   -10527.656912207405,
   -15923.064401900969,
   -16095.293006039346,
   -8898.826441797592,
   -7396.371005770975,
   -11829.439150111863,
   -9211.724590745478,
   -21514.166781787895,
   -9169.257508540844,
   -12778.67040174452,
   -7721.508035635806,
   -2746.642064833434
  ],
  [
   -2421.471651747416,
   -6197.301304652396,
   -11501.925065804426,
   -8820.647443155478,
   -6226.33809026559,
   -12011.09669936557,
   -7120.602512564762,
   -5952.758973940724,
   -3223.6339291574227,
   -4799.641141728821,
   -4432.815299831391,
   -9285.841370231825,
   -11829.51365551083,
   -7883.217163783774,
   -6156.391300653596,
   -3196.5087886242327
  ],
  [
   -3205.2978400200905,
   1151.60618027187,
   -8287.445431970062,
   -4201.534412400294,
   -3508.123561934186,
   -11418.61127101749,
   -489.20275736661364,
   -875.5936172965377,
   -2631.3119507337874,
   -2315.153347119596,
   2027.039212106759,
   -4634.724247187137,
   -3771.2038703491244,
   -2685.865123810321,
   -4703.1630041082435,
   -1650.2951039013124
  ],
  [
   -1461.9007725175643,
   -10396.695985256898,
   -6470.118106339836,
   -5041.436603150718,
   -230.91823151770257,
   -12792.761065119741,
   2281.593185357352,
   1275.3440702098844,
   -627.7870701753635,
   -339.2695367798661,
   -4022.2298071985715,
   -2567.4173157887985,
   -7871.8180172511165,
   -627.9554626849224,
   -1597.2606719935443,
   -92.78062953531081
  ],
  [
   1508.014852725187,
   6707.618500861264,
   1548.8124686533665,
   5365.412087306293,
   -4688.351707061765,
   1340.7260948453143,
   -8639.825321281232,
   2297.0777375232406,
   -1118.5350548482636,
   -2566.831275696399,
   3290.519238986386,
   -4461.063535808347,
   1044.4897987122934,
   -4655.718436642264,
   -4225.401122774978,
   -1710.3990114402402
  ],
  [
   1268.7743085788902,
   2690.9571625641515,
   2078.378889088466,
   -1385.9998100343328,
   -9806.543850911263,
   3238.006918349305,
   -20613.066477302626,
   -1624.3385862596415,
   -3345.9684042758763,
   -6916.484186329736,
   -495.346743966703,
   -11197.279855362947,
   86.84853708116314,
   -10113.382323486889,
   -6235.58582693992,
   -3222.83150590205
  ],
  [
   851.0125427150963,
   15629.651110063845,
   5822.4355225925865,
   2748.5992459519534,
   -6687.896219156271,
   6533.546189299535,
   -15127.680280586965,
   -1396.1223439006626,
   -1764.7805694815218,
   -3872.204703425933,
   2469.138317899456,
   -4671.3789315094955,
   3179.970450798804,
   -4114.4443814738315,
   -3345.900827225907,
   -1909.7909862764911
  ],
  [
   1074.3433877986076,
   11182.105789094645,
   381.0080853321285,
   809.335610060595,
   -8623.767427417928,
   2837.843715639175,
   -14094.67089951958,
   1019.8123626152798,
   -3139.1368894601205,
   -5260.3244055351215,
   2480.3640615857043,
   -8476.512529581592,
   1425.584207406326,
   -9024.171369604253,
   -6882.156463021982,
   -4191.678172010603
  ],
  [
   2402.5718159850944,
   20233.33331250509,
   6713.534079864917,
   7609.936314086867,
   -2938.2188719622463,
   7586.806440939632,
   -6394.707075993925,
   7245.623413812944,
   -827.5564572996601,
   -890.3660986308334,
   3640.851375990585,
   -1726.2920174266685,
   7778.299364816951,
   -4429.818256940399,
   -2359.4776488799575,
   -127.58530254134045
  ],
  [
   -1554.7688282351955,
   12718.125552241245,
   -2106.563666628723,
   -2589.589197162478,
   -1519.9634794351623,
   -34.62834860353821,
   -3143.3288949073944,
   3548.7663302649344,
   -1428.1028497342277,
   -838.2860691548398,
   -3330.289640749076,
   -1908.972195090381,
   314.1658643638181,
   -4209.701932207874,
   -28.841762640437192,
   -55.34207483845943
  ]
 ],