{
 "input_nodes": 12,
 "hidden_nodes": 16,
 "output_nodes": 20,
 "epochs": 1000,
 "lr": 0.6000000000000001,
 "output": 0,
 "epsilon": 0.01,
 "synapse0": [
  [
   -508.1742460998901,
   74.62408337321122,
   153.83997941185558,
   -24.85748518202216,
   91.23218285266778,
   -13.599666490120502,
   516.5697820437946,
   -200.53992306054886,
   406.23765795461173,
   233.87736211340064,
   -7.432803097960553,
   -204.65400048576413,
   23.904633602888236,
   -211.12630644749808,
   36.46403431205699,
   -341.84353581036834
  ],
  [
   -90.06344718248013,
   -306.9174166839917,
   -263.8630479818892,
   -116.78388877442286,
   -524.1426002790794,
   -79.81707979110686,
   -1084.741805056531,
   -81.56000264365322,
   -900.2651425019947,
   -435.0524726055067,
   -254.84361096573267,
   142.8889288221894,
   -74.40137270396677,
   -254.42769260868792,
   -273.5903574554375,
   -154.2765174185049
  ],
  [
   54.95574944092781,
   -57.737454183155364,
   462.2802649578547,
   437.39106498880744,
   761.8914888733899,
   -628.6351421171512,
   668.8529639501289,
   297.5967768978619,
   388.92137343367637,
   167.5584681523393,
   167.8624900401648,
   -394.29202557977175,
   -136.30881284549,
   -31.50706087419518,
   -206.38445845976574,
   -191.71509323835733
  ],
  [
   -773.685625743936,
   116.11345388466555,
   -154.55849205823367,
   -102.60314332794722,
   -140.5471089283764,
   -227.98502086675714,
   628.5757355388199,
   -170.62166485782117,
   553.2238178121262,
   467.2496191542178,
   -57.20414555782582,
   -239.77705579992607,
   73.95737358197769,
   -258.056703062236,
   435.4891081486386,
   -609.6344588958417
  ],
  [
   -614.842113419135,
   113.34451186512833,
   -117.37682363346374,
   -492.3944439609075,
   118.09459798114501,
   70.18059910360635,
   83.30072531564105,
   86.6058469973673,
   310.4374610179298,
   -153.587509811396,
   -19.3722651887493,
   -95.414933923753,
   -94.94340553092105,
   -1595.427912964873,
   17.249585803551074,
   -462.4759918797401
  ],
  [
   288.2701805795111,
   -85.28736301700289,
   -128.39182262176925,
   -28.93165486968389,
   -206.4523747803094,
   -144.20129158007884,
   -644.5870174422588,
   87.32346604643024,
   -744.2923518353405,
   -302.6372658999137,
   143.13592833326987,
   -156.08556547385666,
   -353.6400750967972,
   -1104.0280412694322,
   -239.80942717355967,
   -191.005595274423
  ],
  [
   -195.394103284355,
   175.68111210495857,
   213.13156876952007,
   128.46237091215193,
   114.98714912911507,
   58.00277594998876,
   14.18022697466657,
   286.60383117993155,
   199.81457871276672,
   31.562982372177018,
   217.38080263544902,
   3.632451908681819,
   141.17459730036128,
   -83.71340657393912,
   142.7148397763749,
   58.348892694641634
  ],
  [
   -813.1213423385418,
   -74.66430999125366,
   -198.3257389186547,
   -275.3329686729547,
   -86.54288341022011,
   -41.386569835298765,
   -218.8421177469375,
   -399.78144999533146,
   -118.41710356358391,
   -39.105411019384874,
   -237.21462009081736,
   -113.29236854430799,
   -38.01876114077902,
   -628.9982405187133,
   -299.8891375586259,
   -637.2631009117208
  ],
  [
   -1192.8977425043745,
   -1.920915477618293,
   -24.685973969781866,
   -512.61251589709,
   113.407057711682,
   -532.4491231505435,
   -85.57707244962997,
   81.80629477925342,
   337.3395186125968,
   -5.156123306720934,
   -215.17613395678592,
   -493.950703894395,
   -249.59808988548775,
   -1641.541079794064,
   -6.827144799851746,
   -692.2049107035103
  ],
  [
   373.537802287068,
   -4.780026107893727,
   47.17223696458838,
   4.349767648170502,
   -132.0990397548272,
   668.4633539439048,
   -200.22042689369678,
   269.9508534759794,
   -236.7671007479083,
   -183.1657029587031,
   93.85898032804234,
   152.16914096049823,
   461.8318174975231,
   -1136.4300687584507,
   333.26554756557096,
   -215.02715565580922
  ],
  [
   -575.2336276059775,
   -252.9508414886684,
   -326.73989810724413,
   -501.0401394006744,
   -377.4032631660014,
   -729.7977321901727,
   -553.7588984514804,
   -243.66314636362648,
   -689.0360825903763,
   -755.8913210405794,
   38.213057931354506,
   -48.88930471385769,
   -877.1084159905349,
   -541.0507707437303,
   -561.1795406777368,
   -584.5958888376737
  ],
  [
   141.4122484282801,
   147.43995541998254,
   -845.8347919233178,
   -47.03161982094835,
   -384.39611009916723,
   184.34285955444636,
   -82.0337202282708,
   -205.93879680429515,
   -240.76021504822296,
   -62.34146459021583,
   182.26155877100692,
   206.49360762132935,
   549.7503347235016,
   -537.0817034734749,
   62.18708647811969,
   -27.015515223261694
  ]
 ],