{
 "input_nodes": 12,
 "hidden_nodes": 16,
 "output_nodes": 20,
 "epochs": 1000,
 "lr": 0.20000000000000007,
 "output": 0,
 "epsilon": 0.01,
 "synapse0": [
  [
   -14728.754606985045,
   -10720.70588421684,
   6457.362185320741,
   -74.24578552522023,
   2777.9433689555703,
   -17225.14735750885,
   12287.479710399892,
   -5087.789454382621,
   25534.171889425634,
   -1028.14873723183,
   -1644.7605375837893,
   -7293.135926412272,
   -5158.427323377626,
   -4655.710715010876,
   -9020.035706493296,
   -7064.041129182549
  ],
  [
   -2128.649794768437,
   13016.992738726007,
   -47631.323375064414,
   -14627.886704074734,
   -11837.352967890007,
   13777.078119452033,
   -36517.54710828228,
   -7672.31139409886,
   -49537.53902907911,
   -6907.746519092523,
   -9424.939539057941,
   -3095.0654906595582,
   -3108.5608379614,
   -2290.565179338542,
   3275.111680762078,
   -94.3671391772623
  ],
  [
   -85864.85429636024,
   -46435.51543943665,
   -71500.10875802042,
   17856.631082700143,
   9167.185362111282,
   5559.565964608264,
   21506.441164588665,
   4320.710743458362,
   21191.657050971044,
   10632.134006704622,
   -302.9653569275405,
   -17758.810013628357,
   7607.996209325323,
   -10651.355522887683,
   627.551896777946,
   -6305.714432384252
  ],
  [
   -40923.11623026382,
   -26627.530765167812,
   -20945.679233232797,
   1240.9616183045425,
   3741.7504507606095,
   -13991.966835375566,
   2182.293987480029,
   -7202.457704440894,
   32425.387220835197,
   4104.24537129624,
   2352.3308325055286,
   -8523.870640301842,
   -5377.34781885623,
   -6367.874486664599,
   -314.6043805900211,
   -12251.366451867672
  ],
  [
   -40401.98641289576,
   -22453.321075485164,
   -3718.9094011483407,
   2647.0315079793104,
   2281.5898006581538,
   -43650.59083917751,
   5139.930080144497,
   7564.411337466935,
   13128.449859296656,
   8537.59363195394,
   7020.1829050265715,
   -54348.46346203931,
   2222.4456915713217,
   -41606.445125592916,
   3363.215619569496,
   -10210.849000278287
  ],
  [
   -41030.43866559645,
   -18342.037757581005,
   -28440.290574119288,
   1262.0994502870087,
   -2227.3255301466493,
   -22782.983807315086,
   -7907.7971937251905,
   3835.9028966915657,
   -10701.65857278913,
   -2686.682472001958,
   3728.1840770396575,
   -34883.607357520166,
   1871.6476469674506,
   -24239.59873415608,
   -7043.759612675431,
   -5077.160260344555
  ],
  [
   16121.421904333294,
   20863.26390789111,
   -15837.403146361561,
   4778.429431556589,
   7384.032382995564,
   16388.087937426568,
   -8338.850718779802,
   19507.437979953327,
   -7356.047798581583,
   4789.649166207602,
   7613.69781136628,
   38922.91709276316,
   8885.206418425716,
   25273.562630964494,
   16184.081001960934,
   10584.47089408669
  ],
  [
   -22219.86897414395,
   2803.3131679799903,
   -2739.6466498434393,
   -10745.198444444439,
   -6851.5951718341,
   -15472.194340278204,
   -8301.434817040497,
   -13488.882541449579,
   179.94556003023445,
   -9380.074952578554,
   -10110.504428035982,
   -12503.941767672784,
   -9080.22267987489,
   -13642.090322170126,
   -14775.115260913044,
   -10773.228062020135
  ],
  [
   -61805.36006621468,
   -39806.24329898892,
   3860.166912574115,
   -659.5598481130675,
   -7535.516555533572,
   -32770.04378724911,
   7640.604616599363,
   -261.4072391455459,
   5072.255594395503,
   7128.946061004592,
   -4852.0854128417595,
   -69227.19428430407,
   -8552.653206708661,
   -36681.64426859353,
   -13783.027863106212,
   -11422.152775938226
  ],
  [
   -6741.752555697877,
   -6313.710284717734,
   -21028.177275560673,
   3637.3770865715846,
   573.5678429640349,
   -38637.21077493197,
   -18026.15941551108,
   17473.707898473047,
   -12634.42650756621,
   1176.7033364897966,
   8447.209828576744,
   -56677.49016378925,
   8891.24687775351,
   -48871.36474593425,
   14502.517331107165,
   -6751.90884108165
  ],
  [
   -35322.78896049641,
   -30370.229467054574,
   -135250.015809247,
   -15569.61819860677,
   -20374.104586781297,
   -6327.097076710757,
   -6325.873587685378,
   -19401.49410497535,
   -36024.25186983898,
   -16090.821150850279,
   -15554.573725639892,
   -27233.115302806364,
   -12849.172668934243,
   -25857.78860787967,
   -26759.696734888432,
   -9783.844186499713
  ],
  [
   -26006.869532933368,
   -10905.693593869286,
   -14144.969922185444,
   4622.5889424880315,
   7449.522644280518,
   -14049.935719185316,
   840.4143924063898,
   9483.07943007619,
   8755.145694487042,
   -10010.337446478254,
   2479.4641943519105,
   -14801.018776092205,
   3211.1549459399657,
   -6137.8719431228465,
   16455.84596014537,
   -2632.4758972808936
  ]
 ],