{
 "input_nodes": 12,
 "hidden_nodes": 16,
 "output_nodes": 20,
 "epochs": 1000,
 "lr": 0.5,
 "output": 0,
 "epsilon": 0.01,
 "synapse0": [
  [
   9310.033196321543,
   -956.7026014794227,
   15408.882234716404,
   17579.4796245365,
   1717.7695215255503,
   3348.73268817421,
   13690.818351121958,
   -2707.120851688857,
   -3366.0883116656896,
   -7970.33865501554,
   -4321.746828951476,
   981.700599397762,
   -4611.016711255932,
   21319.224767482854,
   31926.529594231073,
   -4632.6004911050795
  ],
  [
   -6156.335863608521,
   -3802.988200709903,
   -15695.411592709708,
   -31909.906172321535,
   -5083.220377672643,
   -3552.9991308875333,
   -19231.577136395794,
   -1913.9594431666414,
   -891.1472960461307,
   -12532.701207375665,
   -4271.393056671782,
   -9313.781481546646,
   9559.553052082147,
   -11981.494129309527,
   -38944.37025882981,
   -9710.390516674215
  ],
  [
   15121.558011171663,
   5398.840902556972,
   -5750.825276048963,
   26772.881068020746,
   -5271.252473598832,
   27246.42122202575,
   49021.94938741783,
   1828.4637962638058,
   3646.0377488209474,
   43816.70543416263,
   6995.479951648381,
   -1201.866223710122,
   15465.466094922425,
   -6239.632693460371,
   -17108.303742434266,
   11664.8438013058
  ],
  [
   22383.112745670835,
   -4156.615512357598,
   20244.027060470115,
   17379.54519403596,
   -4182.846000413847,
   4446.161046597733,
   -6145.383308614725,
   -3624.7120901709645,
   -2868.8809703563657,
   -15289.910571478105,
   -4942.804128683131,
   -2531.363167725398,
   27320.949264536226,
   -24315.198694050152,
   -1534.5904326712082,
   -9221.631863470195
  ],
  [
   8652.07356915606,
   -6982.094464609366,
   11316.659492991992,
   11547.742426914916,
   -13390.215432922576,
   13504.308998400742,
   3776.7047997926907,
   -11670.277469774099,
   -9808.147168914566,
   -20437.667313767208,
   -19283.26010286299,
   -14926.86261308063,
   -1146.557010947515,
   -8946.193564440035,
   -10976.854958275417,
   -26769.287765437955
  ],
  [
   12630.9319324146,
   -1725.2312664779502,
   6249.401171762881,
   11418.9712317804,
   -4018.6918152822473,
   13200.869499396587,
   23406.65107811972,
   -4485.102441057249,
   -3275.4873054454756,
   -1077.252333654661,
   -5840.532300704604,
   -4187.5240988376245,
   10181.695692039857,
   5189.748712735215,
   4173.173172737085,
   -9460.511321157619
  ],
  [
   882.2516855924445,
   -2964.494793175241,
   -529.0131077444107,
   -9913.710959130894,
   -1570.0858685698877,
   243.57773480162592,
   -7440.85586805299,
   -1722.325463974271,
   -1741.7073735859008,
   -8242.88659380242,
   -4441.283625221454,
   -5086.600013993804,
   3593.1402281686064,
   -4651.722594378026,
   -10743.36277430519,
   -6413.017068137084
  ],
  [
   -6918.790950173254,
   -4300.783947164521,
   -3670.817005071113,
   -19704.44539646054,
   3632.6923746505227,
   -2954.0754274736505,
   -9804.16566820954,
   -718.2710843611288,
   -2429.2008084977588,
   -12319.307256946544,
   -5538.250249114979,
   -7255.74674685985,
   -10023.732878981278,
   -5994.662738269118,
   -2347.6479279694454,
   -6134.598648296531
  ],
  [
   2003.4561172422996,
   -9483.72595569153,
   4373.912956219654,
   -23367.710115920923,
   -5907.30967356476,
   1956.2751248024542,
   -5720.650179283596,
   -10258.762493156217,
   -9958.9871960657,
   -44651.642301772394,
   -19264.19955746096,
   -19088.027548870316,
   -3736.7557429967187,
   -1799.5718942646045,
   -3388.1249737150056,
   -32900.0051362082
  ],
  [
   -6217.326674112136,
   -4099.926254836462,
   -3827.6771213125626,
   -16832.690011273622,
   -151.14489964101014,
   -12152.402787650046,
   -29383.06442354902,
   -806.2582909695234,
   -2212.687300874964,
   -11558.097229978668,
   -2631.428192150905,
   -597.3001719408561,
   -10210.180597340508,
   -6498.631662025489,
   -15108.442494039318,
   -1540.3209810649118
  ],
  [
   -18398.983319453968,
   -6763.190848167797,
   -11979.90131391754,
   -16442.769735491012,
   -12363.415187322962,
   -19112.19453501115,
   -16233.477835452859,
   -8616.36037837203,
   -8016.204552017979,
   -35194.13083818123,
   -13461.937462457689,
   -9704.503785240982,
   -29462.78354926793,
   -4174.733446390352,
   -21513.371456648532,
   -23384.76008817494
  ],
  [
   -5983.591598719772,
   -11454.610493217866,
   -6025.2833349893735,
   -36594.87375272809,
   2301.2487058893566,
   -8598.283413138268,
   9401.284468475576,
   -10938.923879276519,
   -10386.290315893406,
   -73822.07204260325,
   -19761.87501458205,
   -16671.94491374869,
   -16673.327048928484,
   -3389.780302750779,
   8604.12907397926,
   -44848.71528970636
  ]
 ],