{
 "input_nodes": 12,
 "hidden_nodes": 16,
 "output_nodes": 20,
 "epochs": 1000,
 "lr": 0.10000000000000007,
 "output": 0,
 "epsilon": 0.01,
 "synapse0": [
  [
   305.4296084025328,
   -814.6118722136213,
   4896.025690509705,
   8344.263110648199,
   -65.12993558166511,
   -348.2858349047192,
   4613.064267942097,
   -2035.5778988310442,
   -2342.937290341397,
   -1700.0601806557725,
   -3499.217865681763,
   -915.0317599212781,
   -439.5855531040181,
   2394.010673004044,
   12850.816067324946,
   -3929.4966515877827
  ],
  [
   314.5600779807853,
   -2191.0886659427497,
   -5422.239310687735,
   -15807.593600024937,
   -1880.893412409569,
   -892.2899784556322,
   -6692.900458143123,
   -996.5189705528218,
   -502.77388170477684,
   -9594.332671918126,
   -1570.6077051250238,
   -3214.9547468990845,
   1299.5194149301813,
   2957.9960759140195,
   -13859.32502748882,
   -4958.507242235362
  ],
  [
   4972.051738665065,
   1339.2310507457335,
   3952.4872089447613,
   7232.417060665155,
   -455.40077859177154,
   6116.334499357967,
   20322.68619923045,
   -16.317883088364095,
   663.2362251057575,
   9937.30656702704,
   2634.5601577690327,
   530.6123582115462,
   2300.180685473246,
   -169.84327397067972,
   80.2850267540105,
   1725.4861006605965
  ],
  [
   4882.996492747101,
   -1936.5463064698963,
   7021.53839890179,
   8436.543879006324,
   -1716.1203928698078,
   1983.311243464988,
   -4586.7836021477,
   -1430.8898314825312,
   -1264.8871645750269,
   -2361.1015387566695,
   -2239.9446808812204,
   -1927.6329498725436,
   12020.191037461724,
   -15170.51924474845,
   -4087.647832147652,
   -3559.7154471325457
  ],
  [
   1665.0945753167198,
   -3322.3151002420086,
   3590.681815817913,
   1708.2401919706435,
   -6412.90661435717,
   3702.527271919747,
   3107.2917025452093,
   -5624.0211733486785,
   -4653.32814024057,
   -1279.513421533848,
   -9166.31017782426,
   -7164.701904022636,
   417.7866978488877,
   -10015.188967262695,
   -3867.060407447806,
   -12616.183451163814
  ],
  [
   2893.6940413813045,
   -1630.5962809418252,
   3891.1659036806736,
   3607.397772856984,
   -2455.3154713175513,
   3268.145152233625,
   7136.778151051926,
   -2988.2295706937316,
   -2390.034177386447,
   -2367.851144898752,
   -4304.085634341052,
   -2647.916701831057,
   3578.172101226059,
   -1757.7765873447927,
   3006.461591637383,
   -7043.478487701191
  ],
  [
   -511.77459375328647,
   -1925.9101289230307,
   -767.4339439650024,
   -4108.616107159074,
   -229.5883524768807,
   -377.44375984660036,
   -3933.912770037348,
   -1197.1412211389536,
   -1336.7390822991822,
   -5770.75362710242,
   -2690.8654827132796,
   -2537.756139338355,
   410.9095184380105,
   -2761.0707370453156,
   -2562.194061511161,
   -4433.517629416492
  ],
  [
   -1800.9948871741824,
   -2351.2927001311573,
   -3392.246617560215,
   -8403.429176008263,
   1541.86326894749,
   -3847.9307556336903,
   -3549.8642494177334,
   -717.7329889708559,
   -1458.1896142075332,
   -9863.807636212823,
   -2918.3285505672834,
   -2859.3464549600453,
   -2986.3587810486024,
   -148.92864065921052,
   340.4248262226556,
   -4361.381810133552
  ],
  [
   1263.7950055844724,
   -5290.326251531322,
   1173.1282441793949,
   -10111.312168375625,
   -3125.935191344233,
   -2837.720470815703,
   -2360.8104009918134,
   -5595.631448467813,
   -5433.603204915656,
   -19463.410267782474,
   -9994.461857239005,
   -8995.948097516273,
   -1716.264232664564,
   -3284.312198384768,
   -3162.0201388626315,
   -17407.638417151582
  ],
  [
   -2729.3144023296904,
   -1701.3004780322033,
   -3339.3215008776638,
   -7200.722050927972,
   -645.4067340161514,
   -4846.488455281804,
   -11067.810019357756,
   -457.66419491323785,
   -993.7294539737113,
   -5669.759386754568,
   -1091.542028163004,
   -157.379323032438,
   -2020.4727965847865,
   1796.8797565338386,
   -5264.676587348725,
   -697.9587480923564
  ],
  [
   -4136.6934603029085,
   -3510.412612389926,
   -4301.800598301106,
   -5569.58099139321,
   -6613.97875030789,
   -10877.825311541903,
   -7015.943775781326,
   -4467.693460075268,
   -4329.212899918686,
   -13862.18095097826,
   -6840.78575642534,
   -4666.251885452032,
   -11715.402610426181,
   -951.1656079448258,
   -9014.385019543242,
   -11079.626341412135
  ],
  [
   -1416.317767509321,
   -5652.323242539835,
   -2407.018161005089,
   -13629.967662424295,
   2614.296898647309,
   -6048.3944772457035,
   3234.1342913303183,
   -4985.096894818825,
   -4983.525599674475,
   -30706.731824853767,
   -9913.836798210961,
   -8957.637206748706,
   -7005.544162129425,
   -10324.217251409416,
   3807.602463046448,
   -22050.042957860944
  ]
 ],