{
 "input_nodes": 12,
 "hidden_nodes": 16,
 "output_nodes": 20,
 "epochs": 1000,
 "lr": 0.20000000000000007,
 "output": 0,
 "epsilon": 0.01,
 "synapse0": [
  [
   948.5401615721564,
   -929.2797698748053,
   5431.259124336887,
   8760.839111735775,
   3.243148498000826,
   92.99971480090463,
   5574.469162875027,
   -2215.6757183807936,
   -2503.7113385188914,
   -2764.971609980056,
   -3899.4321355206666,
   -1189.2474308400197,
   -149.95399255767137,
   3053.5199858188726,
   14083.91056344666,
   -4582.127205260419
  ],
  [
   -123.62530637914192,
   -2280.140924988084,
   -5904.927874826338,
   -16554.263499602024,
   -2018.5780207908067,
   -1343.1019319231996,
   -8043.011639979279,
   -982.5111575130467,
   -528.1799090280819,
   -9810.12543956083,
   -1568.203553138332,
   -3255.867249872056,
   1246.6504812058179,
   2982.2042891730757,
   -14774.818025257619,
   -4885.1266693220805
  ],
  [
   5869.982340647325,
   1450.775341296479,
   4453.879855812565,
   7761.5661356700375,
   -520.4482693719726,
   6739.442502022475,
   22220.2177977911,
   13.889577602569688,
   741.8316318857125,
   10729.708548308356,
   2977.5460372798975,
   771.9420651780143,
   2110.8566316336414,
   209.18870041270506,
   -258.4845947634916,
   2050.2201472231877
  ],
  [
   5891.549167873546,
   -1970.1571598586438,
   7908.842547205533,
   8965.56183027254,
   -1951.273826466279,
   2254.827544609423,
   -5140.661966395183,
   -1452.2734358375794,
   -1258.0927614202144,
   -2528.1077415851487,
   -2254.4075236141775,
   -1837.3288166370585,
   12875.229055973981,
   -15410.588808421882,
   -3472.023145908535,
   -3564.8350143498383
  ],
  [
   2330.0489928088837,
   -3520.2966841305347,
   4049.627133781853,
   2128.814378563497,
   -6681.311174598624,
   4240.802934255639,
   2619.4784104386717,
   -5946.627886557477,
   -4958.209264684246,
   -2150.100482189237,
   -9830.334338650444,
   -7594.136292056003,
   549.3103273499719,
   -10614.052813846964,
   -3272.404395585327,
   -13390.166944986904
  ],
  [
   4140.116735066184,
   -1837.7370433502015,
   4997.090307348643,
   4303.921961464006,
   -2692.8627077085707,
   3939.1854711030514,
   8294.471444391882,
   -3340.0170106510723,
   -2691.6518600164623,
   -3447.906222808281,
   -4782.331146351688,
   -2935.864855391231,
   3657.9458867153394,
   -1697.591427131536,
   3493.7131842842555,
   -7875.935886738602
  ],
  [
   -744.2072562527501,
   -2075.539232215723,
   -1171.5751484700038,
   -4657.070632503041,
   -145.18414901624408,
   -251.23198675925585,
   -3606.9495932995387,
   -1291.9132679235445,
   -1435.1284359350898,
   -6605.865365783297,
   -3014.6301284671813,
   -2854.23629410819,
   358.06465956401235,
   -2484.0007995471337,
   -2718.047277149978,
   -4961.703533464535
  ],
  [
   -1894.0962451206706,
   -2667.012815438028,
   -3312.207701135279,
   -8920.908489688632,
   1547.0946236734335,
   -4264.744388880964,
   -3455.70887752261,
   -921.509206113923,
   -1686.73633492736,
   -11618.167082547463,
   -3380.6725502853283,
   -3304.3722076883287,
   -3478.116204785332,
   -201.36888654499353,
   -295.5530442959784,
   -5191.716312921946
  ],
  [
   1621.854021779012,
   -5567.75248452119,
   1024.1997786286734,
   -10658.876562816575,
   -3332.7397057881335,
   -2679.6968928790493,
   -2528.527648931166,
   -5908.610302740819,
   -5728.087779830432,
   -21336.29116946767,
   -10642.169013453602,
   -9550.493711153544,
   -1792.5824056517147,
   -2293.366805049404,
   -3049.500754310165,
   -18466.87740021881
  ],
  [
   -3084.5513450366548,
   -1859.5621843071035,
   -3422.8229188415507,
   -7635.998622157494,
   -503.48280719638683,
   -5346.339242242953,
   -11900.870014468122,
   -436.5363173025345,
   -1049.2837911213846,
   -6368.298369740166,
   -1217.2617250449557,
   -230.14321982898792,
   -1870.0703867769112,
   1522.0050761023751,
   -5170.535567530914,
   -807.9891253329126
  ],
  [
   -4940.456994619173,
   -3808.9519191644004,
   -4483.524264155284,
   -6072.877150207193,
   -7102.81634185129,
   -11916.311727537588,
   -8438.683186003287,
   -4790.786900427809,
   -4667.809540775265,
   -15674.903033075083,
   -7431.967475521998,
   -5062.647568173867,
   -12802.273490268843,
   -932.2833534627201,
   -9768.453256411676,
   -11979.97555267473
  ],
  [
   -1668.3918634968963,
   -6055.861566684916,
   -2662.2428420232122,
   -14395.655058861204,
   2566.077689964196,
   -6451.437583673085,
   3853.794795190616,
   -5432.368145334758,
   -5393.196223450376,
   -33637.45763810219,
   -10785.022091237708,
   -9655.001477043354,
   -7340.080373326789,
   -9580.084087949263,
   3421.7438212174015,
   -23796.85341216778
  ]
 ],