{
 "input_nodes": 12,
 "hidden_nodes": 16,
 "output_nodes": 20,
 "epochs": 1000,
 "lr": 0.5,
 "output": 0,
 "epsilon": 0.01,
 "synapse0": [
  [
   3948.1663711749884,
   -988.0432195550227,
   9493.806775644533,
   11195.500970944246,
   -91.80338819123914,
   231.0224023305157,
   7879.8792252586045,
   -2688.915951422774,
   -2934.9122771509133,
   -5177.980537840937,
   -4605.641962187809,
   -777.6993296862646,
   -420.20189235207204,
   10230.309919468367,
   19125.401640158678,
   -5443.656316372348
  ],
  [
   -2359.5869128391437,
   -2909.9242355974675,
   -10167.533100020913,
   -21529.8256882934,
   -2599.9967224752018,
   -786.6024480801391,
   -10954.055153475032,
   -1286.7219107987078,
   -796.6875967717899,
   -11105.811211327376,
   -2525.9819330115256,
   -5443.860657898137,
   2683.818586377847,
   -1556.8671082752928,
   -20296.20865287044,
   -6536.6712929541345
  ],
  [
   12165.222204085849,
   3095.2444581289974,
   2226.585616339697,
   13537.98814002898,
   -2295.784014858215,
   12209.773465234957,
   29856.170795291233,
   1036.1467136327092,
   2137.199217970103,
   25247.199724080594,
   5170.837100241497,
   638.9072922328172,
   4740.353206591568,
   -5076.749190907832,
   -7215.794540932231,
   6823.44059847958
  ],
  [
   10101.34003462118,
   -2789.421503332563,
   12229.418618491745,
   14785.843680897926,
   -2917.335409209587,
   3428.004245752342,
   -6804.447004424196,
   -2230.915470442911,
   -1904.9958158613654,
   -5442.569851417548,
   -3082.2339536050513,
   -2077.290312141126,
   17037.644448102976,
   -23048.51603846006,
   -4704.663798545513,
   -5153.726487034367
  ],
  [
   5306.476136845192,
   -4864.744702266516,
   7757.784506868041,
   4152.022260370997,
   -8551.132143275268,
   5325.334052540121,
   2898.2521946762054,
   -8016.880592963042,
   -6748.961881513849,
   -9456.03714075744,
   -13311.171488142874,
   -10116.326229791657,
   1285.8950986410164,
   -10601.40934646146,
   -3725.198843540017,
   -18822.896051961638
  ],
  [
   8377.972994774203,
   -1982.244688145465,
   7279.599968843066,
   6239.4419728447065,
   -3613.1988062842124,
   6411.889017680153,
   13239.279708423528,
   -4125.153558931312,
   -3240.795927649634,
   -4116.916362845611,
   -5926.450504369272,
   -3749.691438725949,
   4356.130801490493,
   1533.8355857089005,
   4868.395809127401,
   -9592.23503763947
  ],
  [
   -347.8975681950509,
   -2615.3871442209997,
   -1655.9370482974814,
   -7779.46869455737,
   -184.83830036014461,
   740.3020400980201,
   -3771.802512094065,
   -1708.339974352682,
   -1793.7859591415136,
   -9012.611443889768,
   -4141.603679973756,
   -3989.0090167794924,
   533.18575314575,
   -1749.3554900624233,
   -2806.1198365187875,
   -6744.561985885197
  ],
  [
   -3111.6435348450814,
   -3045.7473727162633,
   -5245.950098641874,
   -13602.75432794175,
   1946.167834806681,
   -3445.8912275335456,
   -5239.18810620237,
   -862.9482443968195,
   -1823.9902802833737,
   -11100.35460259254,
   -4178.88033406273,
   -4730.403286748024,
   -5478.817152813064,
   -2753.43085707367,
   -1414.8442932456094,
   -5487.551997956469
  ],
  [
   2248.577764011417,
   -6960.887691437324,
   1730.0475468803625,
   -14983.969836637907,
   -4156.6779555417725,
   -696.445432728578,
   -2887.9402995137434,
   -7485.456832221023,
   -7213.823465824994,
   -29111.00486121407,
   -14093.415109210486,
   -13105.481567745981,
   -2177.507064756674,
   -2051.0182665362813,
   -2041.831504929134,
   -23973.823537424585
  ],
  [
   -4850.348859694118,
   -2353.3241449012057,
   -5221.367339603252,
   -10260.171260154342,
   -502.2143429171178,
   -5726.151964485816,
   -16987.720376940717,
   -321.68218002162143,
   -1192.1205609888423,
   -5954.946982252972,
   -1479.669467863479,
   -677.3631296868206,
   -2433.6425718565342,
   -2478.5000332342765,
   -8528.484674144169,
   -328.33601672636286
  ],
  [
   -9523.579506457207,
   -4921.736782019347,
   -5814.186111002427,
   -8055.426448497656,
   -9298.771603258592,
   -16353.273772622075,
   -13105.864826083553,
   -6272.617788615056,
   -6042.563464077386,
   -22605.864551434173,
   -9832.006544957321,
   -6729.886264557353,
   -18400.439000505034,
   -1353.4975320750843,
   -14344.814674474826,
   -16037.556447946843
  ],
  [
   -3972.929334694802,
   -8376.830948534474,
   -3762.115354733493,
   -22369.04529924785,
   2461.080117540733,
   -8177.000535242287,
   6096.2527620148485,
   -7838.5231461706735,
   -7600.837751533671,
   -50301.409919637634,
   -15019.118981445641,
   -12894.544831459823,
   -10170.58028269167,
   -5269.716423163291,
   5135.902144939444,
   -33124.127030993935
  ]
 ],