{
 "input_nodes": 12,
 "hidden_nodes": 16,
 "output_nodes": 20,
 "epochs": 1000,
 "lr": 0.5,
 "output": 0,
 "epsilon": 0.01,
 "synapse0": [
  [
   8127.618356736692,
   -1015.1038353706765,
   14546.506518760627,
   16321.90843726085,
   1204.6883909654503,
   2602.3978959703127,
   12463.391190480548,
   -2822.433538845105,
   -3390.3909237718026,
   -7664.153010142865,
   -4537.059996917891,
   566.8510721353575,
   -4882.626097645235,
   18805.385785363746,
   29215.617013544965,
   -4946.756813101079
  ],
  [
   -5256.9643651588085,
   -3715.242904734436,
   -15228.7051388071,
   -30076.975008445115,
   -4573.393704420705,
   -2710.8728415156916,
   -17922.72056830787,
   -1809.158776769031,
   -908.7037992258688,
   -12668.476943244677,
   -3948.5855530091426,
   -8563.58428490311,
   8375.338977679205,
   -8879.615904989003,
   -34897.83922669497,
   -9189.91009747692
  ],
  [
   15737.508387121781,
   5012.024768929822,
   -4598.03021278691,
   24999.449830131136,
   -4879.70867205894,
   24515.891769912214,
   45941.23977850372,
   1666.3670959975036,
   3401.739108716977,
   41335.18216778397,
   6630.0134182797765,
   -895.7883710802421,
   13278.194375022947,
   -6096.784543697324,
   -16165.363441124495,
   10827.40709839905
  ],
  [
   20482.314117455433,
   -4025.1114303339496,
   18928.93883003621,
   17518.30041805924,
   -3864.5506915778533,
   4320.870249715364,
   -6315.4829224344685,
   -3428.8789631310524,
   -2756.939428908601,
   -13471.300256099203,
   -4641.354205714959,
   -2428.0041255589717,
   26606.765795611806,
   -23800.754399879137,
   -1906.24843109423,
   -8633.153521310773
  ],
  [
   8681.388542252482,
   -6833.155558653897,
   11131.43393837628,
   10672.840211062223,
   -12961.252313876152,
   11385.674932074773,
   3028.088512851586,
   -11349.17358126042,
   -9602.167348439787,
   -19233.77685804978,
   -18671.820864471294,
   -14314.313098628205,
   -2420.4704187642033,
   -8507.735826246184,
   -9506.905385694392,
   -26029.594940710853
  ],
  [
   12776.064750704334,
   -1719.555084981638,
   6531.8530313024685,
   10750.61481618105,
   -4140.660718185096,
   11332.606434677704,
   21543.950881614746,
   -4419.067335642877,
   -3230.6712014888185,
   -1071.044595062358,
   -5788.572729706371,
   -4065.1791112369683,
   9168.921156431523,
   3965.8653084907564,
   3631.478699299556,
   -9363.93319471562
  ],
  [
   538.3133521965815,
   -2953.978452160649,
   -1566.1645357738719,
   -9972.361953561009,
   -1049.454107435077,
   250.26945467454874,
   -6447.001139267686,
   -1701.5148031725091,
   -1766.9476018453981,
   -8383.926498707335,
   -4347.6403139891745,
   -4766.252882643504,
   2465.117894637761,
   -3268.792051055895,
   -8555.493951881173,
   -6530.012252058681
  ],
  [
   -6270.181356946142,
   -4102.82627535802,
   -4352.23325220125,
   -18247.03925867361,
   3319.750948316112,
   -2326.876863554163,
   -8972.10926120823,
   -762.5418074685062,
   -2341.39200073574,
   -11811.807480478297,
   -5324.776000093591,
   -6772.674604836532,
   -9638.175776652366,
   -5863.930526925184,
   -2642.2340620327554,
   -5867.439959974303
  ],
  [
   2500.131569147294,
   -9158.403022497007,
   3550.566453544494,
   -21535.755017895033,
   -5783.172075804508,
   2097.6197883478917,
   -5163.173866301581,
   -9954.27465487278,
   -9625.833380220813,
   -41688.14387368273,
   -18619.96236641378,
   -18214.326680002327,
   -3637.590637165834,
   -1687.1460787474743,
   -3470.2576699915685,
   -31672.870000255418
  ],
  [
   -6533.9679533324315,
   -3959.00854022201,
   -4272.125410074231,
   -16408.4401604015,
   -196.87138162422616,
   -11018.242410759918,
   -27419.44927699521,
   -819.3677290183114,
   -2173.958744319839,
   -11777.314756208893,
   -2550.3968019377558,
   -554.0371449185143,
   -9410.386238515268,
   -4977.574588349763,
   -12956.113720660787,
   -1570.839843334836
  ],
  [
   -17315.607468079048,
   -6696.9124596296615,
   -10561.954213179655,
   -15505.259734567107,
   -12173.154665081707,
   -18550.159001775617,
   -16569.621775475847,
   -8494.600989776909,
   -7930.467608993673,
   -34327.42918535767,
   -13310.225403765977,
   -9516.120758123967,
   -28386.823437755986,
   -3566.6377005987392,
   -20751.265475228007,
   -22878.410540604207
  ],
  [
   -5453.244662979881,
   -11044.677945457217,
   -5439.974822877203,
   -34542.17127381906,
   2284.5633196406634,
   -8246.920572371067,
   9144.624547429752,
   -10545.310122366101,
   -10006.300755289596,
   -70427.9935789883,
   -19089.539380294485,
   -16200.934441110812,
   -14878.797392154876,
   -3396.678908619784,
   8191.154717457233,
   -43319.68839986838
  ]
 ],