{
 "input_nodes": 12,
 "hidden_nodes": 16,
 "output_nodes": 20,
 "epochs": 1000,
 "lr": 0.6500000000000001,
 "output": 0,
 "epsilon": 0.01,
 "synapse0": [
  [
   2271.605005375422,
   -15664.034573199126,
   4226.874836807892,
   -3263.9462812214606,
   -10642.569876858957,
   -18387.981294171223,
   -1551.5665716956469,
   5704.601578500764,
   420.01415127311446,
   -1196.309371758671,
   1042.2424999973998,
   3832.2167704411777,
   -167.9207017507937,
   -16272.422869474576,
   -2203.8890936340417,
   12330.811476455547
  ],
  [
   -38971.65338703588,
   4483.507277094053,
   -41675.42129255285,
   -1242.6260936611206,
   495.6138641125623,
   -22117.79167840576,
   -642.6310250910681,
   -9154.225324302048,
   -312.2917609761012,
   -3046.377761427293,
   -2170.484948598696,
   -15567.509442528988,
   -567.7443930002837,
   8191.164314139355,
   -4336.263675177293,
   -53019.78978208614
  ],
  [
   -21586.09987511869,
   17599.44359825442,
   -18780.706604724408,
   -1098.551549099807,
   -24640.129704659066,
   16310.918429127472,
   -3833.2922020012315,
   15157.376668586434,
   1242.8694833958348,
   1844.982039119938,
   -1770.2070580518484,
   -9937.2012493357,
   -11631.079847267385,
   -1655.3108986100335,
   -20970.78905124911,
   -35824.08010664392
  ],
  [
   -45833.53274426914,
   -17317.56469452605,
   10992.869333338025,
   -1206.352727685994,
   -7064.907847311903,
   -8860.892240292906,
   -1997.1621780857047,
   5331.719016097586,
   -481.7803475714846,
   -1081.1416132253073,
   533.5574752080504,
   -8004.544981085004,
   7858.3746184608635,
   -6386.446217005639,
   -3566.40694244436,
   10158.928863529187
  ],
  [
   -40606.475328341374,
   16876.937929180385,
   34472.04843871296,
   -2206.7425576552787,
   -7260.461820293351,
   36830.10848294634,
   -1986.9131498262752,
   13538.051602504858,
   1201.9253792663699,
   2507.7922753442963,
   -4389.368397496353,
   -3808.6408419088507,
   -2537.9439128237505,
   -11034.2379565086,
   -606.0347419218577,
   14769.185330629749
  ],
  [
   41749.99295113327,
   -15456.689831675722,
   -65910.19883151622,
   -239.71451800190658,
   8705.991491767152,
   -74103.7545696701,
   1733.1002194553319,
   -7569.138140558341,
   5047.891537104705,
   152.08846911007262,
   1886.6448512404163,
   10117.158010676854,
   -11413.187449639516,
   1176.7589802210732,
   -35598.698309564024,
   -64164.655519300366
  ],
  [
   -23995.459511453402,
   -36344.48947269675,
   -18056.64460366365,
   -2375.9469302551993,
   -13499.536042626483,
   -39705.47812374699,
   -3588.914588979941,
   -2275.857972262464,
   -2434.455304417678,
   13.464479263739936,
   3582.3475031469056,
   -8517.284416767918,
   -198.82376195623792,
   117.77896728369296,
   -830.1953473292713,
   -35941.350607474196
  ],
  [
   -106368.60000820484,
   -37795.166630753985,
   -81048.77829620185,
   -11780.469977218869,
   -22824.744996373745,
   -89893.83172769242,
   -10007.948059204036,
   -17399.80114692995,
   -841.4320374242473,
   1874.3849650735785,
   -1266.3455484793596,
   -23962.30475611746,
   2228.4696867338866,
   -974.0684271950973,
   -10950.116937120407,
   -87146.67171009036
  ],
  [
   -39814.37899416687,
   -8024.916405989953,
   -28774.79015145789,
   -3223.240450196554,
   -18919.84945303228,
   -27201.431725685692,
   -666.6648675452188,
   -4932.773919826836,
   3475.227904433331,
   -2260.94665048883,
   2012.4730887818796,
   -12721.078706156106,
   -14741.67360835495,
   -267.00765118566716,
   -2981.098552798617,
   -25317.66984813411
  ],
  [
   -106825.14328958472,
   -18765.081760680936,
   -25322.78125933551,
   -6554.747960983943,
   2252.1236585939137,
   -24938.251951241607,
   -13518.771158453848,
   1086.0346257872627,
   323.457290840011,
   1464.839852476162,
   1037.1557790116735,
   -31516.229471325536,
   4647.542068822007,
   1797.529096357867,
   8260.659303255086,
   -43223.8080648291
  ],
  [
   -125575.65823106497,
   -36714.62688158867,
   -30901.3090746016,
   -10938.936976511823,
   -4186.4829460600595,
   -38710.48554087705,
   -12843.992257834234,
   -3831.483994235959,
   -7373.268356263869,
   1123.7853642120178,
   438.4120378891587,
   -35684.15034113223,
   -20489.33207519404,
   -668.8701492845179,
   7876.443340658943,
   -27823.893019799936
  ],
  [
   -85095.47333841937,
   -10240.93997513167,
   -9806.881734721783,
   -8569.497822086998,
   -5516.833184513385,
   -325.8233143114659,
   -9531.159552538858,
   3059.704365935358,
   5995.045097493217,
   -3024.3243113811914,
   -4255.353084640101,
   -17788.554734097826,
   12252.65497393619,
   8671.147714942661,
   1738.6182473425558,
   -8472.405991848509
  ]
 ],