{
 "input_nodes": 12,
 "hidden_nodes": 16,
 "output_nodes": 20,
 "epochs": 1000,
 "lr": 0.55,
 "output": 0,
 "epsilon": 0.01,
 "synapse0": [
  [
   1760.5360203712744,
   -5587.539103089149,
   -4187.289282082935,
   -1627.567132658138,
   -3163.2296791306594,
   -10504.773874592824,
   -618.5560300579687,
   5867.324658873022,
   1268.0459647422415,
   -804.0656189813698,
   844.0548527355163,
   1298.3869619462187,
   4707.29689221247,
   -6129.367499233591,
   -3739.4632257842027,
   -1339.0138282324713
  ],
  [
   -28178.805674456373,
   -2189.5195351374678,
   -16977.39079238542,
   -1725.545169379299,
   -3985.9648077915426,
   -11896.650931159025,
   -1683.0977393672988,
   -8744.888476650192,
   -589.0666389836761,
   -1096.9245724939822,
   -2279.7671336035824,
   -10437.412566516296,
   -10634.45535635977,
   3395.4729962897545,
   -1819.4030171854536,
   -23618.954694221015
  ],
  [
   -25317.718038157935,
   5635.258222097041,
   -10579.528904173687,
   -1680.1418908239768,
   -11913.51389932459,
   6116.335312515533,
   -3259.663685597957,
   12416.912247769984,
   369.61989650115703,
   -25.847509379157145,
   -1217.863019524842,
   -7653.161027241587,
   -7775.107321477139,
   104.68358163329782,
   -17218.923860866933,
   -20638.581508907086
  ],
  [
   -21847.472239173923,
   -11272.71350483822,
   5951.354621056463,
   -440.8072574418164,
   -2052.3477780605895,
   -4670.231688555135,
   -1156.5935715368162,
   5969.057020779693,
   281.65202907126155,
   571.9426513553009,
   483.46892083695843,
   -4999.152108278014,
   -324.51200490260516,
   -2762.358206134109,
   -2300.4700763293295,
   7113.842867574684
  ],
  [
   -29401.767744617493,
   12458.876114492758,
   17796.62703204957,
   -1900.0297131863842,
   -1611.10272321154,
   25304.607980333807,
   -1799.516687388777,
   8757.70128720756,
   1.0617539618153624,
   2099.4135816892513,
   -2036.2141756872838,
   -4372.551264920244,
   -3019.440399133076,
   -4964.909128284319,
   100.7144182618682,
   5307.4210398963905
  ],
  [
   16660.95037979635,
   -12135.384665008234,
   -34836.99500085535,
   -697.3650256719781,
   -705.9848599605077,
   -44056.25499006255,
   283.48932211637936,
   -3893.314795442292,
   1626.148043857612,
   -380.39343592502127,
   501.9762246634397,
   4475.395832385828,
   -7444.747994701453,
   -299.0760463281607,
   -28285.609170099888,
   -35664.030159667826
  ],
  [
   -11329.088648016232,
   -20021.136136289548,
   -10260.565046854603,
   -1526.7132317166302,
   -7861.657588406305,
   -21784.46328198951,
   -2226.6964184486233,
   -3191.7275632422597,
   -1524.9117607551866,
   619.362395313298,
   2855.5388979210675,
   -4811.208743139278,
   2965.352798064622,
   -10.869566078302455,
   -2807.5633535359407,
   -19514.00632374032
  ],
  [
   -60814.72853889794,
   -23044.916403545576,
   -39453.122591323954,
   -7212.124386971014,
   -14207.835261208684,
   -47355.920510712014,
   -6735.819257171548,
   -11300.670036286241,
   -136.48692974730142,
   1287.3442827672482,
   -3915.0572571325524,
   -16065.780614857711,
   -78.05313368771391,
   67.56055464952388,
   -8683.809190891347,
   -43875.17524432158
  ],
  [
   -22647.264471410417,
   -9677.955356830516,
   -19079.314557392987,
   -2492.771424927593,
   -9256.520297090306,
   -20929.485876525196,
   -1119.6541947046385,
   -4723.3599236545715,
   1599.180270922052,
   -2491.812187819712,
   368.96875046038303,
   -7723.875194667713,
   -5072.040171891023,
   -746.5134681607836,
   408.25579283337316,
   -17592.21009509236
  ],
  [
   -57995.19117933254,
   -13920.697072586947,
   -13804.545926982568,
   -4180.739391685592,
   1888.0867139805325,
   -18335.516710509135,
   -7857.640603532612,
   -588.5006540543194,
   101.42860391367954,
   1734.3997617578532,
   2366.4048767900995,
   -18420.821859484804,
   -4573.709260251541,
   1700.147638516287,
   7366.254572868263,
   -24109.37449443038
  ],
  [
   -64707.9089404049,
   -21787.23924627281,
   -26184.793441942653,
   -6384.871829793563,
   -888.0733706175077,
   -28735.171993429038,
   -7357.479756178385,
   -7054.729535602249,
   -5954.621929322956,
   96.34396247814396,
   1460.2094693282227,
   -19935.356774201155,
   -8237.588274322165,
   165.27824535257122,
   5945.877018550499,
   -26061.447047436057
  ],
  [
   -48772.437332212015,
   -3972.6502714792327,
   -1450.8294403347675,
   -4746.781110542563,
   -2276.2400751535297,
   6355.4431668755005,
   -5376.885346894602,
   4810.8353890560675,
   4215.757297358278,
   -1843.179321813975,
   -2700.52091754365,
   -10548.006544736387,
   11945.032119289395,
   4628.247955676227,
   323.66150026600315,
   -2786.0615119471577
  ]
 ],