{
 "input_nodes": 12,
 "hidden_nodes": 16,
 "output_nodes": 20,
 "epochs": 20000,
 "lr": 0.30000000000000004,
 "output": 0,
 "epsilon": 0.01,
 "synapse0": [
  [
   -8169.675948501734,
   6979.014180243615,
   -6088.321322113231,
   1586.036674235613,
   -11056.5865683135,
   -6064.49030019325,
   -4464.087407280131,
   -23108.52723655252,
   -14909.582914530922,
   3922.9472175814685,
   -1609.2415046042988,
   -11889.444503321985,
   -6431.264450614134,
   -1779.459568779391,
   -1938.6090641937374,
   13501.170506214952
  ],
  [
   7432.407731825829,
   -5840.44868045647,
   3817.9566308341773,
   -745.3733750794678,
   11570.77417279361,
   4193.391888057993,
   2402.5723469341788,
   14561.35520408675,
   9333.254750030235,
   -7620.012319202695,
   -925.219077186619,
   10821.854987510047,
   7309.296347462479,
   -1489.898159525435,
   -563.0538250815115,
   -10676.297664313632
  ],
  [
   1424.9468819415629,
   -19729.5562042822,
   -36786.66459670828,
   6861.5814869280875,
   -4441.937351131267,
   -3004.5643768549567,
   -11285.196146265318,
   5895.999966944746,
   10351.168353634532,
   -17429.36625366547,
   1003.9690807323121,
   -2648.174874659601,
   4010.381905152006,
   4924.643919260368,
   -9478.865709254065,
   -17749.553016941754
  ],
  [
   4145.976336113389,
   -8294.221075389873,
   -34009.05618842633,
   -42016.63411454044,
   -14341.596950601563,
   -2982.43326434682,
   -12817.975591664223,
   -6168.701742457058,
   -25526.780575299224,
   -6391.2922310880695,
   -3433.08653568528,
   665.0315103652382,
   -3850.266664846411,
   3411.7085442624984,
   -694.8695797619621,
   -10052.408598425245
  ],
  [
   -5267.644291032943,
   -2647.2677476358845,
   -21523.11004786489,
   5245.3129238487245,
   -2700.2027461483576,
   2655.2711289580175,
   -7479.1702308194235,
   8973.740093850754,
   11436.51071140085,
   7.1823188403980955,
   -6079.634652085008,
   458.26315964276887,
   -5434.64194390895,
   -388.95947569326364,
   1023.0922545193503,
   -1085.0287408430913
  ],
  [
   -2388.333592069771,
   6756.165750760493,
   -22238.81323461006,
   -18398.413159280382,
   -15681.117182550977,
   3547.19719063882,
   -22141.803218356847,
   -9530.522144955003,
   -12130.84221051372,
   12732.573818969711,
   -6225.391937927599,
   -7422.0161030022655,
   -6661.7994418114395,
   5732.3293863238805,
   9124.603615481441,
   -2197.297362405706
  ],
  [
   470.4499934784958,
   -4408.199470160385,
   -19255.530324955325,
   -10898.149396009001,
   -13912.424635141151,
   -16446.3731850113,
   -837.6690609115094,
   -11892.838433859319,
   -24101.67193888279,
   -8134.668058973614,
   179.03773841150345,
   -12036.885203887708,
   4057.4221973231656,
   750.0939046580534,
   -6399.43931897957,
   6088.652243845905
  ],
  [
   1874.2149835785247,
   2259.627252191837,
   -13749.041777093078,
   -27742.68303976151,
   -12061.258089396182,
   469.2126781538598,
   -17357.076966564073,
   -19953.837077324977,
   -25877.72059341758,
   -2084.6108887504793,
   1687.3072192874117,
   -8135.711922918776,
   -1531.9162210635793,
   1817.8771868040803,
   292.07892757299976,
   -4666.551513204518
  ],
  [
   -2007.5234091567722,
   8883.15102859681,
   -6131.841645894456,
   -7943.127708362474,
   -15275.134181334988,
   -9269.648002957225,
   -15087.009079591415,
   -21575.430558841133,
   -23626.572392372058,
   11783.542893411646,
   348.9107161127855,
   -17929.04824609883,
   7272.036482691159,
   9102.213416125647,
   494.36094183993606,
   7953.950819867118
  ],
  [
   -5447.332920368172,
   3462.4573686883414,
   -37852.38456024386,
   -37614.100001721185,
   -4910.2245019325455,
   -4126.093189755567,
   -38907.18507800729,
   -36953.69059237189,
   -51839.98966965545,
   -5132.478771070973,
   -1566.9982394500198,
   -9790.420360964885,
   553.9935267970693,
   -4188.72543534084,
   -3856.8740173944857,
   -5262.648918153365
  ],
  [
   4903.851950194675,
   -12.198835961173707,
   -43133.74593689328,
   -17881.173929524397,
   -34765.165332083656,
   -2120.1264815720065,
   -14091.161253911723,
   -10897.98581520383,
   -12177.520087130873,
   -1817.8539729775916,
   4610.8202609507425,
   -18567.889127164206,
   -4551.421615135955,
   4714.294893224738,
   1604.3803489134516,
   199.47740778185843
  ],
  [
   -4646.859183613308,
   -4121.20771154883,
   -35065.73939026179,
   -30932.427183031985,
   -11801.343433174376,
   -468.15824867641413,
   -26328.35629897901,
   -11404.639984099827,
   -27820.01376646362,
   4367.78051715526,
   -6738.054723121555,
   -5445.511895069318,
   -1858.427093179311,
   -807.3505876629358,
   830.7810001646804,
   -8416.09756216395
  ]
 ],