{
 "input_nodes": 12,
 "hidden_nodes": 16,
 "output_nodes": 20,
 "epochs": 1000,
 "lr": 0.4,
 "output": 0,
 "epsilon": 0.01,
 "synapse0": [
  [
   15179.3243109759,
   27159.164849372235,
   25218.458273145698,
   15842.809698413072,
   24394.695778454396,
   21859.212533549486,
   17761.621486638924,
   26041.326587806117,
   23607.76192777916,
   10493.87398922275,
   17861.02919628023,
   14637.413686217844,
   26079.307920625226,
   -5111.619301963974,
   12783.510393687735,
   24542.633884649895
  ],
  [
   -21198.027260992196,
   -50066.43100390425,
   -36183.43740903747,
   -29090.153049213364,
   -33124.18995468705,
   -37804.39349526607,
   -20318.0106010539,
   -32928.8235882531,
   -32182.44367194482,
   -35609.733631569165,
   -28513.21607784573,
   -25589.565875776218,
   -39053.85364655613,
   4270.825872151892,
   -19845.787980826124,
   -29372.31483608792
  ],
  [
   9605.400189909173,
   41566.9879608205,
   20624.95133895716,
   26115.707131265714,
   17634.905536926566,
   40960.21895310806,
   11845.34271484504,
   12168.948849215612,
   16041.757285705138,
   9472.090368686115,
   19453.533877724276,
   24488.89568380114,
   22922.87597605018,
   7287.137881842722,
   13860.282708126635,
   -2738.545271583918
  ],
  [
   19421.860951610153,
   24554.684439941862,
   18226.421076341387,
   13018.036855146831,
   16613.258223775534,
   30325.227233055506,
   14729.498381675834,
   14349.560071655957,
   17498.718750835113,
   6179.70281035057,
   14838.548970806221,
   22684.75363859974,
   16567.39340247206,
   7570.287623448057,
   10075.558264299982,
   4341.607507699152
  ],
  [
   5000.146602159077,
   25404.258892936497,
   15312.75692391368,
   16710.01557036003,
   16763.742679197207,
   3813.799850593108,
   18192.428074596715,
   12445.330097064107,
   11873.349094192592,
   14747.488647100618,
   15939.213112580961,
   7496.9587410497315,
   16737.923966555565,
   11647.671623074419,
   9525.875132874038,
   -3111.061683995232
  ],
  [
   20387.39229521898,
   10995.832644528626,
   9162.438304342764,
   4890.73465943048,
   7844.954564239207,
   14895.8953927309,
   23473.53442400409,
   13602.449617524631,
   9066.671161053877,
   10182.437928369245,
   12326.431823508548,
   13409.94490428768,
   11812.5195685713,
   23125.510708998543,
   8388.097413430622,
   -375.70553232378353
  ],
  [
   -16719.065392137145,
   -20194.295097300666,
   -14987.092984561408,
   -11693.118029622281,
   -12745.443302691267,
   -26487.172468964258,
   -11187.68540919785,
   -11987.944442204336,
   -11504.113184915142,
   -21286.722160670313,
   -14816.667277787294,
   -18741.093825483942,
   -16175.933109942218,
   -7997.928087499578,
   -8647.395413435263,
   -5236.760679466577
  ],
  [
   -13466.818380711695,
   -27182.66886536335,
   -17380.254330329,
   -18819.673236584476,
   -17120.71842545511,
   -11764.230912645271,
   -14958.697527847158,
   -12550.54147817312,
   -14060.3630302636,
   -29918.39060042153,
   -17324.709295277506,
   -16346.735169052208,
   -17414.128994317674,
   -12246.400691470144,
   -10038.496262069124,
   -2959.1081574798245
  ],
  [
   17345.872386476753,
   4692.707331974392,
   13079.692157838712,
   3598.6040452109105,
   11469.946370493448,
   14013.713270401255,
   21134.09549485874,
   18269.64612168864,
   12120.198975273655,
   12524.46871391444,
   9489.631682838355,
   5727.049840807446,
   13894.868763166089,
   18144.279337875138,
   4158.54253613666,
   9430.69674697497
  ],
  [
   -19861.916409415262,
   -24278.995514370214,
   -20495.184689786925,
   -16419.4803735304,
   -14995.451362750084,
   -25539.853624622603,
   -18888.059258289668,
   -20740.849948900915,
   -15687.657628863915,
   -28510.441180385293,
   -17769.619094000333,
   -14252.360230582413,
   -20287.750945106418,
   -17378.43917216611,
   -9459.019311449858,
   -13236.104093351865
  ],
  [
   -48614.79838631766,
   -42175.72692952948,
   -36817.11010072236,
   -21626.51803617345,
   -26531.38100010599,
   -64205.330773000605,
   -20170.67614026216,
   -25742.06648193035,
   -33569.874567493745,
   -18911.720033624104,
   -30843.94512475747,
   -48502.88938236041,
   -27941.70185873132,
   -7924.942319964263,
   -24943.537556910116,
   -19012.308170946704
  ],
  [
   28599.204453436974,
   27577.50955076812,
   22506.360945068078,
   15872.048215286233,
   16651.082936474057,
   45722.70612759039,
   13039.29959727602,
   14509.4900543619,
   19469.029329546007,
   -7695.458531139128,
   17870.294378893737,
   29829.572975381023,
   16453.040437129897,
   6135.151538665461,
   16038.265879145749,
   9212.02543258039
  ]
 ],