{
 "input_nodes": 12,
 "hidden_nodes": 16,
 "output_nodes": 20,
 "epochs": 1000,
 "lr": 0.20000000000000007,
 "output": 0,
 "epsilon": 0.01,
 "synapse0": [
  [
   1863.289890319812,
   6091.951299729727,
   5420.684581883105,
   4663.940386376869,
   6514.848572869567,
   1759.37923675955,
   -749.1272776282821,
   4461.174536248775,
   6112.827556155424,
   5691.647529249463,
   6412.9202738728,
   5977.835977055606,
   4377.401532269849,
   -14.75838354934614,
   3549.641350806579,
   1496.802459268617
  ],
  [
   -3649.0451116913487,
   -9988.040191630047,
   -7625.632691138881,
   -7272.602905769534,
   -9537.14222425314,
   -2047.5329346320407,
   -895.0207907899528,
   -6626.712110672233,
   -8452.138641234653,
   -11572.860063870912,
   -9878.153284784814,
   -9153.885783097081,
   -6301.32525033503,
   -3829.1444454880675,
   -5310.592177909641,
   -2991.37376037305
  ],
  [
   1880.0184720508664,
   7900.412534447773,
   2996.176310914557,
   4572.943138510932,
   1395.3967281868452,
   2132.724275401371,
   613.6386365420447,
   1957.6524384313198,
   3175.999438923815,
   1103.1374293876843,
   6468.614361144046,
   6921.987389965947,
   3386.571352824143,
   4075.4079158490363,
   4009.4429101839255,
   -3681.149637052254
  ],
  [
   4291.957088703114,
   3991.024167025963,
   3282.4134054472047,
   2711.9404127640705,
   2562.321680007888,
   2470.4152793236694,
   -368.02243147099733,
   2871.3920153926665,
   3171.5870073577235,
   1294.4787834005385,
   4418.077552590998,
   5226.299391060013,
   2908.341439647817,
   459.91920087841953,
   3345.086748794858,
   151.15341968143818
  ],
  [
   1124.1490166082085,
   4457.9167717182745,
   2961.287713875036,
   3169.7296605311117,
   1516.623391333793,
   2024.059524845388,
   2809.71560159819,
   2388.6016501901163,
   4194.638821333137,
   1864.120349598187,
   3402.082232723965,
   2201.461512537919,
   2257.3153057699196,
   3201.145932719248,
   1797.129472264997,
   -563.7068080972658
  ],
  [
   4739.743123561161,
   1354.086457445073,
   2159.9168406770514,
   1849.2925497800009,
   -574.9358615862793,
   3173.061981725248,
   4949.261976013183,
   4034.1146635477958,
   2313.1440979591694,
   262.06620022255066,
   2511.173442107056,
   729.7712728847895,
   4226.871208364493,
   3706.00747727164,
   1466.041712836671,
   1008.5033391934642
  ],
  [
   -3227.7211896891627,
   -3760.0166480202215,
   -2060.186885984208,
   -2446.302380785058,
   -1628.9045281265687,
   -1755.3154062686203,
   -2318.191749067942,
   -3418.8714056857298,
   -2507.985373622949,
   -4036.1087693575655,
   -3760.1672929794786,
   -3312.41605888522,
   -3894.6994545216485,
   -5242.275145730533,
   -1994.3495316795018,
   -811.6214233805335
  ],
  [
   -2339.3910049489195,
   -4191.741696624002,
   -2957.373961767495,
   -3633.01416344334,
   -2674.234397483404,
   -1244.8411138431936,
   -3519.5708044091575,
   -3095.825719815591,
   -3894.066736542682,
   -5840.533601457228,
   -3508.011196437481,
   -2444.1258488242247,
   -2054.349072117131,
   -4315.347244915945,
   -1471.6155211844523,
   -2135.373349138644
  ],
  [
   4410.1873350009555,
   1589.1251553466252,
   3422.053044396661,
   2038.8448542099388,
   2552.650770596576,
   2748.4058616626576,
   3569.0160050512545,
   6017.687195127299,
   4284.509690362663,
   3914.864518232055,
   2807.382310800761,
   775.0045919023772,
   5090.628020513234,
   1660.1546659158178,
   1179.5609302286991,
   2925.806310764362
  ],
  [
   -4555.787122523677,
   -4235.593792994598,
   -3365.2463909906255,
   -3101.715764756788,
   -3941.1743336530776,
   -2466.9940998178763,
   -2189.608597635795,
   -5031.274292794327,
   -4388.0390657443695,
   -5521.96179773475,
   -4293.314507036404,
   -3570.906747350564,
   -5203.6510658446905,
   -4128.410392289985,
   -2197.7190993964446,
   -2127.039612412128
  ],
  [
   -9748.45978344353,
   -9557.452761023107,
   -7825.810992297669,
   -7157.314971951339,
   -7580.273676583508,
   -3750.7072955471676,
   402.22993993943805,
   -5243.098155740719,
   -5957.4201351786405,
   -6680.850719025017,
   -11375.66780842733,
   -13489.211433552282,
   -6316.679319999472,
   -3312.4177169269315,
   -8491.421647234853,
   -1456.5657959188277
  ],
  [
   4922.0045144156975,
   6160.125171049722,
   4304.5253514581755,
   3988.7547275821084,
   4128.605760327993,
   2575.1580274283856,
   -2436.5251582524616,
   2221.4588847505383,
   3172.429840137418,
   -11.122341802619822,
   6767.1527034784685,
   8860.333655677541,
   3817.127151180345,
   -792.1276909582351,
   5409.430066085446,
   -1203.8856096453715
  ]
 ],