{
 "input_nodes": 12,
 "hidden_nodes": 16,
 "output_nodes": 20,
 "epochs": 1000,
 "lr": 0.5,
 "output": 0,
 "epsilon": 0.01,
 "synapse0": [
  [
   951.317216148089,
   4707.708918711601,
   4262.82950375953,
   3919.196448897696,
   4899.776951977994,
   774.477897448084,
   -763.4402336995058,
   2857.3363070850796,
   5249.210718073291,
   4997.164919438679,
   5051.643031881783,
   4679.754493867607,
   3514.5999353596594,
   557.7626505061075,
   3188.166004755586,
   1071.610379097396
  ],
  [
   -2620.142557517968,
   -7967.460626004282,
   -6132.484659461946,
   -5989.743461627451,
   -7262.938215685287,
   -1076.7783147604048,
   -465.7921651263271,
   -4164.934654438671,
   -7262.783295891209,
   -9300.387470331329,
   -7871.5542972528565,
   -7496.226225628674,
   -5276.592414633112,
   -3627.3192909217646,
   -5157.751237927266,
   -2266.994582244684
  ],
  [
   1983.8118498284027,
   6328.58932906116,
   2797.7970427884834,
   3527.9637279312333,
   792.2998009563222,
   1215.9278791473694,
   301.33193113426574,
   1208.8404591036578,
   2495.625524407327,
   912.4643278856281,
   5641.525858261845,
   6296.358102614335,
   2231.085003368623,
   3245.3009023878985,
   4031.4522499971276,
   -2434.648470687388
  ],
  [
   2843.2474144536914,
   3359.7637530609195,
   2573.4688226012495,
   2405.15319373836,
   1725.30237783063,
   943.7275117032408,
   -389.96657988418474,
   2025.0199754542666,
   2576.8965189256764,
   1488.3548196876968,
   3804.2608139500153,
   4291.327403866562,
   2065.179442801775,
   604.7276341190403,
   2684.3807860890183,
   66.44636189771697
  ],
  [
   250.6273283070241,
   3400.5412281850176,
   2188.8609734612637,
   2530.6909732878503,
   663.0255494568995,
   1455.0424149402043,
   2278.8508366782635,
   2003.8613903902553,
   3597.6362854097792,
   1538.2911121852974,
   2433.504232153708,
   1306.9885183274441,
   1764.2568626507564,
   2717.2633694708115,
   1355.9065414256772,
   -104.51802838386271
  ],
  [
   3456.7630482926998,
   1034.9604600905268,
   1704.3194354334394,
   1513.8172654236912,
   -792.7582309513509,
   2346.060504445059,
   3330.20513207326,
   3437.268046734483,
   1514.5054441964614,
   -31.9835917762462,
   2307.49640456546,
   467.55314617240964,
   3472.9760554163295,
   2358.643673332185,
   804.1475536743919,
   970.8771804677696
  ],
  [
   -2459.9573358080365,
   -3379.2826486956874,
   -1688.0250308724947,
   -2074.4513791520217,
   -966.116034291188,
   -992.7130584413318,
   -1636.7539856176318,
   -2100.5148869960767,
   -2019.7770444125827,
   -2658.3163706118407,
   -3296.7372975893327,
   -2911.24795351779,
   -3395.858753293477,
   -4120.013540825543,
   -1966.991246337812,
   -388.1579649981386
  ],
  [
   -1741.871388383663,
   -3142.2731971041176,
   -2243.505778761731,
   -2739.623034112885,
   -1700.6704399053567,
   -1174.2672831983816,
   -2821.6403583006463,
   -2308.0169545633403,
   -3384.7696850703596,
   -4082.055391450088,
   -2343.412846095888,
   -1648.2189833212856,
   -1844.631225848892,
   -3451.9784217252695,
   -1497.0952254054919,
   -2047.3244541423505
  ],
  [
   2901.7801320289764,
   1394.6139797523947,
   2461.8204145311447,
   2094.558463324335,
   1518.4784877511597,
   2044.180733835004,
   2428.5371252920963,
   4480.134014581107,
   3558.4782845845984,
   3096.3116011588995,
   2338.0238510521162,
   310.02176166661116,
   4568.115317335406,
   1791.4270180934711,
   681.6898400777508,
   1667.953149332256
  ],
  [
   -3632.2053515388757,
   -3277.7982882217198,
   -2762.3485663326614,
   -2469.5607938519042,
   -2893.5829357592793,
   -1238.765154159332,
   -1626.3629654253793,
   -3458.10156787958,
   -3625.9708673523305,
   -4558.330019786377,
   -3504.252094390585,
   -2742.9085735393965,
   -4282.381592692535,
   -3259.797750984396,
   -1955.6277490634482,
   -1938.5710675257435
  ],
  [
   -7602.92588471759,
   -7976.001555745135,
   -6318.281081403165,
   -6236.322385254255,
   -5761.291907480285,
   -1773.8458652760248,
   790.7964152840742,
   -3436.2672296148176,
   -4726.71898918691,
   -5696.536973773528,
   -9764.69926052083,
   -11641.817910333335,
   -5088.248890955069,
   -2587.685481160166,
   -7559.283417132939,
   -1223.8789652546382
  ],
  [
   3990.4902885070273,
   4792.749937257587,
   3489.912757949867,
   3425.1929003451337,
   3128.3008430334735,
   917.9737990883118,
   -2120.1381872929537,
   1428.2133697643749,
   2377.5260787289485,
   830.2008823375403,
   5886.083312961839,
   7618.339274891177,
   2701.576530003999,
   -756.0908183011878,
   4678.041196186241,
   -640.2468892471278
  ]
 ],