{
 "input_nodes": 12,
 "hidden_nodes": 16,
 "output_nodes": 20,
 "epochs": 1000,
 "lr": 0.5,
 "output": 0,
 "epsilon": 0.01,
 "synapse0": [
  [
   13074.582803379699,
   21569.226305391036,
   20344.489634007074,
   12583.732863628647,
   19106.044319869296,
   14941.130217166605,
   9583.4190046761,
   20790.40349506267,
   19807.90010447537,
   9712.427045637449,
   15820.990880608413,
   12317.303548404476,
   19639.58439119044,
   -7324.923791559796,
   10949.431571936659,
   16733.675574561923
  ],
  [
   -17586.38258718078,
   -35463.32781746639,
   -27458.40841524648,
   -20087.17390927268,
   -24759.69932619936,
   -22245.27194542512,
   -11228.04885140093,
   -26882.690128046732,
   -25670.313319596207,
   -29563.759799982003,
   -24301.955899780176,
   -18724.78111440138,
   -28449.69352146865,
   5493.317457174401,
   -16251.891761897876,
   -20460.086362839498
  ],
  [
   6894.576233682807,
   26547.746620167178,
   14059.38530277963,
   17051.03036405187,
   12069.307917150003,
   24294.599735742573,
   9695.432309328959,
   9854.650055690336,
   10535.216022474047,
   6997.298302607172,
   16632.171492273526,
   18497.031187288794,
   15882.707326156567,
   3804.110380469421,
   10977.332364905504,
   -4121.340320560849
  ],
  [
   15016.069879065584,
   16258.35409793078,
   13776.523621600127,
   9685.136419247221,
   12142.690041542346,
   19480.519086869204,
   9787.31638485205,
   10178.371561308955,
   12601.517015461894,
   4631.010369878496,
   12697.828703385629,
   17465.569860113657,
   10897.0039672211,
   2866.90132812669,
   8190.186696459562,
   2297.4035374063455
  ],
  [
   5611.169415212997,
   19789.230463341362,
   11702.681257477567,
   9491.39033708011,
   13929.518258734572,
   5178.957310869425,
   15959.616945380556,
   11990.537606114385,
   10270.773973469282,
   9638.423247640776,
   13408.933455042792,
   7230.041115849194,
   13885.609467252905,
   6338.966300584409,
   8849.566355840328,
   -2297.105937182461
  ],
  [
   13468.430327558246,
   10842.570767944133,
   7105.069785219083,
   7429.359226730328,
   6087.691062484092,
   12580.65846297783,
   19604.697126440307,
   9789.805647724219,
   6226.397285306497,
   5501.027725508811,
   9046.97086923549,
   9746.504511406716,
   10282.331504183709,
   16553.121035889813,
   6367.368981721552,
   -1439.6330023342716
  ],
  [
   -11386.696293583254,
   -15209.183925428893,
   -11137.90324415802,
   -10609.422495965982,
   -10112.009591418653,
   -18754.522336737216,
   -5694.572261975629,
   -8572.544234610068,
   -8036.2443185476695,
   -15242.286291427568,
   -11805.713340081387,
   -13999.601683472725,
   -12163.864570761627,
   -6693.398756101339,
   -7023.2263233631265,
   -1561.470688440475
  ],
  [
   -10495.732321728541,
   -18152.30513710618,
   -12088.46208526769,
   -11293.675432774024,
   -12955.321108813674,
   -6823.207937937343,
   -11956.111722074185,
   -10837.571400895291,
   -10020.360225426928,
   -22566.223333425594,
   -13447.948203509675,
   -11043.809849704021,
   -12197.059396593973,
   -8743.68376053162,
   -7682.262186617729,
   -3028.307655228161
  ],
  [
   11793.405617151282,
   5989.708111669762,
   11050.108243477891,
   5636.316753083154,
   10501.798335520198,
   13786.811068960382,
   14901.625296712762,
   14212.425613156198,
   10130.4447929922,
   6755.630737461802,
   6850.461517707848,
   4190.059627120294,
   12236.57734994935,
   11095.929028624574,
   3669.870941130649,
   6638.042554376093
  ],
  [
   -15428.497711029742,
   -15822.780468397663,
   -14734.380414681578,
   -12198.436343571137,
   -11118.547600202835,
   -17398.367405877627,
   -12693.944589183233,
   -17245.100157602184,
   -12019.138237746536,
   -20845.707768484015,
   -13331.909497229244,
   -11036.072505021675,
   -15296.46435379478,
   -12568.905104239115,
   -7307.96417995512,
   -10015.815910890735
  ],
  [
   -34394.85077038102,
   -30398.87853762771,
   -29404.343103066072,
   -21635.293144854597,
   -19839.362689431735,
   -40148.99819076085,
   -11888.29687680449,
   -17596.08753662669,
   -23662.76454048979,
   -17111.93837453971,
   -25389.93606138262,
   -35864.058449771415,
   -19513.419969493996,
   -5143.518694676344,
   -18231.909300988405,
   -12792.869748495646
  ],
  [
   20612.96125479308,
   18753.8727366113,
   17899.135053188267,
   14561.087701034086,
   12100.209998056705,
   28347.79266439275,
   7864.358022195401,
   9474.52198655801,
   13106.64595682253,
   -3012.1105100620916,
   15257.438205569519,
   23818.743197778385,
   11315.364826365758,
   2155.3232335162934,
   12344.248263777252,
   6591.992167631103
  ]
 ],