{
 "input_nodes": 12,
 "hidden_nodes": 16,
 "output_nodes": 20,
 "epochs": 20000,
 "lr": 0.5,
 "output": 0,
 "epsilon": 0.01,
 "synapse0": [
  [
   3864.1829556710786,
   12097.209354009103,
   -6218.143663468907,
   821.288312389652,
   5130.159855918989,
   1700.1386038301964,
   6322.375698352355,
   5537.247473862635,
   5149.29239494433,
   43059.649263389714,
   1924.0555538152264,
   4792.077922949586,
   110018.30639187334,
   4152.138633512427,
   2878.746057296591,
   9617.787781059658
  ],
  [
   -16078.55100743142,
   -51559.494814792335,
   -27031.59729658617,
   -10471.054678121378,
   -23137.13390307372,
   -34212.543395038876,
   -21979.55279710724,
   -19554.79919199897,
   -18588.89369266236,
   28698.232988470318,
   -12150.3326979605,
   -25532.229542079458,
   -147073.8661741612,
   -21647.52781582734,
   -22912.48698184887,
   -35492.79803371142
  ],
  [
   -42944.08432801396,
   -128214.264874579,
   -153017.20287462664,
   -27602.071482877484,
   -57022.5726940878,
   -131779.4629248006,
   -60366.237773796835,
   -42909.43852162047,
   -59007.64759475675,
   -14365.462245561508,
   -40944.296786553845,
   -87338.57233832203,
   -28.25031749121147,
   -52001.97227959538,
   -63980.791632361645,
   -76729.19770940032
  ],
  [
   -10047.59127610356,
   -30539.359740668093,
   -28754.404815500846,
   -8573.363041088545,
   -15711.58313310415,
   -30987.98220721188,
   -18431.70398230647,
   -13727.332722925274,
   -17347.487290804263,
   -14329.726829905268,
   -10753.5227078219,
   -25677.79346416036,
   -22741.69474968059,
   -16337.971961478772,
   -19115.776128914327,
   -24724.354378847802
  ],
  [
   -6737.269252608948,
   -45515.97847342952,
   -46142.511375221606,
   -9965.690765323976,
   -14306.342599691301,
   -39914.106212781146,
   -8835.132325783443,
   -8729.463283259885,
   -13803.91814421149,
   -4030.414324769784,
   -9298.143088138364,
   -14029.047556724712,
   -927.9971031555491,
   -28345.90510893274,
   -11817.77356593548,
   -41742.82481325067
  ],
  [
   -8131.533273194615,
   -23200.57706022238,
   -26415.67723042485,
   -6253.341654644402,
   -9672.474490813142,
   -26370.37351472463,
   -9619.03967643404,
   -9124.10701247147,
   -8510.769800627664,
   -7385.233997022502,
   -4655.918967009877,
   -11011.83898281079,
   -2990.993939383922,
   -12685.235355735884,
   -13348.017002884479,
   -16174.343976864848
  ],
  [
   -9221.049006562233,
   -24074.466799902664,
   -24393.000980613713,
   -3385.6880336827053,
   -11636.185002393364,
   -19984.94314838823,
   -13091.253047946377,
   -8818.119319940128,
   -10954.118222839252,
   3349.835031488343,
   -7648.294070434509,
   -18134.662833606046,
   -32364.020703373266,
   -3765.557106258671,
   -12144.495039979074,
   -9981.136048106975
  ],
  [
   -6736.945795778799,
   -45517.42838262785,
   -46142.86835769256,
   -9965.691772972943,
   -14306.670089724017,
   -39913.79960155182,
   -8835.88550116998,
   -8729.975724930624,
   -13803.038223871768,
   -4030.081996298686,
   -9298.301415465126,
   -14027.86385198941,
   -929.0343493015488,
   -28345.192506289837,
   -11817.314353236812,
   -41743.0147777922
  ],
  [
   -8131.247179348103,
   -23201.324721525678,
   -26416.205802230295,
   -6253.5605212226355,
   -9672.380524965101,
   -26370.808851032336,
   -9620.548283030605,
   -9122.734989477603,
   -8511.03183447265,
   -7387.001926446888,
   -4656.2321976223175,
   -11012.482637509549,
   -2991.0387923769895,
   -12684.989712465154,
   -13349.67981306296,
   -16175.110871253137
  ],
  [
   -9220.284722164366,
   -24075.43442309871,
   -24392.18157224116,
   -3384.987426616167,
   -11636.819904338628,
   -19986.25903668483,
   -13090.286388066075,
   -8818.049762162656,
   -10954.605579821273,
   3349.713707886126,
   -7648.210558293025,
   -18134.511226274382,
   -32364.20026919568,
   -3765.5155795894775,
   -12144.161433217896,
   -9980.792491034805
  ],
  [
   -19028.463842057598,
   -75819.39810268523,
   -84156.99835030857,
   -15462.037700436385,
   -27079.206600794663,
   -72285.14363722928,
   -24517.167731698133,
   -18695.69726478423,
   -25500.0186852602,
   -6256.928799942072,
   -17875.86817552945,
   -33551.994673231784,
   -16548.881525727724,
   -38239.54607968768,
   -28378.445075974218,
   -54751.162680512294
  ],
  [
   7227.916988787568,
   13331.312219018335,
   25217.860296144278,
   1356.775853457283,
   4237.716390458773,
   18385.02466956795,
   8650.730218555127,
   1992.7859445663914,
   3929.564417024481,
   417.5428096994298,
   4853.356341342493,
   9899.324070766515,
   -4112.406759496756,
   3335.9725447986984,
   7628.939111220222,
   -140.35086008889527
  ]
 ],