{
 "input_nodes": 12,
 "hidden_nodes": 16,
 "output_nodes": 20,
 "epochs": 1000,
 "lr": 0.6500000000000001,
 "output": 0,
 "epsilon": 0.01,
 "synapse0": [
  [
   -356.25097898411667,
   -2262.368757031119,
   933.4722049083773,
   -5627.227256350873,
   2356.3771971023366,
   2306.751964757523,
   -16011.055904782892,
   -2122.419736743733,
   -3457.2345208351903,
   81.40613189063669,
   -1840.8050840652131,
   46.454182676564336,
   -1184.8034808707027,
   -9546.181622065296,
   -2716.7793685664724,
   -4573.768794202465
  ],
  [
   168.808769059555,
   3398.9807984711197,
   -2192.471898833785,
   -1356.4090510820902,
   -2591.218299035604,
   -1216.2496939795415,
   -3303.69842664686,
   -7612.122622619991,
   3211.1472696202463,
   -3312.7509157519776,
   4704.8344469632475,
   -7698.940810058507,
   -3771.9870931527207,
   1585.4819289967622,
   4872.074733910527,
   -2507.9452047204422
  ],
  [
   2503.1645173632533,
   -2680.4185690722543,
   -1720.0165418133902,
   -12027.548083565214,
   565.5473651636198,
   2217.212802491241,
   -34072.41299304556,
   -2745.7719019689584,
   -1510.661132298772,
   -19676.796340593348,
   -2505.5738950088517,
   -6280.723795555546,
   1663.9203020517539,
   -16281.874342075678,
   7512.626127530483,
   -25937.218446500374
  ],
  [
   2703.1672219226552,
   -700.197445685777,
   609.0976378328301,
   8407.379717785947,
   -3739.256155849546,
   -6538.237338421615,
   1573.981793231591,
   -24847.27480728729,
   -1967.0420472014675,
   12118.85526164389,
   -53.151824219059506,
   -4530.953433278984,
   578.1119562490759,
   9815.668114550394,
   -1260.8479637975115,
   18284.926819715554
  ],
  [
   -3579.852477145757,
   -3491.346980738111,
   -328.86232292546106,
   -3024.5784796169696,
   -1222.0667605941042,
   249.18133998598404,
   7168.897282823282,
   -11600.122888144419,
   603.5296328089997,
   3633.1059620856345,
   -3004.403780299462,
   3453.4787750185724,
   286.0391047442014,
   -11605.162004565784,
   7675.72289693228,
   2177.2304634895477
  ],
  [
   -1989.0900609739926,
   1527.5438955174843,
   1146.5909516661995,
   9973.292512607162,
   820.5742425700114,
   -4690.745611392768,
   11321.37160146484,
   19022.949972454408,
   1671.2097157770029,
   8574.50014560489,
   518.9937408266121,
   -3604.6687852918153,
   -5045.934541917697,
   -19719.372513128106,
   1333.4288995122345,
   -9602.850714270462
  ],
  [
   3876.3181735242015,
   2378.8487417514175,
   296.5035987975035,
   -2281.203752089048,
   -356.82181158917444,
   -394.4800605572572,
   -5247.818648491516,
   4885.00981089633,
   -311.643451429763,
   -13551.775962469641,
   -1369.190204084938,
   -2172.2237423341558,
   5045.215007096904,
   -4958.16677515848,
   4134.633683662761,
   -15167.013659045237
  ],
  [
   -4415.19073989498,
   2508.387148150814,
   -2070.4843464116675,
   -3250.955341859729,
   -266.90308533616127,
   -2561.4933562459464,
   -35709.6825440287,
   -29541.40090261211,
   -19735.71790271761,
   -40460.60466403941,
   5070.917292802944,
   -4839.891419347923,
   108.97841327455428,
   9071.134439388521,
   -9926.29008482501,
   -25128.852345375
  ],
  [
   -5450.745837065739,
   -2727.3309264764302,
   -1117.0366428199502,
   -8454.093601586419,
   2001.2402241183038,
   -3923.803335329963,
   -28455.107572523153,
   -16073.30188158681,
   -2090.7623032971974,
   -17634.90758643386,
   3273.6105038233177,
   -4914.305003780562,
   -3174.5688994941843,
   -3856.525203118365,
   -477.2923750092122,
   -19891.55973109181
  ],
  [
   2065.713861647315,
   877.1895775133931,
   1171.016787798343,
   1749.6807754966917,
   2908.568007259409,
   17.516727775716873,
   13337.988891397537,
   -5929.945984763061,
   -507.87944580194636,
   5140.479420294228,
   1885.0729055145682,
   -112.13792246088902,
   1007.6078567500607,
   15008.308485683625,
   -2265.5944125784717,
   9810.51154852838
  ],
  [
   -1058.3405058829273,
   -2286.920428911078,
   -86.97142386495736,
   -16905.355055715583,
   -3645.3841632246376,
   3.593886814714683,
   -32217.955468070264,
   4395.4636236609185,
   -5773.502542728052,
   -14122.745724599607,
   -5452.336323981523,
   4468.252347572566,
   7520.715409575153,
   -10471.984331314718,
   -11584.511033729359,
   -11940.571099737523
  ],
  [
   -15852.157998968718,
   -4594.663062725927,
   2772.438281487015,
   5941.711548875813,
   1746.170933688643,
   1215.8418100793024,
   881.4022272648793,
   1507.0890008633792,
   -4835.692421797125,
   -24605.871167200094,
   -7540.298028240666,
   6701.229267300625,
   -1023.1012724524835,
   -19344.046562127496,
   -2138.3746918893075,
   -27130.33835832721
  ]
 ],