{
 "input_nodes": 12,
 "hidden_nodes": 16,
 "output_nodes": 20,
 "epochs": 1000,
 "lr": 0.9000000000000004,
 "output": 0,
 "epsilon": 0.01,
 "synapse0": [
  [
   -7364.953220460167,
   -3232.8266581660955,
   1269.670525217115,
   -5156.587382773343,
   1012.9888313383069,
   -246.83517234556646,
   -2737.6327548122863,
   -773.3596240651812,
   -1912.460844214599,
   -4544.522429283628,
   -3878.55603436772,
   -8361.977685227226,
   -6022.326731680064,
   921.2311470299892,
   566.0661023726947,
   1017.889271356947
  ],
  [
   9076.697652491395,
   4682.8319438648805,
   -3048.385270311299,
   398.01279510206217,
   536.5788278935972,
   -3545.0120039349067,
   634.3426339150902,
   304.7553868026414,
   4334.226815558012,
   3374.925342577872,
   5223.2955237279675,
   1994.2456494319829,
   -1524.8520016228151,
   -7896.442954470738,
   -991.0718428322174,
   -2449.6923360501532
  ],
  [
   -5676.153839984637,
   -508.7871779905716,
   3338.5199124436876,
   6099.909569922321,
   3017.010633115322,
   3734.3951762212873,
   1633.5320305565867,
   -4460.258524806707,
   -2450.8161032158637,
   86.77889825675805,
   -9087.536273092028,
   -272.88290110745373,
   8032.807596403716,
   4227.981464108518,
   -851.2863173203378,
   594.1246523596403
  ],
  [
   3987.860293262176,
   3313.2808117820027,
   4274.47298251544,
   467.6974452313839,
   -521.1547345614131,
   -2003.2128167202447,
   6206.300524444594,
   2672.6952531673755,
   -4875.683690194279,
   -7471.838369105696,
   -30.8072808477035,
   -558.4678928402219,
   5311.63023642637,
   4815.804100398829,
   2460.686309742735,
   -356.53885863523783
  ],
  [
   -4898.361337067389,
   -964.6602566027882,
   12.28313197737632,
   -2811.244773148813,
   2418.952625708935,
   3938.6026433845764,
   3074.887961420737,
   1721.6780562712784,
   9939.810288872513,
   13019.901832876501,
   -7561.104367465037,
   -12121.213864183015,
   6267.334715775011,
   2558.809925809202,
   1311.515239350715,
   611.5850615027929
  ],
  [
   -15480.273245403023,
   -9004.694712361787,
   -2937.281277666554,
   -5997.0328643043395,
   -5953.084111583378,
   -622.1557715791873,
   -13509.272849358651,
   -721.8673497061684,
   -3246.1853670198825,
   -2483.2797688616406,
   -1623.410157286375,
   -6398.413007642095,
   -11406.637873582162,
   -8744.537193474798,
   1706.9788407247352,
   -966.1001963988508
  ],
  [
   7176.79533953998,
   1113.4819122186498,
   -940.4826888067378,
   459.99369258691524,
   -2979.199670742824,
   -508.8871037393476,
   1637.547453978396,
   1368.9334149566696,
   675.3999415260688,
   -5512.303574871042,
   -11101.658746568475,
   -317.41620126703583,
   -23.571159956192787,
   -1287.6594800060072,
   -1011.6519178512544,
   -5339.541688548049
  ],
  [
   -4727.4503419394505,
   -8612.144412497519,
   -3787.7382189360546,
   -1971.5965292240405,
   -8421.106279673786,
   -3866.5663036491533,
   -4042.306824478547,
   -5241.161264264941,
   -7963.093720509504,
   -12026.079636215238,
   -6318.0219533103045,
   5905.983744112328,
   -12954.430485953259,
   -4229.771382539317,
   534.0188706527617,
   -7915.851288355703
  ],
  [
   -12134.777632012065,
   -7074.6798278826345,
   -834.5717201832664,
   -2637.344167695371,
   -10686.057074034201,
   -1961.0380395190814,
   -6576.219686976911,
   -8681.25742469903,
   -8373.452741298663,
   -9732.329823281207,
   2228.2316669130378,
   5882.929812395708,
   -5781.746654553915,
   -4428.795369602589,
   1092.8580691996501,
   -1741.4121476478088
  ],
  [
   1003.368582264124,
   1749.004602739941,
   -792.5369234370872,
   -2091.576140634448,
   -4304.9890921123015,
   -691.6904715256543,
   -5237.510402852983,
   -156.25737892980735,
   -3210.6830103465727,
   -4266.340399757907,
   -4765.150881809877,
   -656.0251995144716,
   -2194.241906547651,
   1327.7513180906028,
   511.5399714364923,
   -3558.7823854667326
  ],
  [
   -20029.169469361535,
   -30306.452959525705,
   -6130.219525026029,
   8678.89451070265,
   -13764.927505224578,
   -1735.4092140201024,
   -2504.059699082466,
   -18768.44709136044,
   -22564.88202974285,
   -18872.784497866465,
   -27543.683006212916,
   -6659.469749060334,
   -2685.335148338138,
   1623.6929448824662,
   -1844.2765147373207,
   -20479.779499213226
  ],
  [
   11481.056623227614,
   8288.688418622636,
   3272.814998909151,
   -839.4957508028951,
   11109.076523249067,
   2008.5416206856091,
   2537.967813130478,
   8796.67992071426,
   4507.207838862305,
   -3971.456481703831,
   -9562.808913425391,
   -5730.782713990147,
   7649.489817578019,
   8749.903774559816,
   100.36660204222578,
   -4818.967222405315
  ]
 ],