{
 "input_nodes": 12,
 "hidden_nodes": 16,
 "output_nodes": 20,
 "epochs": 1000,
 "lr": 0.8000000000000003,
 "output": 0,
 "epsilon": 0.01,
 "synapse0": [
  [
   -16485.873730447518,
   -24504.583796757506,
   7988.957464913433,
   -9820.533092608046,
   1453.3442914479076,
   3521.693547542144,
   4725.16413651356,
   -4616.111151831663,
   -6230.2190669552665,
   -9139.9332466433,
   -9395.457245896489,
   -28909.342403501272,
   -5909.067204009897,
   720.0781272066298,
   -1820.0351097179944,
   -9602.147242133073
  ],
  [
   15304.746325219136,
   14023.974771266467,
   -11318.719915151256,
   4241.541778092687,
   -1896.0486335300618,
   -6607.653297602756,
   -11816.193288830511,
   3808.5205458917817,
   12202.868083292931,
   6619.843980858359,
   5901.23663485393,
   10717.271761823878,
   -5063.05428886403,
   -9684.440239457486,
   2207.5019234212286,
   -13832.117254893115
  ],
  [
   -27391.494307033252,
   -7455.311490650292,
   1618.0056365015153,
   11568.473296549237,
   14466.094948042824,
   8182.105270357109,
   10369.6117751097,
   -9060.51411096802,
   -24667.180386280535,
   -22172.119962011097,
   -28814.402297188837,
   -10975.457763489907,
   17384.528098690793,
   9334.6141117565,
   -5151.510710815528,
   -18129.177218062396
  ],
  [
   4887.108692698591,
   20537.228836243536,
   13421.42851445506,
   -5158.7378671232855,
   2419.043604506257,
   86.96427258745844,
   7576.954407020714,
   5294.504252746978,
   4794.507950540439,
   2530.6839829419337,
   -3009.3914654023097,
   2237.914755775635,
   -5430.098116406376,
   11927.904334578157,
   160.82855170976822,
   -10505.762551934784
  ],
  [
   2967.353563378208,
   -15521.815462073579,
   2818.8859488398944,
   -3932.542989995969,
   4026.9966780813716,
   5591.416704965924,
   10777.415489181847,
   6340.988525790253,
   22571.12787516115,
   4813.836814808217,
   -24637.815126441288,
   -21204.757285867974,
   21984.664828156845,
   2113.47183915148,
   2269.445568271035,
   -15925.549958229598
  ],
  [
   -38035.46075157942,
   -19709.17217479041,
   -4573.489793110561,
   -11035.210331215596,
   -12331.040314529811,
   202.4623183796293,
   -14369.578514402316,
   -8833.306391166227,
   -7332.012159524004,
   -1278.3057065453809,
   -1536.1510234687687,
   -20073.07255548843,
   -23887.22708793856,
   -8262.005253242678,
   3095.6428812683284,
   -17790.215705756804
  ],
  [
   18666.7245472487,
   12189.09458652472,
   -4909.870362008784,
   1873.5063561353174,
   -1376.2968977744774,
   -255.57495318103213,
   153.4447500739061,
   2349.6094784660404,
   4044.513683127052,
   -132.70057915701491,
   -42847.41822639255,
   -17699.341470233183,
   -2589.8765986682533,
   367.12394111263984,
   -987.856167307517,
   -42108.05367241017
  ],
  [
   -24506.922823284916,
   -31220.19749671654,
   -5330.441573165618,
   -1277.0676923551835,
   -13373.923406308466,
   -3989.4029827892055,
   -12391.944081176822,
   -16775.554715408267,
   -22515.42705541212,
   -36844.69229321672,
   -23970.74078820093,
   -2764.601496927865,
   -21608.236707322878,
   -8331.633975775445,
   764.8206652862078,
   -44157.125534630766
  ],
  [
   -63946.037163936344,
   -29508.459651049256,
   -4158.068799917804,
   -3068.389808559402,
   -11377.146024069143,
   -3668.2076906386637,
   -12855.39994082782,
   -34769.3222754658,
   -38048.34775829753,
   -23164.648421212463,
   -3076.5085418074596,
   -1957.2695527951269,
   -17635.84904562753,
   -6211.091676250802,
   868.3191996336318,
   -23543.949642249383
  ],
  [
   -5734.170342810278,
   3208.984298194637,
   -1211.2853897036773,
   -4675.337949419921,
   -6659.22120366267,
   -804.4456050463413,
   -4876.709672099705,
   254.88742609402667,
   2184.266991140915,
   -6065.236351210304,
   -19104.30621959803,
   -3532.850305183417,
   -6502.277455982212,
   2881.4712595451983,
   985.749755573154,
   -35522.51763743539
  ],
  [
   -77201.64908492944,
   -80439.60295895685,
   -17156.23896964318,
   10930.76315668461,
   -11860.355117288465,
   -195.5771534981208,
   -9257.559601089202,
   -48873.65812676748,
   -49143.28422064824,
   -58086.16548525705,
   -68338.36569155013,
   -53252.48234213944,
   -4781.0626426279405,
   -5113.839744014172,
   -6936.67438544377,
   -104786.78121507178
  ],
  [
   66428.69207309309,
   35580.2553989559,
   3018.4381851942867,
   -3499.512909817103,
   7793.8404829702695,
   1891.3870011638985,
   -1093.0666778573238,
   19631.798229270764,
   31375.431908046237,
   34670.98927554697,
   -31310.54126138991,
   -46537.415160309276,
   6557.322177346979,
   10958.522250737957,
   -913.9818119784991,
   -24435.581882365004
  ]
 ],