{
 "input_nodes": 12,
 "hidden_nodes": 16,
 "output_nodes": 20,
 "epochs": 1000,
 "lr": 0.20000000000000007,
 "output": 0,
 "epsilon": 0.01,
 "synapse0": [
  [
   -1197.9550503722048,
   -2241.322924881565,
   -1259.197876938578,
   -646.9317076018906,
   -7741.668628012183,
   -1604.8170642568834,
   1968.8241543565343,
   -2525.7765594510383,
   -6913.358096715966,
   -1275.9069801404214,
   -2672.9115604217386,
   -5405.849293733683,
   -1557.2550818319853,
   -989.6632825805436,
   -2413.338617612452,
   -1010.0147713014214
  ],
  [
   1737.7189419455037,
   2031.7249587913354,
   2005.6653051562748,
   701.6139580691063,
   10129.324947682953,
   1257.7806959395425,
   1692.2924699899093,
   3714.157757608795,
   9323.951428169617,
   1217.4945941341673,
   1950.8358920000032,
   7531.084005994865,
   1476.0891253798586,
   1486.5122940587391,
   3012.2278099777877,
   1559.8926454953116
  ],
  [
   -936.3195231625535,
   -2069.2603580972127,
   -888.4653103648064,
   -586.5347918364984,
   -4455.464771065559,
   -1526.4483523858535,
   136.9713597586342,
   -1730.2570676940509,
   -4153.23106676846,
   -1331.865982540393,
   -3066.258990765755,
   -3322.436209498921,
   -1403.4147793040224,
   -696.3450621940059,
   -2193.616116429212,
   -726.9890679017454
  ],
  [
   -1161.1929841549886,
   -2334.0773196810524,
   -1155.4182823377764,
   -680.6612521425586,
   -5674.25139650417,
   -1692.4902165082578,
   -138.7135181983753,
   -2217.7290715866006,
   -5278.242440584113,
   -1504.4633419900151,
   -3341.702481760291,
   -4277.542859245337,
   -1612.5704370331484,
   -897.5047281658449,
   -2606.9902014711706,
   -936.8765222151943
  ],
  [
   -470.52118704960276,
   -1244.549115276467,
   -385.1834208239894,
   -165.60232863484353,
   -1898.7614725374826,
   -1040.857273383409,
   -652.5422397998084,
   -670.0046823470307,
   -1688.8278316861526,
   -740.3324778282677,
   -1882.6219194047048,
   -1508.0043294271038,
   -1043.983052753785,
   -356.3731792309737,
   -1095.9345270664494,
   -295.5638055996857
  ],
  [
   -272.0410634348009,
   -19.101834687221615,
   -401.64395100421774,
   -50.88248072192002,
   -2444.3918965099547,
   54.0682500389263,
   201.60425453411096,
   -727.9224859789625,
   -2159.0776417320394,
   79.95885513597545,
   450.90570707189227,
   -1675.7647869096725,
   -52.230475771236456,
   -298.7425102963533,
   -254.6787709725187,
   -313.75309096828505
  ],
  [
   -73.79477670338431,
   -900.9560853215584,
   119.994288825764,
   -143.72565385185078,
   1258.0158010414966,
   -778.2815987311362,
   -640.5441491979853,
   325.9733838001088,
   1034.0252881954993,
   -604.1977137043069,
   -1821.531820655804,
   852.5881716503643,
   -784.4405557400082,
   -1.3744777678941298,
   -654.4880850150229,
   92.77814897974606
  ],
  [
   -469.62555797752043,
   -1244.7071733051566,
   -384.4944311330687,
   -166.76658316283675,
   -1897.68092740536,
   -1040.4540030637481,
   -651.7850183543787,
   -670.4420817925468,
   -1688.5545279072546,
   -740.1803386998083,
   -1882.9256181421952,
   -1507.8826769248458,
   -1044.073126822621,
   -355.85822307687437,
   -1096.0588104974865,
   -295.761744943513
  ],
  [
   -270.23964743837234,
   -18.841156096271558,
   -402.2244676946854,
   -51.14461161758646,
   -2443.220197240021,
   53.30464221817932,
   201.91689223127963,
   -729.694942229382,
   -2160.175149711941,
   79.17736379673639,
   451.2454327119767,
   -1675.6862654734796,
   -52.2569478281485,
   -297.7812625478125,
   -256.11616705730387,
   -313.55379143261774
  ],
  [
   -74.31707863541494,
   -900.6233118785859,
   118.84065306614819,
   -143.3010785215704,
   1259.1865296370513,
   -779.5485893519877,
   -641.0623291815288,
   325.2302406801261,
   1034.1061852656142,
   -604.7420425461756,
   -1820.9479970724733,
   853.9840551537358,
   -783.3067161198785,
   -0.5263243438201983,
   -654.9636903994259,
   92.91045113216062
  ],
  [
   -527.7229670642935,
   -1417.754153609999,
   -389.81834389699003,
   -145.14256364616966,
   -2090.846161941098,
   -1187.6876654319651,
   -527.0900857143395,
   -693.1317641248583,
   -1797.1031650309985,
   -803.5304377200092,
   -2087.3404586067413,
   -1632.5552371255894,
   -1227.9620632381689,
   -379.84031802854304,
   -1181.0229183431777,
   -275.3290507091322
  ],
  [
   -230.81160199775593,
   -571.6882572564843,
   -270.32999453447457,
   -236.89126056010798,
   -802.3332800919432,
   -432.843949019962,
   -687.1399288059077,
   -356.6730258350025,
   -907.1351738129501,
   -395.36524157079145,
   -961.4751364495647,
   -573.5222502467541,
   -468.6911512592905,
   -250.9074733888559,
   -743.1343641807339,
   -261.2162335853451
  ]
 ],