{
 "input_nodes": 12,
 "hidden_nodes": 16,
 "output_nodes": 20,
 "epochs": 1000,
 "lr": 0.7000000000000002,
 "output": 0,
 "epsilon": 0.01,
 "synapse0": [
  [
   -2121.9072825504054,
   -3872.253670697669,
   -2250.9123253203393,
   -1118.4229266256018,
   -16262.36723782561,
   -2755.0527617697308,
   3708.697464109957,
   -5365.581225620239,
   -15088.871045801978,
   -2193.801030232149,
   -4558.601686644781,
   -9873.547752739338,
   -2687.385437431986,
   -1756.0349908741514,
   -4225.021954891719,
   -1796.2074837025252
  ],
  [
   2919.4827255326036,
   3435.8173601682997,
   3373.5677711519957,
   1181.4498660874676,
   20043.51534167363,
   2124.7581874673965,
   3315.442470422395,
   7203.970028032517,
   19145.646718489425,
   2043.6166356012836,
   3295.419765639803,
   13036.044458543556,
   2487.284378404305,
   2494.887337765841,
   5076.826815440667,
   2617.5925587887123
  ],
  [
   -1593.2058551577095,
   -3459.5616192564494,
   -1526.4437243982388,
   -980.204715420701,
   -9016.058745266777,
   -2543.9244535849602,
   195.5955133081181,
   -3408.201621103207,
   -8700.56479572365,
   -2224.2447601269855,
   -5108.092682092559,
   -5848.263341564547,
   -2353.5194652465602,
   -1191.5135163915163,
   -3708.4919841586775,
   -1244.4229671515934
  ],
  [
   -1906.3308205782293,
   -3836.4959617358804,
   -1899.8572453177371,
   -1115.4913370863023,
   -11023.071836548022,
   -2780.781687777636,
   -200.57584348759508,
   -4172.9033741232915,
   -10601.53963923148,
   -2468.0181603237843,
   -5493.532142223511,
   -7241.19401677445,
   -2649.041594133893,
   -1473.687598516837,
   -4288.51465422525,
   -1539.4775331982307
  ],
  [
   -762.1197444847132,
   -2032.869488732621,
   -625.2104949601188,
   -268.0093587856109,
   -3712.6455235303492,
   -1700.1927311018133,
   -1239.102886060316,
   -1300.3379759306374,
   -3425.9958930173816,
   -1204.7300873360393,
   -3083.570830984063,
   -2549.521557268385,
   -1703.0421196606947,
   -576.6107052080986,
   -1790.5524324438893,
   -480.4864581682187
  ],
  [
   -476.0674979481125,
   -73.60303902117464,
   -697.1528045973765,
   -94.11442504958545,
   -4972.95284227603,
   60.18663698755117,
   343.1556299349117,
   -1518.0629828652925,
   -4581.721236190076,
   109.25959379443044,
   709.8094412621508,
   -2993.9756541095812,
   -117.14571463949551,
   -516.8947577703306,
   -469.7721065518564,
   -543.0570634959165
  ],
  [
   -123.4458405387127,
   -1471.0418817984169,
   192.49732632315857,
   -232.68816683998745,
   2476.776556611718,
   -1271.1502042979928,
   -1217.7355072410728,
   651.2104850969397,
   2109.720109216597,
   -993.5687097617656,
   -3001.6695329506533,
   1452.3607624128065,
   -1287.6119062800585,
   -5.162425196288074,
   -1089.1445717064394,
   148.62611397596075
  ],
  [
   -761.2241154126308,
   -2033.0275467613105,
   -624.5215052691981,
   -269.17361331360416,
   -3711.5649783982267,
   -1699.7894607821524,
   -1238.3456646148866,
   -1300.7753753761533,
   -3425.722589238484,
   -1204.5779482075802,
   -3083.8745297215532,
   -2549.3999047661273,
   -1703.1321937295306,
   -576.0957490539994,
   -1790.6767158749262,
   -480.684397512046
  ],
  [
   -474.26608195168393,
   -73.34236043022456,
   -697.7333212878442,
   -94.3765559452519,
   -4971.781143006097,
   59.423029166804184,
   343.4682676320804,
   -1519.8354391157118,
   -4582.8187441699765,
   108.47810245519138,
   710.1491669022353,
   -2993.897132673388,
   -117.17218669640755,
   -515.9335100217897,
   -471.2095026366417,
   -542.8577639602493
  ],
  [
   -123.96814247074335,
   -1470.7091083554442,
   191.34369056354285,
   -232.26359150970706,
   2477.947285207273,
   -1272.4171949188444,
   -1218.2536872246162,
   650.467341976957,
   2109.8010062867115,
   -994.1130386036343,
   -3001.0857093673226,
   1453.7566459161778,
   -1286.4780666599286,
   -4.314271772214149,
   -1089.6201770908426,
   148.75841612837533
  ],
  [
   -844.1804427350229,
   -2308.2747037941876,
   -621.30030957513,
   -229.05032459102142,
   -4033.356082440708,
   -1935.9356656023836,
   -1037.9879455036933,
   -1338.895294869756,
   -3603.1648331742913,
   -1304.5854530315557,
   -3414.839488154784,
   -2721.864112208873,
   -2000.5798505700125,
   -606.7513647380338,
   -1913.9072125017303,
   -437.9583164801288
  ],
  [
   -434.771263875159,
   -991.8749046112154,
   -510.42602754622567,
   -406.0842562877421,
   -1854.8817312743042,
   -741.7690827341584,
   -1274.1054843905008,
   -790.7159471019179,
   -2116.2967336257316,
   -682.1206873622469,
   -1629.608878616767,
   -1196.3772322002203,
   -809.6602998177419,
   -459.5006268264975,
   -1316.3514088892557,
   -479.2590147118353
  ]
 ],