{
 "input_nodes": 12,
 "hidden_nodes": 16,
 "output_nodes": 20,
 "epochs": 1000,
 "lr": 0.5,
 "output": 0,
 "epsilon": 0.01,
 "synapse0": [
  [
   -7463.835724110078,
   -13151.481804362054,
   -17700.601222319317,
   -3823.9590366167463,
   -75416.06545467483,
   -9269.191695307069,
   15735.231206971239,
   -35471.54961237204,
   -79950.27610649428,
   -7409.474715015634,
   -15168.373416774664,
   -51739.83311445631,
   -9108.653174107165,
   -6198.22375259935,
   -14623.53097847155,
   -9957.217008105476
  ],
  [
   9541.17091683973,
   11328.957183319775,
   22005.84173863245,
   3878.1715827617068,
   86312.69829224735,
   7001.608090808134,
   15115.538168648363,
   41642.35677590631,
   94215.1525688558,
   6674.508271047765,
   10826.39681364055,
   61120.183884784055,
   8160.373773603153,
   8147.810950650695,
   16638.958063123624,
   12598.888985257636
  ],
  [
   -5195.555357410231,
   -11063.226327641383,
   -10036.1590722899,
   -3137.680340674469,
   -38858.18814216975,
   -8107.728779149796,
   310.54797607416504,
   -19050.519774485223,
   -42586.823184211906,
   -7113.764156303673,
   -16286.1521422428,
   -27500.529365493414,
   -7557.1964993658685,
   -3912.13699480805,
   -12019.909475099323,
   -5936.003884429382
  ],
  [
   -6093.726447096011,
   -12197.188734446607,
   -12179.0797946674,
   -3544.2913745409483,
   -47449.67463227154,
   -8823.442682192974,
   -312.92389069423587,
   -23230.178884366174,
   -51834.875012120814,
   -7809.1132886566675,
   -17367.268539074183,
   -33627.63703209472,
   -8407.212125655273,
   -4721.999619236584,
   -13666.033008822722,
   -7182.017512675148
  ],
  [
   -2378.0243119439947,
   -6360.3910440626105,
   -3961.788531247463,
   -836.1221512264602,
   -15902.079097832542,
   -5313.662140380087,
   -5351.9761351241605,
   -7506.496812252542,
   -16847.970613666865,
   -3749.1058674514607,
   -9645.210835753125,
   -11534.414272805801,
   -5311.812073667373,
   -1797.6642379918305,
   -5613.236570631267,
   -2269.812800452033
  ],
  [
   -1501.805513745824,
   -264.6734518762962,
   -4676.092078357526,
   -294.03323617244524,
   -20418.13482860646,
   159.62200732161745,
   1071.5859385610424,
   -9224.120222634236,
   -21514.974775781677,
   329.8339735770138,
   2221.2609599935663,
   -13868.517576705699,
   -396.6424250341164,
   -1633.8827463701682,
   -1493.5011167726184,
   -2626.385246908146
  ],
  [
   -480.3610141788838,
   -4677.434865205099,
   1496.8337554651375,
   -751.7398966084415,
   9503.356678705035,
   -4019.9884600562796,
   -5186.083718162546,
   4026.8496887551814,
   9132.754200301319,
   -3180.595392120814,
   -9544.580444405845,
   6194.381691776358,
   -4106.9547086697385,
   -100.11520812323111,
   -3616.8555437729574,
   740.5042450034643
  ],
  [
   -2377.128682871912,
   -6360.5491020913,
   -3961.099541556542,
   -837.2864057544537,
   -15900.998552700421,
   -5313.2588700604265,
   -5351.218913678731,
   -7506.93421169806,
   -16847.697309887968,
   -3748.953728323001,
   -9645.514534490616,
   -11534.292620303544,
   -5311.9021477362085,
   -1797.1492818377312,
   -5613.360854062303,
   -2270.010739795861
  ],
  [
   -1500.0040977493961,
   -264.4127732853462,
   -4676.672595047993,
   -294.2953670681119,
   -20416.963129336527,
   158.85839950087052,
   1071.8985762582115,
   -9225.892678884655,
   -21516.07228376158,
   329.0524822377746,
   2221.600685633651,
   -13868.439055269506,
   -396.6688970910284,
   -1632.9214986216277,
   -1494.9385128574036,
   -2626.185947372479
  ],
  [
   -480.88331611091417,
   -4677.102091762127,
   1495.680119705522,
   -751.315321278161,
   9504.527407300593,
   -4021.2554506771307,
   -5186.601898146088,
   4026.1065456351994,
   9132.835097371433,
   -3181.139720962682,
   -9543.996620822514,
   6195.7775752797315,
   -4105.820869049608,
   -99.26705469915719,
   -3617.3311491573604,
   740.6365471558788
  ],
  [
   -2622.3970096168973,
   -7228.8175326345545,
   -4094.8828281249585,
   -707.4692762939161,
   -17363.197142568126,
   -6057.4212996628885,
   -4721.578370265752,
   -8016.1113773110865,
   -17934.6754614015,
   -4066.853209035882,
   -10697.005419042098,
   -12437.568347987946,
   -6251.917965073697,
   -1886.7012510856077,
   -5989.336948219965,
   -2190.7480499145527
  ],
  [
   -1492.800454467837,
   -3203.295753852315,
   -2911.019907639456,
   -1304.442478654957,
   -7992.668623861,
   -2375.1395185938463,
   -5372.589035289433,
   -4179.019490973761,
   -10207.444366977117,
   -2212.7890381609127,
   -5220.01641910395,
   -5867.275184949347,
   -2623.36349160802,
   -1553.6486912256025,
   -4362.300196114823,
   -2043.7822847953387
  ]
 ],