{
 "input_nodes": 12,
 "hidden_nodes": 16,
 "output_nodes": 20,
 "epochs": 1000,
 "lr": 0.5,
 "output": 0,
 "epsilon": 0.01,
 "synapse0": [
  [
   -2817.753643831862,
   2559.119709783531,
   1605.32246305544,
   -2959.499390892031,
   -6480.803967769136,
   -8314.745344633286,
   906.5981443541604,
   5231.182057132344,
   -530.2571291877222,
   -6399.392449350744,
   21322.03235323314,
   -1153.9649390508503,
   -2441.4917040513633,
   813.6502943535945,
   3450.5736945080002,
   79.35913949213015
  ],
  [
   6738.26284358196,
   -5635.193034593825,
   5741.269339765411,
   -9857.644481498197,
   70.92430682731674,
   -2567.6306682676964,
   -4901.450919127651,
   -10719.466870567665,
   192.2991938681957,
   3179.7244619007042,
   -23724.590147465693,
   -1324.9159677581438,
   -1537.8201006044103,
   4317.50625618928,
   -4034.0634830652357,
   -4382.4068664899005
  ],
  [
   -2663.029479952096,
   -211.95267005661128,
   11499.424961179311,
   20680.29043128681,
   5163.422040909203,
   -9105.338464217532,
   1031.7305519716995,
   1605.1172220612818,
   122.29864194626795,
   -6663.7262520642225,
   -15960.798531309467,
   650.1573630884519,
   -259.2303642990651,
   -15562.254679742739,
   -15782.5886708856,
   -21713.18849027564
  ],
  [
   142.12686646723222,
   -462.5713530904228,
   -12118.173526175302,
   -40479.309941814376,
   -7092.716379897144,
   1209.5777258044475,
   8.218428441179102,
   4680.679482045908,
   -928.7726157993704,
   -12374.495784623003,
   -35305.53678283319,
   4151.3314088921425,
   -2917.846705131735,
   -6536.156258703231,
   11449.087598039596,
   -17142.390674700968
  ],
  [
   -8771.236394952535,
   3979.3779870188237,
   11900.1060415161,
   -21267.864281121718,
   -18294.705618155578,
   -51117.627616996266,
   1116.6384614270075,
   -30641.999541423873,
   -3322.4017566170905,
   -1533.7152933432303,
   -7034.521627766842,
   699.1602258871537,
   -7744.786935795303,
   2539.8110655723854,
   -4617.957176676882,
   247.22492354592313
  ],
  [
   -3939.529300958104,
   1270.763109773149,
   -599.8222942424399,
   -26285.596606702176,
   -13393.931996598232,
   -21525.670958507064,
   -1665.3247354856262,
   -774.9762069992477,
   -3263.967926878431,
   -4370.962603517019,
   -577.7811239006716,
   -59.331441803409255,
   -2473.4407397267646,
   2634.861866528108,
   5193.170190983299,
   -4077.593107663148
  ],
  [
   2008.100642619082,
   6094.855537666968,
   -502.811584920235,
   -6025.217361819791,
   3506.007524441188,
   1278.6218070849145,
   3974.6393127853075,
   2760.390331758228,
   -409.5850384344738,
   -2589.2151116596765,
   -12048.1210266224,
   1563.4125786145114,
   -863.1358092571847,
   -770.2445680205374,
   8675.035351991739,
   -681.9124159793458
  ],
  [
   -3752.691720589176,
   -5057.329864040053,
   -3501.326726346867,
   9322.777583944087,
   28.274935453067968,
   -16320.319518552025,
   -3014.799290038745,
   -10356.096330703644,
   4308.852410349486,
   4992.645738097824,
   2881.171974798385,
   -3047.4718771607304,
   480.2677988295312,
   1787.9188509407404,
   -8176.392989887377,
   7218.473995731618
  ],
  [
   3371.8594359464396,
   987.0094413781551,
   -7458.0512873375,
   -49425.09071404856,
   -21982.529543217122,
   -34106.552635503875,
   -237.80106446099364,
   -6973.728531666732,
   2138.9983282290696,
   -9478.886651341792,
   -6058.843242010002,
   -2385.1055816718563,
   -8642.900362781422,
   5724.775901974337,
   970.7788953847435,
   4205.71569924373
  ],
  [
   -3593.300722793399,
   4585.060097029869,
   5584.888982038453,
   -8079.988050435127,
   -12686.082187620752,
   -43715.75189872425,
   2167.585880616823,
   -4223.070722236384,
   1744.8039408765244,
   1860.4220652137494,
   5666.053232625124,
   1192.7697216089455,
   -3402.4772794292844,
   6187.107140903663,
   3372.935355483045,
   -1849.7744564733327
  ],
  [
   1249.2139311912945,
   -3652.371372392112,
   -16651.763016344736,
   -5656.037239986964,
   -23.926849995294138,
   -15812.775082425871,
   -2293.44383297246,
   3066.059832643402,
   -4705.1747039366,
   -3075.981449773251,
   -6881.67421176969,
   -1614.3989421101355,
   -2299.130407807073,
   -9113.092642172605,
   -8077.101973516264,
   5780.931261787051
  ],
  [
   6999.8899429311605,
   1570.6959116457772,
   -8137.70580110704,
   -16485.486771680637,
   -10119.024057149196,
   -7725.414677022606,
   -1114.5310688657164,
   -12834.448526215445,
   9846.393313435212,
   4779.393873236467,
   -22103.93416923236,
   -3514.6498712432726,
   -3025.33902365947,
   1228.7730735034247,
   -20664.449493912307,
   6733.5659680790895
  ]
 ],