{
 "input_nodes": 12,
 "hidden_nodes": 16,
 "output_nodes": 20,
 "epochs": 1000,
 "lr": 0.8000000000000003,
 "output": 0,
 "epsilon": 0.01,
 "synapse0": [
  [
   -4183.051688368545,
   -4375.961364626405,
   2814.386349798137,
   -676.4656829435456,
   596.934350458817,
   198.79730851605566,
   66.00195454215842,
   -681.0136246586349,
   -861.7885703152614,
   -2141.172402668494,
   1013.7264272728119,
   -71.60856221529035,
   -913.4788597392346,
   650.2081391614499,
   -198.5245867648686,
   1437.5489626579988
  ],
  [
   -2561.1495299631842,
   617.1075479198554,
   -4447.640941371625,
   -2249.1756056483373,
   -80.44167577083331,
   -3303.292216974823,
   -1134.7472519366677,
   -21.17191550900483,
   1001.9200625331703,
   446.16408280057163,
   -3822.5981832491057,
   -1477.7396872173754,
   -1806.2550957792052,
   -850.5059911934794,
   559.1614378341724,
   -3980.392076364012
  ],
  [
   -3308.640939160797,
   -3162.379239943138,
   3363.1332403977754,
   2723.028977384361,
   -2045.6506549683183,
   1529.9978298500007,
   1035.6572182427713,
   -8469.563333739387,
   -8425.39801177385,
   -3767.6145011651297,
   4333.141020046833,
   516.2311340586529,
   -1387.6756546252993,
   546.4731806277986,
   -1096.9879600246995,
   -198.31415346199194
  ],
  [
   3996.0216734694727,
   1246.432617605754,
   2719.5855581447186,
   -1302.921381243358,
   -1228.3520387954106,
   -1082.7495069796507,
   403.51517813308567,
   -12783.792497794673,
   -18876.05874236015,
   2720.2746946111088,
   2308.2702208356773,
   1829.5730382738595,
   1684.8976658201386,
   217.595306872088,
   152.8648340794424,
   1908.9908439668447
  ],
  [
   430.8065109409896,
   1446.4844277939421,
   685.8799564786787,
   -1023.1328144100826,
   -365.50211145889534,
   -788.187372470621,
   -707.1221803486917,
   410.81001982066135,
   -4531.28571706441,
   -2647.089781865283,
   498.82320519248924,
   772.0052686348492,
   -60.41486412155269,
   1277.4644800600233,
   100.75473225667368,
   -2978.790607176928
  ],
  [
   -11308.472372136615,
   -5282.931468357273,
   -921.5571269878922,
   -1413.256575552342,
   324.8425141182713,
   449.1468964230598,
   -795.9529189967079,
   -4257.426821579479,
   952.1940430418397,
   -2249.146798258897,
   -22.198422810002693,
   -87.45095099151439,
   742.9328954665941,
   2214.732285129566,
   221.57401590397603,
   -1901.4348794037153
  ],
  [
   -5930.601695505548,
   -4199.191361049499,
   -419.4491732381626,
   -785.8679613361192,
   391.5020478849629,
   -1533.7580005550797,
   92.83962726676643,
   -3190.062018214698,
   -4887.804196485887,
   398.0016293746007,
   -1065.7793864878768,
   399.3738477452784,
   -2219.975209765424,
   363.2436102809739,
   747.6882636051082,
   -1963.0094236001519
  ],
  [
   329.906709348555,
   -1781.830852379063,
   -303.9577501837502,
   -1611.9109444894339,
   -369.2612208304411,
   -2108.38574725419,
   -417.26928732720177,
   -1480.416339169842,
   1478.158966360149,
   60.70461803471254,
   -1731.707679001207,
   -1181.3236467956704,
   -2465.197443569281,
   -2516.7705712553475,
   -570.7876190649705,
   2209.4779947488046
  ],
  [
   -6544.33495047685,
   -3968.4564238407247,
   -1134.7656141014452,
   -1304.3722160301766,
   -89.00519827701022,
   -2973.845512018779,
   334.3158477447271,
   -7262.139598992114,
   -1535.2770135523488,
   1193.4687024542459,
   -905.333918814139,
   -862.1277174870905,
   -1121.09163352245,
   -2124.218170647666,
   -791.7571369949729,
   -1385.6681504077574
  ],
  [
   -1044.1749805255583,
   1780.543806871108,
   -11.090544897624252,
   248.84173533461373,
   -230.04272209013064,
   -1342.715475968813,
   231.99227106772344,
   -800.8183476348977,
   -1327.2247312743389,
   194.28605980479696,
   252.25096260859962,
   87.35458622469363,
   1999.8864138457714,
   -1579.496411194003,
   99.15925844843426,
   559.7892568256981
  ],
  [
   -7435.433777694536,
   -7359.429517650132,
   -5776.847536683937,
   -5325.9671197227435,
   57.17827197822204,
   -5040.1169013755425,
   -1135.2159187531365,
   -18451.835358471115,
   -1408.0578554416368,
   -47.02369922339348,
   -4836.137493515269,
   -1811.4353323115865,
   -3204.8772747463495,
   -912.9247611859955,
   -906.8220877594891,
   -3445.272528496027
  ],
  [
   -4721.344524165528,
   -2526.7299537448457,
   1695.8045792272503,
   2809.9953860104433,
   1352.1492142299358,
   2295.43616657332,
   1458.7249138056868,
   -2405.4912961327536,
   4010.4051531750233,
   -1259.340304281665,
   1177.97676531745,
   1085.0841609909469,
   1121.6741012003029,
   -1895.4267850115803,
   353.90933554081676,
   -2787.09908780913
  ]
 ],