{
 "input_nodes": 12,
 "hidden_nodes": 16,
 "output_nodes": 20,
 "epochs": 1000,
 "lr": 0.30000000000000004,
 "output": 0,
 "epsilon": 0.01,
 "synapse0": [
  [
   289.8833833720558,
   -4705.301585907796,
   5724.238693896198,
   1049.0008014457242,
   -1977.1811953100228,
   3938.959386579939,
   -2003.3477955376854,
   3581.6532924040007,
   2041.574020372464,
   -2243.2940857928684,
   -234.15169031088305,
   -1596.496109384934,
   -10102.617727243898,
   4264.207483519445,
   -1916.6139795470913,
   8029.080343847748
  ],
  [
   -6404.448698917456,
   -997.0435667459723,
   -11590.363819233396,
   -6635.9340490805425,
   200.43123753471434,
   -7071.553673703233,
   -1292.8158087927122,
   6943.638850166946,
   -2227.021419283078,
   -585.255384209583,
   -7018.373973605901,
   -705.2429573383923,
   5733.968974480471,
   -4989.4900039366985,
   701.2338373569306,
   -8036.611208166251
  ],
  [
   -9280.375160183641,
   -15482.525258003117,
   6726.872641339986,
   -1584.5817713761787,
   -4743.361404573031,
   -7363.501908101424,
   4345.252670947597,
   -52799.141714861136,
   -24615.022771109117,
   -3772.2391283564652,
   10119.905237036617,
   -1220.3885394556235,
   -11235.749894495219,
   4050.1629339682618,
   -10119.115646059157,
   -5083.094579563567
  ],
  [
   21224.10488299895,
   13044.988116363764,
   4138.2083711748965,
   -8662.550506205182,
   -361.17077664744,
   -12010.497106170274,
   522.0670694231245,
   -46999.342712743404,
   -49221.737382616164,
   6535.5462095988905,
   845.6688858857191,
   2393.6806331235175,
   2297.7868249007147,
   1769.9014200977047,
   -2431.1709457767397,
   6600.737686332334
  ],
  [
   7559.023934617817,
   616.4168523017117,
   75.2739028500136,
   -5284.487166541673,
   -3140.3089042929937,
   -1904.1063836797844,
   115.39698987979327,
   -7833.783293785199,
   -15254.571987229676,
   -4377.052856947209,
   -521.0992887777553,
   1510.778473894378,
   2065.7572228211043,
   5367.32034936535,
   -1757.1547793432132,
   -2124.9505907768803
  ],
  [
   -22180.30923312199,
   -15988.452229126277,
   1322.848504570567,
   -817.2654633011304,
   -2839.072526092783,
   839.3890304469521,
   1331.915373462657,
   -22.715503060507334,
   5118.361281507856,
   -4450.246672203463,
   -89.63222098912188,
   1171.4656727128563,
   8395.319016604795,
   4108.154740916879,
   -1092.7014538506962,
   3820.0822689097427
  ],
  [
   -9413.795991506746,
   -4141.777651201321,
   -806.8191040275138,
   -1881.0846341069641,
   -8174.294375291169,
   -13609.867251864722,
   -1877.9044645625556,
   -3362.9238584543427,
   -15595.36491325085,
   -1271.2622604346077,
   -2801.9791055429428,
   647.0783317460711,
   -7180.253207640545,
   -812.3202989738769,
   1443.0097778608742,
   -4239.633563730675
  ],
  [
   -3525.9121991840766,
   -2343.4028798340996,
   -1122.7661598401314,
   -1493.9812419291743,
   -2546.543943643364,
   -20971.12417384408,
   -3946.2190438174957,
   5107.845172315543,
   800.8577495497574,
   884.5046058528817,
   -1832.7383658010926,
   -2403.056528104307,
   -15106.917097427558,
   -3284.127532296441,
   -1734.9331475734573,
   7196.580965721639
  ],
  [
   -13499.580836190622,
   9031.369897482526,
   2661.0328031968106,
   7168.510348593099,
   -4611.292703180925,
   -20935.442327824534,
   2136.206576258558,
   -8043.560779534841,
   -3933.2961725228056,
   2613.2034599664944,
   -157.51090570020304,
   -224.32265490740738,
   -10805.004441343943,
   -2099.401737342583,
   1298.7029728203213,
   -10562.139493100109
  ],
  [
   986.4169936393508,
   3352.9295709766566,
   -40.84796201706154,
   1434.134632895284,
   4076.0128738973053,
   -4376.793462427245,
   -292.15179061126094,
   2506.2944398011014,
   6168.755162313439,
   -300.7323265130976,
   -245.7960095102517,
   -340.48137083300895,
   6436.588028125729,
   -2918.3126485013595,
   -249.715018677365,
   -4762.969746706948
  ],
  [
   -11490.07479610431,
   -15983.81104900579,
   -11677.774486376149,
   -7253.408893139836,
   -2383.7402044197966,
   -78.62357171766297,
   264.2765545681385,
   -33744.83742261397,
   6353.187264239191,
   1294.2061104854674,
   -11887.147389250305,
   -1883.2294589321643,
   -8949.798739747259,
   -1572.425636330753,
   -82.63829742701903,
   -8263.371321758934
  ],
  [
   -11495.679603086957,
   2093.1188412438696,
   -152.51992152654455,
   10205.785371856786,
   7136.27009685445,
   6456.623206607961,
   1772.7766066217857,
   17642.211721683496,
   19573.522105144104,
   -1627.058050118113,
   2410.846593057663,
   2889.784398418261,
   -6741.375520017047,
   -4034.9336715335717,
   4325.1504612521485,
   -8529.041681431572
  ]
 ],