{
 "input_nodes": 12,
 "hidden_nodes": 16,
 "output_nodes": 20,
 "epochs": 1000,
 "lr": 0.8000000000000003,
 "output": 0,
 "epsilon": 0.01,
 "synapse0": [
  [
   2683.5104203423443,
   -4299.39582648634,
   8297.543509831054,
   584.219476783831,
   -1546.0974875876987,
   -2575.6185848146947,
   -6614.522772494368,
   4374.209704923454,
   5278.8060854093,
   -1819.2911111120939,
   -11301.198287056284,
   -1805.562555344453,
   -15639.810553300722,
   5851.324111104454,
   -3616.274102960672,
   -1039.102418451389
  ],
  [
   -11290.935293705403,
   -116.05860329799737,
   -15539.713745636609,
   -6863.924173531455,
   530.2046227419754,
   5287.79149917753,
   -1418.0796993621375,
   5189.604390617136,
   -3019.248577072316,
   -1919.2217359978877,
   -14201.494144848999,
   -1579.2767361879721,
   1939.0589894295676,
   -7281.417487108939,
   2086.8819187247414,
   8529.00970085416
  ],
  [
   -2441.7719093108226,
   -17847.12055388256,
   6379.578879093186,
   -2368.1659077171303,
   -12341.738901041108,
   -20540.21761864711,
   3719.700565116682,
   -65181.82237581001,
   -26309.811369990573,
   -378.6216440155817,
   4257.984394156333,
   1356.8493349645485,
   -23265.102034491985,
   4820.782852590698,
   -18981.24517628038,
   -46839.17830341753
  ],
  [
   25514.197393335526,
   13242.258766967709,
   3769.748592594685,
   -11183.84929150239,
   -774.5482535707621,
   -28833.364408346282,
   -6209.142334521581,
   -43376.789843794286,
   -51909.28735251863,
   7646.493313376308,
   -5455.3520172852395,
   2155.0558773741113,
   2774.943843220346,
   3178.5081413574535,
   -3208.7316072060507,
   -9569.69612718048
  ],
  [
   9810.433278189157,
   -1718.225963329288,
   1437.405707203381,
   -6675.441691694285,
   -4181.219053104029,
   5308.710722587825,
   -5683.235191035143,
   -19611.263467491495,
   -14252.89768891576,
   -3994.7455277178883,
   -5289.451812368486,
   2040.2488793770533,
   2225.459776209093,
   5256.365033620532,
   -4004.9413147187843,
   -14652.703497319755
  ],
  [
   -19051.270018316,
   -13438.153564281049,
   6157.622137953958,
   508.2383591054911,
   -3652.716925869315,
   2089.2578860685617,
   -986.499967920212,
   17408.228384439986,
   1372.0978250896226,
   -5768.422018319803,
   -9565.777785402299,
   2482.9755077941572,
   17154.112199715673,
   7381.748095425811,
   -2374.106362514551,
   12498.247925581381
  ],
  [
   -9207.331082175036,
   -328.0363273652433,
   -506.949060068948,
   -2987.7746746893313,
   -7426.826676888641,
   -15520.45156203632,
   -3407.166075812391,
   -14345.178186817131,
   -10476.158163834394,
   -3894.5368600633597,
   -18873.049858509366,
   -13.482805404373279,
   -25090.327711148453,
   -1536.0410883896063,
   3358.3131750411967,
   6382.676617017561
  ],
  [
   -1207.1525118069644,
   310.5885000237962,
   -2296.734731278879,
   -651.0126839347441,
   -3548.137153299511,
   -33877.362306883675,
   -10735.463091149591,
   11371.954155457983,
   -4430.67170562473,
   1893.9788341965884,
   -22531.301420376418,
   -5585.066915792067,
   -26385.64227582339,
   -2435.6798575853477,
   -2364.537105403308,
   18299.547062251302
  ],
  [
   -10374.64539488003,
   11983.907646858625,
   3552.8416875386165,
   7958.521648565996,
   -5248.067296689019,
   -34905.496870704934,
   5102.216952749399,
   -30756.035140807817,
   -6469.916245863863,
   472.50035390051215,
   -5125.521729549233,
   2304.97519453295,
   -6778.6092451589675,
   -4268.551877917807,
   3392.5136337363374,
   -20880.201802114232
  ],
  [
   -2623.6973659520954,
   5162.978907307404,
   -1997.716671826189,
   1816.5000555619565,
   3665.1748931243906,
   -8335.940736925884,
   -1460.253197996722,
   10005.666893978565,
   4354.349572259689,
   165.80741746507164,
   262.07423387297666,
   -445.3844694560582,
   7193.985337903802,
   -5050.0975779463915,
   -1923.0877480200397,
   -8979.008225304011
  ],
  [
   -16481.03127200502,
   -14572.735538225881,
   -10445.497674569086,
   -9243.094991431419,
   714.5697754455249,
   -6987.051698365808,
   -6458.5265851549975,
   -51566.90951047003,
   13277.095062978897,
   3749.921201982979,
   -33425.98472373108,
   -468.00845602361085,
   -26445.14056811711,
   -3851.746735366387,
   -1151.963851895455,
   -26366.031454235424
  ],
  [
   -9702.769671035385,
   4913.172326342158,
   -3948.4980184835736,
   10541.529323255785,
   9649.200459245978,
   8490.773677538995,
   9018.57018809149,
   32015.421706225083,
   21744.84856286541,
   -1532.9685841175312,
   -19873.719821722785,
   3782.435208982334,
   -6797.495779566856,
   -6068.07938123946,
   7796.553360371662,
   -23063.669597929147
  ]
 ],