{
 "input_nodes": 12,
 "hidden_nodes": 16,
 "output_nodes": 20,
 "epochs": 1000,
 "lr": 0.4,
 "output": 0,
 "epsilon": 0.01,
 "synapse0": [
  [
   -2712.6628647338302,
   -5181.237129148687,
   -3661.775427322885,
   -4627.747343442622,
   -8222.188596808708,
   -4534.744959216017,
   -9309.654798287605,
   -2284.8588220679185,
   -6265.2577060496915,
   1182.9316040140743,
   -7952.0063904034105,
   582.3600063733918,
   -788.9699358961789,
   1892.4495242229955,
   -7618.468244438245,
   -1547.710623264034
  ],
  [
   4633.853896170622,
   5519.079976196755,
   2931.3789900683682,
   3107.484139039175,
   6187.907895924898,
   3992.166734425288,
   8970.479821817278,
   1845.0102473840639,
   6260.921990769436,
   -2188.6016323988497,
   9436.204712217732,
   -1414.2182090927693,
   -214.41678441144805,
   -2711.662435274479,
   6549.720594252877,
   1410.7994770093726
  ],
  [
   -797.7809895295246,
   -5397.164135363737,
   -14118.072658217763,
   -16920.596061794953,
   -22175.20071740925,
   -9989.664620792142,
   -20128.89777019224,
   -3926.3239756115436,
   -11646.09693034039,
   315.64089259368745,
   -18631.390825553357,
   2497.712255299857,
   35.97156940594112,
   -1307.513363577403,
   -19290.05344949547,
   -4245.37521379952
  ],
  [
   -1256.2993794715208,
   -1113.4167633541329,
   1146.4329058748026,
   2598.111428887198,
   4277.7503729227,
   1804.6204730670868,
   4346.386959552091,
   980.5456780656556,
   1165.8668077808732,
   -71.0250790534375,
   -495.48322344258503,
   119.51455505801019,
   514.435092687445,
   1546.1107924553576,
   2912.113470279579,
   629.984685619148
  ],
  [
   -1751.2190404399323,
   -1933.0995343499944,
   -3245.9780065890163,
   -3842.882482932567,
   -4395.097476304833,
   -2534.157285961486,
   -1531.5246378354655,
   -334.8003705618249,
   -2665.268122429987,
   -1228.1658724312429,
   -364.86271850603305,
   1022.4980240347517,
   1982.3622787709055,
   -98.50861875053414,
   -3873.5712939848654,
   -906.8498681125612
  ],
  [
   -2078.6876402604603,
   3307.430117096834,
   -410.2779345557816,
   -1347.40721975562,
   -2464.9636275126977,
   -3079.114029108759,
   -5353.426403514684,
   -1742.5782526769426,
   -3765.2520931775084,
   492.9128244404676,
   -3549.804238591369,
   41.5346012530277,
   -872.7180803637295,
   393.4197068973079,
   -3714.5754009148463,
   -1315.0937458511191
  ],
  [
   2372.1493688955657,
   -331.18595441674086,
   4284.960837145851,
   5146.174502522615,
   6314.572145016066,
   3692.3279970928184,
   6859.50855817548,
   752.707009002749,
   3707.2421854086315,
   701.4242626262164,
   7592.890594652906,
   -939.8230046100643,
   -553.2315482409022,
   493.82930465264826,
   6656.06366426191,
   1706.416223424989
  ],
  [
   1327.9779505570011,
   2953.3371033122908,
   -4254.324807981842,
   -6814.789691961594,
   -9408.74426823566,
   -3728.7051649901855,
   -9038.489538312866,
   -2373.3475422148517,
   -2745.5694106966725,
   310.3366244938892,
   -7121.569853824077,
   81.57579028855137,
   -2333.5924419414396,
   -1510.227106035798,
   -6807.04591208647,
   -847.8171954692131
  ],
  [
   1067.992318099018,
   1813.1826435186756,
   309.74686791300724,
   807.152269727647,
   874.0831769150984,
   -582.3715369711944,
   -1131.4729560383578,
   -716.463104981914,
   -415.0831482542931,
   -1414.9368782948357,
   -2896.3681177785484,
   -419.59373523778913,
   -1083.932977964473,
   158.66063663590936,
   58.5139006493289,
   -318.9022057735691
  ],
  [
   -1825.842443656048,
   3653.794931660266,
   -9141.831253337352,
   -12569.095804996245,
   -15476.873349386768,
   -6770.04789411693,
   -12036.332386680027,
   -4231.333253604433,
   -6957.330212795142,
   30.105986833666968,
   -9731.13178971701,
   975.9277661228758,
   181.3791225366901,
   -684.3490582249193,
   -12818.411169184006,
   -2326.9994665723043
  ],
  [
   1329.281044389039,
   -143.01865938060482,
   2394.844066553952,
   1967.6975762996578,
   1556.7489930566812,
   1369.8547970077761,
   1776.151304141685,
   87.16187303935047,
   2005.1815243516528,
   -586.086291863318,
   5777.963087471302,
   -1833.0096843501135,
   -1156.4695684502012,
   -144.197856223676,
   2425.3392564808346,
   637.3034814981345
  ],
  [
   762.4403630215031,
   -1991.1272193484224,
   -6751.476154300664,
   -9649.022924870918,
   -13045.039303658981,
   -7018.419333948994,
   -13360.792087957765,
   -3439.432927609876,
   -7126.661412922151,
   -34.97620762468499,
   -9098.547769730782,
   -785.0597336921211,
   -650.3384789330049,
   -2144.223261303299,
   -11647.312639436184,
   -2939.7653086860532
  ]
 ],