{
 "input_nodes": 12,
 "hidden_nodes": 16,
 "output_nodes": 20,
 "epochs": 1000,
 "lr": 0.7000000000000002,
 "output": 0,
 "epsilon": 0.01,
 "synapse0": [
  [
   -15323.528392585999,
   -18952.457757214932,
   -11444.479723080705,
   -8856.637725991728,
   -11117.484025882655,
   -5925.036169363171,
   -12089.989676682962,
   -14802.808235693841,
   -11071.74427594129,
   651.7816751183062,
   -15233.057086907562,
   2023.2929469392666,
   -15814.383493865435,
   6508.114626480669,
   -11392.752728682855,
   -1995.7788153360584
  ],
  [
   15586.14597619869,
   19038.123438246672,
   7150.22711413455,
   6789.2051359337365,
   7819.142314877968,
   8468.749414823807,
   18156.610328508723,
   11456.694143751398,
   10997.021770996344,
   -3284.6149155088287,
   21502.76402406552,
   -3580.147410085721,
   9811.561778839789,
   -7460.5138775376945,
   10376.140578262177,
   2839.9249021319265
  ],
  [
   522.1370190093783,
   -25810.15244995071,
   -28618.3439326122,
   -19676.796822988996,
   -42745.22857056818,
   -11616.125995953033,
   -29365.235076201214,
   -1963.3530453225144,
   -20676.027957163948,
   348.86214636024147,
   -26674.920866270888,
   4134.423378517101,
   -5646.302344447664,
   -1789.5548683386635,
   -36058.43089880193,
   -6776.779571732559
  ],
  [
   -17981.271360967337,
   -12115.09639507197,
   -5144.011233029,
   -1893.0258640946256,
   2552.0591786074006,
   2269.1672848881635,
   6713.364489267508,
   986.5911791356735,
   -2763.401244022803,
   65.90037486362013,
   12060.995023805337,
   -638.4492291029376,
   -3468.427938072404,
   486.85050563907026,
   -2659.550075374706,
   6107.098694215757
  ],
  [
   -6614.58618983257,
   -4431.644505993246,
   -19733.507146842356,
   -14502.30454247955,
   -15795.366416168881,
   -5715.618942704596,
   -6675.008743207016,
   -4015.585224029124,
   -14243.905177789904,
   -5148.381980143558,
   -5794.412848141706,
   4391.9815868424785,
   209.30014978234314,
   1652.9921950755247,
   -13867.46880517849,
   -3762.5865567278283
  ],
  [
   -2631.263571782599,
   7651.146610500201,
   -2241.6323297436456,
   603.8107612473058,
   -9100.47986472586,
   -3980.7026250026684,
   -4930.327922947182,
   -3625.6053980816955,
   -11639.941311975133,
   1754.762913122048,
   -7278.927422045352,
   1271.6877895038647,
   -6162.02414849076,
   1065.978077218322,
   -11417.065722641168,
   -3246.2205698040643
  ],
  [
   4645.234538796239,
   4236.473721230612,
   10926.518310116118,
   3769.977080496785,
   19510.207616528,
   8856.249677604703,
   19172.913687739674,
   -564.3843299287031,
   12476.947642248213,
   2243.3796072647483,
   16672.25300282331,
   -1382.095085540021,
   -3721.921348195456,
   -973.8865248297359,
   18729.01579773108,
   3910.549732470636
  ],
  [
   -470.38111103896233,
   10874.694335257274,
   -2617.3083501700403,
   -2507.1192001036356,
   -12756.022413409411,
   -2638.588614111023,
   -7991.8298209661825,
   -7620.204166006267,
   -1518.4713363358564,
   -653.6923438567335,
   -13853.06781885198,
   -1952.4205670771137,
   -9356.874097672477,
   -918.7431517290843,
   -3901.5525316594135,
   2967.5118378558705
  ],
  [
   -507.98127139883235,
   -958.3821748288143,
   -1084.1986669106197,
   6773.4284293301935,
   -6590.106738970717,
   1213.8630923066537,
   3391.380684404929,
   2169.612525136483,
   -6848.8134663504625,
   -3192.107911368221,
   -820.5278756988641,
   -939.800883908396,
   2269.6913497038827,
   -832.3485733270049,
   -5273.102543090023,
   1361.421180876315
  ],
  [
   -2259.2570791582525,
   16049.074027374867,
   -25490.33481829864,
   -19973.742565097746,
   -45845.89536519659,
   -13008.012811062767,
   -31166.568773961026,
   -6625.043716038618,
   -24507.58609337726,
   602.1393019993045,
   -28171.68826853125,
   3909.975110117962,
   -5060.967646804485,
   -5927.21287160867,
   -37053.89311422378,
   -3297.610814629291
  ],
  [
   13762.569840336773,
   1700.5223966052138,
   10693.602547582877,
   9633.159609103443,
   12424.675225244573,
   6897.662833931707,
   14526.95240296906,
   -2064.5392547626025,
   11331.246441866282,
   -1426.7790149575808,
   8495.669832419588,
   -2620.309459934624,
   -1252.9572407075252,
   1060.341960784821,
   16595.844086813526,
   -1583.0397871873097
  ],
  [
   7744.3660226790425,
   -2017.5053553616171,
   -8728.676408712663,
   -9002.753725853927,
   -21400.186132349252,
   -11155.788158408574,
   -24904.068564286146,
   722.7957357866064,
   -16278.470920716638,
   2120.5260074019725,
   -11597.008538701139,
   -1409.8660650852526,
   -1359.8489573811862,
   -6892.235989335167,
   -21179.96739887925,
   -6206.689125615424
  ]
 ],