{
 "input_nodes": 12,
 "hidden_nodes": 16,
 "output_nodes": 20,
 "epochs": 1000,
 "lr": 0.7000000000000002,
 "output": 0,
 "epsilon": 0.01,
 "synapse0": [
  [
   -18006.17081715049,
   -18588.115288674173,
   -13353.082646908066,
   -9672.522024481783,
   -12265.168389095461,
   -6601.382260753583,
   -15166.022177862751,
   -18772.251253355582,
   -12479.763349478353,
   1185.7480924117347,
   -18321.46627011828,
   2376.280220251764,
   -20295.49228278395,
   7268.254436336051,
   -12164.135754735553,
   -1911.918114104978
  ],
  [
   17449.761400264655,
   19362.73175252456,
   9392.527698940672,
   7802.586592930862,
   8624.215933823107,
   9512.58027245394,
   20639.10801191781,
   14113.795374945033,
   11915.26312532416,
   -3982.125041700047,
   24179.406579666604,
   -4039.2450004183293,
   12695.326182193792,
   -8172.588854998032,
   11857.92286696666,
   3159.1551499011653
  ],
  [
   -1479.6172400603675,
   -25783.214201802337,
   -32104.709105411355,
   -20360.606905663793,
   -47043.17356337431,
   -12758.80340888921,
   -31468.688372258894,
   -3128.7063544074713,
   -25401.02557863543,
   438.28622534776923,
   -29646.152906241223,
   4253.061319495065,
   -5913.31445957395,
   -2823.162395748965,
   -40156.05592400245,
   -5919.366474185239
  ],
  [
   -21978.873501904076,
   -10640.73674801455,
   -3891.3921849703297,
   -1617.2373611365113,
   4227.814030662662,
   3209.6496686315127,
   7307.178331468508,
   1377.738209918791,
   -1952.1915161615786,
   -633.1192115710486,
   13545.873120354468,
   -1134.1446632892068,
   -3706.4311234211377,
   -181.05175048781211,
   -799.1935482144938,
   7538.081586384569
  ],
  [
   -7494.460511699153,
   -3382.514122301074,
   -24477.720423342846,
   -17375.10232619098,
   -18255.074201971434,
   -6346.74018986285,
   -7150.1947460101455,
   -5821.6201429522325,
   -17063.367445139575,
   -4936.252909241647,
   -5810.134081308895,
   4432.208105521975,
   -1839.156430537256,
   1995.570601964226,
   -14881.46100701712,
   -4703.796317983082
  ],
  [
   -3594.598618034862,
   8143.162380486281,
   -3724.9104094319887,
   -519.7583191369326,
   -13609.917355766682,
   -5347.67777620502,
   -5746.341630059579,
   -3828.9118259834954,
   -15870.859680525858,
   2052.1495528471983,
   -8748.468402672926,
   1573.9390362958034,
   -5693.218133119657,
   1078.214060428896,
   -15410.359143073892,
   -3465.2783444499705
  ],
  [
   6582.14517785586,
   3390.837165851281,
   13325.843076304996,
   4425.897241897228,
   20854.346381491712,
   9675.545018997795,
   20207.623518754914,
   667.3880492745324,
   13458.183782081906,
   2346.710260462482,
   18291.94021570377,
   -1404.4495624351223,
   -2559.8344069117056,
   -909.8115466992169,
   19967.133931797503,
   3699.085583764097
  ],
  [
   701.4061146784168,
   11205.411704148873,
   -858.8975738009195,
   -202.53186539972182,
   -13148.266489309808,
   -2193.9099208435355,
   -8965.281692958688,
   -8786.992299664826,
   -1303.0279809527913,
   -1085.7791368588505,
   -16022.610676828564,
   -2046.9854504409452,
   -10351.395965522499,
   -1070.0662132577334,
   -3130.817643706899,
   3865.398360951063
  ],
  [
   139.7986791238572,
   -730.6744184384645,
   -23.35586270115506,
   7759.733854719884,
   -9234.567956989371,
   1135.1601109454161,
   4094.0104936926136,
   3587.360706563889,
   -9359.439621372358,
   -3836.2072779534365,
   -684.5634183749985,
   -949.9625863353946,
   4327.332927961646,
   -1304.3269354929957,
   -6241.712807749447,
   1683.6228516760436
  ],
  [
   -97.24742615998369,
   15638.690737694396,
   -29609.303024286128,
   -21962.312386152866,
   -51130.16103036931,
   -13969.234461806649,
   -32801.76437653171,
   -7615.276600777455,
   -29251.98314734655,
   405.8135716130743,
   -29517.959366176765,
   4422.419950719597,
   -5641.36763737974,
   -6361.861855575586,
   -41296.61443867528,
   -3693.240534954725
  ],
  [
   15653.132388500902,
   1534.875085120145,
   12686.505783994071,
   11177.43218936244,
   13946.268040290986,
   7079.694642611435,
   13650.11266235567,
   -4146.469791685927,
   13136.665977390378,
   -1103.8642811165241,
   7038.745082861976,
   -2684.3638591997437,
   -3192.5498658051433,
   1907.4484130787516,
   18826.16143476835,
   -1858.5598766325015
  ],
  [
   8855.137331214364,
   -1563.9921890152116,
   -11849.504226350942,
   -11457.53374133276,
   -25803.5305375881,
   -12108.636759249996,
   -25491.72647331808,
   416.3419797091763,
   -21223.90743612939,
   2401.257973884503,
   -11908.273801654545,
   -1516.2375951418037,
   -1443.492494194825,
   -7261.102513869727,
   -24660.41954706176,
   -6874.510912813629
  ]
 ],