{
 "input_nodes": 12,
 "hidden_nodes": 16,
 "output_nodes": 20,
 "epochs": 1000,
 "lr": 0.5,
 "output": 0,
 "epsilon": 0.01,
 "synapse0": [
  [
   -2323.323310988089,
   -936.2136535074679,
   -1199.315639962714,
   696.1103872497481,
   -10.242663257915343,
   -1988.2842592659358,
   -1214.5628360599983,
   -6057.407996190484,
   -4827.483957998375,
   -4444.244288554425,
   -666.3998113559725,
   -3412.410508334196,
   225.74439691309695,
   -1459.6720217189925,
   -22.27526913104389,
   -1289.6035702607246
  ],
  [
   -1125.1408945736782,
   1820.2106635755986,
   1603.6481255450562,
   -1336.299772593381,
   361.40705221801426,
   3325.7746496200425,
   1245.514436591779,
   7788.866617248276,
   6794.725040274646,
   3441.2853265296694,
   2331.8916995186087,
   4575.959479557315,
   -776.3276031182038,
   4160.387892844156,
   2478.1625209543768,
   2873.7026765644914
  ],
  [
   -4510.59845192255,
   -2037.0313876000519,
   -4465.412594095752,
   1207.3693177107405,
   -2001.6444059103637,
   -4211.109273486298,
   -1195.8937165089496,
   -2599.4778530355034,
   -1888.7085583776416,
   -4738.285407295064,
   -2897.796781093131,
   -4847.657367331867,
   341.1485116418296,
   -3770.4662772812994,
   -3504.2490176618094,
   -3181.6607588075644
  ],
  [
   -4761.58658755148,
   -235.03395504721325,
   -12765.224045073848,
   55.188769260279834,
   -1302.1057226992414,
   -3291.57948089971,
   -1933.6060805112666,
   -8151.80825536579,
   -7132.4513269851805,
   -6039.983534727377,
   -200.08143537196656,
   -9292.919533655091,
   352.9386516769822,
   -1382.4530687567446,
   -6285.484200924947,
   -1264.5750484499624
  ],
  [
   -1281.182199635444,
   -1246.9006998170103,
   -8258.110103440415,
   820.0661180088731,
   -794.6833309834883,
   -1896.1035982540482,
   1347.1226176272723,
   -3719.9296821970815,
   -4223.277210585329,
   -303.0328059158841,
   -876.6065148213244,
   -4593.160218943959,
   868.0007752925493,
   -1060.4808833429229,
   -5809.709381201544,
   594.059933372221
  ],
  [
   4030.69374105026,
   -933.4589774557976,
   2623.280853484671,
   -90.49614824432109,
   -1245.3423010773042,
   -1515.6112557383174,
   222.74384450017507,
   -259.37186917106123,
   1727.5432732746326,
   2414.0852728861723,
   -2921.5772662552304,
   515.9408175612937,
   -258.9496112040236,
   -1511.3543151259057,
   -3220.056970792889,
   -726.7190473774101
  ],
  [
   539.1480710780634,
   587.458912144361,
   4365.375929075202,
   141.81386124514205,
   370.6447003597091,
   1762.7559667835533,
   -667.0048780447372,
   -297.47159953493684,
   524.7054719392233,
   -8382.063659422261,
   883.1996027392098,
   10686.519474871791,
   384.97329851827794,
   -2061.2354542447556,
   1433.3057032736328,
   -1158.2052766697743
  ],
  [
   -3063.8656538131204,
   795.5079522270155,
   1856.269407882799,
   249.77298830060175,
   282.2134945093188,
   838.6599378678467,
   -2537.958205648211,
   3494.929377615631,
   -4560.3300763949555,
   1361.9015605878228,
   1317.7083900756313,
   -1785.2422578727046,
   -1318.6772959632465,
   2519.848709836848,
   5815.335620288628,
   163.36253967630526
  ],
  [
   -2400.498793856431,
   -505.47296377695216,
   -328.99043781747184,
   -491.912533686577,
   -690.2923735130987,
   -3270.0347987182035,
   914.3263461520598,
   2757.6525030636026,
   3352.8245843133013,
   -901.0219225690385,
   -293.3785940994737,
   115.60617231592587,
   -243.7173186988892,
   -2082.788715705269,
   -2941.167429498561,
   -4018.0695394487793
  ],
  [
   -1861.8790912483723,
   1010.425050108811,
   -5300.990499128582,
   -260.2303406033575,
   768.8779346712763,
   -268.4420619709161,
   745.4531459528438,
   -3077.47612342806,
   -2854.2537236440003,
   736.4934525206224,
   325.1831973508141,
   -8108.262751737025,
   950.1516985329464,
   1511.89594102902,
   -1370.152008518289,
   -670.5436768387735
  ],
  [
   -6732.59382611362,
   -2643.7438220533563,
   -5758.943868484287,
   -1367.8256376873226,
   -108.80988270910953,
   -2831.1558342197472,
   -3998.032432517453,
   -14531.816569155631,
   -10801.660040264456,
   -6315.856488734461,
   -2338.2041487299834,
   -15087.136493788024,
   -478.0317608335099,
   -3087.4584066696125,
   -2553.1799540358156,
   -6313.221885818313
  ],
  [
   291.3533691124026,
   3766.9404730674482,
   2439.483193880032,
   -296.121132446087,
   2255.3312176488457,
   2961.8021414372793,
   -184.2131534855703,
   -2847.2638930657245,
   -2164.9473024577323,
   -425.2741893833497,
   1721.4882781364704,
   -5362.049003050971,
   1472.198295942084,
   3049.22500288638,
   3146.201947358631,
   -2086.5026508384353
  ]
 ],