{
 "input_nodes": 12,
 "hidden_nodes": 16,
 "output_nodes": 20,
 "epochs": 1000,
 "lr": 0.5,
 "output": 0,
 "epsilon": 0.01,
 "synapse0": [
  [
   -2733.8239102990606,
   -1763.7751138001856,
   -2540.921869964855,
   1034.8021597312613,
   224.50065437962672,
   -2469.8863614705833,
   -605.373637487794,
   -5733.393880262588,
   -4868.960938104043,
   -5655.565391739312,
   -1090.837744509842,
   -3237.716505409627,
   342.2502825818976,
   -1834.6618598874927,
   -403.17815790887374,
   -1548.9321701003037
  ],
  [
   -2166.418776990163,
   2405.6037546709817,
   2470.336779390166,
   -2003.7511882083265,
   346.22794850751364,
   2712.921600305141,
   646.7325308633009,
   7804.062855967683,
   7616.892578399654,
   3317.3782940151445,
   3138.9839739520285,
   4444.990395782354,
   -966.8304129976647,
   5144.804861849159,
   3245.455929543788,
   3293.646620650848
  ],
  [
   -4362.753186812257,
   -2412.9228702567757,
   -3953.0956831690833,
   1571.2065830383635,
   -2226.190353243618,
   -4977.145201306769,
   395.41730144618833,
   -1621.3396331628678,
   -44.60792804186596,
   -6810.139431126636,
   -3780.630361173334,
   -5731.442396503535,
   417.7911321963984,
   -3983.2973437237474,
   -2727.974668792047,
   -3687.533816690082
  ],
  [
   -5387.810359925832,
   -859.4917135525978,
   -17802.68176606535,
   30.288960023475465,
   -999.4961374427398,
   -2345.5819419408635,
   -1157.9957600974485,
   -8613.271833547577,
   -7836.635102771699,
   -7279.810300212127,
   362.9617074168542,
   -9743.995975972566,
   831.939557783861,
   -735.8151873808122,
   -7666.987236461731,
   -1312.7463119544739
  ],
  [
   1259.0318761567978,
   -1025.4306410933448,
   -8910.629061679272,
   883.535980061925,
   -1274.7227132099138,
   -730.738851477989,
   2209.8910458360033,
   -2689.403557572471,
   -3268.34907011537,
   1042.5124555574719,
   -2280.6445137058554,
   -4809.867283519541,
   1224.0085578432902,
   -1029.3437128889518,
   -6472.889588436948,
   1451.2893760111724
  ],
  [
   3822.0354800195764,
   -1188.2529611535253,
   4084.139378789892,
   -290.49381848858195,
   -1272.8076721480247,
   -3155.644053118076,
   -680.6101404031648,
   298.48312815410736,
   987.0053589656366,
   3972.2667856195967,
   -2760.19898370373,
   -0.5554329257940052,
   -237.85181088672337,
   -1804.4331604246256,
   -4712.456988302489,
   -5149.643078623257
  ],
  [
   834.5581099136203,
   1533.6773977295109,
   6391.77856021806,
   -72.33745896016944,
   558.7215402419165,
   3331.0899032427033,
   -385.01970007435335,
   -3442.544740275642,
   6452.915849528593,
   -13629.25624270544,
   678.2759931831515,
   12174.194089596542,
   403.6080717653594,
   -1944.078506227498,
   2685.178233603935,
   232.96343492768486
  ],
  [
   -2810.1304016663908,
   849.735826747804,
   1005.384181701817,
   724.4279677321368,
   -154.26183386585518,
   654.3167516907029,
   -2950.2650855113866,
   3012.6885335025295,
   -6864.850620780942,
   683.2449081489267,
   1111.7448968419692,
   -1133.950051344627,
   -1972.0829871640924,
   3142.6314174969716,
   6780.526572155791,
   -347.7660724980707
  ],
  [
   -1005.5202743801489,
   -963.0712548153201,
   277.7921877128131,
   -1134.4706555665327,
   -601.1907048746561,
   -2594.2609288278923,
   1240.190128925554,
   4579.224644597012,
   3327.2658967066445,
   243.87393591814984,
   684.269899681413,
   1074.9960524210476,
   161.9743501755626,
   -3444.160579841401,
   -4510.292220263991,
   -3329.9966837256516
  ],
  [
   -2877.2259904887464,
   283.12472386905796,
   -7544.75897576783,
   32.861747392895445,
   560.3789014389316,
   -786.0506923601074,
   1165.2223148460266,
   -2449.900215666307,
   -5920.658907224907,
   356.6371981867395,
   171.97657030521052,
   -9162.738286179198,
   1064.4317714913714,
   1160.275860942068,
   -2363.7760233906147,
   -1524.591291549099
  ],
  [
   -8406.912421670404,
   -2922.3128794722966,
   -7400.826137688286,
   -1969.6645960307485,
   48.51690413498189,
   -4241.844552837122,
   -4963.651974698542,
   -15887.423418520517,
   -10761.846878286406,
   -8652.842969023965,
   -3031.2500875204105,
   -16060.377694751918,
   -655.1976489870234,
   -3039.426370203491,
   -3176.858027011268,
   -8069.720325236258
  ],
  [
   1107.2251805573599,
   5422.167587053945,
   2806.9764940250725,
   -253.0830828076076,
   2667.902013444013,
   3069.7441908370133,
   -1020.1297290746058,
   -3316.326757304212,
   -1410.4344532062141,
   -1014.2042358673206,
   1530.9735468694203,
   -6809.84221919389,
   1704.8013999182551,
   3074.36451627754,
   4027.126160094143,
   -2334.6534776822264
  ]
 ],