{
 "input_nodes": 12,
 "hidden_nodes": 16,
 "output_nodes": 20,
 "epochs": 100000,
 "lr": 0.5,
 "output": 0,
 "epsilon": 0.01,
 "synapse0": [
  [
   -692.6948484517253,
   95.32153875616979,
   -108.0147162847882,
   -4.178645226126871,
   -291.3390199942839,
   -173.1978964780493,
   -250.59352558354217,
   -240.1598801637887,
   -3.049731252714068,
   -576.6520484884372,
   -0.4558904388268611,
   -53.08630054129365,
   -232.7576131233776,
   -202.24346915082845,
   365.12917503521726,
   271.5217958897721
  ],
  [
   868.7551248616472,
   -153.95672207426682,
   236.79696790336743,
   170.0436453860019,
   465.4219804476721,
   131.8746395511969,
   -180.8736056005576,
   163.87476332875858,
   -47.642259330100806,
   567.9812522417672,
   -83.25809055115757,
   -191.18059742031753,
   199.61079659865703,
   -8.735970022163272,
   -338.1076125105875,
   -157.158563824286
  ],
  [
   288.12619772220864,
   -90.16772516842586,
   -150.2812482562424,
   -9.155398076593826,
   -42.096572476675284,
   175.15818189688804,
   247.79779656913962,
   241.96216417972914,
   -323.32108404823623,
   24.533475891722915,
   -123.92482670878765,
   -714.5887694483966,
   156.45714109604873,
   -408.9137677794936,
   -344.317797482045,
   37.051183511836776
  ],
  [
   -765.7561005522383,
   413.3724350912829,
   -685.5568885285852,
   -163.15781129032038,
   89.46957896853718,
   -379.8334223634919,
   678.6966310913768,
   -261.8248443160132,
   481.64751529327003,
   -278.3966667983144,
   38.53985888374308,
   611.1538864427949,
   99.33049101535238,
   1615.3281311924604,
   -1046.4292756222815,
   194.95278338248332
  ],
  [
   -18.411537873813025,
   -369.0120936721008,
   -121.54836310632218,
   -357.14660163532886,
   -533.2653973826834,
   -33.31516314158993,
   -104.7691027087961,
   -112.33375846813016,
   -691.4032350760217,
   -95.2678902888481,
   -340.23294596294295,
   145.56851844671618,
   -179.94903295630186,
   -240.68464875054866,
   204.27735969743964,
   126.62862990565448
  ],
  [
   87.7929045036811,
   -408.3392447858261,
   -176.40519796704257,
   108.69330199116042,
   -385.90638999978216,
   -34.36397603948814,
   -113.01443067377312,
   -151.58363108406692,
   -462.3303634763919,
   -63.99542162694977,
   -397.42774103610367,
   44.290947497650485,
   -180.18223551887726,
   -293.2905490063829,
   328.0859056878535,
   -80.0372428746182
  ],
  [
   88.389677287858,
   -199.26280530897722,
   16.673101180562085,
   142.28393290265006,
   -247.67793303182833,
   60.500015206040615,
   65.83663317051634,
   -106.79477287637941,
   -26.17870204895928,
   -71.77123420729083,
   -170.34793525597001,
   -113.71932100025869,
   -269.49015661608144,
   -26.36309924894066,
   147.45421618713908,
   28.078980775117273
  ],
  [
   -285.9312154911697,
   5.433117095968427,
   94.86445528718774,
   -260.2588832001623,
   -188.178388916244,
   214.19556698332636,
   69.75992710343587,
   -124.56960293310516,
   -82.91468560494923,
   -30.42877837734705,
   -80.51332337412069,
   -0.8848984947318479,
   -194.52744409918827,
   135.20555303415534,
   87.8770292491429,
   -4.976467294768809
  ],
  [
   -89.67494065043091,
   -340.68942756803284,
   -143.9455815972637,
   -43.491734775262536,
   -507.5353226645636,
   81.4587129172321,
   -93.91636057390407,
   -74.01504982720469,
   -432.7166879251208,
   -126.67831640533802,
   -413.5811045261598,
   142.1194796373952,
   -242.99088424269573,
   -115.82104210069699,
   263.4126210042066,
   -89.43512198051367
  ],
  [
   182.23343674875997,
   -376.6546649457238,
   -99.68934045730218,
   38.81362625357706,
   -408.6161407917921,
   -76.95169192507502,
   -90.63459497402891,
   -53.380485622968365,
   -471.68216221531725,
   -73.7857673421502,
   -316.46883043449276,
   -55.76303025978125,
   -159.17306900324164,
   -365.220322815122,
   317.01881605669803,
   84.39374918517687
  ],
  [
   3.701827630428785,
   25.5638658681802,
   100.01556054929176,
   -292.7302802387173,
   -11.273413387687457,
   123.28713739388009,
   61.87540866355802,
   -104.58609328478425,
   -71.16271656879152,
   31.783624810559676,
   15.33370846219452,
   -207.68668088592506,
   -123.310225228903,
   102.4659031999581,
   125.914064764581,
   -107.50726551848904
  ],
  [
   -89.84597206739441,
   -327.84167708710737,
   -198.1448830441859,
   254.03670589358765,
   -599.5410802879355,
   -15.72369597459299,
   -26.15091067820472,
   -62.77900476111859,
   -246.5133699501406,
   -84.93937530961412,
   -499.3243172302924,
   19.981172847498666,
   -212.19837822265666,
   -400.6377574138713,
   322.6614973412781,
   9.11320502712984
  ]
 ],