{
 "input_nodes": 12,
 "hidden_nodes": 16,
 "output_nodes": 20,
 "epochs": 1000,
 "lr": 0.6500000000000001,
 "output": 0,
 "epsilon": 0.01,
 "synapse0": [
  [
   1.7693339621995086,
   -405.74112269315873,
   -214.63718224571969,
   -21.161234244441467,
   212.8232127219746,
   -756.1205282670048,
   -364.5452223435995,
   -512.0519539633752,
   62.434770755085005,
   -75.4443340404168,
   230.4905634128813,
   -157.9839484517761,
   -1174.101040721726,
   -264.61126655976506,
   75.14849920310267,
   56.55055952569981
  ],
  [
   -103.46170633068506,
   310.5714503301094,
   197.91091568031246,
   59.532008569161704,
   -404.5129695747623,
   433.982376368379,
   308.4399566276653,
   385.47730191719256,
   -83.28171532131583,
   221.56414751012608,
   56.358517555838745,
   166.08390552536036,
   902.7366207572472,
   54.89907007982285,
   -198.0102697530554,
   40.019663152174495
  ],
  [
   58.10232731607051,
   274.543704222182,
   -30.00916149561876,
   20.3969521562889,
   -189.57432570713246,
   501.79319587519217,
   178.68659469697948,
   295.8733473697088,
   -64.73594271718785,
   -94.54158677697697,
   -132.7050694253181,
   23.12169510723413,
   490.0924751876406,
   122.49101282104904,
   46.79144154424442,
   -8.112297468639241
  ],
  [
   711.299908614218,
   -383.81075260096594,
   -141.32133405571756,
   -492.87107766928455,
   -216.8604591031153,
   -476.5629966047252,
   -380.04883744592837,
   -325.8879402627169,
   387.4150924689907,
   376.823944337286,
   81.7374679184805,
   -144.71865252340197,
   33.70404256296778,
   577.2802050283923,
   -289.6600695271581,
   -232.86108394451276
  ],
  [
   -231.4671048243619,
   -65.29665683063801,
   -684.4480266290267,
   -399.39908552521376,
   214.27129844340715,
   -331.60258295844596,
   -154.720171259941,
   -224.28219420272274,
   -123.67096398279249,
   -121.30656978972885,
   99.9090443023313,
   -83.70532281880712,
   -235.22781853866547,
   18.734334534946722,
   -8.594417667081565,
   47.3263438850751
  ],
  [
   -100.82991156347138,
   -120.64891183271635,
   7.833985474338576,
   121.42083779053618,
   142.65175676418022,
   -192.007978992948,
   -21.895432228057953,
   -68.05202777232209,
   -13.263621272066706,
   -55.179745658882034,
   55.59726341965813,
   -74.58593972292682,
   -331.5565287189591,
   -134.066116970761,
   -151.92114628719315,
   -42.1600066977468
  ],
  [
   -58.97679573490029,
   -13.687919444305095,
   -93.74286923473075,
   -77.52000991897201,
   90.84265769110961,
   -32.92717734603279,
   36.38510331735054,
   36.198123257741486,
   88.24205764535239,
   -144.74254548944225,
   -49.34261744300903,
   50.626801638848065,
   7.6836301348069735,
   -0.6404868252161116,
   -123.68516382494663,
   34.145408996300915
  ],
  [
   -189.18016716885987,
   41.07332366967245,
   -783.8168549028965,
   -598.5963845421857,
   161.49079580938826,
   -174.79979836372266,
   -95.03728591587677,
   -117.46035603417366,
   -20.875090394903665,
   -211.4405504670504,
   -6.7074599214719886,
   40.95510413347066,
   104.77646977438106,
   150.5317473486355,
   19.54585193909823,
   122.5916023411357
  ],
  [
   -232.419399823677,
   -65.12888779151955,
   -684.4471310695011,
   -398.8010921032743,
   214.71743538947192,
   -331.9081844128475,
   -154.1698766514451,
   -224.09404346107834,
   -124.55527099166919,
   -120.90463444924646,
   99.17793219265837,
   -84.51113526126811,
   -234.34284507721662,
   17.526964111593617,
   -8.666518195678243,
   45.53523881486307
  ],
  [
   -101.90915429410315,
   -119.70596741130913,
   6.858750506397456,
   121.87646495874304,
   142.97532382090827,
   -191.69907411041228,
   -22.700714408075914,
   -69.0556032129477,
   -13.14935122592159,
   -56.264864265616346,
   57.045964270031895,
   -73.6988961872703,
   -330.4669348012202,
   -134.4400699781697,
   -152.48972918999294,
   -41.33716972769988
  ],
  [
   -236.22391020689554,
   71.6826106648459,
   -818.1320390521782,
   -608.9622132799065,
   215.59998789433152,
   -166.518059381287,
   -61.280126696946574,
   -89.63025158497179,
   36.33430625675598,
   -284.2779350900301,
   -39.32708778503997,
   41.24911602952879,
   92.23703434742178,
   156.616908518381,
   34.41098860133917,
   160.06075945866766
  ],
  [
   -68.26730813555312,
   -193.64219513382955,
   -18.85416715657577,
   63.38159021238356,
   125.11870146967563,
   -240.09840882686237,
   -54.52928109185077,
   -86.70924733293614,
   -38.11029207309805,
   -55.165388070646756,
   69.55901419641901,
   -24.706025340526942,
   -296.9309509174336,
   -147.69133690228176,
   -303.23479132757865,
   -79.46305340940862
  ]
 ],