{
 "input_nodes": 12,
 "hidden_nodes": 16,
 "output_nodes": 20,
 "epochs": 1000,
 "lr": 0.6000000000000001,
 "output": 0,
 "epsilon": 0.01,
 "synapse0": [
  [
   78.42641893957685,
   -446.32095923730674,
   257.81848202910527,
   420.9140120722009,
   445.21417410527783,
   -956.015971172336,
   -534.608137148958,
   -680.5980230167982,
   8.193481889929393,
   -181.03695922764558,
   116.56458056747165,
   -460.2611383098803,
   -1672.040772506944,
   -321.7200800232915,
   434.32418423011103,
   -658.8450317050365
  ],
  [
   -168.064408818083,
   404.2786228281044,
   516.2726606150356,
   -31.59614464498697,
   -810.0007321070282,
   521.7904680860698,
   591.7357825748923,
   577.0424678895968,
   -47.90799790468751,
   424.18001082795627,
   241.09441157648834,
   370.26448031487564,
   1583.6217504884341,
   -191.06280071540812,
   -234.31290614020762,
   379.89424391134685
  ],
  [
   -63.939062586576256,
   445.56205541543835,
   -260.0949229868522,
   97.1946219280619,
   -362.65285142877974,
   616.7739846590855,
   285.1212855789993,
   327.93224145873046,
   -291.35499925488716,
   -320.92236490946823,
   -191.9317236545061,
   141.37209895064123,
   529.4541032932938,
   322.4378040640511,
   44.965194303568396,
   -0.20218852539741167
  ],
  [
   1027.6932422447828,
   -529.1983353299329,
   -582.8499522270729,
   -612.1848180025902,
   -208.94017272977257,
   -521.1440602845307,
   -679.0617525317404,
   -522.887376947043,
   685.9782112893471,
   421.61533088195665,
   -117.06130176448357,
   -459.56455270345225,
   -243.09719297558232,
   682.5357962616929,
   -350.61626368975317,
   -184.21279823575563
  ],
  [
   -306.20261158210013,
   -271.11488369542735,
   -328.4514604838086,
   -146.49068125330518,
   387.0779794700162,
   -496.1060312242726,
   -14.333558830295965,
   -292.72507060908805,
   -82.20899097660266,
   -149.16481330424918,
   12.589744481106402,
   -276.83104224947334,
   -180.4303825261992,
   41.058480266312145,
   119.29827099407954,
   -224.04427283255546
  ],
  [
   -182.43458380217567,
   -87.54682242231648,
   224.08461091267776,
   -29.90697732319564,
   318.2186543932464,
   -254.3890307632502,
   -229.0190927076469,
   -118.22160638906904,
   5.439022993251527,
   -119.1745488023447,
   24.19329324379668,
   -239.8742420232197,
   -465.67947623931093,
   -93.43804927304045,
   -166.18777755586095,
   -348.9002263921133
  ],
  [
   -101.41465209026074,
   28.827656541772274,
   -31.120766185009003,
   -159.55677325838568,
   88.78661402681489,
   -19.249601105336932,
   -7.468836362366492,
   69.1766610876579,
   47.81023557819399,
   -152.38191031506187,
   -20.38987595742761,
   5.680560841007745,
   23.30918857820235,
   -15.760896343112618,
   -62.37733391628123,
   -71.54863657819911
  ],
  [
   -224.74885804325532,
   -155.3314166194416,
   -581.4488111462922,
   -276.3969284959623,
   156.67453554263392,
   -263.2446186185468,
   208.6190473136413,
   -102.75511599387653,
   -38.547583721191764,
   -182.9433556637269,
   -33.670048081253825,
   -31.828553794745265,
   309.32241175059005,
   117.107415864383,
   223.0130017775919,
   52.26715974337204
  ],
  [
   -307.1549065814151,
   -270.9471146563088,
   -328.450564924283,
   -145.89268783136583,
   387.52411641608103,
   -496.41163267867415,
   -13.783264221800083,
   -292.5369198674436,
   -83.09329798547937,
   -148.76287796376684,
   11.858632371433435,
   -277.6368546919343,
   -179.5454090647503,
   39.85110984295916,
   119.22617046548284,
   -225.83537790276745
  ],
  [
   -183.5138265328074,
   -86.60387800090918,
   223.10937594473666,
   -29.451350154988788,
   318.5422214499745,
   -254.0801258807145,
   -229.82437488766493,
   -119.22518182969468,
   5.553293039396632,
   -120.25966740907899,
   25.641994094170503,
   -238.98719848756318,
   -464.58988232157196,
   -93.81200228044919,
   -166.7563604586608,
   -348.0773894220664
  ],
  [
   -305.6811136243218,
   -161.6029541066013,
   -612.2870568775401,
   -169.44733865572303,
   246.72633767898873,
   -311.9777535788651,
   280.3231330559847,
   -37.4607180581546,
   -1.9360844614381383,
   -247.57277910173195,
   -49.502426215923926,
   -34.92713933041916,
   376.29576065191975,
   74.06935262427346,
   235.14759561391452,
   19.956930808564838
  ],
  [
   -124.53281164355646,
   -44.262880772685456,
   253.06468449542425,
   -404.6138253966862,
   226.74433533162636,
   -174.77213647095914,
   -381.4007342979852,
   -178.8288750928067,
   -18.643675091125875,
   -143.21547840967906,
   33.533286048342966,
   -228.15537357519423,
   -574.4539086509634,
   -23.937229902746772,
   -250.73250703574325,
   -352.33854657359643
  ]
 ],