{
 "input_nodes": 12,
 "hidden_nodes": 16,
 "output_nodes": 20,
 "epochs": 1000,
 "lr": 0.5,
 "output": 0,
 "epsilon": 0.01,
 "synapse0": [
  [
   -208.9212755794156,
   41.71077436491149,
   -4.385980596052629,
   -158.21576104612663,
   -24.97023606336804,
   -53.060303114709036,
   -33.5875729470727,
   75.06591269877808,
   65.87438629016002,
   -74.71419767533436,
   -35.19936884982447,
   -137.4448869205774,
   -125.32494407572906,
   -171.1650748736818,
   -106.22795833859452,
   -141.5679440645744
  ],
  [
   340.7945681266492,
   -95.4190054070706,
   182.29698621692413,
   172.14622589158466,
   -66.91066014010248,
   -26.285440939679585,
   20.462542113478477,
   79.96154941603535,
   -104.00170077699204,
   -128.96394534920503,
   177.56370491119415,
   -95.6607545009245,
   317.0442039997819,
   345.557960630278,
   -104.16647165283102,
   342.7574131265406
  ],
  [
   -188.0671096305912,
   -87.49493543055426,
   -627.7486663476075,
   -67.40828176522234,
   17.90943253366389,
   26.977305305907027,
   -24.3282463184094,
   -151.80348294472046,
   -686.600480016825,
   -48.887412301117116,
   -197.78958050976962,
   535.0924759206696,
   -424.0958670370678,
   16.049129357542107,
   -136.11176129562614,
   -138.9918186374307
  ],
  [
   22.066770675326786,
   15.173659996150704,
   107.40797407040556,
   -82.04409041270884,
   -37.75312584393042,
   63.669770871594395,
   93.72308425072715,
   42.661518906917365,
   -213.3502977096293,
   -125.02656065274697,
   85.48447998921648,
   -216.2715016426859,
   -15.11027014692375,
   -66.80880999390263,
   -262.7358359371289,
   -167.30959022109565
  ],
  [
   96.71028507799392,
   -5.550176933541298,
   169.00794326380407,
   -576.0381296676278,
   16.15296657429443,
   80.7470534456513,
   160.04167929682106,
   -124.47668584150304,
   -253.75588035684865,
   71.11491457270363,
   -162.82397936523617,
   -53.65686425876889,
   -515.5543731420944,
   12.01213006440049,
   -223.8829709916766,
   -619.3383516410585
  ],
  [
   -2.7433242752146945,
   -78.29962393929665,
   -118.0197427324869,
   -95.38376831251307,
   33.059141557170555,
   44.143058449562396,
   132.87644105075387,
   -120.45406940604752,
   -152.87214768405906,
   123.36128826790336,
   -179.42579786506894,
   76.48456777319281,
   -121.44779231761208,
   131.3844734753917,
   27.19679933433849,
   -305.722760645698
  ],
  [
   -36.69995812854853,
   -42.95664409562016,
   -96.99783993334589,
   15.259192167995039,
   36.676287330546955,
   -18.937842733335895,
   -66.53220802944338,
   -48.74450886689469,
   -504.33700661070105,
   -33.463311525498966,
   33.13613828197674,
   116.72815978599456,
   48.01088729823393,
   59.47895179719188,
   -56.69326609177447,
   -8.157457049267892
  ],
  [
   -205.21209050514435,
   -80.31322207834717,
   -162.05365007689022,
   -466.81459493999375,
   1.3253724019137314,
   -80.02209482352677,
   -139.31467592403519,
   90.54893287427184,
   -345.10024317637345,
   48.369968115302015,
   -345.31055909223556,
   -215.1063717606208,
   -527.2803828861249,
   -190.485690139562,
   317.23320302584517,
   289.28968991628767
  ],
  [
   -126.40138021916998,
   -17.450713675387387,
   -36.94983376362172,
   -578.485960524897,
   7.125897232498613,
   174.7934879481091,
   94.87832932212643,
   58.71526701169203,
   -504.9798567341984,
   40.46883609298739,
   -408.94760598321693,
   -194.92858754791231,
   -434.55669829661235,
   -289.0112384520404,
   1.468294506983454,
   -133.2766448501283
  ],
  [
   -48.10088307105065,
   16.302193158033152,
   94.97819917489437,
   178.21328480379185,
   -23.35856495579419,
   -7.586612730989251,
   44.23825714984889,
   0.696697662496542,
   161.09998584502034,
   37.26798876096886,
   331.4705348280934,
   104.0373331533109,
   195.7091160282335,
   -1.5796145856280068,
   -73.16140283565596,
   86.92963368040577
  ],
  [
   -398.45442566725274,
   10.165962528876276,
   -321.892842463013,
   -449.1531689609855,
   68.55031556158379,
   -89.12852068035941,
   -418.56717276773185,
   -57.41694604438755,
   -558.0857667896389,
   -84.64455847742363,
   -177.60318765583838,
   -7.73373171960911,
   -535.6397513869013,
   -532.6583550187916,
   -187.1134705546858,
   -87.54523494664076
  ],
  [
   105.78486086807611,
   160.6653550980404,
   340.0199175152077,
   -535.0416552084856,
   33.54894923205156,
   -298.95970953559635,
   -65.32168462586627,
   -589.2405422005442,
   -255.99917022719657,
   161.66721684341783,
   -130.67203001181292,
   -196.55349312936448,
   -581.681290530461,
   -360.71770872970484,
   -16.937303447510875,
   -230.95046794329852
  ]
 ],