{
 "input_nodes": 12,
 "hidden_nodes": 16,
 "output_nodes": 20,
 "epochs": 1000,
 "lr": 0.7000000000000002,
 "output": 0,
 "epsilon": 0.01,
 "synapse0": [
  [
   -517.684068282879,
   2102.1529419903663,
   170.73649535597795,
   -11449.903353266938,
   -1112.4585255924155,
   -10817.676911478355,
   -17616.579848298858,
   -7994.907107918745,
   -9751.045967126589,
   451.21537778532786,
   -9496.473475696372,
   -2298.941893540351,
   -4266.442179725482,
   -4490.773137696339,
   -1468.2260300204266,
   -5992.687022636097
  ],
  [
   236.1785668023101,
   -33.10879978428898,
   7573.465750731361,
   20515.36909519493,
   -903.5789042706595,
   21708.744597199984,
   19202.21706725606,
   18088.51957057924,
   16274.791992889148,
   -1599.2687140495598,
   8951.011273809532,
   -1339.9345156881923,
   11549.31882689881,
   7701.255736773142,
   -5953.90206152615,
   5979.146525236005
  ],
  [
   -2799.0934858846017,
   -4267.616384857014,
   -17275.067774006602,
   -18208.927103834532,
   -166.05489329517843,
   -20164.51570811426,
   -8482.722222900402,
   -14032.792568186025,
   -14467.911163625908,
   2493.4537289925174,
   -14270.515530281835,
   6014.763519926803,
   -5693.72191728351,
   -8649.650704545265,
   -4636.810288769213,
   -1765.2793420430467
  ],
  [
   -5385.265420790508,
   4426.306353831033,
   4390.267028768347,
   308.7456546380044,
   -2077.1213660715393,
   -4806.474180357438,
   2655.4687716037092,
   -1345.3779731038328,
   -15662.833684061357,
   -662.5275981900077,
   18076.622331726176,
   -2197.089450166256,
   -3314.5820608746753,
   -15725.530109308358,
   -11763.627751565988,
   -12915.500488059199
  ],
  [
   -2073.276040671738,
   1452.1878795522518,
   4400.704650096173,
   -4686.653992412105,
   -7799.513520206375,
   2474.8398943733655,
   -3449.248480867545,
   -1808.7446172991413,
   -7152.100049522193,
   513.2963435801573,
   -4722.155570686297,
   -864.7259428167253,
   -1223.157971421514,
   9530.685218695162,
   -4127.4961274760335,
   -9543.63594589235
  ],
  [
   -2573.0289107770695,
   -1155.7837573074291,
   -4115.015176363747,
   -763.8272298440961,
   -4120.844814538021,
   -3992.9246703394824,
   -16900.19513000014,
   -2447.3978611274924,
   1308.172287969831,
   1045.73546834214,
   -11044.412544087716,
   -345.3958716486642,
   -3400.0882943780325,
   3178.7293035682237,
   -2565.847125463208,
   -4748.447023657105
  ],
  [
   -1454.498941622932,
   -1271.3722851671448,
   -7348.452821452507,
   -10188.585442224432,
   -373.57535610884077,
   -4916.785508943854,
   10618.67778166913,
   3074.428087821001,
   -12617.340224792855,
   184.24987131824432,
   2505.6928306293553,
   1059.1663390477006,
   1268.5364853289987,
   5088.758476624837,
   -2843.005354169266,
   -1478.102999702692
  ],
  [
   2357.9443811863343,
   -1131.7974907423188,
   -9248.872409554548,
   1533.2554111572456,
   4760.84549806164,
   -4110.443593302414,
   -15779.873692758558,
   -2879.1657568821593,
   3501.2012143540646,
   -964.8018602699325,
   -19688.41293183755,
   -2241.648174851496,
   -556.2280968505249,
   -4721.393942556604,
   -6677.464726788893,
   11357.324323026703
  ],
  [
   -1534.3290453898123,
   1713.089240806793,
   -5111.164423985357,
   2313.357157980852,
   1613.8187227291078,
   -2507.9565568302937,
   -27553.71144059579,
   -1560.5307844043227,
   7800.855644892375,
   724.4701799030562,
   -11842.701051737567,
   -704.1270689017307,
   -19250.046821036274,
   226.3839047872038,
   -9161.626776522866,
   -7356.596982422824
  ],
  [
   2323.488964435433,
   -876.8518059377245,
   2249.9390315497913,
   5152.254670242622,
   -572.1330498992743,
   4978.829341883454,
   6720.036550747809,
   4961.057087898379,
   -2698.3608358451484,
   1264.4218984044303,
   2910.904362940326,
   1249.1947485263672,
   3068.3762624423193,
   -5805.422451822939,
   2919.464920791225,
   503.84710646580055
  ],
  [
   2085.930794295824,
   612.4143086289944,
   -17252.13473533663,
   -50252.964979073484,
   -522.1518964081397,
   -36059.68253619581,
   -32388.17558563482,
   -18791.418752789094,
   -45295.42312621992,
   -2583.521181667734,
   -35854.32705815704,
   1304.1721234422398,
   -9996.841971813148,
   -21403.23126559045,
   -26515.345832449068,
   -9972.93914796397
  ],
  [
   6916.12123022883,
   975.5183926904893,
   18116.190106154387,
   -13334.497657325566,
   -4624.701717459049,
   -8408.303042919295,
   5482.585394249118,
   -5841.88427694546,
   -12434.1536016332,
   -701.2377246784514,
   4140.762376301953,
   -2547.725831810866,
   2092.1075583726897,
   7659.298793302682,
   3839.888633202621,
   -889.5424924782295
  ]
 ],