{
 "input_nodes": 12,
 "hidden_nodes": 16,
 "output_nodes": 20,
 "epochs": 1000,
 "lr": 0.6000000000000001,
 "output": 0,
 "epsilon": 0.01,
 "synapse0": [
  [
   -442.3839915720572,
   1677.6889197144358,
   -489.41084755324414,
   -6553.730725466393,
   -176.92591435540766,
   -5093.456529861207,
   -12225.212812512656,
   -5520.749390912576,
   -2482.5479945846414,
   364.54039452754637,
   -4989.527793088144,
   -2154.704948681429,
   -4303.738547195055,
   -9421.406583312728,
   -3467.2928465555387,
   -2785.718696309057
  ],
  [
   528.854274713908,
   -33.4752524037761,
   7177.5262340499785,
   13542.340170194235,
   -2005.9163571251559,
   16044.24691136404,
   12013.279209728924,
   14458.597102037587,
   8364.91166333666,
   -1826.8611060039748,
   3256.5724904815092,
   -818.0032510719408,
   10786.902319472229,
   10903.034588495644,
   -4640.722252492747,
   2011.333836362735
  ],
  [
   -3018.855441922475,
   -3931.1880861548107,
   -16406.567471977916,
   -14591.766352230157,
   25.104314474092313,
   -15901.183933987679,
   -5718.493483906642,
   -10776.288040880509,
   -9806.757870129455,
   2207.1740292046575,
   -12029.166789032506,
   5342.2327359874935,
   -7295.642322602147,
   -10477.59148834187,
   -4522.53799421879,
   -16.556793574655092
  ],
  [
   -4791.399027881108,
   3329.942329090535,
   3487.1046761819603,
   627.5945821154044,
   -3590.0102190807947,
   1944.3063215675363,
   -3450.6901103917717,
   -719.4014459703051,
   -6726.047075762207,
   -666.4279962694307,
   13564.117618409082,
   -1791.0935954282072,
   -3304.8908709209013,
   -13218.240558059335,
   -10173.76347842331,
   -8694.788796388957
  ],
  [
   -1841.67415956267,
   1122.1666258035889,
   847.1266580030624,
   -2205.4916709051695,
   -5369.353960996286,
   1932.683657491578,
   -4202.561850752756,
   -1832.7120800517816,
   -3163.2573764577082,
   838.0825978818658,
   -2266.0601446389237,
   -911.6575819016131,
   -1405.1069770420509,
   6336.6991582731325,
   -3229.3366289667183,
   -8979.060453891156
  ],
  [
   -2189.8998958874054,
   -1864.4841434053726,
   -4721.600324951532,
   61.3742901331263,
   -1576.5493249203466,
   -3925.5312344261283,
   -16120.02128549155,
   -3315.2841326756793,
   2215.7544512684,
   1118.8598362732187,
   -10096.238605770763,
   160.03582080020047,
   -1668.8395845068117,
   1475.8026539966522,
   -3801.027227641936,
   -5611.224480504183
  ],
  [
   -1231.886092339424,
   -1124.984193418499,
   -8007.641667711495,
   -10778.016164939329,
   -282.17588572273337,
   -2950.0182582568636,
   9115.23393204167,
   3173.851956613822,
   -10205.389515393952,
   462.65130128425596,
   -1717.4043927313205,
   975.687874261786,
   909.3967689500959,
   1821.6564614577837,
   -3932.0788614395997,
   -397.98708745739515
  ],
  [
   2283.381515891577,
   -1031.5749938285167,
   -7293.359180593115,
   960.8189432303687,
   3771.829279642958,
   -468.97703512620376,
   -15053.030139236085,
   -2181.8071984959433,
   3171.4048051818945,
   -959.7776996495335,
   -17464.010548966195,
   -2072.1961340769512,
   -2900.93244780463,
   -5564.803566397253,
   -6750.538101127233,
   11248.475352624302
  ],
  [
   -1279.5998250870032,
   2064.7485369447922,
   -1375.620488585877,
   7212.452783757858,
   -1.1407936547798492,
   -2191.7409207959877,
   -19598.36405418066,
   -2135.891029746235,
   5965.527559195898,
   887.7725455190041,
   -6376.966316358854,
   -1054.6907617946315,
   -16865.04258067983,
   -199.12141484180137,
   -6165.154640711657,
   -4815.833500530335
  ],
  [
   1767.7739341140264,
   -335.18634953791883,
   2908.7952685609735,
   4366.381427767305,
   -612.6686949296846,
   5883.047016309392,
   4599.301507837261,
   4889.39696045828,
   -1420.9121799996844,
   900.9800471242307,
   2158.3583266363953,
   1161.31313780614,
   1855.3607859866545,
   -2339.375942691524,
   2166.5213323155244,
   913.3910004876925
  ],
  [
   1657.7156643444252,
   873.7737869447058,
   -15096.483840082874,
   -37867.737082609776,
   702.8668985278986,
   -26347.268653974563,
   -25346.73757078055,
   -14200.377297280875,
   -30523.93057853402,
   -1842.890471654882,
   -27947.95682796499,
   407.4601444620285,
   -9844.16469369443,
   -20798.453366182515,
   -23857.72101834066,
   -5308.093087190378
  ],
  [
   6424.955374955542,
   985.7322282584781,
   12818.756407213925,
   -13053.052639874966,
   -4324.8997047996245,
   -8471.053160200483,
   4959.660793165151,
   -4468.2151661368125,
   -9578.54698519495,
   -658.7255070816077,
   3261.1158076058696,
   -2534.3206563683093,
   416.3501728119265,
   3789.391366851781,
   2592.5318709564194,
   -1795.2393023060754
  ]
 ],