{
 "input_nodes": 12,
 "hidden_nodes": 16,
 "output_nodes": 20,
 "epochs": 1000,
 "lr": 0.7000000000000002,
 "output": 0,
 "epsilon": 0.01,
 "synapse0": [
  [
   -366.98929338147036,
   718.0927904441363,
   1624.8195291588897,
   -1711.3122794138965,
   -427.6066083627513,
   -2809.271901138845,
   -2909.0943003128737,
   -3478.430299051533,
   386.8604523545761,
   -35.19579316076194,
   -1428.5250975174733,
   -935.4599936248671,
   -1843.4212400686984,
   -7606.576928733521,
   -2624.5065728661134,
   -316.89875476594517
  ],
  [
   166.12551730682046,
   -89.67675855506545,
   1848.0891454329198,
   5929.436185308837,
   658.0179977239357,
   7662.655963901309,
   3876.3231331305788,
   6489.203095252275,
   708.9038499556992,
   -675.5562132629234,
   3467.567792084613,
   -800.2603930728292,
   6830.318537220427,
   9462.511057072039,
   -1390.6991632932652,
   -313.5300220778398
  ],
  [
   -828.3633635266032,
   -1948.7510436759073,
   -7655.713008734264,
   -4924.800007387754,
   -2086.213970013471,
   -8185.175185910968,
   -1944.1676691315624,
   -1853.0605651018386,
   -4033.555910317326,
   13.041608538237686,
   -6641.251669874919,
   3249.7507065070904,
   -5929.2832259250945,
   -5837.512206750523,
   -1499.3572885961798,
   826.0470998544549
  ],
  [
   -2691.2282401296684,
   1208.6863002688042,
   -34.75922421588316,
   -1822.5082951539691,
   -1440.234836506195,
   2468.1124440847557,
   -2069.6692505906535,
   -1805.3633384778389,
   -6382.892711175005,
   -192.6002781788205,
   1217.3965159741422,
   -359.80951853909755,
   1046.7271577340998,
   -6426.436569948098,
   -6008.348307986661,
   -2788.4252200588467
  ],
  [
   -555.7561918215249,
   543.1590353566605,
   1646.9981306107325,
   -240.63343399530595,
   -1413.8790948142018,
   172.7220354009939,
   727.7424527330052,
   -4647.56389223893,
   -510.15130694972146,
   742.2386561365317,
   514.3392009019625,
   -295.91105093361324,
   677.2604409646976,
   3530.9158064378166,
   -1132.6149054331052,
   -2537.05135140813
  ],
  [
   -880.7388423760814,
   -571.603968010934,
   -103.65586227786498,
   1607.2464689401997,
   -632.1618191275213,
   -1155.0017943341159,
   -936.2318666707677,
   -3213.565473491416,
   3070.6421230047363,
   694.8240556351137,
   -3083.915578498984,
   -149.53992929771255,
   -2301.4838171075276,
   1565.0346867876583,
   -654.1610219272675,
   -1599.9824752299671
  ],
  [
   65.22562215992257,
   -482.22233407245886,
   -4202.757854704565,
   -4142.548169985106,
   245.17299015764468,
   -2272.872275843331,
   253.22299328396613,
   2972.203638696826,
   -7259.295011464208,
   249.41313523538807,
   -6338.024791432506,
   998.6438391156879,
   495.80524159780987,
   1043.2541462882166,
   -3673.0463818280373,
   -98.68687253476261
  ],
  [
   238.45687782999215,
   -345.1486334352498,
   -3265.9125379325715,
   1955.3849831119153,
   1465.0449883407819,
   990.6222094892772,
   -4630.809065488896,
   730.2523134565761,
   -807.6413085122084,
   -46.303641673213214,
   -3973.532287500784,
   -1692.4290682348887,
   -4233.425809223835,
   -1297.221855161333,
   -2195.839531070142,
   2929.4513391209803
  ],
  [
   -531.0790612860856,
   1167.1915638765672,
   64.45775070900883,
   3530.907283023282,
   893.5465555978598,
   820.5728887467856,
   -6732.596980308342,
   -2701.5182465825474,
   -1647.9220799820553,
   543.6730379521215,
   1111.081666135813,
   -1051.55154279427,
   -4780.845362933737,
   -1984.5972766310374,
   -3823.2097184566464,
   -2428.8877112627138
  ],
  [
   617.3910845055791,
   -226.0987584099819,
   1897.3687889896928,
   1902.9371328741033,
   330.5074109936162,
   3521.2780768757902,
   1238.5710763413683,
   2232.8164529117316,
   254.34196585018054,
   290.2323123434367,
   408.9350002840921,
   1020.903767373939,
   1688.2039424596205,
   -923.5966330740422,
   -156.52970691394978,
   -157.55724748381263
  ],
  [
   320.86059512538304,
   187.34470087697665,
   -5295.182170998931,
   -22655.621097395568,
   116.60598395606524,
   -17272.580969202456,
   -7728.64687011419,
   -6920.978227931704,
   -12842.645582586707,
   -1057.9775728826107,
   -14293.331921182675,
   223.3511261298079,
   -7931.725180290318,
   -13637.941674871583,
   -13176.461820988268,
   -501.32577631930985
  ],
  [
   3587.1103247330657,
   -622.4584434516426,
   5132.010559424885,
   -11569.61964335991,
   -534.2538682765136,
   -11047.749078112332,
   -161.79430767289537,
   -4957.473802289424,
   -3734.114056856987,
   384.77329390429105,
   -3489.4715541205637,
   -1814.5429492944452,
   -3088.8147651007916,
   -2362.915282865129,
   -542.1742669653388,
   -587.3108326655763
  ]
 ],