{
 "input_nodes": 12,
 "hidden_nodes": 16,
 "output_nodes": 20,
 "epochs": 100000,
 "lr": 0.6500000000000001,
 "output": 0,
 "epsilon": 0.01,
 "synapse0": [
  [
   -10945.256023080066,
   -15565.246425986812,
   -19274.73485217609,
   -1791.5300341263687,
   17481.118167765297,
   -8115.682750421143,
   -8327.898593447198,
   -3790.274480060871,
   -13775.710085258854,
   -2910.6450177580814,
   -21273.7321119922,
   -1446.4380046701172,
   8633.7001502088,
   1553.8674325975549,
   -21106.478978322357,
   -8308.955930465507
  ],
  [
   41655.7823374843,
   58831.751898323404,
   17745.42327534953,
   10315.432522609102,
   -7894.596088376676,
   12271.553790622294,
   25584.43547214609,
   -4511.003053962185,
   57982.82800990242,
   7660.112263915439,
   29344.084006760808,
   16771.282637645836,
   -2208.663962170106,
   -9781.621661829355,
   89314.09395781423,
   -4805.111405608577
  ],
  [
   -48038.626558863296,
   -110983.37616832595,
   -63498.68948974689,
   11807.037443966548,
   -14583.711991740578,
   -7318.726049717046,
   -25134.305718666546,
   20780.63393218624,
   -66416.80336695218,
   -30739.936487939194,
   -13742.098908498961,
   -84146.33855562731,
   -23760.880409274974,
   4777.075920229934,
   -46631.66567690467,
   -8523.176160130959
  ],
  [
   -23820.74221629606,
   -64576.393895606314,
   -1196.4142602177862,
   -2069.038155723401,
   4236.194783314488,
   13609.275488777266,
   -9973.514803123313,
   -16629.76745645488,
   -67151.87259759984,
   -14302.240681970861,
   1909.2711058006155,
   -32280.26937249796,
   -6512.881020132367,
   6533.581602869128,
   -30274.150336228715,
   14087.862388549493
  ],
  [
   -17383.06738194776,
   -39109.32887591377,
   -16242.904672730303,
   -12251.80402532471,
   -21447.62694508404,
   3995.452815927745,
   -21535.100585725926,
   14364.823304565682,
   -32420.8267468512,
   -7239.767013054403,
   10890.597901198988,
   -16566.409546818024,
   -1897.3473899201629,
   -12539.372249945065,
   -64247.46013239591,
   -2953.588340962162
  ],
  [
   -14222.797034772391,
   -3922.9251547014824,
   -20448.09874851021,
   2715.88732876183,
   -17764.18649083561,
   3701.935309493949,
   23660.9016112115,
   22553.965632734304,
   -1522.4247223767047,
   -6445.07824746489,
   -15365.893122877615,
   -16982.517126160135,
   6947.3646098295985,
   8680.801628839816,
   10118.759153991912,
   -4409.283978019695
  ],
  [
   16603.493631482936,
   23038.56421079338,
   -11964.20092286747,
   1626.5309134172815,
   286.55646044146175,
   -4189.777188736146,
   4382.322104437928,
   -9638.703850859618,
   37394.103043802024,
   5040.213990602204,
   -9676.322385086409,
   7125.09774224381,
   -3657.2362813321115,
   -4807.961280847416,
   29598.332198961845,
   -8399.307553142888
  ],
  [
   -10935.187799020787,
   -33145.29544100523,
   -3018.8672950276377,
   8930.011796001301,
   -2414.4678384313424,
   -17163.464540673318,
   -7170.228772720565,
   -11979.325099417903,
   -40228.41820315343,
   -12438.927399069755,
   31152.278623864386,
   -24673.89514459269,
   -14863.459639556322,
   -2003.704508695131,
   -11246.782509960036,
   2372.9211930608585
  ],
  [
   -13253.776240101248,
   -41023.77493236576,
   -31963.733009393687,
   -13367.80645578359,
   2459.7958879275843,
   -5300.632508489358,
   -14524.48975083417,
   -12024.724904433584,
   -40339.96250297611,
   2680.2216239883187,
   20539.493875701297,
   -7706.641816738437,
   -230.51118909549604,
   8660.170388074459,
   -64915.9690761499,
   5697.934535874131
  ],
  [
   19231.885366929844,
   23333.537395188872,
   28316.74800503451,
   168.6304890406646,
   113.35399959775879,
   5358.091414355875,
   10950.014570113552,
   -156.0600262590928,
   25096.718513521508,
   6532.9267845226,
   -5798.326999835597,
   15524.872415549014,
   -1949.2745816972888,
   -4464.144694205501,
   44877.84971074063,
   -6099.7080795322745
  ],
  [
   -10100.868345140718,
   15565.39792463459,
   54087.46900444519,
   25513.658701961092,
   -15936.146437826239,
   1887.4039114138207,
   15429.757409909596,
   -25453.835909855377,
   -21213.95717917461,
   -11796.127376369823,
   -20229.702026055962,
   -8425.336381167366,
   -14132.237272702396,
   -10245.1142220652,
   41804.95314180562,
   -4422.077783238759
  ],
  [
   8157.879161368576,
   -37945.51728880066,
   -42480.91017183286,
   -8709.540537640445,
   12333.189283670883,
   -973.7401716417658,
   -17750.11608670419,
   -17546.913301224064,
   -28722.323301404216,
   950.0919640516454,
   13196.122093403648,
   -8474.666946657842,
   9771.205501640216,
   -6330.835713526195,
   -58779.56469230882,
   1596.4860557105364
  ]
 ],