{
 "input_nodes": 12,
 "hidden_nodes": 16,
 "output_nodes": 20,
 "epochs": 1000,
 "lr": 0.7500000000000002,
 "output": 0,
 "epsilon": 0.01,
 "synapse0": [
  [
   5120.682069624209,
   113.10440142727971,
   -294.8223357917674,
   -4750.808177481717,
   -2546.4742638524654,
   -613.5499081900199,
   -3450.8344481498298,
   -324.21474502460427,
   3512.0906899973784,
   -935.7229289414317,
   1498.2259172878296,
   2722.3708252756956,
   896.2826291088255,
   3833.6710393780013,
   1817.3187689847275,
   -563.1444567476705
  ],
  [
   -7529.151290745293,
   -4823.805534565085,
   -382.7614645563087,
   2752.4841461470664,
   -965.6562548673735,
   1214.9779648267538,
   5569.641410772316,
   1556.3004495981093,
   -7779.116014353897,
   -725.8224623700477,
   -99.82508579322612,
   -2886.8031751716035,
   -1486.341079088274,
   -5042.206122591168,
   -1600.1306893688063,
   -1897.6792376718704
  ],
  [
   -537.2700185644294,
   -56.4360777655059,
   4238.393228005414,
   -1445.1518900130286,
   -1704.1821096766514,
   -676.468268582249,
   -3562.0537806390394,
   -1485.766511122515,
   -555.7918190885966,
   -367.48158030482256,
   -6487.747755820197,
   -1451.1736556253707,
   223.08612414586915,
   -1879.4158445032713,
   783.3657170521153,
   4700.77190422726
  ],
  [
   -4097.444702971466,
   -2185.6906296653206,
   269.33339878179703,
   -2878.139645581059,
   -1189.730191971384,
   535.176179863979,
   -1196.9933693554997,
   1566.75518712986,
   -5398.053770960623,
   720.9853216907269,
   -342.1477630503197,
   -817.0841111095715,
   -1785.6066926732349,
   -1088.7292279022918,
   1295.2363831705736,
   258.1912869894751
  ],
  [
   -843.5879242577851,
   -1547.5923418161444,
   886.6133257651442,
   -777.4093338812755,
   -3693.49720695661,
   -526.8165103993017,
   259.2878038767569,
   1049.8683861328977,
   5907.76894867197,
   1213.1751665634815,
   1301.277801170383,
   2924.584859878792,
   -23.32526326861801,
   1144.8427918983564,
   1052.3461489862186,
   431.4806959202401
  ],
  [
   4259.53034671953,
   6026.307125188884,
   1266.8865923097933,
   -1596.9264153541028,
   6744.96530386652,
   825.6241405041139,
   1553.500514837821,
   612.9576062676906,
   5376.646652974343,
   1351.2487888779715,
   469.707841101143,
   3558.777926197516,
   -565.3112907840581,
   267.18434019877344,
   756.4671080691319,
   -980.7250423351472
  ],
  [
   -2522.9123709545997,
   1036.9318217184652,
   -1801.3463276464072,
   -1083.6685417025758,
   2292.5031022873027,
   553.6844179233686,
   -116.58596725145833,
   -1099.3164373358336,
   -3005.0055162973763,
   -1748.9953896617485,
   -1933.3708610201047,
   539.791065415022,
   35.22764969190232,
   -1943.506652420585,
   142.46320837102041,
   -4323.060851461122
  ],
  [
   -8783.891679050339,
   -5533.911396924637,
   -1261.1608543724583,
   -1011.425911157192,
   -6994.719225291803,
   -90.45851042430397,
   -66.21287596597618,
   -718.622140904087,
   -10263.031677712674,
   -4873.669539914523,
   -771.914590910678,
   -1761.43207663349,
   203.85662263834004,
   -11044.913038015671,
   -1825.382311397049,
   354.937845385425
  ],
  [
   -3993.604964655738,
   -1293.8481966942404,
   -51.21044825756781,
   552.2972821396165,
   -3948.986767647668,
   -578.5062870099257,
   -906.8609715994314,
   -932.8831704534331,
   -3676.3562135946277,
   940.4169943396055,
   669.9203257086771,
   -1609.2329841549686,
   252.02513626171725,
   -2161.1447482668336,
   -799.5539361989918,
   675.9346956158399
  ],
  [
   -5946.079109422643,
   -3048.0411321365414,
   -2817.750554140188,
   505.8728114181753,
   -2846.9111354406014,
   -76.22052403192153,
   -1992.5646571348707,
   -310.8865317001193,
   -4469.086989236286,
   -2418.865241741862,
   -2421.3382282857974,
   558.6759600876096,
   665.6919042628892,
   -7110.490035363944,
   -1035.2200011858679,
   -2545.7040891184015
  ],
  [
   -5452.874569442838,
   -287.558943618474,
   715.2025898013029,
   1440.1402202249194,
   4754.215423520289,
   27.77608692344236,
   1482.780895246098,
   -3567.7886445722784,
   -4677.931920996414,
   -3371.4823082278963,
   -6368.098016794249,
   -5990.476890448178,
   -261.5450462123525,
   -998.953127239378,
   336.33318095840355,
   -3278.1003181333494
  ],
  [
   -2130.022408361918,
   -9422.799556892027,
   -1503.5791787139829,
   -1202.7907536230666,
   -7952.801965298809,
   -44.17870125069263,
   -327.82336942850645,
   -487.54820547078634,
   -14055.46280854057,
   -5318.056171160215,
   758.0600953690781,
   -4255.193395475787,
   1120.222619365003,
   -2074.3078354471513,
   -597.5547119467532,
   227.05774491579749
  ]
 ],