{
 "input_nodes": 12,
 "hidden_nodes": 16,
 "output_nodes": 20,
 "epochs": 1000,
 "lr": 0.7000000000000002,
 "output": 0,
 "epsilon": 0.01,
 "synapse0": [
  [
   10132.884544440463,
   2157.317819327696,
   -870.1763589208713,
   -5857.4488058507395,
   -6149.527215038774,
   -6848.653950616656,
   -5092.743302585383,
   921.2837427145604,
   -4546.159082588386,
   1732.3043886545433,
   1516.993672770946,
   3304.1266944248355,
   3689.089612805898,
   5975.056252474086,
   -146.33101004249497,
   -3778.3759258571504
  ],
  [
   -12393.69296435352,
   -7833.212814700057,
   9.569649701702584,
   1186.131841031639,
   -1099.8395930355814,
   6319.3120273028835,
   11850.51713350255,
   1799.272362363325,
   -6372.310869032462,
   -1118.3212011208573,
   4149.399903472921,
   -7658.881605836201,
   -2917.4192227133717,
   -10719.833403257919,
   926.7370910076215,
   -1559.6250315769541
  ],
  [
   176.67883807110724,
   3400.403818328423,
   8792.301040281074,
   -1223.7090996997124,
   -7125.218476385509,
   -4743.938417806511,
   -13685.01049622526,
   -190.74576307136843,
   -4141.354900149448,
   -90.52538159831698,
   -14400.612120609489,
   2102.326051200014,
   -1271.3098661744161,
   -11002.186129400885,
   -2464.1052552926526,
   10956.142036641739
  ],
  [
   -2615.7952535257405,
   940.146993677239,
   702.2910020851563,
   -1533.2712731657734,
   -2134.8028541750655,
   73.55454762933053,
   -9719.405983683197,
   2184.723077177874,
   -143.66516318322522,
   1536.4489919831394,
   -336.31004802959586,
   2109.0603924055663,
   -2567.761702932896,
   -2355.485603355799,
   3618.5462705421046,
   -600.8410010107924
  ],
  [
   -5442.606792723189,
   -4121.70087377461,
   4046.4190699551386,
   -1749.4406434985146,
   -9164.822259629625,
   -2360.955676216612,
   2839.8546285722696,
   -981.6859876522749,
   2255.306010204894,
   -400.80383411642896,
   4767.406974020941,
   3870.965248114905,
   423.916647460258,
   1907.1609116915288,
   -193.0210134637503,
   -1604.7340062958945
  ],
  [
   5473.64215757316,
   5391.892789017088,
   1566.1718303293662,
   -934.2369015543117,
   13833.04405752983,
   -70.03534875365393,
   4828.453012420872,
   3253.333371734177,
   19225.04497776662,
   947.3710711618678,
   1539.2129569501358,
   4967.460163110465,
   -3551.9296718825403,
   -6821.296570494256,
   2799.2039145551425,
   -3297.0413541835424
  ],
  [
   -2988.0275530984295,
   2714.382275134084,
   -2289.5536854736074,
   2173.9521910266976,
   675.0263808511421,
   1081.3056148204732,
   2098.4451718100026,
   -1265.8120397000903,
   -13689.170003591715,
   2016.372509925511,
   -1989.9221843465239,
   -955.8707390475208,
   -823.207858312927,
   -4460.760259595787,
   2715.6813438088393,
   -9374.54180053936
  ],
  [
   -18279.21804438218,
   -8832.388714959985,
   -2109.5303927723558,
   -267.93726144640465,
   -5119.6529359774795,
   -1140.9269896832445,
   5323.698029178632,
   639.5137485919745,
   -29145.51637813915,
   -8984.52382304813,
   823.5923484820382,
   -6275.403905491136,
   779.7456119530412,
   -17464.632626822306,
   599.4635168438392,
   -1240.5366404805925
  ],
  [
   -8810.701574126746,
   -2565.98074929664,
   1221.3439383453326,
   178.7771970208187,
   -6241.191236697943,
   -1004.8011898988638,
   881.654251418535,
   -2127.8035489307554,
   -7158.104173177718,
   -560.3987623696183,
   -3544.86379131972,
   -2574.1805252572985,
   973.1581595425682,
   -3303.085317164351,
   -887.4911462953092,
   1375.076809868686
  ],
  [
   -8225.214336382192,
   -3313.137377374853,
   -5786.9856176517205,
   189.16764065420773,
   -3925.8796800738924,
   -4043.824126837246,
   -4357.688862305497,
   5.456173133156446,
   -9381.514312081383,
   359.9140848086521,
   2475.978270929607,
   1501.7143973713512,
   1152.7202673249928,
   -12210.147345536941,
   -2698.5347512023864,
   -5873.668257264032
  ],
  [
   -12843.736580136874,
   3516.561817992484,
   -1171.5579399956332,
   2921.0462434509886,
   8485.93893876343,
   1801.2109525754754,
   6204.762534484091,
   -5779.046951907872,
   -19506.29032647847,
   -293.41555007228493,
   -10405.98464587191,
   -8092.609745091354,
   -853.4113304841848,
   10199.493592332723,
   2449.713733530307,
   -8402.704340428325
  ],
  [
   -7197.8683286175265,
   -6504.695967122504,
   -2129.725422260744,
   -1151.7172525982915,
   -15301.202358018827,
   -1287.895471399242,
   -5921.935701070541,
   -1586.9843342315212,
   -28841.319121108463,
   -4213.222077951589,
   -1122.4314604183323,
   -5680.03661288967,
   1684.75686266526,
   -12392.08664127308,
   -1882.3542705521975,
   440.52455794989004
  ]
 ],