{
 "input_nodes": 12,
 "hidden_nodes": 16,
 "output_nodes": 20,
 "epochs": 1000,
 "lr": 0.9000000000000004,
 "output": 0,
 "epsilon": 0.01,
 "synapse0": [
  [
   -5610.537322543001,
   -2002.8515934151205,
   -1407.407739651829,
   -6690.878533805579,
   -48.753392459258045,
   6920.657487539137,
   3056.5601040630895,
   -9527.421782651163,
   -10579.549716057134,
   -10048.536916084857,
   1513.6830076169188,
   -13263.303910089962,
   1848.285925544214,
   -4351.2921576209255,
   -2988.586195080807,
   -9458.905284445551
  ],
  [
   6431.101935383376,
   3138.1984854812317,
   8429.19020081302,
   12156.043148224693,
   3364.9879094217413,
   -11088.2047064473,
   -4658.332819989036,
   9685.21610387811,
   9498.900641998725,
   11164.39210598482,
   -755.1491903761005,
   19165.655700876752,
   2263.1565936682678,
   2472.9537398064645,
   -2494.726103469096,
   7803.426095597713
  ],
  [
   -6580.800003293611,
   -979.8224747476802,
   -35629.12842299552,
   -24349.74759237897,
   -3605.3313811318417,
   -30701.17759817052,
   6666.38540627295,
   -19206.453330165397,
   -51370.99830779079,
   -19032.744659512515,
   -5635.434813951778,
   -10124.261634502856,
   -8767.426651761976,
   -43135.94959937432,
   -11847.666176769528,
   -17534.37836335003
  ],
  [
   -8084.0058942271025,
   -1671.7222084105185,
   16282.983271783893,
   1561.5395293484235,
   5928.4464278391015,
   939.6811316447483,
   -231.297683975117,
   4809.487927591649,
   2047.75310070426,
   -2809.5492590483605,
   1267.0601106210836,
   4612.543455089885,
   4009.0308403764507,
   11017.285162541402,
   7436.831501723051,
   -1320.2151453653248
  ],
  [
   -9335.35869023045,
   -1065.408713042003,
   -9900.998017949189,
   -19913.637725346074,
   -394.3318738738934,
   -27104.685104563254,
   -1620.2487256327115,
   -21434.406922447364,
   -36858.56632796097,
   -13558.751395400788,
   3230.0295335139976,
   -11899.799102516727,
   -5290.546343461359,
   -21414.661410701865,
   -20627.618424812972,
   -16463.620347048764
  ],
  [
   2761.9544207531007,
   -5177.100759029004,
   -6739.702973399743,
   9262.563739013749,
   -9957.003223407088,
   -8489.1357141696,
   -3283.6361987757114,
   2831.405257356908,
   1320.7627868174459,
   -9890.129029626818,
   625.922389747954,
   -4273.1779230201455,
   -1341.806417908408,
   -7745.860662585074,
   -10515.873300340805,
   1214.3557385116635
  ],
  [
   940.504051376403,
   3725.1552876354926,
   -4140.175178595054,
   -11752.914441708244,
   -476.56129392609273,
   -7635.132147997469,
   2971.765346577015,
   -3030.1453575125247,
   -9359.40990837805,
   -4484.482712151667,
   -5271.971641425175,
   -5036.504286155347,
   -2753.1963174672983,
   -7282.467452718964,
   4032.8651877238826,
   -6503.675611126502
  ],
  [
   -4428.883317057121,
   5522.312479888114,
   -14206.57547986811,
   -3199.252010627062,
   4743.816845036896,
   -28748.535480959275,
   -742.6287703236662,
   2635.3234171924696,
   -10198.017461800187,
   -3148.060620158958,
   234.00248735788358,
   -11857.54430081463,
   -9872.047737657114,
   -31536.1555221881,
   -6919.869952006943,
   3511.4848600526952
  ],
  [
   -3557.9738472321824,
   -2390.281494800497,
   9891.605742104424,
   3730.678715277816,
   -3719.3530430213173,
   420.53454055984787,
   -2816.132900937327,
   1372.113850072376,
   1390.3594946676112,
   1552.1566434828808,
   4783.388073163705,
   -8620.667301126943,
   222.0125730216975,
   176.67373542300996,
   -2724.4978714298472,
   6373.709942769701
  ],
  [
   -1230.5041022236505,
   5843.867957334436,
   1177.911175503796,
   5113.164681198144,
   -4448.331027615589,
   -1621.4044993034713,
   1106.0516027507597,
   1395.3651471163091,
   17162.90237371592,
   2802.057397963685,
   -70.17702719929721,
   -2087.8896555408796,
   889.2700745682322,
   1648.828122442624,
   11555.949363460102,
   6086.95972478779
  ],
  [
   1963.8486011039915,
   -2741.283592031696,
   -6848.63670428477,
   -16727.78603900114,
   1641.324670383208,
   4176.370954239146,
   1320.4527368665817,
   -14894.670178558245,
   -32379.997267457053,
   -19388.41938753959,
   -4902.719086914839,
   -5997.731574068666,
   3122.6176947714052,
   -2027.3934347606028,
   -4205.44939309667,
   -21756.365970402883
  ],
  [
   5142.723138924833,
   1549.2798800868156,
   -7609.982566299927,
   -12297.022567304448,
   -4501.701664404098,
   -6482.196533369384,
   1933.9761373079664,
   -14809.703204489475,
   -12956.771183460034,
   -8538.354269259975,
   -2096.938852448476,
   -7784.053403085362,
   -247.47018626696124,
   -13081.135535605712,
   -12914.33467372507,
   -7288.623828501314
  ]
 ],