{
 "input_nodes": 12,
 "hidden_nodes": 16,
 "output_nodes": 20,
 "epochs": 1000,
 "lr": 0.4,
 "output": 0,
 "epsilon": 0.01,
 "synapse0": [
  [
   1120.4901149926313,
   284.0424562465253,
   623.9897287283567,
   256.31949237021445,
   -325.501734989072,
   -1268.1240292888126,
   570.627687172154,
   -2756.767952586358,
   2061.4178091773792,
   -2893.8713317615243,
   1248.1060976465678,
   2269.759398283533,
   2103.9436709637043,
   538.8986519399718,
   1097.3500550382726,
   -1438.7935019430968
  ],
  [
   -2160.029988238387,
   -1164.0172570156826,
   -1456.530666301935,
   -757.4738673946493,
   -4087.3977380779684,
   966.5816860533827,
   -307.6143414787031,
   2380.984119039321,
   -4096.577600986851,
   2474.722936420068,
   -4688.792859565938,
   -2224.9326760451063,
   -1957.2530600185967,
   -655.960063301155,
   -550.218447991767,
   -1808.3148454970026
  ],
  [
   -1508.5381101022315,
   135.3993723481937,
   1224.6563657566387,
   -215.9437751520092,
   -6715.065561750365,
   -1679.556172808154,
   -1490.2992917606327,
   -271.865432509592,
   96.5644352931469,
   -3324.594767718363,
   1511.8922431489405,
   6452.984864344455,
   2241.815251392399,
   -627.219173799647,
   -1141.4007267260195,
   -6936.926233290976
  ],
  [
   58.561893660324095,
   -2896.7777858689624,
   1463.3217059897634,
   -1.2513305786003905,
   -14674.185214320058,
   -800.827538479244,
   -4376.876918059782,
   341.51021988414743,
   -6402.80394867367,
   -4741.04234367076,
   -13027.576839762152,
   -8498.512752437027,
   -7455.504168155185,
   -25.009739374194858,
   -8653.681151512234,
   -4031.4114930282212
  ],
  [
   172.02430411189323,
   -1195.6336000892884,
   937.8231132261068,
   286.5550126615344,
   -4033.2975233647944,
   -1729.2355544292748,
   -2160.9449212637533,
   1299.850093972367,
   948.7009639888802,
   208.03016783646282,
   -2575.2882310773803,
   -1193.34308323005,
   -139.97463581706475,
   24.661765359747545,
   1830.8858293869152,
   -3277.903706718646
  ],
  [
   162.23209396473834,
   -3595.148640083874,
   -1334.4844473899957,
   105.49246595653597,
   -111.46975887753699,
   -2975.5923778716974,
   -1498.6169434654782,
   2653.496464930836,
   -4365.002386372031,
   -3420.8304349017676,
   -1425.4569753279725,
   -5500.16335563911,
   -5570.238353372305,
   108.56252032433012,
   -4480.4978995497395,
   1184.3830662541013
  ],
  [
   -1551.7377519206225,
   -3060.5040065948756,
   -1611.7039881136245,
   -9.153043441193065,
   -9590.343956405264,
   -484.2544582575047,
   -3081.411767045871,
   -597.623430324304,
   -6164.262647418085,
   -1042.1577517505036,
   -7312.794072324994,
   -2487.337013121675,
   -2786.2150873386963,
   -1349.1643401489314,
   93.29572051820516,
   -4325.11634365894
  ],
  [
   680.5000796777903,
   -714.4273766373043,
   -539.8214050128659,
   -272.2962363212127,
   19.186615737842022,
   -1625.4406514134475,
   1308.3162983901,
   -2280.502304025849,
   -2255.3820341172086,
   -1503.3537340771509,
   -3392.0781069300474,
   -7183.268046546146,
   -3259.9097656162776,
   -209.16731183222063,
   -3764.191575348107,
   -2789.50282962936
  ],
  [
   -1201.7820386523294,
   -2095.1292248543614,
   -1575.9432970484156,
   -103.081023005509,
   -5165.195126716353,
   41.46580227751818,
   503.5052479558614,
   606.808098371804,
   785.0570437786567,
   -1626.4753773825694,
   -1380.4126172803344,
   420.4872659942009,
   3104.0865419262173,
   594.3586957032913,
   2152.332013030854,
   1257.8745801334258
  ],
  [
   -733.5665275633897,
   -1204.3096766781157,
   311.02743010670684,
   -250.2680602111476,
   -1291.6253927558391,
   2254.8741454736737,
   1944.4324661293135,
   -1063.935166477255,
   1892.1555512423345,
   2523.405301696285,
   -4091.6164137488063,
   -1984.9773715480967,
   172.56714964699805,
   997.4915873155495,
   -3951.5603675183997,
   3319.1263243868816
  ],
  [
   392.7769687781674,
   -1656.7353098573196,
   -4251.676604603875,
   480.9451587177045,
   -3967.851025858585,
   3060.6714471133837,
   -4625.545178416982,
   -1872.9539463556064,
   -6891.0241246391015,
   1444.343842117663,
   -4795.091974380158,
   -4404.119075999486,
   -4815.4053057051215,
   -2901.3743116498613,
   -7114.763859039432,
   -3039.3721347381725
  ],
  [
   2660.912318365975,
   377.88278213236305,
   20.796520247091397,
   111.79795448647096,
   10681.946813460565,
   3336.0778814379264,
   -1948.9331316348846,
   158.10179974057652,
   298.39484599940073,
   5732.308605532692,
   1326.2553720815042,
   -1594.185673942514,
   -2385.9116001867537,
   1158.4560018243876,
   1474.819673625716,
   7931.713960679198
  ]
 ],