{
 "input_nodes": 12,
 "hidden_nodes": 16,
 "output_nodes": 20,
 "epochs": 1000,
 "lr": 0.7000000000000002,
 "output": 0,
 "epsilon": 0.01,
 "synapse0": [
  [
   910.8352984889549,
   1016.3766565769555,
   4.820202042030972,
   343.8742684805106,
   -544.8673158372682,
   -1874.2133472338678,
   758.3925476089114,
   -3275.3735694475026,
   938.2012748551338,
   -4080.3751626891344,
   5235.58462226592,
   3151.0704625523076,
   4935.798638497958,
   883.6512633750149,
   407.80213627017747,
   -401.5934896676885
  ],
  [
   -2220.809371412264,
   -1956.2033384234935,
   -2252.954310817841,
   -1086.938301465501,
   -5422.315923356576,
   1305.835532947498,
   -647.4393840423105,
   2337.9969004033,
   -4319.0717718166525,
   3157.577999156692,
   -9160.58523467044,
   -4395.421856888848,
   -4004.4408901530023,
   -737.1381201661934,
   -936.9853364848155,
   -3299.094893986866
  ],
  [
   -1952.2930954181845,
   775.8773353064519,
   -70.85882243627674,
   -683.3364975711671,
   -8660.112096404848,
   -1931.9390745144947,
   -1859.8618327101328,
   -73.5349383066083,
   -2696.023461362091,
   -4382.722227887196,
   2676.112435891958,
   7832.476738060582,
   3937.940012993642,
   -209.63133268201102,
   -1902.5677314489703,
   -8639.95328765811
  ],
  [
   -238.42724157314808,
   -4391.3483214731505,
   2992.7216344114677,
   201.5434662615873,
   -21123.36888228833,
   -795.881751093382,
   -6057.493055115723,
   777.1160231204052,
   -9157.4851913587,
   -5819.823308012257,
   -22495.69880915636,
   -13283.928493371708,
   -12601.231897612282,
   99.04712272404703,
   -13558.917055254398,
   -4564.963532947257
  ],
  [
   -294.4183950754121,
   -1133.1922662373954,
   1523.5902455478292,
   395.5902630055788,
   -4875.6162527070455,
   -1861.3163616242111,
   -2260.4086002289314,
   1893.7184864035573,
   361.29497775855583,
   136.60534113039373,
   -2192.0713008347766,
   -310.01732516241935,
   -399.06577854187043,
   -133.20252208023692,
   2536.9343612112834,
   -5260.418470902303
  ],
  [
   204.72294483353744,
   -5106.260703796023,
   -3468.3919922668592,
   310.19591243273345,
   -486.512230577836,
   -3744.6686446618032,
   -1681.7316473156654,
   2697.047824796256,
   -6742.890863186255,
   -4441.0317113845595,
   -1394.1399319278785,
   -8366.423484335386,
   -8061.81258667991,
   -208.7279055549753,
   -5891.650538475019,
   2752.0820068568105
  ],
  [
   -1734.8551164667338,
   -3697.602854145652,
   -4600.660317601566,
   -199.28932000581133,
   -15274.645247865546,
   -780.2609348827859,
   -4139.452811412638,
   -1206.5975907530249,
   -8102.042771907724,
   -1421.802182520598,
   -11739.922701802572,
   -3762.839052942019,
   -4510.1716538406845,
   -1316.6189298782108,
   -1175.668203270425,
   -7190.029069169942
  ],
  [
   457.26235108464516,
   -1401.5382119801648,
   -1999.3878738241165,
   -27.029004645004246,
   839.1681061092336,
   -2534.4288205514194,
   1895.1512086300331,
   -2733.5971575728313,
   -2554.5517387457885,
   -2253.9550642369927,
   -4716.96594419664,
   -12161.692288157068,
   -4525.149540956755,
   -658.8313238557694,
   -6033.441065778624,
   -1519.3207282602548
  ],
  [
   -621.843973726534,
   -2851.874630592819,
   -5333.589185307132,
   -319.2626485695921,
   -8160.188679521609,
   490.2908052419776,
   -1024.5870463322387,
   624.1882534569484,
   315.60894323815387,
   -2939.339138840587,
   -3568.169313673383,
   -1527.3336598189535,
   972.0874963124271,
   901.6491211298272,
   -1108.1874191743113,
   1471.8148217466721
  ],
  [
   -704.360146810737,
   -1852.8773707424157,
   -197.2339929787058,
   -509.18242895592533,
   -3082.192586663488,
   2947.087859649602,
   2676.592635337307,
   -1758.7275449172046,
   258.0875216268559,
   2997.30689070898,
   -5206.848219826207,
   -4068.2436613387877,
   -815.9943656503507,
   1236.9762837882638,
   -7792.271734639846,
   3365.812993515252
  ],
  [
   217.7717567800741,
   -1790.9047087463528,
   -6477.31079750897,
   686.5470372826588,
   -6250.174893870275,
   3615.6729900057694,
   -6221.82067986099,
   -2640.249822848778,
   -8714.370359356051,
   552.7196504809818,
   -5945.9278515296155,
   -5232.278102058564,
   -5610.017935156505,
   -2782.8616453366917,
   -8581.574533349849,
   -1031.858283141811
  ],
  [
   3471.6401956953314,
   708.5329224854077,
   1010.4919670657406,
   2.8597169121686563,
   13778.5620482584,
   4044.0950618498446,
   -2403.9189589681196,
   823.7205595132739,
   2751.914041588739,
   6338.937898030293,
   -1253.3127291085336,
   -2105.867413909685,
   -4306.951988068629,
   1145.9754783561484,
   3167.430339451389,
   9887.787499822343
  ]
 ],