{
 "input_nodes": 12,
 "hidden_nodes": 16,
 "output_nodes": 20,
 "epochs": 1000,
 "lr": 0.20000000000000007,
 "output": 0,
 "epsilon": 0.01,
 "synapse0": [
  [
   -3097.5730764778723,
   -19072.014119582735,
   1531.0687570951764,
   -8867.711332896264,
   -4073.3677089240246,
   -3947.014875002618,
   -975.7973068837973,
   -1774.658250692366,
   -3043.607614442644,
   -3579.580978043012,
   737.3061951885364,
   -5658.243317131997,
   102.30552904033505,
   -2274.0871933574003,
   -2767.1286132673936,
   -3778.0067595844293
  ],
  [
   5822.147584464223,
   11425.850654448952,
   -483.09890809634055,
   4170.809012963704,
   7937.188885515118,
   1024.7725363742938,
   -3512.050423892778,
   3113.9221941424444,
   9250.373004757823,
   2656.090545616899,
   9526.700739477192,
   11353.162683862307,
   7410.002056959447,
   297.9956374389919,
   2401.3854888465985,
   5902.236694471692
  ],
  [
   -4925.96397277767,
   -7150.6284718745,
   -269.6079981692737,
   -5563.755921043057,
   -18242.21016655513,
   2992.4267572495005,
   2218.0342708649205,
   3884.9475293591317,
   -17242.790269387096,
   -4143.123474823402,
   -6622.427913999535,
   -9661.055474930321,
   -3281.0433885102248,
   -601.7941546328941,
   -11658.587237712842,
   -6663.887322805414
  ],
  [
   -1398.7007234177652,
   6913.459222395902,
   -345.933004814997,
   5625.2462691840665,
   4960.027346223312,
   -3154.86027660436,
   936.2533509464548,
   -4572.596521773045,
   -10857.27213600909,
   3140.4908568793694,
   -3491.3408157933054,
   -372.41818879290713,
   -3596.892788782884,
   -1143.7750738697566,
   -8324.475462705434,
   -3765.014120154449
  ],
  [
   -3455.5219870445994,
   -13394.433518682468,
   549.3359848618825,
   3154.7821597346283,
   -450.1650184037859,
   2253.478240475666,
   1856.2305559154622,
   5063.227048281749,
   10116.847047847508,
   2819.0381656165164,
   -9793.116184586943,
   50.79975956874927,
   2015.1449405692908,
   1064.3145779652743,
   -3143.916494910933,
   -1321.0555540326704
  ],
  [
   803.4379455533699,
   -1977.306350650837,
   -540.4556134393267,
   -11784.053463266551,
   -1489.565776806067,
   -8891.275193911393,
   1973.7574026541859,
   -4642.820100071691,
   -19290.031044584295,
   -8299.569170324705,
   -10300.2902156226,
   -2501.8286212693806,
   -21388.090367207868,
   865.6817835639088,
   4613.767033311798,
   -388.14442436285304
  ],
  [
   -32.867405303278154,
   -11721.292606412084,
   2211.066299734735,
   -9080.91597105064,
   -656.4441208568958,
   -331.1618596625049,
   731.3597806838247,
   2457.883868982733,
   -9642.045107279675,
   962.5628803329334,
   45.331865106635426,
   1713.5775071291957,
   -1492.3238568462893,
   304.1435701768345,
   -2201.5493319694524,
   387.39114161731004
  ],
  [
   -270.6199434634279,
   -14210.289271858193,
   -2068.689341183391,
   -16490.400020684832,
   -2837.2113502589327,
   -7096.8239899791,
   -68.649744653724,
   -6600.026999465636,
   -11979.171970423138,
   -15526.999499946412,
   -427.62630137738654,
   -5596.646406544938,
   -6278.224204066905,
   276.3769174957786,
   5776.9389037699175,
   1287.2980484189509
  ],
  [
   -334.6663748782812,
   -2378.242423015362,
   800.213148826009,
   -25730.124194430955,
   278.8807371911225,
   -12347.345527662139,
   713.265011315747,
   -6841.198630926383,
   -25402.738052418623,
   -16355.558832488634,
   -7010.290216952685,
   -7387.490302792705,
   -24355.678107371532,
   799.052464484876,
   -2285.6864038737567,
   -4489.866949286656
  ],
  [
   1102.1909788531061,
   -9871.384973398377,
   2455.4416624703545,
   -15344.775831997336,
   4022.3278458920795,
   -7193.846439292418,
   -657.2675336281911,
   -891.5710308241728,
   -471.25843285842467,
   -3347.525035961543,
   -669.1573285840567,
   2239.225050259043,
   -4762.125673284082,
   -837.9997810877285,
   1692.8629087903594,
   2501.4570558583328
  ],
  [
   -6363.608401489314,
   -41578.470592698424,
   -2374.4917981926783,
   -35675.72916063719,
   -6833.750021859253,
   -29653.9197102906,
   1545.0977588176918,
   -21038.34938161309,
   -31630.00942540225,
   -29355.75208078085,
   -11574.036823499595,
   -23059.315978891493,
   -12743.054457773778,
   -4409.7603629961795,
   -6080.24666701243,
   -18206.366929026044
  ],
  [
   3827.3323081843073,
   -11160.114718001063,
   2379.570396077435,
   -16136.396619683119,
   1820.106097315385,
   -7167.362198435694,
   -3697.7451118666454,
   2976.27608516612,
   1530.117344129089,
   -2386.0375535485546,
   17371.45038899551,
   7291.968988647916,
   4538.710213519636,
   -5311.427484584637,
   1759.4268340481105,
   2421.0246717308664
  ]
 ],