{
 "input_nodes": 12,
 "hidden_nodes": 16,
 "output_nodes": 20,
 "epochs": 1000,
 "lr": 0.7000000000000002,
 "output": 0,
 "epsilon": 0.01,
 "synapse0": [
  [
   47950.22205409514,
   64483.04526337298,
   3173.8112939312746,
   74501.4198118549,
   -28410.015263076515,
   75034.30278322926,
   -48419.209720101586,
   195877.19726886926,
   53348.18930060022,
   -97976.24025739907,
   66570.10592223733,
   43600.469531336006,
   10720.44082008859,
   158781.17099899164,
   76960.59260297337,
   130728.24241794094
  ],
  [
   21320.323847034237,
   -45658.33462709217,
   31012.731200284477,
   49033.19235670066,
   33316.78543921358,
   -27328.638573849057,
   127803.37197408028,
   -91281.2250656701,
   9337.680078344116,
   67765.70058586041,
   -61345.41320719757,
   26776.058233086293,
   -23018.923454683187,
   -76469.87856555119,
   -46574.147223683016,
   -73143.91994362252
  ],
  [
   7476.77101805358,
   -24617.590171029617,
   -116189.99251041393,
   -89625.40788491869,
   -139335.60381840752,
   -123893.16099848939,
   -164817.55332398476,
   -167155.7938825276,
   -121658.53726746046,
   -288557.48047331115,
   -165357.5563230265,
   -140363.15719654493,
   -43143.8275799837,
   -148582.16482734052,
   -185153.75526111864,
   -128668.62009187062
  ],
  [
   -14682.728165365643,
   50640.99471453017,
   -42550.372934312734,
   158768.59552812966,
   -78532.71379791429,
   117749.33149956721,
   -75188.08296261542,
   265733.23996286833,
   121836.275999501,
   -95666.7193899411,
   100879.7348003965,
   66128.83368749167,
   -5691.832504461821,
   208894.21999409044,
   94014.5102223178,
   157219.59077023363
  ],
  [
   -42454.771504543714,
   -27021.727319426565,
   -83309.2379921889,
   -16465.15623638575,
   -123613.33618765413,
   -35126.73872926223,
   -39978.15681064185,
   -85475.22075420788,
   -16164.529208689768,
   -196140.72229500662,
   -63806.93899692849,
   -66430.57829972797,
   -42862.710455849745,
   -135911.10901560396,
   -61126.87751006972,
   -58826.053709081454
  ],
  [
   -149585.5680061451,
   3179.758554592947,
   -59745.77707620877,
   3339.160845547355,
   -83195.56476984001,
   18523.511942808844,
   43318.053984656195,
   -70257.07842835868,
   17350.840808214343,
   -94623.26426184505,
   4335.61721599252,
   -35081.75686780302,
   -10302.280218081136,
   -57831.3743408312,
   27664.207320414433,
   -35134.93316113212
  ],
  [
   -2824.8596848693255,
   -27014.247537509877,
   31735.861063832865,
   -30974.83341357814,
   39700.5141845721,
   -6610.153152657331,
   40926.255389538244,
   57102.49509385065,
   -3416.618875843571,
   29186.107544950453,
   -40178.89727564881,
   46386.62299304851,
   -18858.150281230646,
   15755.819881849891,
   10833.067993769402,
   -28707.60399512183
  ],
  [
   -57025.99995895179,
   -29785.153628829525,
   -76162.82871649718,
   -16793.217197275044,
   -120650.35006104878,
   -35313.777125676745,
   -38647.952501259286,
   -91436.89228043352,
   -19586.991263020584,
   -214094.08010753515,
   -66142.37318322428,
   -69033.46119585416,
   -43995.918440551206,
   -134631.75350409935,
   -59149.604167358964,
   -56960.14850590985
  ],
  [
   -135190.05463738224,
   4198.845372024482,
   -54057.232918921276,
   5280.648307182984,
   -76476.13912159704,
   21966.401662753655,
   43778.22233130704,
   -64010.11790588905,
   17460.131767994277,
   -98157.63484276162,
   2723.7739890415633,
   -28715.570175851703,
   -9755.942969315638,
   -45508.31980703268,
   32422.1283301697,
   -24848.244328778244
  ],
  [
   -11112.675255043065,
   -29148.014606838235,
   20281.075278689383,
   -32206.085817880055,
   29564.60985908103,
   -14111.836473202218,
   40385.618020812144,
   41882.4930636965,
   -3545.4323849769025,
   15345.277628143238,
   -37607.7346751967,
   48496.92837991717,
   -21110.7893042585,
   2407.204684879302,
   7512.707374156571,
   -37401.07588254604
  ],
  [
   19050.40818133168,
   -43967.67203760259,
   -65426.94647376658,
   18242.748825040435,
   -111648.6057745922,
   -45802.45075466745,
   -49067.78901613167,
   -53910.724562370066,
   -14021.391806972639,
   -198247.7723227874,
   -87200.22044920764,
   -51916.892467553946,
   -40119.12772510749,
   -119733.81332922546,
   -50620.02809584162,
   -81356.77028902988
  ],
  [
   -289656.4514280482,
   10218.199696953598,
   -68097.01701046596,
   -101096.1431610633,
   -81174.02561279068,
   22986.82220005689,
   98016.96682986172,
   -84661.27948986183,
   4658.472136153794,
   -103623.74449633586,
   9808.681796743369,
   -24944.62279445786,
   -38732.2411063185,
   -95082.55620143365,
   20226.53527317624,
   -24385.368579667927
  ]
 ],