{
 "input_nodes": 12,
 "hidden_nodes": 16,
 "output_nodes": 20,
 "epochs": 1000,
 "lr": 0.20000000000000007,
 "output": 0,
 "epsilon": 0.01,
 "synapse0": [
  [
   -38715.11944162832,
   -63261.83920658891,
   -1479.011794091543,
   -24453.56394123755,
   -17903.11933905536,
   -10455.27958836192,
   -202.19905793935962,
   -25711.229742789586,
   -44984.59018389369,
   -19161.963244834933,
   -29930.383367092436,
   -22900.39132187437,
   -3860.843938314627,
   -33271.38108437241,
   -16245.603730114417,
   -27574.758513390294
  ],
  [
   39224.8150850728,
   46823.438768305125,
   9077.612673212054,
   38552.11104035227,
   33733.061387090405,
   24108.583933366237,
   -4569.48521985887,
   37121.585975939975,
   55578.06654559148,
   47501.40079086225,
   59275.02268403885,
   49169.43413363886,
   34476.235598580584,
   41150.17765590387,
   20475.879097205478,
   43883.65245983622
  ],
  [
   -24989.99135229415,
   -52097.98218517752,
   -7751.904750640291,
   -16475.33481865114,
   -66193.09718364768,
   -2976.1007709520036,
   2935.024328988053,
   -6547.946675179397,
   -122362.31513827015,
   -11705.590241011918,
   -64543.236197639606,
   -42478.42536739853,
   -22107.24968631364,
   -40144.536831397985,
   -37392.44982420893,
   -33750.42053733929
  ],
  [
   -8261.69327578574,
   582.7330981869643,
   -6485.141326094152,
   -1110.735757735663,
   -423.4053052033665,
   -24145.136409506908,
   2302.2822175783053,
   -31505.687921234003,
   -54623.48016026135,
   -29455.962853499706,
   -12593.852577331481,
   -24906.762648252723,
   -11894.213731041982,
   -18572.56271151826,
   -34968.702892203306,
   -27013.580937692517
  ],
  [
   -1650.1696962821195,
   -21085.3947024222,
   -1036.1231611717146,
   16106.660404168266,
   -11466.297163998936,
   6230.830504858095,
   3500.268488019674,
   7378.44402770299,
   21417.404725783756,
   10131.37508145636,
   -5005.765488056245,
   10808.672947798983,
   -2919.930046171552,
   8207.546588492973,
   -8766.16874916464,
   -6839.615683973031
  ],
  [
   -2570.056316100459,
   473.69180192616466,
   641.9142685667614,
   -10946.105738438531,
   10390.389531817487,
   -13161.927923376923,
   1679.363733702829,
   -661.8771887928134,
   -12010.86490371228,
   -17151.379415230007,
   -7774.88499541543,
   5968.584459668743,
   -33143.80689945974,
   -3061.552221554244,
   18721.29899902808,
   5501.257167521655
  ],
  [
   -1955.0357038560026,
   -24661.03706695175,
   -18.090542237138905,
   -10105.40851219994,
   -2728.561630276054,
   -1108.455533364426,
   823.1810650755733,
   2700.032787050554,
   -35568.50071884043,
   5666.832334899992,
   -2580.5049861309885,
   -4764.676395402532,
   -8579.026166388308,
   1553.452228908078,
   -37.118974605429315,
   -2924.2478773122043
  ],
  [
   -6273.567578464983,
   -19347.842601983924,
   -417.34237368892354,
   -18888.405600524075,
   7790.9123359873065,
   -2317.0341546112522,
   -1102.609090751118,
   -5897.3448880339765,
   -20953.597081884986,
   -5075.188681291356,
   -5066.6206508649175,
   3962.4045828440435,
   -22925.10743696401,
   701.3518886058831,
   26089.495238548658,
   14300.937989444505
  ],
  [
   -1318.318346631035,
   1271.4149529168915,
   1040.575758264672,
   -38086.19885393869,
   -3063.38543326099,
   -12082.381824478422,
   2155.1363717106024,
   -16566.405515118153,
   -48248.543532977346,
   -20824.670068917538,
   -17139.71795276706,
   -11080.816900901931,
   -48215.465247335895,
   -10071.120223653234,
   -2478.3964449509076,
   -9590.51455542018
  ],
  [
   -2088.2706953830643,
   -13253.879133775012,
   1494.2223252346007,
   -23952.630241815797,
   3454.2912240559144,
   -15664.80466045779,
   -622.6606712869452,
   -551.8371670177065,
   6610.95578477907,
   -11399.024036714774,
   5339.8974009361855,
   -502.46033224805393,
   -11978.502891546592,
   566.2870639221508,
   2814.427340852733,
   3460.8572939091396
  ],
  [
   -44504.68324343242,
   -90322.84400853055,
   -9486.368533214092,
   -80096.48935901732,
   -34335.993466653024,
   -69706.95990424482,
   1636.901622259659,
   -75992.55361683921,
   -134377.1819465369,
   -84789.62690606933,
   -51461.24353769545,
   -72015.43799418208,
   -34036.0796536203,
   -56310.77690992968,
   -48034.94831467099,
   -67621.89101113706
  ],
  [
   -947.7225420015664,
   -27992.154892611736,
   16808.558831222133,
   -60563.63688974778,
   -307.02495255619556,
   -24932.314223581827,
   -5424.086480679589,
   -11372.172179972693,
   -30198.182127401775,
   -13993.407509289924,
   46456.33931581042,
   -4147.160632486074,
   8352.841618134053,
   -14974.904813049023,
   -2428.0810163522788,
   -6456.713162536041
  ]
 ],