{
 "input_nodes": 12,
 "hidden_nodes": 16,
 "output_nodes": 20,
 "epochs": 1000,
 "lr": 0.8000000000000003,
 "output": 0,
 "epsilon": 0.01,
 "synapse0": [
  [
   -232340.2614395631,
   -75622.25822085331,
   -124219.15205379315,
   -8652.227497133794,
   -90987.22280402866,
   -168929.7762289726,
   -125525.71257945173,
   -56352.50473490549,
   -105895.73601668955,
   -37372.03569240439,
   -73635.40078290585,
   -93691.28711426028,
   -25433.10947043496,
   -108288.10739905991,
   -157443.15508990712,
   -77951.39141355181
  ],
  [
   70214.71349968607,
   15199.090775908273,
   90050.67381505718,
   -18893.63802247061,
   -578.7844147345621,
   53452.49486045694,
   39914.83768276704,
   -14979.731273173558,
   -10545.602410807553,
   48035.032132599066,
   -14708.46501610947,
   -32124.307539867925,
   142122.27375227096,
   -7197.509357935854,
   132419.87065290686,
   44945.18091327865
  ],
  [
   -137260.1656657684,
   -21881.63759014874,
   -147261.57091707722,
   -26940.59344962832,
   -44548.49006795097,
   -23909.79913593106,
   -78609.96895850162,
   -64045.89498042756,
   -93756.27649992469,
   -127887.85792537534,
   -88042.1335596861,
   -33430.26400752512,
   -104097.91586305432,
   -105077.04373260375,
   -186742.2871890705,
   -42860.472310795565
  ],
  [
   -195674.08063405662,
   -97043.89719589466,
   -108343.40171602144,
   -24118.443853062883,
   -212457.10187164988,
   -163474.90356946926,
   -90880.33169988212,
   -85691.42172168836,
   -113881.59519842276,
   -73069.09159324445,
   -102767.32961061096,
   -234827.1035059664,
   -66185.580335773,
   -182290.79759419098,
   -176526.08321787594,
   -75936.29078819927
  ],
  [
   -107042.51968811709,
   32271.074339280203,
   -42262.29543274978,
   -22882.553535188803,
   9674.351268045793,
   14699.466441019693,
   -54377.92766911303,
   -49153.13217402678,
   -70461.60375071269,
   -14609.08444106171,
   -56469.10341932074,
   -86081.62549420641,
   -6512.928001485081,
   -85048.04668507571,
   -38479.3623966383,
   -25493.27777442718
  ],
  [
   -78732.82670435825,
   -40902.70524761269,
   -10115.055862736495,
   -9481.9944087489,
   -113166.52396222661,
   -87222.67646581212,
   -13172.571544016833,
   -42216.63269558233,
   -49769.34265806213,
   3412.8113955262725,
   -74848.78970793184,
   -32197.799478087753,
   4752.843850562014,
   -89068.84138830156,
   -54241.325657849535,
   -44610.08317570471
  ],
  [
   -75623.72649312671,
   -28985.94780319741,
   -24887.391125213264,
   -9283.73577268982,
   -52041.93741181892,
   -69475.79732792312,
   -26015.014111652454,
   -30804.72685746228,
   -49120.70266408739,
   4217.456610878806,
   -44818.837108318265,
   -15719.686769733567,
   29092.76308342425,
   -48517.49296999702,
   -35294.50060250639,
   -26176.148673081643
  ],
  [
   -39603.21149968527,
   -89198.43328461962,
   -11515.879652699992,
   -20519.447259700984,
   -175411.39516179333,
   -92030.85298098225,
   -43132.27196770579,
   -34358.771580398716,
   -55169.1868738576,
   -31712.784136863294,
   -52737.18903884859,
   -116947.57123231674,
   31943.336786000436,
   -96931.70831355081,
   -50424.97729951716,
   -31573.72820320014
  ],
  [
   -74141.14352306884,
   -22064.163063457516,
   -7756.52814560065,
   -25332.579168829598,
   -74511.05842526359,
   -33287.30683455539,
   -50407.12782595906,
   -45131.736912448316,
   -77020.35441704607,
   -213.60625575566567,
   -48513.70134013058,
   -147890.04253022262,
   26610.432531408198,
   -85931.89349548625,
   794.4784223916395,
   -21898.30423196004
  ],
  [
   -73281.93316918009,
   -46537.661755169654,
   -55198.517465273115,
   -80.14755652959458,
   -45775.96815562421,
   -106973.8141569225,
   -29613.813523939378,
   -13838.310887255948,
   -34467.12575375977,
   -11444.440606939965,
   -41191.57072916448,
   -19079.961039631566,
   -3036.678429988488,
   -41676.52120736326,
   -74709.11125017368,
   -19735.478545851867
  ],
  [
   -224676.24727942812,
   -63230.026174179795,
   -96604.72448875089,
   -3567.7613760614095,
   -96034.7049199069,
   -172655.57150285452,
   -109266.99127031752,
   -35990.86790180444,
   -83021.80526904968,
   -25401.769751913027,
   -88507.58836822498,
   -88332.87860770848,
   -121476.54760474157,
   -141212.2065332621,
   -177390.56974523616,
   -112367.70042281473
  ],
  [
   -7014.244050802702,
   24654.305051244344,
   29375.640607006582,
   28262.281773680763,
   151959.50106571746,
   22448.698060296134,
   -28809.50576882811,
   42075.84967526735,
   26901.911909158694,
   121787.9860554254,
   75814.50784879844,
   223518.02207621315,
   192992.04527869698,
   162810.01839589636,
   129521.41347315651,
   16020.174780138484
  ]
 ],