{
 "input_nodes": 12,
 "hidden_nodes": 16,
 "output_nodes": 20,
 "epochs": 1000,
 "lr": 0.20000000000000007,
 "output": 0,
 "epsilon": 0.01,
 "synapse0": [
  [
   -1552.7958562488639,
   -56.537623740479575,
   519.873420642899,
   2070.266042855635,
   5630.3112117201745,
   6484.357972232284,
   -19570.253974216852,
   -4790.885962251834,
   -953.0745712165095,
   -5316.168906450978,
   -15998.843745508733,
   2871.2352443767577,
   -9570.6429614297,
   4350.108600051375,
   -8494.518993623125,
   1978.7406416784695
  ],
  [
   -4707.682737398103,
   348.647902334052,
   2593.345100008848,
   10804.384612797796,
   4272.101683647053,
   -8807.80892757491,
   22773.61185460899,
   4736.05539715978,
   7664.96481568525,
   -4764.559427367129,
   20980.926259408385,
   -800.5848322138573,
   15343.484875639706,
   5866.650605378927,
   9053.105503263185,
   -3511.9489166565922
  ],
  [
   5205.2036486084135,
   -4019.7508795599706,
   -11697.160580213973,
   -10913.27905859018,
   -9589.388133911267,
   493.38812680120714,
   505.1645762344084,
   4524.371531491544,
   -4677.623626999268,
   -1509.408105786121,
   -2388.4647809288103,
   -2250.67240920268,
   -3406.2750904263953,
   -21339.82929626503,
   -1396.871202614656,
   137.57363491290937
  ],
  [
   -4224.756706979817,
   1502.6668773179445,
   -2413.8448440127363,
   -3377.534979477263,
   -388.5860106083976,
   -2165.7224134086036,
   -3675.050263115898,
   -1750.0828206747753,
   -1358.3706601623942,
   -3545.5837689332834,
   -7476.836741679205,
   -1478.379749017697,
   -5464.085390291046,
   -11381.554140628969,
   -2655.2714204707145,
   2856.7078844100115
  ],
  [
   -4556.020642942039,
   10.552110665137187,
   -4628.4278818858165,
   -8038.7845047384735,
   -4247.050274768193,
   -4585.562799546113,
   -14880.150565683183,
   3104.3219801416158,
   -663.0661453195918,
   -11377.3653390189,
   -14627.751917833826,
   -1638.5932939862346,
   -10747.616834056778,
   -10708.46847967309,
   -6923.292851405709,
   626.9190862305657
  ],
  [
   2298.782100070267,
   -755.1178798715665,
   -2399.2015015158318,
   -1464.566214852579,
   -8362.239474258236,
   -4450.836005846809,
   11296.141401171537,
   3124.7901958445627,
   710.1052624993447,
   4345.49576174208,
   9350.49809728065,
   4142.455214338742,
   10712.327734095334,
   1177.8950157235402,
   3640.7914221407436,
   -11.761075503647868
  ],
  [
   2382.0464408473845,
   4159.612370942311,
   -3768.7040917517425,
   -4046.7386684657895,
   1564.716628989393,
   2323.680167687334,
   -16488.71619213661,
   -1372.9403013971785,
   -2992.9649226747124,
   10396.53599570013,
   -11078.513887990313,
   -2920.1118471685118,
   -19483.00283657083,
   -5094.47861190063,
   -3001.8294739104786,
   -262.0852450074206
  ],
  [
   -954.5018189691837,
   1032.55379309629,
   -2880.8321382446993,
   -5251.855390575751,
   -2083.73378342026,
   -2027.8576882230625,
   -14413.809562742372,
   -1444.1508037362264,
   -3995.21392591457,
   -9142.205260479594,
   -9441.12063775245,
   1210.327154272711,
   771.0885674054173,
   1928.8625470336008,
   -8794.365241953472,
   1299.0627291403039
  ],
  [
   -6360.757562100421,
   3432.2997778613058,
   1338.6600031370667,
   6418.67290885531,
   2828.1211545478254,
   -648.9713759757025,
   -21786.034652952563,
   -2883.3801060554165,
   -2092.4246025813854,
   -16871.558682400388,
   -24855.794734651292,
   -2417.9499220516923,
   -16340.61339126858,
   -321.75549091738276,
   -7533.818477908918,
   -277.4290139647166
  ],
  [
   -1214.4502164179664,
   -5023.680835169692,
   -3856.5541699089194,
   3332.438832704833,
   128.2748149127228,
   -2303.768246684749,
   -557.4638250388456,
   5284.099696284743,
   -1449.1563651387628,
   -5375.981406554468,
   129.3251459373146,
   -986.1047026242527,
   -971.3920374538698,
   -537.2186431063327,
   738.1085302897687,
   862.8276968821657
  ],
  [
   6803.884171339418,
   -158.8445218339325,
   -5977.311194098586,
   -5415.439943053413,
   -7388.066557903116,
   -226.14269696468833,
   -3196.3283299896902,
   88.61953946207562,
   -3602.2953198281225,
   8472.709127884153,
   -4726.434848460913,
   2431.397536636565,
   -3747.1604751476502,
   -4479.235737134372,
   1749.9025413940396,
   -2881.06163306522
  ],
  [
   -2251.5441838313095,
   79.75023384103991,
   2771.875260545472,
   7840.038275680701,
   8736.912834828958,
   2712.692833207828,
   -817.5859660768997,
   -377.28427221021064,
   1891.3186141382632,
   -8148.106450935953,
   2744.696364338823,
   2062.0090145034524,
   -2082.652805595844,
   15458.94016364295,
   -4553.028198623418,
   -827.9532841220896
  ]
 ],