{
 "input_nodes": 12,
 "hidden_nodes": 16,
 "output_nodes": 20,
 "epochs": 1000,
 "lr": 0.30000000000000004,
 "output": 0,
 "epsilon": 0.01,
 "synapse0": [
  [
   -587.6681355316172,
   -1034.2619561754852,
   -1738.1708710928663,
   2335.2219939969473,
   3328.466214342652,
   3185.7491202258543,
   -6577.496075172722,
   -3049.90760205078,
   78.80400505102232,
   -2737.773371657038,
   -4251.460225611638,
   563.7564046834706,
   -2423.037584381277,
   362.6964075419879,
   -258.5862399740269,
   760.0176600357594
  ],
  [
   -3740.845077828863,
   1993.6318432374105,
   3872.2102220872794,
   6676.260291308957,
   1811.2733355567448,
   -4315.9746236197425,
   3746.4076227100486,
   1026.0078973431814,
   2818.630885546386,
   -500.62306650915053,
   4888.181884287474,
   694.33918321249,
   5063.2124723349825,
   7056.862483386592,
   782.5359880195559,
   -901.6449872515509
  ],
  [
   3246.865536269896,
   -1499.4455605010614,
   -6613.923499838803,
   -13463.581816469014,
   -7755.512922069457,
   3978.7624446483974,
   -9694.223445034331,
   1818.0078989662343,
   -6085.140986709901,
   1915.1028262206496,
   -9425.011000138793,
   -823.6023307919818,
   -7307.001463591295,
   -12679.79692370251,
   -5088.924041215436,
   -356.4003963538366
  ],
  [
   -3225.7760218708972,
   151.02124673893414,
   -235.41471239575304,
   -3999.3190930830583,
   391.6447169023072,
   -1241.1416989645704,
   -3849.3680718029595,
   -445.3275638929783,
   -292.51748659172466,
   -328.13681670869335,
   -4509.130335092819,
   -127.92674679172886,
   -578.2746257525525,
   -5078.29346911134,
   -4439.850651222635,
   483.73183832822764
  ],
  [
   -3434.6408314567,
   1113.671441796289,
   -2705.130803349307,
   -4610.724567467203,
   -1944.3155911198949,
   -1499.0676395181326,
   -9968.058956575698,
   1420.7964535398783,
   -165.49726367767516,
   -1914.5204125077503,
   -7805.853725394618,
   -455.5877650247668,
   -4207.334144656016,
   -7154.4870247155195,
   -1853.381246179221,
   -1813.5151524112719
  ],
  [
   -965.5201843844874,
   1285.6797144469533,
   2201.4954481446753,
   494.71521015026076,
   -1589.6819059911538,
   -3293.0423890531238,
   -1359.1471344978938,
   551.1013458244546,
   -1536.3033760144735,
   -1200.9135867731684,
   -95.76491968855775,
   2047.6583570930866,
   2516.6687130502464,
   3504.1696473361003,
   -2418.492292360255,
   2419.3201831298925
  ],
  [
   714.8409014493612,
   1213.6005678085814,
   -4564.543424474122,
   -3726.828224427684,
   -1428.5350825286237,
   1758.0973973332368,
   -5707.573164440006,
   -1678.1270209299976,
   -3347.8630233888985,
   1891.3918264846352,
   -4333.044805130676,
   -1637.4981121483509,
   -4818.0548959553535,
   -5205.822552360822,
   -2315.961072466708,
   -1662.805985273184
  ],
  [
   -2041.8243012092132,
   -452.12078011647316,
   -2552.4271218943704,
   -617.3729277290462,
   885.682703337032,
   -236.0380099338835,
   -13020.030861617966,
   -1348.6540456874352,
   -2770.6199094749168,
   -817.4430638382894,
   -7301.099542148762,
   -626.1965369410638,
   -1054.9819605241132,
   -2534.040651153315,
   -2201.670584069955,
   -289.17414743961206
  ],
  [
   -3975.2282757293497,
   2803.607626810764,
   2844.290288648068,
   5040.673986756246,
   3570.9635630101357,
   867.8150151145661,
   -6859.314851650412,
   -722.1288017366968,
   2370.2340105750914,
   -5147.626044533971,
   -6393.018275059825,
   -185.8570599628037,
   -2240.9592742173586,
   4216.778780408555,
   321.77023727261616,
   -1455.4535090587424
  ],
  [
   -5988.08292566735,
   -3129.1623513354957,
   -1746.988919157861,
   1737.0962009711552,
   -364.9135428054288,
   -1166.4789643496026,
   2121.546122466751,
   2518.5336928312354,
   2820.7739570587987,
   -346.8198245823182,
   4948.167597644514,
   -323.1363853074065,
   2429.22485300116,
   283.5326764737158,
   3718.573299695981,
   273.07246452058024
  ],
  [
   5618.495620405246,
   -766.688782607035,
   -3806.4632780452016,
   -4970.026060049957,
   -3274.4509010618244,
   569.9904348904523,
   -6627.485308963232,
   238.1453304758977,
   -5796.327192130894,
   3152.015823553474,
   -7935.804811338145,
   1826.797737213131,
   -4011.314321717928,
   -3886.71166217353,
   -2286.878265972666,
   -1835.46155876007
  ],
  [
   -2520.354541836651,
   140.09844424609364,
   470.67309959722274,
   7021.970055162666,
   3549.5325927754784,
   777.8695450384924,
   2106.5419122027765,
   -563.0477335519994,
   2083.2224720813874,
   -2251.216987509656,
   4282.961173894862,
   912.7423495921047,
   1385.2190609616998,
   7958.233108501129,
   2471.918336739347,
   -516.4205744747809
  ]
 ],