{
 "input_nodes": 12,
 "hidden_nodes": 16,
 "output_nodes": 20,
 "epochs": 1000,
 "lr": 0.6500000000000001,
 "output": 0,
 "epsilon": 0.01,
 "synapse0": [
  [
   -576.3742538685188,
   -1223.1563076691841,
   -1800.9694818413325,
   1958.9643668494139,
   2763.0625208981087,
   3230.571485981431,
   -5716.102885367312,
   -2703.441892085617,
   746.1713694320877,
   -3055.543648207762,
   -3719.9002952665624,
   398.50687671265,
   -2446.009254375172,
   197.94074230192132,
   31.20784563945488,
   756.8228244323719
  ],
  [
   -3461.7213239309926,
   2011.113742634589,
   3870.7433954810886,
   6288.239787717358,
   1675.278601117685,
   -4140.849225789061,
   3508.9674204053636,
   711.8337871546115,
   2780.5801381624087,
   -406.1492040647177,
   4787.938367903135,
   823.5910245813133,
   4533.456440909897,
   6465.372183363414,
   878.9218464028751,
   -513.8158786251171
  ],
  [
   2997.267709659051,
   -1673.4266100799557,
   -6559.077893323291,
   -13242.297276882002,
   -7672.407074057303,
   3919.1694042817003,
   -9731.058601761562,
   1987.0428348166417,
   -5911.509994606242,
   1666.7668847106054,
   -9625.394905733896,
   -965.3948135755975,
   -7435.731187922708,
   -12525.341821075583,
   -5054.197577168329,
   -330.18011601486467
  ],
  [
   -3090.4645107194797,
   -165.35454694922356,
   -387.055245575533,
   -4426.882112004679,
   -381.5235030002479,
   -1443.7856320572141,
   -3339.6530964934936,
   -223.85341012220272,
   632.4868025652385,
   -356.2953878234082,
   -4196.327225469494,
   -302.60356789163063,
   -760.7331708173917,
   -5139.370498187784,
   -4264.146462227358,
   674.0735507885486
  ],
  [
   -3824.126524669873,
   1316.167038288164,
   -2414.672199312876,
   -3725.843971418608,
   -2023.5888718792369,
   -1581.061125817513,
   -9011.299223928168,
   1268.7937829196503,
   -244.2722267278527,
   -1839.470604555931,
   -7185.452693881474,
   -467.41599330650735,
   -3336.7771687552604,
   -6137.94307429742,
   -1818.899342661742,
   -2826.8101966134595
  ],
  [
   -880.1803610609925,
   1219.9377050124033,
   2235.0857222176655,
   376.75941914354235,
   -1204.8798576120735,
   -3139.1265567497203,
   -1989.9571753429855,
   584.0202915231515,
   -1713.2303667383906,
   -1332.8554569823395,
   -738.1091041750094,
   2012.8457534764173,
   1862.62840722447,
   3373.658221778352,
   -2294.4052704019514,
   2426.395309187179
  ],
  [
   915.5088084647771,
   843.0101169824884,
   -4628.669559736102,
   -4163.9688976665775,
   -2630.173410085607,
   1748.4052452324008,
   -3704.145142873774,
   -1393.0332106978808,
   -2184.166722434445,
   1486.6182520065327,
   -2802.5348126019353,
   -1479.7261809278107,
   -4355.554395228472,
   -5720.421033959378,
   -1689.2257287962198,
   -1421.2053940307721
  ],
  [
   -1796.739689996292,
   -556.1763793185802,
   -2368.219203290437,
   -1078.1001011260764,
   161.9132534170856,
   -102.12228071583888,
   -11490.606359213174,
   -1498.852861687209,
   -1905.3212514547872,
   -878.5969245401787,
   -5626.188629202009,
   -790.4581445811402,
   -1347.874956317315,
   -3123.2053719560618,
   -1326.2813626702557,
   -832.5463200080721
  ],
  [
   -3803.962879159504,
   2550.8967135624175,
   2698.338563723577,
   4711.150352267407,
   2818.3451357316217,
   564.9405779593924,
   -5082.284434382027,
   -390.310226788995,
   3489.2526676069547,
   -5173.026982140668,
   -4663.302757093338,
   -481.82046592838714,
   -1700.1276020938149,
   3761.0653116672297,
   707.0493683285127,
   -916.4583798891116
  ],
  [
   -5343.211411587663,
   -2287.8804856674415,
   -1599.1200903212894,
   1413.6432733861723,
   -782.5164367842566,
   -962.0341294494094,
   2161.528662842612,
   1599.641767392452,
   2253.5453338499606,
   546.2380836969368,
   5165.313767987315,
   -7.940861686077173,
   2152.856139903124,
   192.35238580059374,
   4258.2667087483505,
   -735.6383526091076
  ],
  [
   5356.754041106624,
   -1209.4388143907715,
   -3694.0169489096374,
   -5062.643556942442,
   -3326.495012422455,
   607.4697798371853,
   -6124.869853799564,
   649.7482473069607,
   -4994.490425828086,
   2708.47132574657,
   -7394.37527390163,
   1449.233021355681,
   -4233.5275368778275,
   -4259.863609398118,
   -2202.217357378954,
   -1018.9439752893658
  ],
  [
   -2190.926172647036,
   583.9293385739891,
   561.9755563621865,
   7049.876629473718,
   3369.9038722140926,
   965.458240024684,
   2795.111104514283,
   -983.3379151735122,
   1398.688268318633,
   -2119.1071817049005,
   5008.473958866087,
   985.457211141362,
   1917.428370610242,
   7848.966257177545,
   3217.1317280833764,
   -1751.670473781045
  ]
 ],