{
 "input_nodes": 12,
 "hidden_nodes": 16,
 "output_nodes": 20,
 "epochs": 1000,
 "lr": 0.55,
 "output": 0,
 "epsilon": 0.01,
 "synapse0": [
  [
   -465.2266057957651,
   -1301.86032686208,
   -862.2528217029605,
   1865.5910032117802,
   3680.6910575525053,
   3140.9319374224406,
   -12021.325381864166,
   -3521.567454439602,
   -1784.0982490604833,
   -3692.024045535116,
   -8339.674015994087,
   948.5517416568497,
   -5318.575113058829,
   1230.8824923308641,
   -4526.8100895087,
   1709.9729666789585
  ],
  [
   -4636.697303286564,
   1898.3686873226363,
   3964.060028059533,
   8100.08291214001,
   2517.094871425906,
   -5250.410172395521,
   9276.707965756492,
   2363.6338950306917,
   3977.7148766339446,
   -1152.6060043129921,
   9951.237602789184,
   176.97844594889526,
   10195.326732007214,
   7554.6314714941,
   3853.4961010581205,
   -2278.5889706138814
  ],
  [
   3300.8113819730484,
   -1446.0159499334902,
   -6034.242533749553,
   -12280.981845612545,
   -7262.169527543983,
   3772.946345624627,
   -6588.683625062611,
   2011.7571935542737,
   -5397.634285899722,
   1386.3209059869976,
   -5156.51359958161,
   -1101.0209277093236,
   -4194.352837297879,
   -12931.281389650116,
   -2968.15625734303,
   -252.45416597424557
  ],
  [
   -4348.59369555334,
   746.6416338256354,
   211.4901607248672,
   -4807.659141111571,
   1062.5366151875185,
   -981.2193705244312,
   -6634.069247709806,
   -767.6427858744881,
   -1962.4663267028927,
   -2363.056623952509,
   -6042.688517409406,
   -65.77077244388337,
   -1518.2571197967236,
   -3947.5615103998866,
   -6633.239410186853,
   1183.3530805603887
  ],
  [
   -3764.6945831961875,
   1267.3504848170937,
   -1369.8559546522588,
   -5565.499682015594,
   -2269.0449906073036,
   -1383.727894612835,
   -14727.082163465318,
   2432.725670126239,
   -1555.964519041164,
   -4836.672110209487,
   -11367.79959215443,
   1293.574660828373,
   -5458.210465464485,
   -5206.28035179146,
   -6263.496553547298,
   -593.7831457306806
  ],
  [
   -2429.4254020649146,
   991.9546537534,
   2683.970600071865,
   2287.7744462744745,
   -995.1270548775993,
   -4379.791157976684,
   837.7220164083449,
   1337.7226770274679,
   -1053.3356727162084,
   -3697.341504040764,
   530.582641549476,
   2668.2263105172724,
   4662.189916441489,
   3122.960451244904,
   -3289.3490455608558,
   857.3629318291638
  ],
  [
   1421.5750153108181,
   1276.9933359336756,
   -3933.8417994945175,
   -5061.864601125366,
   -75.07901005951821,
   1432.916759121377,
   -8753.811484153584,
   -1819.3096171137527,
   -4616.688859200388,
   4039.613172782719,
   -5449.7069100802455,
   -2045.3043548971784,
   -6614.6750600359555,
   -4080.69112905513,
   -4409.835987701725,
   -519.70335443572
  ],
  [
   -1443.7900409242507,
   516.3057325230126,
   -2174.4183797985743,
   -2798.4385063578916,
   811.2634865945304,
   -139.66307166740853,
   -17707.573073454238,
   -1431.5033097252663,
   -5569.1025293036,
   -1644.3025426758188,
   -12538.783305542205,
   1120.6785248417611,
   -2520.864683770926,
   515.1983673215319,
   -7253.18911916483,
   862.356164209456
  ],
  [
   -4778.731818561156,
   3427.6456943521353,
   3443.0464130363907,
   3989.431195730676,
   3698.931174611867,
   1914.367260743655,
   -15797.07194254412,
   -1738.646245830953,
   -230.60123881273657,
   -8290.60246828413,
   -14843.953046227813,
   -256.15169920378133,
   -8541.911826272528,
   7029.880909684292,
   -5078.01261824507,
   -1457.1216118391842
  ],
  [
   -4672.256922323796,
   -4390.914261263242,
   -2079.544840557268,
   3146.2572351744484,
   -1245.2269783195684,
   -1470.9126694143608,
   2957.9089944885345,
   4277.743854927984,
   4268.805889957935,
   -2141.698574009212,
   5072.661322287994,
   -1314.9274105513155,
   2523.712659639031,
   -825.9281489646645,
   3910.8250261575126,
   1138.378276793102
  ],
  [
   5434.61329356475,
   -1.5282526036347062,
   -3722.115849062062,
   -5457.774989006581,
   -3587.460633078485,
   1085.3531236172926,
   -7728.672052301334,
   -797.4894206363472,
   -7206.14400311978,
   3146.225619237551,
   -7956.445697001592,
   2476.855634031047,
   -2730.4297598700246,
   -2427.0407166671407,
   -2812.5020247629677,
   -2519.9337648306287
  ],
  [
   -1076.1663646240797,
   444.69503060696474,
   682.9075092692527,
   6173.252569903031,
   3396.795192487472,
   1390.491011485281,
   -258.6447282385593,
   -1240.2955734215136,
   2774.18146498194,
   -1183.244678413319,
   1814.4323185150613,
   493.99056272259793,
   -1759.8281213442317,
   8323.059601064511,
   1547.5789717405096,
   837.3166955227642
  ]
 ],