{
 "input_nodes": 12,
 "hidden_nodes": 16,
 "output_nodes": 20,
 "epochs": 1000,
 "lr": 0.7000000000000002,
 "output": 0,
 "epsilon": 0.01,
 "synapse0": [
  [
   1778.9445120331475,
   7993.463903890126,
   10054.498204035579,
   4003.4355236230926,
   27372.70319715881,
   18795.882905201783,
   4529.491652552867,
   12801.832416890133,
   12672.141542834286,
   -2533.1903984245214,
   2598.7106982169184,
   -17622.93321083624,
   4136.9575697399905,
   6679.0650312199805,
   7082.189206998781,
   -5637.334343173709
  ],
  [
   -8643.589598910654,
   -12813.065877653074,
   -11719.263539021673,
   -19154.70539768754,
   -50630.63075950612,
   -34529.501512343246,
   -12437.55275381452,
   -19244.761749833306,
   -28263.47805341061,
   -3508.433661052125,
   -4616.827053405061,
   -60463.6127637424,
   -16812.045020779206,
   -7152.077510964163,
   -17164.79817144495,
   1205.5318091989354
  ],
  [
   -1645.0874476685376,
   7481.985102445563,
   -2137.7856865320286,
   13798.42924396714,
   36243.338228813445,
   16096.404777158496,
   -134.35310148033196,
   9809.934105303875,
   8292.492331645655,
   2105.930703756768,
   3356.1567210269645,
   52199.151422767114,
   8311.7852490494,
   906.1391055431515,
   12689.3437074802,
   4975.218726619931
  ],
  [
   10859.182650840552,
   10664.840082315486,
   4684.514347302054,
   6082.407720125952,
   21527.667419536523,
   9159.424961884235,
   -5276.888289113241,
   18407.892640291946,
   -5729.646602290327,
   -2753.799269953214,
   2496.6748411501,
   1216.2098957393603,
   -1925.3113636338235,
   -1159.3336828600043,
   -13069.015443358196,
   7245.576199649245
  ],
  [
   1747.395634399662,
   10972.395842470918,
   10654.45151961779,
   3049.64970262203,
   22451.430829731948,
   2461.1460123105803,
   6842.91829497777,
   4838.106125456978,
   -5418.376148835864,
   11798.33513164868,
   12665.73505980253,
   -14628.267396209174,
   -1753.159324984941,
   15216.75040795805,
   6867.952569732009,
   13991.843319719008
  ],
  [
   2864.672225161711,
   10388.77972070391,
   9394.325774466173,
   13986.604563511115,
   2917.7085514451815,
   6434.994358256004,
   8557.768339921744,
   6388.4986457500345,
   -5711.9574751411365,
   15822.875091301312,
   6394.417510298884,
   -16390.76308111743,
   15602.807980932548,
   17481.586798617205,
   13604.754491846265,
   17882.019556640287
  ],
  [
   -11292.8061218953,
   -7443.888905287704,
   -468.085544048678,
   -9542.759541630687,
   -41596.3974659899,
   -19481.595505032514,
   -685.735758848624,
   -12492.006281947564,
   -18997.453389000773,
   663.7231987429374,
   -719.1736961350415,
   -75665.68288320274,
   -8600.973203339503,
   -255.149001288591,
   -933.4525975102399,
   -1646.54024516755
  ],
  [
   -10131.115389997794,
   -11860.540548393765,
   -5691.343721358855,
   -13859.888889430977,
   -40896.87848317578,
   -14831.858957638491,
   -8315.872126121694,
   -8209.7373915123,
   -14193.916607614794,
   -13799.589573380656,
   -6881.636385072319,
   -89961.5994099552,
   -8461.416821104689,
   -12209.395646672512,
   -6368.757259970508,
   -13388.334949601338
  ],
  [
   3110.5623818741124,
   10719.765546275297,
   10915.949637360342,
   24356.54225899374,
   5519.7151931463795,
   15271.059467948158,
   13023.423543077524,
   3437.2430759700774,
   6666.497733186095,
   18047.281595381417,
   -1754.0987714649434,
   -15310.217046899903,
   15561.189315574102,
   25401.586405619648,
   17381.288253731516,
   12755.97776393162
  ],
  [
   -6471.108187757806,
   -8813.948214263633,
   -7106.596469479151,
   -8223.873358754812,
   -27551.955070199212,
   -6703.075753092144,
   -457.8550427391792,
   -19250.50037830604,
   -5109.722853578381,
   -9438.040580851713,
   -12301.021011396222,
   -37311.97000280351,
   -17925.622884684235,
   -8836.77263613325,
   -14663.926596146142,
   -13324.623783711426
  ],
  [
   -2098.4079928941082,
   -21188.76809524668,
   -6552.965362452403,
   -17922.83045767448,
   -39162.42984690681,
   -21557.097926606973,
   -16212.429136147068,
   -10802.860792724778,
   -5458.129727283958,
   -13221.06992454139,
   -10032.36363145955,
   -70924.96006077813,
   -5915.310799330683,
   -14406.931845133793,
   -13941.093874520342,
   -13557.736424062201
  ],
  [
   9524.414321447284,
   3992.623256171049,
   391.1599531687793,
   7410.6791076609325,
   -33949.070093941795,
   -12628.831350378628,
   4784.550094052099,
   5626.136870944074,
   1384.1552105608052,
   2708.600187898917,
   2782.0960596418104,
   -39559.857038870345,
   12339.155940764103,
   -1355.9671235119513,
   -1300.0062464601788,
   6584.526593162742
  ]
 ],