{
 "input_nodes": 12,
 "hidden_nodes": 16,
 "output_nodes": 20,
 "epochs": 1000,
 "lr": 0.4,
 "output": 0,
 "epsilon": 0.01,
 "synapse0": [
  [
   1276.7945151640365,
   7740.678666075109,
   7776.236669088852,
   3558.5650445092124,
   25388.257577373315,
   16820.615723118477,
   4528.432844222407,
   11316.746164547689,
   9815.131319520464,
   -4208.3402334664215,
   2334.7809282864605,
   -16733.670501171786,
   2981.2661235575697,
   4828.86620571811,
   6353.17204558208,
   -6534.452847507984
  ],
  [
   -7635.981200256247,
   -10921.065314948875,
   -9332.8982508827,
   -16551.332642022993,
   -42742.063981631385,
   -34708.597631562676,
   -11364.489755664608,
   -16150.688144533699,
   -22352.543240243052,
   -1337.7042798505618,
   -5760.295329607735,
   -54812.25491651874,
   -15984.925905732794,
   -5400.562693901082,
   -14701.36939794904,
   2675.0562278629004
  ],
  [
   -942.7295060314821,
   5563.487251239284,
   -3140.8362676789707,
   11182.983483772354,
   30449.476607386998,
   16912.29593380059,
   -10.971587038728284,
   6660.905031468541,
   6223.22354937769,
   1734.571067339028,
   3819.0916171048398,
   48178.833322535684,
   9034.06069861163,
   -121.54897499382263,
   10841.26314948971,
   3658.791487467312
  ],
  [
   10608.50516186025,
   11462.004145113488,
   2950.775702953157,
   6458.991558126333,
   16913.005293393242,
   3608.6172892511477,
   -3467.343822116592,
   17724.720665354685,
   -319.2682603568031,
   -3563.940264299222,
   2997.5276028526123,
   1504.8115648415455,
   -2069.508860214542,
   689.8514936252413,
   -9832.448088711797,
   6630.261176583786
  ],
  [
   1782.0177063156448,
   10862.050000877,
   9108.522926283309,
   2871.1692945395807,
   21058.52898658139,
   -727.8604894344264,
   6473.036176494012,
   4936.352980332495,
   -2176.293316028226,
   10933.001213829215,
   10924.713814592036,
   -12740.142939494948,
   -1669.7502116662856,
   14369.312063212501,
   7486.736752792433,
   12615.43976397901
  ],
  [
   3679.4194060910677,
   11173.15166182272,
   9565.782816138379,
   15274.846122913503,
   6272.303984631687,
   5978.723894011814,
   8168.436463950544,
   7648.975684095624,
   -5538.31949606211,
   16345.073317342041,
   5944.112787017223,
   -15434.969061076152,
   15521.798900659056,
   16848.064142716743,
   12667.209712599899,
   17802.691470489583
  ],
  [
   -10754.768932426923,
   -7420.051363698962,
   -834.3453867944714,
   -8693.057461557002,
   -36030.305400428275,
   -20303.56324036736,
   -524.069832232048,
   -12182.207157281553,
   -17402.773223151875,
   956.4786610354016,
   -902.1014324508687,
   -71724.05239716561,
   -9229.519105613417,
   -515.5024045921306,
   -1301.5973858630994,
   -2018.0833434974886
  ],
  [
   -9682.305769604696,
   -9860.12914951482,
   -5371.424956524892,
   -11081.917072370243,
   -32534.100315804833,
   -15673.333156313545,
   -6852.653364095206,
   -7937.8176097207,
   -15208.611138930906,
   -12919.778884648982,
   -6720.238241619718,
   -82154.85670010166,
   -8511.324658550275,
   -10506.96147757878,
   -5012.2876059672035,
   -12259.38073583465
  ],
  [
   3785.4666346532317,
   10322.433419589284,
   10152.853556519669,
   22905.00165767743,
   5853.683467412276,
   16132.640799679299,
   13066.345614334134,
   1642.1730790259157,
   2600.878535053987,
   17492.9364348959,
   -1178.067694440067,
   -13174.61117889045,
   13750.268183659207,
   22686.521813717132,
   15750.64826771936,
   11701.828767626143
  ],
  [
   -6052.009125011504,
   -8295.155216095229,
   -5610.860005978132,
   -7194.811129463054,
   -22500.254287351057,
   -5044.056301966776,
   59.02743702242756,
   -17514.950800144128,
   -5406.850783878997,
   -7697.334267798184,
   -10930.369918621376,
   -33674.60900194283,
   -18447.20059896471,
   -7828.347225267044,
   -12434.180229151047,
   -11583.675682115318
  ],
  [
   -2434.1420007802317,
   -19891.513468243655,
   -6897.950045081425,
   -17116.76058584884,
   -35263.82235485534,
   -23493.349809628042,
   -15330.71440489285,
   -10242.398703550509,
   -4696.6975216419605,
   -12848.365248654694,
   -11677.071995794075,
   -66073.98565149502,
   -7144.560473647103,
   -15288.123448707049,
   -12135.496477286606,
   -13272.833922147498
  ],
  [
   9162.014495711372,
   1790.5707358384732,
   765.2826415309389,
   6450.614506207502,
   -28702.37754759248,
   -8022.114426974139,
   5024.050923715242,
   3339.4715813360476,
   -1620.4488250138297,
   1608.0961413461664,
   4400.921303436462,
   -33392.63304713509,
   8249.575024131007,
   -2771.2656847948874,
   -2054.9150144747136,
   4995.131972318209
  ]
 ],