{
 "input_nodes": 12,
 "hidden_nodes": 16,
 "output_nodes": 20,
 "epochs": 100000,
 "lr": 0.5,
 "output": 0,
 "epsilon": 0.01,
 "synapse0": [
  [
   -40928.100102961325,
   116466.62821617797,
   -110570.83901711812,
   -57816.02475761929,
   167557.04535196561,
   107255.47303934272,
   227665.47844890616,
   146675.4040217201,
   55576.90682018486,
   -99211.52712998899,
   597067.9468126689,
   273495.4426505378,
   -71212.61827607494,
   78931.48163917098,
   78918.30815729024,
   -43974.67355331035
  ],
  [
   49983.22605968946,
   41162.36523926935,
   -511971.253246253,
   -355856.43034344993,
   -49282.82070354729,
   -257619.4360193644,
   70214.46254868433,
   -47519.148528811835,
   56662.46955055727,
   63628.98338165917,
   -957249.8450503242,
   22838.36101732751,
   -18649.506201971257,
   68361.36136059706,
   -944077.8076914827,
   -230548.24452610794
  ],
  [
   -426754.3567083127,
   -799453.3058159546,
   -1595225.683352243,
   -1191445.9020824314,
   -199234.52522432827,
   -1059439.895547056,
   -123136.34695583375,
   -839074.1961115468,
   -268204.4931054815,
   -28872.621695906157,
   -1813282.7516381154,
   -64492.48856177388,
   -299618.78437600104,
   -149572.18071773337,
   -2114977.2353564207,
   -788164.2000539114
  ],
  [
   -42430.54376907845,
   -158612.70543424712,
   -485290.7435367401,
   -385690.0893368923,
   -35811.13558969394,
   -408575.76183700206,
   -162129.86516308552,
   -171719.66180768632,
   -41653.03532111331,
   -194958.18479279225,
   -819510.4880181337,
   -146401.69129084743,
   -451965.48099772853,
   -91090.47394196187,
   -1064461.8381634091,
   -316839.54083428055
  ],
  [
   44178.32227101359,
   65776.34891684828,
   -740731.6164589566,
   65287.12555631574,
   55943.477968944295,
   295449.17273284047,
   258547.63190846052,
   113898.40146140332,
   75319.80607395181,
   313882.31703242625,
   582240.0116641339,
   235778.2343053936,
   -3791.8366229014814,
   29067.60917595361,
   -753148.5084663093,
   -282127.35435724043
  ],
  [
   -1880.0327845877262,
   143278.76556296833,
   -648459.010934592,
   -419267.4386931127,
   18325.180827333228,
   -354180.90824903845,
   78992.40515644857,
   -9699.509353322193,
   20715.35348865709,
   -50843.63180071585,
   -801724.2732035908,
   67326.66587995233,
   -144835.49796902094,
   -455.046211054923,
   -862324.7153617911,
   -302324.25038847653
  ],
  [
   -157576.70506497513,
   -406571.2559874575,
   -929173.2139109748,
   -683525.1627813589,
   49198.79727449491,
   -75317.65885843778,
   -86985.56674589503,
   -66283.36621457004,
   -17418.310113661628,
   -472505.05794678716,
   -346361.4638128157,
   -2377.269243123706,
   -129381.85616445068,
   -75615.26272486556,
   -768683.2847619812,
   -395799.4979743193
  ],
  [
   -76203.39788804925,
   302560.44522642717,
   -263215.28230186226,
   -305273.3229095178,
   66835.29673283185,
   -10612.193234128257,
   -40638.12266264658,
   8665.519424112606,
   -21726.476558406004,
   -77876.32652728404,
   -146101.17047918102,
   69227.38269228679,
   4169.407629914486,
   88459.346812348,
   -310441.8618516803,
   -115404.10824699444
  ],
  [
   98077.92268887485,
   -159869.9424988365,
   -524058.22422791854,
   -108859.36276585824,
   85604.98615281952,
   -153036.46914441217,
   152396.7530575801,
   -281380.0902980881,
   -11602.523459939393,
   -97773.4395278802,
   -607722.2939337925,
   8867.54694449915,
   -241503.83720300178,
   14164.958898346069,
   -848799.8848089197,
   -250734.9933773821
  ],
  [
   -129163.05875428059,
   -332386.43325031333,
   -1228489.7411503934,
   -569982.0743987239,
   13782.441282084754,
   -96715.53054862581,
   77491.01571479529,
   39689.11208225916,
   -52768.481769096616,
   -143556.9954694555,
   -438907.2706314683,
   -123452.27377374463,
   -143411.30923701037,
   -96955.316099639,
   -1264954.1366102812,
   -528530.2972377277
  ],
  [
   -98883.95238690938,
   184894.151535801,
   -973557.8726473186,
   -701422.0440474198,
   -81812.46908869411,
   -14690.60033085247,
   -168953.53277721076,
   260829.19430169128,
   -23110.030773859016,
   -75825.6508428254,
   -314073.70437678916,
   -12959.005854566185,
   -39318.005804315086,
   54771.365751000536,
   -892729.514200525,
   -396148.67280972673
  ],
  [
   -198184.31525565765,
   53355.19408242295,
   -1022269.6894212842,
   -148432.9372431727,
   180409.8052104993,
   -205344.89989959152,
   -29905.22971870105,
   -390497.45700605557,
   -128815.92710875999,
   -248755.8330600244,
   -415768.634693574,
   -104274.61514298509,
   -361973.3075948091,
   -326144.2768908031,
   -1154621.289332059,
   -457055.1149248596
  ]
 ],