{
 "input_nodes": 12,
 "hidden_nodes": 16,
 "output_nodes": 20,
 "epochs": 1000,
 "lr": 0.6000000000000001,
 "output": 0,
 "epsilon": 0.01,
 "synapse0": [
  [
   47.54438744146112,
   2303.8018789523276,
   3144.8330718456064,
   5542.440180413084,
   15255.968696024613,
   10567.135323144337,
   455.8194241903354,
   6840.563526524566,
   3218.834455918146,
   -3426.8322374067725,
   2221.6473592514085,
   -11443.216795746697,
   3018.246427129359,
   -403.20284572500225,
   2731.847599821778,
   -5094.07723634927
  ],
  [
   -1480.9072162613668,
   -3267.784012425102,
   -5422.632912922883,
   -9916.300912339031,
   -19560.567644852174,
   -28077.903652338973,
   -7739.460394425656,
   -12534.59770430518,
   -4925.688477503912,
   -2030.7177262444798,
   -7927.13082207386,
   -32065.912506307606,
   -5863.735250683156,
   25.37873211418633,
   -8534.58867075997,
   733.811722650326
  ],
  [
   -2561.0507204771243,
   3022.472551017919,
   -386.70841791603976,
   5633.25209046432,
   6098.379983134323,
   16686.995799189703,
   2437.496635813235,
   9724.175459113994,
   3129.541540510152,
   1618.9633894048543,
   3491.0670275935718,
   22344.978853200304,
   3144.111101841368,
   -1495.816151750018,
   7178.982825237252,
   3502.6003216963586
  ],
  [
   5451.891751483903,
   1299.3377649666693,
   4122.008200284083,
   7916.137065214276,
   -5415.472077882278,
   6071.9694738546805,
   -1106.7259801587372,
   17120.02582185163,
   1890.1987418996857,
   1345.384499530724,
   4991.27624754615,
   -1236.1056263517034,
   -3086.503424008233,
   1093.4285101781288,
   -3509.1623887014075,
   318.13149121650537
  ],
  [
   3444.518561887159,
   8588.75140407968,
   5233.7473956017675,
   7116.268876624171,
   11489.628439252443,
   1491.1712872916864,
   1286.7309570764153,
   2891.7322222812313,
   644.578842683386,
   8029.615772030574,
   5982.620370851876,
   -5927.5820989982785,
   2099.5017971175685,
   6465.260854043032,
   3398.245974235266,
   5875.629113082205
  ],
  [
   5962.9760067112575,
   6269.705671114189,
   4406.016947804384,
   6649.14409943921,
   4220.497762889141,
   2733.649232895197,
   2912.5413478369796,
   2377.346219315901,
   625.2909545955515,
   9756.366564898735,
   3536.9141589987057,
   -6318.746696364994,
   6876.062660541266,
   6080.3616615280735,
   3159.1821259718527,
   6982.843473425656
  ],
  [
   -5408.397403987677,
   -2041.773791761854,
   -2878.297174545212,
   -5570.112609845039,
   -11999.937979344239,
   -18975.910938765104,
   -3440.6609932379047,
   -11103.625663011982,
   -3887.9261124985255,
   -3061.9039037993507,
   -5541.448323903682,
   -47725.91831861841,
   -1399.47727599321,
   202.1076312943939,
   -908.385772936669,
   -3112.9242223254037
  ],
  [
   -5835.692265508696,
   -4746.411706972626,
   -2679.9641129291285,
   -4723.652967492883,
   -12138.910022473736,
   -14309.877659044312,
   -4796.640134602333,
   -8169.542814580668,
   -3492.9249022869926,
   -8898.379131362768,
   -6824.604961433851,
   -53255.934683593194,
   -1682.8322965693262,
   -2881.4091592668915,
   -2205.7144672181826,
   -8546.809111636574
  ],
  [
   2750.7557904931514,
   5606.672003200239,
   2778.7771832544336,
   9109.675321056819,
   8366.547507069185,
   6925.554841071035,
   8477.656472687922,
   -3468.66059411957,
   -110.10693918940895,
   8700.102106371727,
   -696.8917400038939,
   -3209.727294990766,
   6534.205397045623,
   6473.01132569678,
   7072.582746546136,
   6802.337424849028
  ],
  [
   -6579.192935374878,
   -7118.6103665596565,
   -5920.992958461881,
   -6029.771163978975,
   -2621.972498543347,
   -7216.248936671499,
   -2550.131703020768,
   -13224.504394861031,
   -3354.2757163712095,
   -8849.194076425661,
   -13191.427950306444,
   -17459.34818067601,
   -6297.309073853257,
   -3213.300283993382,
   -6670.83554346977,
   -5854.486749333204
  ],
  [
   -1817.6522505616135,
   -9918.449895906779,
   -3704.498870383387,
   -12674.109221299046,
   -11567.610390678017,
   -15052.067569160998,
   -6786.800660583826,
   -10011.57187263377,
   -1450.5373737256523,
   -11774.871749385267,
   -12128.893636882669,
   -36234.68352041706,
   -4384.839902219697,
   -6697.135619223629,
   -9225.453477427005,
   -9621.604373460632
  ],
  [
   2340.2437560465887,
   -322.43510786731474,
   4943.0228660048815,
   1050.6041577884123,
   -18451.400327214964,
   935.9952200388371,
   6198.452302695497,
   4650.0692710179665,
   -2058.3543730114347,
   3456.0559690723144,
   6697.403450356734,
   -24607.999230907524,
   1061.8755343923735,
   1554.5361455211348,
   433.1868963181448,
   701.8838533051435
  ]
 ],