{
 "input_nodes": 12,
 "hidden_nodes": 16,
 "output_nodes": 20,
 "epochs": 1000,
 "lr": 0.7000000000000002,
 "output": 0,
 "epsilon": 0.01,
 "synapse0": [
  [
   -5191.161746229184,
   1423.8495635001898,
   -12231.84346110454,
   -661.5858592396042,
   -2982.398046498946,
   -3535.4848541768856,
   1445.006251020267,
   1480.6272413990448,
   -488.03804431774574,
   -1009.2119108071939,
   7193.861385691036,
   -2039.9317713447774,
   -1973.7077619451525,
   1966.2487013771006,
   -6487.6864213317385,
   -4326.342427791127
  ],
  [
   3421.3710939196176,
   -5030.126520767371,
   7612.30879021486,
   8282.977648781882,
   2498.288726742363,
   7207.757561116409,
   7734.099771435748,
   -5622.284537290185,
   -2458.7374818989115,
   -83.68879680194557,
   849.5304584446972,
   -615.6812033895862,
   -9867.153547183423,
   -3826.445898165943,
   4938.408139266405,
   -14959.162368908172
  ],
  [
   -1302.66763384026,
   4039.6575583295,
   -20330.93591114498,
   -718.405418777523,
   5806.535525169621,
   -6841.283368433057,
   2857.7765580547107,
   -365.46795587977545,
   -1973.8974961674464,
   -24992.76885729233,
   -3600.2815482488495,
   -2464.1948351555566,
   -35062.47145713271,
   2746.609124735654,
   -14599.941726155264,
   -21364.09324060286
  ],
  [
   11117.341448228712,
   -2358.8159449983655,
   -10567.186585042884,
   -1042.9047044619301,
   -8641.765445550207,
   -2501.4794017314375,
   -1932.6570623531957,
   3818.4424236044565,
   -3144.028906052357,
   2302.9766276168602,
   -15375.909790925309,
   -144.2742510687865,
   -15968.730337686227,
   -20779.707851146326,
   -17922.337662991526,
   3397.0739508366873
  ],
  [
   6829.967965223661,
   -864.022525598745,
   -4270.331714106011,
   1914.5666132773933,
   -892.9074929206269,
   -1898.3818832770312,
   6850.708251513744,
   1587.8729342044394,
   2790.209767449371,
   -8516.890042034058,
   15372.786800538923,
   -1641.1282434524387,
   -7063.428573806758,
   10669.612823598145,
   10344.471356444797,
   -7487.091027483114
  ],
  [
   -3985.9093525174376,
   -1548.132471350339,
   -18376.809866526815,
   3716.096699413973,
   -224.7393691211964,
   1920.491395878303,
   3656.1105498481393,
   1075.101111365675,
   -3091.7036002730715,
   -2773.1301230257495,
   -846.9975994459077,
   2427.2239865156525,
   1482.1979431863174,
   -9220.76037424467,
   -17959.10518096858,
   -3762.965649983201
  ],
  [
   768.8116637753684,
   1283.537666585332,
   -19800.516859258438,
   -1442.981791355416,
   797.300421203868,
   1465.8231534727122,
   -1331.5518372944275,
   -915.7442955133982,
   -1965.0456581712438,
   -2335.9700897392045,
   -10945.827566572934,
   -979.8869935949865,
   -9445.424119860267,
   -5945.861566644333,
   -1112.6484607261,
   -11580.05653781561
  ],
  [
   -1156.2252361410067,
   -1785.743940756327,
   5613.1291819879825,
   -130.5637992241326,
   -8170.908356324484,
   1676.3041768033427,
   -163.75302283511658,
   -4828.806396752513,
   -4760.536604879729,
   1709.2406239420943,
   -1831.666337241934,
   533.8734124125465,
   -19498.176893561922,
   -1951.6385550892537,
   -10370.578837526546,
   -6396.964137772293
  ],
  [
   9521.704865676644,
   2748.370331540065,
   -27657.983111573114,
   -5407.05479073579,
   378.44267862136695,
   -2599.5011573910956,
   -3740.305186429338,
   528.7856685589421,
   -5225.190865961054,
   -5084.811924507562,
   -8320.03085322567,
   -3020.806338955457,
   -4079.5182819015063,
   -12219.555287176534,
   -1368.1138708089945,
   8063.821122702131
  ],
  [
   -1251.8878295410736,
   -107.93713326138692,
   14727.975917804093,
   -932.1311190713021,
   -6007.916186495268,
   2281.859371102931,
   -6802.265632413542,
   -293.6721463088007,
   -3616.019913760055,
   973.7482929397063,
   -9789.876715437636,
   3616.2959245901075,
   -10323.119361663092,
   -4736.058856168965,
   -1740.631597763304,
   -4657.682493149019
  ],
  [
   -24349.64569889041,
   -3422.424310090461,
   -19908.142258344687,
   -6463.458406554082,
   -638.8348693966424,
   -12631.79741765084,
   -9168.958215552693,
   2831.559296516073,
   -5713.0972352536055,
   -8491.052765808667,
   -7910.988068761472,
   -4411.23378514171,
   -39290.23106211597,
   -12945.495899923466,
   -31354.92855443852,
   -12648.636104920177
  ],
  [
   -23081.215812631508,
   -3212.5720218181827,
   -7427.872351866062,
   -5662.573985663433,
   5597.159372978569,
   -4661.822456840183,
   -13539.654229255517,
   3346.9563394563447,
   -43.53584430912778,
   -1552.0951238037662,
   -26858.926822833404,
   4573.31786734837,
   -10344.039624996145,
   -8823.340159877407,
   -30663.57660472631,
   16460.946257716365
  ]
 ],