{
 "input_nodes": 12,
 "hidden_nodes": 16,
 "output_nodes": 20,
 "epochs": 1000,
 "lr": 0.6000000000000001,
 "output": 0,
 "epsilon": 0.01,
 "synapse0": [
  [
   -1509.6922995558914,
   228.51081862144775,
   414.9138592027138,
   466.9119674107029,
   2024.3431073310571,
   517.6521984103452,
   375.2777829139165,
   -2120.029892831755,
   -2487.7547993023477,
   1103.9552259961881,
   -412.9235082175967,
   1397.5461536767348,
   -1775.1479813161372,
   -895.0667881268128,
   -2835.4715859200314,
   -181.7377038491644
  ],
  [
   1075.8804530210998,
   72.27604387477953,
   -656.335813820515,
   -437.7851664925924,
   -1375.2282889068758,
   -1059.5800468926454,
   363.5808750666201,
   -862.5485134483648,
   1034.5938553405167,
   -1056.994268361397,
   -582.1882315788033,
   -1386.8680749116338,
   3522.7393894665624,
   1183.0540462546992,
   -713.234076260283,
   -1066.2544029929998
  ],
  [
   -243.81951560601055,
   7691.245328743786,
   1030.5246736366544,
   1939.8727555743237,
   1245.3222907854404,
   1525.840435742246,
   -1045.2548602329534,
   -1661.7927004218943,
   -2756.7081751147584,
   432.19028805047645,
   -81.7906235770152,
   1215.4322039139383,
   -3078.2665628198492,
   -658.4612304236603,
   -1482.1713074813483,
   1255.817706950689
  ],
  [
   1215.8480455010395,
   1516.7826218245887,
   1587.1147107806978,
   1091.6816346685987,
   1578.209019786136,
   -266.56067680821934,
   -48.333455090892876,
   -3157.2755397791175,
   -3216.783149772902,
   626.8562379299121,
   643.0177645259026,
   469.45230050960214,
   1273.4893477852272,
   668.4473544001668,
   -6129.791652764506,
   207.46999860881965
  ],
  [
   997.2262910668734,
   1579.3039902511312,
   -503.70455378927926,
   736.5153629677142,
   -362.34077269182364,
   -262.31276359154157,
   65.39774393549503,
   -2366.2759615877812,
   1225.571182567509,
   589.8146350054066,
   -217.46645244776593,
   1666.9351849272887,
   674.0374634371512,
   238.63465769170716,
   -4778.704490937987,
   -414.5225951962732
  ],
  [
   125.48363244281735,
   1321.088441504584,
   969.6200908869721,
   235.19194573516006,
   1850.125318734154,
   615.752012662272,
   -240.14780541935036,
   -420.4600271963063,
   -3932.4060408612577,
   288.30753799471233,
   593.2908204613141,
   -876.3551159027262,
   -932.7464219737551,
   -70.19781853986605,
   -2819.4312799958716,
   324.9820517391727
  ],
  [
   -1035.8999444147378,
   7.072598839098327,
   -86.22451683942676,
   -663.340703585108,
   419.47657611958766,
   -189.38752745154923,
   -493.4246221426949,
   -370.6172637898583,
   -983.8783228162223,
   -320.2096687657928,
   -307.48593648848225,
   -1408.9341042492315,
   -1329.1598558325022,
   -651.8883180354137,
   467.02806781129607,
   136.0842181414704
  ],
  [
   -1668.8213662330788,
   -2437.3522425227156,
   -308.22662607183537,
   -556.5941499641044,
   196.55959394858968,
   79.34484802682297,
   871.1845770874316,
   922.6754274280156,
   1036.7648893951912,
   898.435994724193,
   479.728556579198,
   -2713.0171584899917,
   -349.2333886918671,
   316.6139689173353,
   190.40764071463067,
   -724.2492859027279
  ],
  [
   491.15799485265796,
   -302.0119000345387,
   -1142.9704199026185,
   -403.740712865674,
   -1754.1432546538053,
   -405.9426487216855,
   921.5263291101082,
   -464.58277232036755,
   -2783.075140783557,
   295.683623498349,
   342.18964568378277,
   -774.1981572134938,
   1475.0951042664572,
   -236.18537055437477,
   -6898.4885377016635,
   -966.2261724921483
  ],
  [
   -769.9052256878759,
   -1399.1153236328776,
   -1206.3666241716212,
   -1003.3055567816045,
   -1429.4749278098268,
   -653.210078535666,
   -170.85661768307645,
   -972.1431526479331,
   2069.351976336081,
   -282.2232348675133,
   -592.7917502073641,
   -1220.312839741422,
   -396.4688818426321,
   -150.8996499684258,
   -1060.6260444976638,
   -298.5408426188532
  ],
  [
   -3726.58278277508,
   -1434.652766433678,
   -1485.2949404269937,
   -1326.608378378158,
   -1798.6265851540795,
   299.7981558036148,
   400.0397092083836,
   344.44903595216243,
   -8722.469473389987,
   -1811.8511994463279,
   -1042.4192985142463,
   -2352.961561325649,
   219.09143805528655,
   -1290.2573218037976,
   -7376.442146665227,
   1056.438726569855
  ],
  [
   -2275.9677108804617,
   -2614.3628316706295,
   -297.3251638899882,
   -976.0474633335211,
   -280.3645768145058,
   144.45851909861966,
   -454.09281541163386,
   1398.7566573539991,
   -4369.277236291469,
   -575.0264387756811,
   19.298681048725047,
   -3100.897933633137,
   -464.1432731315957,
   -684.816252550245,
   -1772.728522246743,
   344.6663997524153
  ]
 ],