{
 "input_nodes": 12,
 "hidden_nodes": 16,
 "output_nodes": 20,
 "epochs": 1000,
 "lr": 0.7500000000000002,
 "output": 0,
 "epsilon": 0.01,
 "synapse0": [
  [
   149.80100416602593,
   -40.727141056015206,
   -94.13107275649394,
   -433.21235775138103,
   22.110698150692212,
   -137.79892428995353,
   -16.073857663545176,
   131.23378225062612,
   118.54103435913308,
   193.28367747641258,
   -120.73396355601717,
   -111.36817601581215,
   -146.223284010986,
   -251.34721744792913,
   -67.80521255429528,
   -183.11386189724664
  ],
  [
   -355.72658043681207,
   129.0317683884369,
   -33.700967727743304,
   257.98534998602094,
   5.425860356155393,
   43.827947394648135,
   -156.1069709887981,
   -585.640418030841,
   163.05802309747656,
   -444.8618260798768,
   -114.31762323691835,
   -63.95981209180612,
   33.966872580352046,
   320.7335524224903,
   -133.61899166122387,
   239.97330041182298
  ],
  [
   -133.48597036967675,
   -296.0378316070823,
   -105.25689719785468,
   -372.03317521955495,
   -150.63331980349415,
   -57.46463945930057,
   152.39507031608431,
   -362.7720609220723,
   -177.00604862370508,
   64.91383595462527,
   46.82475669988099,
   -183.70265697880578,
   -71.03534708275514,
   -288.1967076014579,
   58.930887443041655,
   46.17000068469899
  ],
  [
   -252.71789870295137,
   -81.60622391035297,
   13.112967574160749,
   -637.0569125399578,
   -130.1156947828599,
   197.36189494067693,
   -81.69438048951298,
   170.5518874167526,
   -129.7619899628104,
   -3.601523616445767,
   -320.9369418763688,
   -309.44314630301085,
   -0.90808170879659,
   -0.8768842651832074,
   78.2360681272789,
   -36.46541509897019
  ],
  [
   28.408973044394788,
   70.0249856655485,
   31.91018491513679,
   -853.8612183852281,
   39.04421479455798,
   27.238074811706767,
   40.79208296915391,
   -329.10547175041967,
   15.936246653180831,
   -65.07925767506445,
   79.7560966697928,
   -482.27168593506605,
   -126.72923581251308,
   -10.482859124907948,
   17.12583768593978,
   -137.79035917992258
  ],
  [
   -377.9450537190469,
   -208.33198087610728,
   -148.2114334878404,
   -480.31103590075776,
   -55.29304357492483,
   -717.0322373058838,
   4.284573204193782,
   -93.42766790159325,
   -83.13772571044912,
   -718.6373755137629,
   -144.20740261481694,
   -141.980802768122,
   154.51707920757707,
   -138.53974760512565,
   6.339044980139469,
   -93.85112900488934
  ],
  [
   -626.2196691547728,
   37.808277959335136,
   -73.25181235467633,
   187.6315774678629,
   -51.989244955297636,
   -457.6201344074499,
   -47.08852427038235,
   80.05487157512205,
   73.48993128706232,
   -497.49323832307874,
   -157.93100355655918,
   -511.3636642411184,
   1.6708725271128586,
   -29.542243053329685,
   59.464204059625466,
   -327.9846837599733
  ],
  [
   -159.14823781162121,
   11.246707229166836,
   77.26390984125551,
   601.6177124975165,
   -39.637478083809086,
   -794.1894616921908,
   34.37266499970299,
   171.144451982373,
   19.65320931403939,
   -495.8417531678894,
   156.02043812211605,
   -212.0640429733717,
   -179.51705129535054,
   73.41014690087663,
   -11.213022764821853,
   -117.92331946980235
  ],
  [
   124.97593497078583,
   115.39494360820248,
   64.61033952432702,
   422.92083412761133,
   -24.725579815217838,
   -127.85948603935311,
   10.430405183848569,
   10.931638309542734,
   -97.21951252084,
   -94.3187869387587,
   67.8212761932371,
   194.38018257339507,
   90.07322105387792,
   -47.19011649414681,
   22.14543244080567,
   185.6203540178457
  ],
  [
   34.58301153117534,
   112.03747096002743,
   -138.46986764527225,
   -13.968096308091095,
   274.09169388740384,
   35.08815558563839,
   -78.50079233765365,
   -553.6797305426301,
   -149.21676245898058,
   -392.3644487551562,
   120.71561061696092,
   -34.30943589143051,
   -186.00153318314872,
   -82.88847678181342,
   13.606077752805586,
   38.7546482689009
  ],
  [
   -627.6438342328792,
   53.13984811515652,
   -0.8706727099186505,
   -116.90708189165682,
   -35.704360922785554,
   -886.0432653251938,
   -15.075708281315826,
   -195.72061526649296,
   -21.4368377890858,
   -837.1108121727871,
   -122.31232352651139,
   -476.5448799465201,
   68.09285053675984,
   31.338828437819583,
   46.476755048694216,
   -377.2207541393554
  ],
  [
   -58.115218702244185,
   30.148334653603207,
   95.61920902050868,
   -654.1687697527572,
   10.087373856735352,
   -895.3734541489385,
   -21.057299439685803,
   -70.648461918141,
   -77.23811234757244,
   -129.31362728814779,
   -12.025124602604844,
   368.9333579774472,
   79.3250762199712,
   -118.58002848084296,
   10.918272574585849,
   9.87020450966524
  ]
 ],