{
 "input_nodes": 12,
 "hidden_nodes": 16,
 "output_nodes": 20,
 "epochs": 1000,
 "lr": 0.7000000000000002,
 "output": 0,
 "epsilon": 0.01,
 "synapse0": [
  [
   2114.274432662911,
   -2255.7296016348396,
   -24801.23332604869,
   -477.3654636332766,
   -2250.231141042784,
   -19887.38396957789,
   -5282.953931558126,
   554.9535869037607,
   -1704.7790929547896,
   -20643.879208544644,
   -1343.6865314088632,
   -2981.106426622892,
   2250.724909886779,
   -7418.04803568194,
   -1174.708647447295,
   -7154.219936141594
  ],
  [
   -2272.697877837166,
   5242.721770380438,
   -3899.5417579408613,
   -728.409424997444,
   3813.462545028141,
   8356.568203613824,
   7697.937096001913,
   -2160.139356873359,
   6389.867205496431,
   4227.521734256753,
   -4424.652825908247,
   4424.0580599886825,
   -2120.115872987667,
   -2534.855666216544,
   3745.0336506328126,
   5644.882291055551
  ],
  [
   -1705.4588802802093,
   -6680.951037119672,
   -11148.938459722174,
   -11865.728430889581,
   -10692.416552801289,
   -5202.423846633742,
   -8006.10757842424,
   990.8815829743054,
   -9209.557241428774,
   -7215.9500377856775,
   2956.35937271919,
   -8294.461449999839,
   1734.8632168496877,
   6287.403634301942,
   -7254.0838858052375,
   -4936.563810362665
  ],
  [
   3390.6922050998473,
   -3253.1989779469864,
   -4605.377939711597,
   -4993.247644442853,
   557.0675506399458,
   8488.177348324249,
   -39.90241291768367,
   194.1855945617342,
   -222.15749016270055,
   -5064.652373142415,
   1398.0834332123795,
   260.5605236889419,
   4527.61113148712,
   -1196.3386416947103,
   2160.3908150451507,
   -2836.580651553678
  ],
  [
   814.288420241144,
   -2067.837494541208,
   -5139.719659898254,
   -11405.793256144967,
   2389.050491629216,
   -13555.454496101132,
   -837.3424338866284,
   -433.33363710373425,
   1484.7714547158018,
   -10095.817895202032,
   -53.99875672739805,
   -490.84838296429916,
   244.9672042564275,
   -4971.913297756653,
   -623.43952525573,
   -16251.685830893533
  ],
  [
   -2189.7959319917086,
   -2365.4962146839375,
   -26105.482348948753,
   -6619.355558002779,
   -7436.188836644654,
   -4554.66246705209,
   -2342.3585910241713,
   1051.8819847107548,
   -4489.895448589092,
   -22301.353666009436,
   752.3705771598117,
   -4985.818973877742,
   2962.5860659153445,
   4536.813174555075,
   -745.9942098326483,
   -11019.162846176194
  ],
  [
   1017.4722137510184,
   -5426.2274809169485,
   -20797.283195051274,
   -7766.784824308182,
   762.5375570965349,
   -24417.37788760459,
   -1448.9172777322851,
   839.8017363469148,
   -364.1802121453686,
   -14438.281492669461,
   -634.4157947529076,
   -1118.1815659156678,
   596.2411899426937,
   -632.7626947442362,
   1137.3389065926099,
   -20926.30809548916
  ],
  [
   262.4960479566642,
   -3729.2693371251444,
   -33380.773651283125,
   5735.116300384565,
   1367.5026260749494,
   -12178.630929954117,
   2505.4657109071304,
   -1159.058295412522,
   -438.9305458538089,
   -25343.235165129478,
   -1220.8328262341827,
   1854.6346261276965,
   -2236.185976319124,
   -6425.932899989769,
   -1616.1569351934515,
   -5747.519307411322
  ],
  [
   -458.8053460667998,
   1130.5894168438629,
   -25907.296396830687,
   11020.951313809283,
   3728.616918071585,
   11331.583594006355,
   -1094.1683687945829,
   653.1355738546788,
   1664.6507480870694,
   -24614.375315907084,
   2127.142368542552,
   1762.2676104531888,
   -1984.5813271757265,
   2161.8008208370793,
   -154.2913014700089,
   14694.92346540845
  ],
  [
   -5116.507809598412,
   9007.429874812662,
   -41666.55227559731,
   5294.313973141229,
   2958.363249772699,
   548.9737452150731,
   -2150.5082204484584,
   -1537.6724368339892,
   -1725.5417192961738,
   -31206.536935372078,
   2958.5079510973123,
   -767.8176009972756,
   -2181.920331943376,
   -4048.444032507016,
   -2379.020922531715,
   -1895.7175405793503
  ],
  [
   -3091.860625893337,
   -827.9607977279499,
   -36011.25168649697,
   -6321.978068684157,
   537.987444885108,
   -20308.183442359397,
   -1671.334197653358,
   -663.1242043619388,
   1905.4540727432982,
   -25975.80415850203,
   -2639.699954271278,
   2641.501901061295,
   -1899.7906155923747,
   -2110.0373454144014,
   -1219.4313069329855,
   -16812.91190472109
  ],
  [
   -222.0681010749372,
   3067.7835673958184,
   -17490.245936925836,
   -2497.727338787243,
   341.6244694356352,
   -13027.247196090068,
   -889.6340474743331,
   -300.36262938567063,
   -507.4851537309839,
   -23869.76432805556,
   -200.5068762449962,
   1724.1213346650309,
   -438.42346378886833,
   2448.9445222929785,
   1878.3009486860813,
   -11668.099544236462
  ]
 ],