{
 "input_nodes": 12,
 "hidden_nodes": 16,
 "output_nodes": 20,
 "epochs": 1000,
 "lr": 0.7000000000000002,
 "output": 0,
 "epsilon": 0.01,
 "synapse0": [
  [
   153.28586087106112,
   -391.22993575413966,
   -72.22369947753938,
   -830.320142423233,
   -493.8550176131282,
   -234.45680058106603,
   109.29761749868358,
   144.25850225068461,
   -33.89333043410353,
   9.538848645427969,
   26.219640288352508,
   -1071.6597134267374,
   -49.77811939626572,
   -151.94916293939866,
   -182.77963076158045,
   -778.9853985108394
  ],
  [
   -17.76149712747712,
   494.3926203483135,
   -120.14474931131048,
   590.3133621550977,
   354.04527042225385,
   438.0484594054683,
   -166.5727970234482,
   -559.4745022600417,
   738.9718421556295,
   -615.0667230931055,
   -239.92556035371783,
   680.5929047919983,
   -134.24403032791147,
   290.5933239176088,
   -162.65261086815374,
   950.5020103847496
  ],
  [
   -126.52761380934105,
   -752.1122226432467,
   154.75330156856626,
   -767.5041236255003,
   -419.5484923302373,
   44.09729978728686,
   264.6392467092404,
   -335.36801794124466,
   -575.3308675972321,
   71.2519412515338,
   246.2173978982069,
   11.174505169387583,
   280.6428998463388,
   -444.8630086624423,
   34.83972537145108,
   -50.95980353901619
  ],
  [
   -72.54786034116427,
   -195.48011372855314,
   112.16200616536257,
   -947.0343121954746,
   -488.299966192529,
   672.4628537551164,
   184.61816709591525,
   235.57559810370415,
   -178.15117198000544,
   182.843611042499,
   -170.62244543430498,
   -464.621877730536,
   148.47771125447855,
   -4.427084390670943,
   62.97361644920268,
   -157.2638561680767
  ],
  [
   -374.0780113672905,
   -51.69574500443973,
   -50.50669596336741,
   -411.61661671364953,
   -556.6964384043735,
   -630.1316069381421,
   222.22037118106027,
   -388.3504733732133,
   -215.29003117936293,
   -206.83490655616887,
   88.85747735375705,
   -1018.6545196038485,
   -71.6859572946041,
   -160.60904303006276,
   80.43072950505343,
   -594.5922998490835
  ],
  [
   -648.323527612453,
   -58.83139409055758,
   1.2143879685666594,
   -1063.7349352227895,
   -367.46695253855904,
   -700.5599971146315,
   151.89611761147057,
   -124.49377353512583,
   122.97960915934371,
   -1605.0229369247952,
   -72.23264634491493,
   -502.6195477017042,
   331.4787060544387,
   -46.07426134879377,
   -49.55450860272235,
   -635.6846303576191
  ],
  [
   -96.73865598194779,
   49.63980914159153,
   -59.7765283110457,
   -105.37031128837837,
   -418.41407016048527,
   -1059.4879428543989,
   -91.59240573933458,
   27.70515326574302,
   -60.0097173420821,
   -179.10747034547572,
   -110.26220677241895,
   -630.8066658131618,
   8.555474727541819,
   25.184041954503183,
   105.2342816210668,
   -560.4009774674449
  ],
  [
   -46.96820406900083,
   -231.02260213161836,
   -70.68379196206199,
   867.4963884884278,
   -436.1568631960634,
   -1186.068111108285,
   -50.10252982509391,
   398.932407037116,
   35.789722126584394,
   -727.7699232249887,
   140.79658126430004,
   -580.9535863898341,
   -75.20429933531017,
   -35.00941466055677,
   -8.7509163138631,
   -428.2891541788792
  ],
  [
   50.651058947724536,
   134.22289939053405,
   35.51401451764264,
   783.3188090267598,
   232.7841510252008,
   387.87806503677257,
   -31.016988855603994,
   149.0076194905497,
   -274.69228928865516,
   -149.01151890866484,
   7.52575310252875,
   31.110228500397696,
   67.85632758524251,
   -63.66124198682365,
   31.847689142539764,
   63.69933703477598
  ],
  [
   -356.9020879584971,
   450.2189896884834,
   -367.39025624452364,
   -202.60707408122883,
   428.37164506969833,
   -41.05889343754488,
   64.76458811241727,
   -732.9262486070331,
   -154.262384163359,
   -1112.9548621370209,
   -30.155084293484023,
   155.75984900048792,
   -421.172410617137,
   -1.9427726260703864,
   162.76088463201017,
   -146.49922270006195
  ],
  [
   -850.7826079413026,
   113.33645221891918,
   -111.01804232159884,
   244.11444117270756,
   -59.95672503125489,
   -1120.0604522858787,
   -267.1617205419272,
   -133.86312554828112,
   80.78476998507585,
   -1327.1793363194447,
   -240.20628424462686,
   -602.7884223119613,
   -15.495212409876421,
   170.79618411784966,
   11.914580522001806,
   -526.6620278546826
  ],
  [
   -275.15627972284324,
   56.5528595794532,
   -100.42552760707518,
   -451.4495398509025,
   314.3027531377778,
   -1819.988089258415,
   23.496317697583006,
   152.10706193680346,
   44.080970125099675,
   -590.0747518783867,
   120.28227268589583,
   678.0567033961207,
   -31.3802036791981,
   111.0811014183264,
   -16.3133581418695,
   -89.59029478327295
  ]
 ],