{
 "input_nodes": 12,
 "hidden_nodes": 16,
 "output_nodes": 20,
 "epochs": 1000,
 "lr": 0.45,
 "output": 0,
 "epsilon": 0.01,
 "synapse0": [
  [
   420874.30248603766,
   657317.2166452564,
   451546.18198023125,
   110818.23576348915,
   339245.62590238056,
   67288.64241171659,
   18561.721101249637,
   52118.68501896901,
   112676.00003250534,
   49102.72020540265,
   252072.74998640086,
   -629716.3195722017,
   49806.22935202286,
   300469.78736106947,
   35033.833409462466,
   291156.39086463663
  ],
  [
   -836918.6994258096,
   -834195.2865870355,
   -197550.49494765777,
   -328339.42892002896,
   -280973.7386282621,
   -61283.23668651463,
   63433.562443941126,
   -51584.525940996544,
   255416.3043687402,
   -139253.6044324928,
   -32680.074699598605,
   953731.537653483,
   124182.15269344114,
   -1009357.7875994939,
   -79436.16254190385,
   -735787.3500856839
  ],
  [
   -496950.2082202247,
   -933788.054150231,
   -290173.7677185913,
   -119109.17050725175,
   -541724.8574450936,
   38864.51684846845,
   -160166.8344402704,
   15723.325569821429,
   -701308.7909727218,
   -97835.80475823287,
   -782242.4649679149,
   -909239.7310192555,
   -465754.4423290712,
   -448209.7734202955,
   -45438.88832004039,
   -790462.1368860885
  ],
  [
   604464.9726951362,
   -293940.7482640706,
   -497811.7708408137,
   94260.53144543566,
   -489648.4406527957,
   85603.64513320345,
   32489.582304579933,
   89072.4040057028,
   -332900.52704430406,
   103906.15356812255,
   -879532.9844086629,
   -727064.4217888411,
   -220324.6080691246,
   225649.57028236927,
   3791.6762539676906,
   69591.60660216684
  ],
  [
   -427235.79776580905,
   79065.68370735364,
   461029.6849921566,
   -120954.92852246569,
   296385.24943867966,
   22466.04835697588,
   -4835.875796626861,
   -59226.80149969408,
   308456.42479985644,
   -88731.87858427009,
   399624.0966539583,
   742404.49527531,
   69188.98576573,
   -77011.99652620283,
   -11385.508661732316,
   -3832.124179676335
  ],
  [
   344400.68154653447,
   -155352.45145075503,
   17428.908339551155,
   -224683.06061607238,
   -142498.06931428015,
   -28122.54798059238,
   23037.78275737392,
   -17569.940156311124,
   82649.66062006526,
   -124983.46198338698,
   -455.4387685338949,
   205707.32724000118,
   -160612.2355940584,
   -762606.0790427715,
   -40269.508387279915,
   -156726.15278543197
  ],
  [
   57605.93913406013,
   -11216.216394896073,
   -167238.36459521882,
   -153043.90685725337,
   -22011.79154170804,
   -46950.59763273495,
   -45988.8405448904,
   -47441.43395121154,
   27354.633954607743,
   -48497.40063368167,
   -135900.68993742243,
   -428594.12365636136,
   74284.26912917962,
   -616688.3254891285,
   -27960.336611178765,
   -49031.8181692697
  ],
  [
   68693.09014910615,
   411107.8228785157,
   309732.9690127897,
   53549.54059646175,
   174484.32575192527,
   22041.865192564663,
   29488.86260778107,
   31245.897467018447,
   291732.34731527703,
   26875.739442646878,
   458708.13352692674,
   354570.79600746586,
   217091.88869780797,
   185092.98578615088,
   7983.828293222905,
   128588.34441171278
  ],
  [
   -87909.18723337143,
   -736369.1025715936,
   -126703.91737171554,
   -175823.9716988407,
   -225510.20780629464,
   -3368.871155189602,
   30189.13728997196,
   -12061.615052881483,
   -53275.542809366736,
   -94207.8011048111,
   -224905.19256902672,
   50366.65402673976,
   -237146.1995682368,
   -692396.8672512075,
   -39220.80785707814,
   -451048.49416181067
  ],
  [
   96644.01491020797,
   -46305.56248264999,
   26701.300171408817,
   -6515.7263305756705,
   117893.59043888621,
   2486.181254024032,
   -90298.58901294899,
   40144.30672294456,
   243212.62320750084,
   -4820.468996341579,
   1568.048188035089,
   35659.56782609576,
   54826.741607076736,
   -178012.94837729834,
   -16038.020762032014,
   214872.1376155898
  ],
  [
   -481317.3134417535,
   -363863.4711628083,
   -15381.671931402552,
   -182111.1151383843,
   -190958.3967191347,
   -46553.65173991182,
   -26139.137622495873,
   -58130.65044989943,
   -226247.04710099322,
   -110184.18495332793,
   -267681.77335306216,
   -183426.63100571604,
   55579.98843654811,
   -933516.3488273724,
   -57259.544376749545,
   -669213.6662883546
  ],
  [
   -340947.4254921713,
   244133.44242375513,
   218130.23963570583,
   -198718.2667663226,
   242069.28563403798,
   -92516.01594030745,
   42481.770210479066,
   -68048.1709323098,
   253974.78948849477,
   -124461.23499985586,
   435417.47504952544,
   -295442.8344015851,
   50597.72334493396,
   -630449.2376426485,
   -19280.30085332335,
   -46281.69766179665
  ]
 ],