{
 "input_nodes": 12,
 "hidden_nodes": 16,
 "output_nodes": 20,
 "epochs": 1000,
 "lr": 0.5,
 "output": 0,
 "epsilon": 0.01,
 "synapse0": [
  [
   -1002.2844958745616,
   1585.7936358343773,
   -4242.657256303473,
   3053.261559270949,
   -1025.5999542413576,
   -2110.430464100925,
   5930.595270430718,
   -2266.1335235246083,
   2317.8737465018144,
   -202.397283320757,
   -541.2961848108795,
   5578.539066612195,
   148.06772998745728,
   -2065.197662575105,
   2438.2431103529025,
   -1871.340158718495
  ],
  [
   -1777.2111541812778,
   1427.9211776168488,
   5463.127470687821,
   -3341.0702211400753,
   -58.77620269684884,
   960.5270424983531,
   -7216.328204078345,
   431.04238800275743,
   -8547.690756898957,
   -1199.4081785613416,
   -644.2852451229937,
   -8197.78589337111,
   -884.8486751530102,
   6858.555419595943,
   -795.6376233738736,
   1420.8416554100588
  ],
  [
   -915.9129246385392,
   -3087.9603591823056,
   10477.622938879773,
   -8180.689171556518,
   4898.104897948821,
   -2822.7203547807458,
   -11657.380267753497,
   6711.0341096447855,
   -8415.081856906823,
   -3056.8905401228667,
   -1345.7527202906197,
   -36.31720345770783,
   -135.23278382455862,
   -1320.6722186310947,
   3318.4939375776385,
   6207.315949544014
  ],
  [
   -6717.874897779907,
   -5541.101605224383,
   5106.237039445223,
   4069.4755925767668,
   638.4841812022505,
   -4997.263428233553,
   -12231.972764153988,
   -12990.239646303718,
   -18866.273202318946,
   566.3716665164585,
   2300.9850766602813,
   -1100.8157619207266,
   -1100.0693087835057,
   -12101.253665964025,
   -3369.6776308861085,
   -10567.593259308702
  ],
  [
   -5022.33240229693,
   6261.7265145641195,
   8130.714173738108,
   -1190.3217638860679,
   1196.7740634101617,
   -2578.0879374756337,
   -22071.282590853163,
   -2418.8495194690545,
   -11824.370037406437,
   -129.1012174017201,
   9.201720619874163,
   -1175.0225444495745,
   2437.619086948873,
   2346.9741932595252,
   944.3937050238563,
   -5590.648305822992
  ],
  [
   -1578.2609080810137,
   1208.887342765538,
   203.00714097255997,
   1026.0709660736552,
   569.9610829357955,
   -1459.7945086555637,
   4663.778357563959,
   2043.669155437576,
   -8316.673454456533,
   1.7026451529645543,
   1996.7013309291874,
   -277.06298216966695,
   1511.1544414021057,
   4753.6296297484,
   2801.2762109932373,
   -5443.803347971703
  ],
  [
   -5608.9012142410775,
   -1026.2843351064262,
   -6684.909222139359,
   1907.2534191590262,
   227.70016910580537,
   926.5583700004615,
   -6176.300640415232,
   5035.570251111179,
   -172.62593455525788,
   -122.2981325240658,
   -2244.7632211276596,
   -1117.8416651356094,
   -3074.87608660488,
   2701.4797099059824,
   4400.8583462078905,
   -1680.8046344904299
  ],
  [
   5279.866185806461,
   -6802.195865028261,
   -14549.131914727324,
   1243.0497609809622,
   -3154.0257546208186,
   -2631.3406343402107,
   10309.285700673992,
   -8286.145599187812,
   3753.380352104744,
   -81.58975798443898,
   -503.2694103902275,
   -2671.697788896997,
   1652.624035024218,
   -2237.1375303709524,
   -14080.321078096867,
   2389.542137113327
  ],
  [
   -11562.376853006255,
   -9137.64924927885,
   -11235.475346773763,
   5114.987820886018,
   1694.992307570643,
   -2975.9779268408474,
   -14966.537926334431,
   -7840.716893353701,
   -3954.0320046227725,
   1005.4242691904549,
   1526.9501744905215,
   1303.9049564293828,
   2411.744299556161,
   -5549.397106237002,
   -6472.023136598275,
   -7937.432666797459
  ],
  [
   -2924.3527093807934,
   -3263.394495524203,
   -7242.517079413495,
   -5108.458923745736,
   -2365.7861241560377,
   2066.2044427385654,
   -1124.42371686551,
   -14603.908064966632,
   -1869.5103272808012,
   -242.06578620885963,
   375.1963496677991,
   92.58533939348555,
   -1333.8562187996693,
   -901.442669298573,
   -234.13620636856012,
   -8019.436603098503
  ],
  [
   -6173.299746634709,
   808.5233407913793,
   -4531.9338769331,
   3667.1015410117543,
   1188.3863386420285,
   4853.332675852598,
   -13868.244102511777,
   -26934.510567726684,
   -24293.671377861687,
   1109.198911267044,
   -4948.855935102589,
   -1954.9191295266958,
   -3938.69209548843,
   -9780.182866878382,
   -20582.932914833927,
   -14715.995660895276
  ],
  [
   -1461.1760681323537,
   185.08959777129735,
   5674.274153251695,
   -10053.672754232091,
   -468.5567446599132,
   3852.647469343454,
   -10594.926493904772,
   -4929.655033947139,
   -8870.167802826367,
   831.9348443934847,
   1147.199111713015,
   -1219.516393563327,
   2685.5034411858387,
   -1831.0156481178403,
   -4463.420638301385,
   5105.498975866053
  ]
 ],