{
 "input_nodes": 12,
 "hidden_nodes": 16,
 "output_nodes": 20,
 "epochs": 1000,
 "lr": 0.8500000000000003,
 "output": 0,
 "epsilon": 0.01,
 "synapse0": [
  [
   163174.93793851312,
   -294886.07494047564,
   20067.975433153697,
   -170211.38061927387,
   -80480.93727798911,
   -60663.52803935028,
   -157358.14258149374,
   -133190.22960469942,
   -450128.045487941,
   -299000.22616971843,
   239320.1292413209,
   -359573.23839993007,
   -70515.63578193341,
   -246353.2325981182,
   18978.332320237718,
   -205930.89989805262
  ],
  [
   -57984.682969303845,
   267360.5655282407,
   146733.09748187353,
   161207.67028674373,
   132851.2713988236,
   -33064.39889496111,
   29273.936464599272,
   -18918.712241985973,
   268655.63243113586,
   201058.07769060862,
   -99429.96583641728,
   264536.59215400874,
   108554.98783754806,
   211073.35355588121,
   34787.4659930319,
   54628.54977904966
  ],
  [
   -386007.9074746887,
   -326879.89925898134,
   -119151.65695830574,
   -344363.7383956945,
   -336767.664672773,
   152514.88518380313,
   -95918.04665978772,
   -97704.4247324746,
   -184006.54199199687,
   -237095.45206534927,
   -303616.45925539953,
   -260615.43096991282,
   -366451.6661517314,
   -232986.28935980576,
   -323421.7653627344,
   -154039.98852067877
  ],
  [
   -88742.23599317188,
   -276446.32821039634,
   -11506.130363181494,
   -228957.09471495802,
   -235818.86382024636,
   -15268.253363989754,
   -88860.11947634134,
   -76228.68916528992,
   -234303.83579068803,
   -229468.2659253056,
   -101371.95524961648,
   -259726.29727769544,
   -301690.78955793614,
   -196723.03734541294,
   -194762.43929832397,
   -127265.597129801
  ],
  [
   -113807.06312352282,
   -202536.0833498072,
   -32490.670798994306,
   -125151.95487794944,
   -140488.3811070855,
   -44233.24747765362,
   -115401.38686561058,
   -149908.01229970556,
   -292560.40497923,
   -192209.52325381347,
   -123347.49121651468,
   -189313.80979813574,
   -51417.059907044626,
   -137309.20169623414,
   -180130.37240975362,
   -114368.81789012166
  ],
  [
   -12842.51484109297,
   -155987.39533689633,
   118639.373784014,
   -68781.36518052418,
   -87143.31029329139,
   -47275.595934972516,
   -84289.52089139914,
   -79067.77843807232,
   -185974.5368774505,
   -187461.97424717413,
   57664.339844841255,
   -184188.84523623143,
   -85494.69376771161,
   -124560.69813296471,
   -21245.00920240873,
   -82487.12182739603
  ],
  [
   -261766.18318138542,
   25589.579786731967,
   -43912.16771773603,
   -67141.53154763154,
   -92290.47346405913,
   84206.98467953851,
   -642.4010557221876,
   11840.56253931022,
   130623.71375204343,
   100803.33179177067,
   -241737.10728036636,
   116772.69681635125,
   -149057.64805397447,
   53169.66520928755,
   -145459.91431574512,
   -4303.7549989031895
  ],
  [
   340589.8789404322,
   363744.0029516367,
   178300.9962442771,
   260802.95746225808,
   280294.52142055397,
   -133941.1615620745,
   28523.414748499028,
   8873.525271511691,
   244474.267284552,
   249784.432652549,
   235339.02233159935,
   268398.09195681824,
   235296.60013378703,
   237058.6371823103,
   291389.4364640677,
   15419.010688717468
  ],
  [
   -74005.30821826357,
   -367718.1817673302,
   -42044.8056486146,
   -274821.58506297925,
   -294909.6225329072,
   33491.64124944421,
   -116973.22374296229,
   -101386.25688935269,
   -350534.7830011365,
   -283825.1168827248,
   -177680.21656858124,
   -329053.5015517583,
   -295925.1687035763,
   -274649.17025081656,
   -260788.4212231229,
   -49486.870360490386
  ],
  [
   169249.45256484693,
   326227.6579787217,
   -15170.017644245389,
   224234.4282239683,
   157699.78774342008,
   -138373.46776449343,
   85441.04925393409,
   61336.33825734213,
   315372.41929399985,
   306662.9970777136,
   -71219.13883835106,
   348603.71528163995,
   90842.8405248876,
   269935.9936073899,
   38300.5859023403,
   167519.43035744457
  ],
  [
   59439.49634404208,
   120867.34155447276,
   120750.69208035228,
   106340.96512778672,
   148625.71829630333,
   121188.36201502886,
   -46714.541668012454,
   -26566.963669339744,
   73806.88098164274,
   39069.052379626424,
   186643.39767635096,
   44270.64135397113,
   156410.91548732633,
   50730.07036285931,
   225447.31270290472,
   -80088.52588523773
  ],
  [
   -55040.937565265514,
   -237025.25993277258,
   31675.20414996278,
   -184431.5115556744,
   -209167.2783159442,
   -286882.87865852367,
   -75508.87802873018,
   -132815.59961487207,
   -315207.6108360414,
   -219235.8994233739,
   -84310.65928374311,
   -265627.54477560264,
   -257226.41870423296,
   -142918.46238551225,
   -254269.0528100594,
   -125145.23535053337
  ]
 ],