{
 "input_nodes": 12,
 "hidden_nodes": 16,
 "output_nodes": 20,
 "epochs": 1000,
 "lr": 0.4,
 "output": 0,
 "epsilon": 0.01,
 "synapse0": [
  [
   627.8681262288661,
   1498.9017013062596,
   1394.7886009179804,
   2170.720480008128,
   431.0036119753549,
   978.1572336554536,
   3031.098516706734,
   2188.899271370286,
   1790.6348802053171,
   3797.3936795634977,
   1786.4100790032116,
   863.6674372300841,
   394.0066213336662,
   4096.045092644217,
   1959.4343658830162,
   539.4191521996929
  ],
  [
   -100.4058787648988,
   -1498.7928761336746,
   -2102.304429938763,
   -1442.7899993812086,
   -3250.414098392236,
   -1958.901525035553,
   -7519.465778486313,
   -1368.7398589197783,
   -3157.810136801525,
   -3708.3990448990244,
   -2723.071085205956,
   -5812.913944902742,
   -1079.451675648019,
   -7203.978874060141,
   -5674.701315342793,
   -1806.0666947103648
  ],
  [
   -1366.0480128434367,
   -5500.240716989274,
   -1264.1497275968306,
   -4956.238424336983,
   -5416.479137505263,
   445.67917055098366,
   -1904.4992937879379,
   407.9589925283746,
   4232.025690714294,
   1676.0508178235532,
   -162.06090050975368,
   30.49613167573138,
   2950.8787354270103,
   -844.2538518002024,
   -170.22973939088126,
   -1430.1977696940826
  ],
  [
   -675.3438074806144,
   2837.232493631622,
   235.11077039466795,
   1091.9791181202283,
   -1511.6536476357685,
   874.3963196148131,
   -1703.8756488143163,
   3819.164353307088,
   3911.547322646732,
   4202.302868006384,
   3041.8593412954906,
   -1508.115486121605,
   4014.2631555827015,
   -2178.5516009504204,
   -0.5967727253801309,
   -935.1568670909135
  ],
  [
   242.81975586994363,
   863.4789833466128,
   -1630.1983093865554,
   1561.8702380842858,
   -599.0657358363625,
   1737.1383713714283,
   2998.2938668762486,
   3258.041994399156,
   1881.6023844845352,
   1898.2464304368746,
   4722.627352373589,
   2813.0434756662917,
   3392.9350257372384,
   2983.494359494723,
   965.5465487374616,
   456.58918607038606
  ],
  [
   1593.9936726374667,
   938.5860328932636,
   973.6082124472906,
   -2199.3504172258604,
   -439.0268606963779,
   4655.469103253869,
   2388.24443605224,
   4422.91873069062,
   2549.3945647115174,
   5465.220757826328,
   3194.4846352853774,
   3313.5141775148886,
   1579.6938530645564,
   817.4062833249269,
   938.4557767608413,
   1097.4653990988647
  ],
  [
   356.56510359378404,
   -1817.2643803663416,
   -454.30194997667274,
   -4034.283604067319,
   -2520.9270276075704,
   312.221094448616,
   -201.81772225414042,
   -2952.323325752553,
   -2017.3000110156045,
   -2622.407383120459,
   -1021.7532632614287,
   -3394.458702713915,
   -1322.5828631128443,
   -1197.1877803283933,
   -495.53970026249146,
   -979.3801205023973
  ],
  [
   -1855.1307701778826,
   -267.956579853236,
   -1721.795526033213,
   -4530.45742600861,
   -5036.234192860955,
   -3250.4000946133306,
   -5943.514246576773,
   -4446.665790392284,
   -4553.637116598066,
   -2989.415664804993,
   -4824.806803956195,
   -7096.59221674787,
   -4526.00625433057,
   -8187.14083604325,
   -6769.046034090824,
   -1702.3650317555678
  ],
  [
   1737.2139669793285,
   1316.33081982661,
   2185.2944700157723,
   -4891.5877449257605,
   -1878.1448310678381,
   4304.686306443466,
   2591.3358307294898,
   1128.0528279159178,
   148.7232677111337,
   2980.261034184769,
   777.4687700930133,
   1646.0552732595945,
   793.459797909114,
   -983.5777009737719,
   1534.4784325756561,
   685.7207733675405
  ],
  [
   -1233.0805190281976,
   319.056834406537,
   -971.0354062266971,
   1585.416749714427,
   -2326.3186848051164,
   -3674.6102876639807,
   -8015.664784331227,
   -943.0097183701808,
   -801.3428784417564,
   -1628.4353568992728,
   -2586.2565405091823,
   -2899.1449677804553,
   -734.2783120427108,
   -6974.757578710092,
   -3814.2594496667894,
   -797.9083223623497
  ],
  [
   -496.44752818490997,
   -4563.382764410934,
   -3426.579052978298,
   -1501.168201407242,
   -2698.3692550554524,
   -4014.045264178722,
   -9041.324126018146,
   -6841.531852296679,
   -9747.953811161384,
   -4913.501675902698,
   -5747.841506535409,
   964.1205598783564,
   -7259.1222000376665,
   -7499.139323820922,
   -2512.3177538935033,
   -1370.8765773501195
  ],
  [
   2277.928921128769,
   671.3574157683943,
   3434.614484304481,
   2835.6610018549377,
   -1325.3375532279354,
   2035.1715053915102,
   2507.6137013183397,
   4922.028464951782,
   4271.438392109685,
   3815.392280087232,
   1127.6098104112716,
   -1770.5987471625308,
   506.5377495901752,
   556.826175124678,
   -838.3163008403412,
   2520.2860933881943
  ]
 ],