{
 "input_nodes": 12,
 "hidden_nodes": 16,
 "output_nodes": 20,
 "epochs": 1000,
 "lr": 0.4,
 "output": 0,
 "epsilon": 0.01,
 "synapse0": [
  [
   11267.935368894994,
   13195.282634977199,
   8375.876496140649,
   3571.989397350178,
   7857.656410956859,
   -6861.425794830184,
   -138.57934534055164,
   -14041.759347879019,
   2698.496527874266,
   9424.9837105505,
   10346.81664437948,
   13791.58816214576,
   11406.848890288957,
   8334.222983060665,
   305.2149546296401,
   8982.801279361778
  ],
  [
   -31648.541430446043,
   -26944.26759937696,
   -22753.02154637951,
   -16735.28620865535,
   -21531.037512815732,
   -54719.243957376864,
   -9506.66626810328,
   -55558.90911370862,
   -23974.061649435924,
   -30426.719364012686,
   -25401.704749542136,
   -20603.778366886578,
   -28076.54144572272,
   -29226.690413755627,
   -9060.665539773941,
   -29294.623947165423
  ],
  [
   22591.996342390114,
   18180.38852189595,
   13439.165645778663,
   13789.700950785566,
   5277.730714396454,
   7242.432551929036,
   8272.371181396085,
   -675.8200356365296,
   8220.995865888024,
   -37837.83702660557,
   17432.59800261261,
   13095.57847852191,
   4462.774012858461,
   17416.38344173091,
   -3835.324643622715,
   26907.773821999777
  ],
  [
   31533.32634664768,
   25238.980117035888,
   9148.935252534295,
   36748.90487037292,
   27407.07268233386,
   11257.187015267007,
   16240.10422539529,
   6549.002181890066,
   17184.525920629316,
   -40286.931891128916,
   26333.12043771398,
   8705.005377537094,
   9327.11602076402,
   40725.202593408576,
   -4337.45190326393,
   33635.731488422694
  ],
  [
   26239.155641504633,
   15268.112200731595,
   12661.054313673327,
   30757.645900440926,
   19839.722316904856,
   30.13803512735541,
   8325.14332321895,
   -18427.10349915088,
   19071.511371803746,
   -18347.346768732572,
   22405.218312466117,
   12467.020612674996,
   2931.3090589793087,
   29385.94974399302,
   -208.10737617717106,
   27320.200916994465
  ],
  [
   17949.20976669405,
   636.9483557781515,
   12943.895978688231,
   17082.04367735696,
   8371.789595611472,
   211.36233024766128,
   5139.155495576016,
   18231.446508319805,
   14809.239487955516,
   -1693.1453245105356,
   11734.043379476898,
   1904.9703352232016,
   3773.6868329318577,
   12975.614004114133,
   5571.574258646274,
   20122.551660515663
  ],
  [
   -5110.4028940153985,
   6393.4994575676765,
   -130.39204270518437,
   -13746.018010208616,
   -11964.740909429956,
   -30531.535292777047,
   -3309.9362670356463,
   -32597.3722698933,
   -15944.612258159175,
   11477.190638191012,
   -9824.428731073878,
   -4576.403078488367,
   -7174.496516739367,
   -16375.239927827644,
   -6299.371142833675,
   -10200.591429947483
  ],
  [
   -37512.26375922582,
   -23531.087351788854,
   -22303.014297087168,
   -40951.36289223893,
   -33135.625438730225,
   -29731.057617454022,
   -16185.55580887271,
   -22739.18677782119,
   -37182.56954645572,
   5808.243719743389,
   -29147.021872226447,
   -25590.387877170404,
   -28258.96857389153,
   -49049.83438467731,
   -8628.841871238437,
   -43950.926327389476
  ],
  [
   -14045.069014183178,
   -8677.759297947083,
   -9640.705481387397,
   -14662.523346073947,
   -12187.144766861156,
   -67667.40255350052,
   -8769.900974857897,
   -93763.76793092415,
   -13761.192384219848,
   -103259.49233766845,
   -11846.39580183179,
   4009.1918469335187,
   -3605.7932015879246,
   -13002.593515441322,
   -16632.329525185774,
   -9676.58863550435
  ],
  [
   -398.3919272784927,
   5763.022004624698,
   1972.0757927438053,
   5344.095917095488,
   -2486.053154510876,
   -6102.482469146737,
   2811.3380733847202,
   -2129.7145802125015,
   845.0087180898623,
   -29633.149472393852,
   282.45905328902484,
   -3842.421987244832,
   -2414.2055835398396,
   -7344.729693208615,
   -3592.0563264389234,
   7011.561482890839
  ],
  [
   -53566.071939353875,
   -30807.888844134824,
   -24947.976646298306,
   -36450.939601204496,
   -34927.726839210845,
   -103352.87767444566,
   -13029.2470395407,
   -117407.62561119601,
   -48217.34497402273,
   -76466.5080067797,
   -43983.75395409145,
   -12062.916808640011,
   -18474.880125858934,
   -48351.59826248481,
   -20566.970860805326,
   -52595.99688185999
  ],
  [
   33929.16783021362,
   19474.754140852674,
   4230.362783067539,
   27898.928064114705,
   43031.650918058476,
   41183.303902117754,
   15830.10451394711,
   49190.549647611944,
   37959.78235832927,
   -64303.70594150781,
   19300.325227355886,
   12424.116021980844,
   33370.71372287916,
   48526.38157658593,
   -2814.5395238478,
   30487.10696314541
  ]
 ],