{
 "input_nodes": 12,
 "hidden_nodes": 16,
 "output_nodes": 20,
 "epochs": 1000,
 "lr": 0.30000000000000004,
 "output": 0,
 "epsilon": 0.01,
 "synapse0": [
  [
   11194.208525136539,
   14335.776619374086,
   9631.399564182293,
   3184.1511101791507,
   9882.156051603295,
   -7509.773256288816,
   -792.9394414550011,
   -16226.935780232303,
   2223.598933337556,
   8400.530600883516,
   11954.417672432288,
   14272.851213282425,
   12084.682029312016,
   10189.706903386817,
   110.98602486147294,
   10977.410507558981
  ],
  [
   -32908.92824836424,
   -28926.782425342284,
   -24339.852985832735,
   -17338.42670976069,
   -24091.166014377824,
   -56822.58343078576,
   -9476.869934208715,
   -59145.551440861214,
   -24813.17130603168,
   -32094.517141769546,
   -27136.746762509545,
   -21447.626971733003,
   -29469.85945148322,
   -31479.314644162638,
   -9344.261131977133,
   -31449.812247217924
  ],
  [
   22634.425620990613,
   19417.052303973593,
   14963.700657135301,
   13528.42907373507,
   6706.604039862312,
   6493.308684803003,
   7808.186359675593,
   -3151.132872611549,
   8226.536442031971,
   -42478.99096378813,
   18551.458386393948,
   13280.614131568504,
   5388.071746914404,
   20166.385194954317,
   -4445.3692798181955,
   29107.76422834475
  ],
  [
   31774.52050716364,
   26978.936665123354,
   10162.096347573288,
   37369.02477232226,
   29181.887018659298,
   12752.57597407131,
   17002.59730872232,
   7433.473655815361,
   18043.959094089474,
   -43637.84061562751,
   27710.197554633847,
   9582.724366241844,
   10098.940954158465,
   43579.83812124615,
   -4678.748651284655,
   36358.47998381216
  ],
  [
   27868.99327931674,
   16871.343746275194,
   14018.976021755798,
   32699.68471726627,
   21014.95811844366,
   163.6091095775467,
   9086.98322043156,
   -19680.485318524876,
   19836.354203803792,
   -20060.96653077351,
   23117.901752208276,
   13154.143857070583,
   3315.316329674867,
   30861.991371897886,
   -305.27511716372226,
   28112.685496283048
  ],
  [
   20344.164910347285,
   1148.5317105514612,
   13902.03345090299,
   17932.20363375333,
   8805.274765490867,
   1156.4088451126963,
   5000.650119719301,
   20000.018100202567,
   15250.074583230871,
   -826.8400233912478,
   10965.656287872274,
   1439.1257988042962,
   3593.593368169665,
   13496.52363717306,
   5831.24559787656,
   20042.557894850503
  ],
  [
   -4675.6930441154345,
   6873.675237651578,
   57.69193440384982,
   -14106.910426427343,
   -12283.782166516803,
   -32231.543848039662,
   -3045.45165237436,
   -35719.7733724496,
   -16883.085640291385,
   8410.369513089503,
   -9690.439096915028,
   -4020.711341372807,
   -6479.631771715823,
   -16421.461592501164,
   -6789.6914202558455,
   -9951.964307149156
  ],
  [
   -40059.240106197874,
   -25481.959890417565,
   -23690.914472382403,
   -44198.3490236144,
   -35288.28142951933,
   -30960.8415154108,
   -17293.805992152593,
   -25201.777192156154,
   -39347.60929265386,
   5068.530403263235,
   -29881.905090847384,
   -26376.688949616284,
   -30624.26727934618,
   -50396.28033930995,
   -8910.52167652367,
   -44933.10957989246
  ],
  [
   -14892.617500717093,
   -8846.232488412728,
   -9550.436424402815,
   -14522.393507193838,
   -11676.244639674911,
   -72839.93429717077,
   -8936.593222705435,
   -104638.54314035315,
   -13688.783098864047,
   -111439.38554451722,
   -11455.714734807767,
   4043.1842084629093,
   -2814.373272293737,
   -13139.08924716828,
   -17607.00654865806,
   -8707.967502221567
  ],
  [
   -785.044719976914,
   5731.266360743626,
   2036.5522490078079,
   5428.382628872586,
   -2335.499909292694,
   -7174.7221990508215,
   2623.6279567507345,
   -5139.2841291599525,
   16.242228099503883,
   -32480.581446489647,
   777.5382717260898,
   -3527.7732592573675,
   -2428.7217120436467,
   -7121.9597500784585,
   -3966.343623522027,
   6355.913233357543
  ],
  [
   -55891.73437097222,
   -33268.294603923925,
   -26344.035125786526,
   -38724.498362264356,
   -35180.811752217,
   -107914.14313460278,
   -14980.052198338717,
   -125945.87987145422,
   -50715.9491523221,
   -83146.78866200568,
   -45442.57053443706,
   -13387.065910644968,
   -18705.072392268587,
   -49778.25436411782,
   -21683.214776271252,
   -53353.646359632054
  ],
  [
   35493.32698326695,
   21247.98868449083,
   5275.424970417475,
   30031.711380034096,
   45347.868004033575,
   42737.81391615455,
   16751.183799847924,
   50997.12637025585,
   39505.93090435079,
   -65842.307024342,
   20755.507812395124,
   13213.625067610616,
   34778.5508773471,
   48667.93424211084,
   -2859.5080018515387,
   32184.59962749129
  ]
 ],