{
 "input_nodes": 12,
 "hidden_nodes": 16,
 "output_nodes": 20,
 "epochs": 1000,
 "lr": 0.4,
 "output": 0,
 "epsilon": 0.01,
 "synapse0": [
  [
   10602.552097482834,
   11994.371288553808,
   7110.027093247797,
   4867.14869032105,
   6131.181462440703,
   -6400.402894062277,
   717.2486917061628,
   -12332.334543045372,
   2877.537027348556,
   10107.19458530308,
   9120.992366544455,
   13026.374732965645,
   10818.94348525005,
   5497.27933315994,
   449.4726800061678,
   6708.433631873521
  ],
  [
   -29174.77915422754,
   -24292.86078711785,
   -20313.93047328073,
   -16400.38561133898,
   -18348.58539893805,
   -51834.892298189945,
   -9780.310238076672,
   -51457.33485799633,
   -23074.13683506972,
   -28337.853993313976,
   -23814.210073652164,
   -19019.811582373935,
   -26232.738558650526,
   -24860.386343211874,
   -8736.516851109436,
   -25855.160105924526
  ],
  [
   21003.35491292367,
   16796.02388985226,
   11779.595876993115,
   14790.70711139521,
   4056.1978590830413,
   7295.026955752556,
   8720.130037072488,
   -154.53427241634796,
   7729.282505645105,
   -34827.63390483023,
   16732.54088085477,
   12776.807161061986,
   3440.626807253364,
   14769.607587263146,
   -3413.6145137694466,
   24552.27365410708
  ],
  [
   29104.80803022053,
   22910.448993168135,
   7980.235822511418,
   35870.659642518476,
   26295.82496161914,
   8430.448286380433,
   15108.706701547428,
   3009.358557634371,
   15654.561767568332,
   -37428.312963670636,
   25422.34332726061,
   7533.003831229335,
   8854.922564689312,
   36941.751211434785,
   -4163.917147218836,
   32293.944913456304
  ],
  [
   24946.127659470178,
   13897.395820239268,
   11921.321948838908,
   29404.18522201006,
   18484.817307682395,
   1044.7890478010743,
   7537.358497729271,
   -15079.454358268014,
   18453.76227034383,
   -16414.205027187876,
   21415.2063124477,
   11602.900170705901,
   3264.231299615255,
   28384.5297143508,
   -70.36753658137019,
   26615.184606892835
  ],
  [
   16088.112817888425,
   -169.86690972965027,
   11388.189426497316,
   15432.406833869429,
   7871.413085809802,
   -498.9686527179633,
   5381.289784532556,
   17097.99799558311,
   14023.89639457749,
   -3661.947152664683,
   11293.440836181213,
   2333.20212667054,
   3874.3582308779173,
   13646.378333713743,
   5118.602656449318,
   19993.951227058005
  ],
  [
   -4379.368441542855,
   6106.998420972435,
   -0.7622976147566611,
   -12695.416958864178,
   -12087.063645736047,
   -27842.061338724998,
   -3624.4528578672835,
   -27999.773912756704,
   -15082.529180623225,
   15781.857495801065,
   -10669.618733107749,
   -5328.300276276619,
   -7356.50112624096,
   -15885.561686552306,
   -5644.484267809134,
   -11285.856552628353
  ],
  [
   -36281.304607385486,
   -21350.96257026941,
   -20645.059568031036,
   -37592.9916868483,
   -30446.928686843068,
   -28315.135668031304,
   -15656.648121452772,
   -21388.4676525322,
   -35757.82450945794,
   6577.296184368545,
   -28249.875336932495,
   -24178.959833688074,
   -26121.379294647642,
   -46383.425918480716,
   -8424.47351037009,
   -41030.36715452241
  ],
  [
   -13111.073588765687,
   -9125.961817853673,
   -9501.803365876967,
   -14318.11222114074,
   -12773.368238092196,
   -62880.34776071934,
   -8976.002787464762,
   -84016.20729979986,
   -13854.67103620945,
   -95777.68747721119,
   -13296.472737012464,
   3592.0602494823966,
   -3939.3708435285575,
   -13084.734009631055,
   -15843.924652390537,
   -11121.404611764843
  ],
  [
   -108.47812361265103,
   5702.998112251664,
   2193.1959165365424,
   4897.103296419228,
   -2368.1489680984514,
   -7833.8262481904885,
   2505.129668666857,
   -4691.979540104948,
   1049.4301947236852,
   -27003.19977659246,
   659.7326060954326,
   -3809.7193056695655,
   -2573.468428969522,
   -6551.2062624301025,
   -3188.7465158205455,
   6879.2876391161335
  ],
  [
   -48448.67275786776,
   -27211.27543542455,
   -22398.02735446617,
   -33337.286330113006,
   -32909.21424386294,
   -97896.96010840913,
   -10862.83880463964,
   -108360.5475466602,
   -45016.0261373298,
   -69429.76283663792,
   -41489.7555637603,
   -10854.884677494441,
   -17533.939377623043,
   -47012.1436393409,
   -19303.675974427453,
   -51808.334019350186
  ],
  [
   33177.58543659907,
   17089.2334860649,
   2822.9760748265853,
   25474.194514075934,
   39485.71199767455,
   39607.46582109293,
   13974.0188456757,
   46437.286952938535,
   35469.486974533866,
   -60053.96436359942,
   18675.793891308276,
   11776.303483335154,
   30593.06458206764,
   45622.2919041847,
   -2630.4945821962597,
   26993.092198320635
  ]
 ],