{
 "input_nodes": 12,
 "hidden_nodes": 16,
 "output_nodes": 20,
 "epochs": 1000,
 "lr": 0.4,
 "output": 0,
 "epsilon": 0.01,
 "synapse0": [
  [
   5971.883675766281,
   3776.1686563647645,
   1194.1762088127225,
   3126.1583581798122,
   2158.672637138086,
   -3775.3664267357162,
   1755.6001705279762,
   -6841.909282830341,
   4081.879874182818,
   5791.2147715941,
   5894.3273918827845,
   2123.2019531668207,
   5732.198404692675,
   -347.06334839245636,
   154.97470395803833,
   5521.939575851733
  ],
  [
   -12073.711839514663,
   -8025.52889344083,
   -5017.495888262998,
   -9596.442246238472,
   -4760.17057934894,
   -21310.59016179688,
   -7039.310620843062,
   -14436.706540120382,
   -13011.212755832194,
   -5223.885365914971,
   -12670.383641819462,
   -6316.313085794336,
   -11024.641664169196,
   -5573.7975133817345,
   -4306.32530001785,
   -12366.70195594743
  ],
  [
   11152.631217981012,
   5554.969261211325,
   4456.163982605644,
   10193.621113209767,
   4566.488348054163,
   4747.113328337925,
   4067.505825163729,
   -3765.9143957842957,
   4195.993995404936,
   -7942.684039333399,
   7025.738731849646,
   5042.631368735341,
   5935.181207606497,
   6475.810054647576,
   -930.2445370426548,
   9138.75967830868
  ],
  [
   12647.191704994797,
   4919.265806694744,
   -2529.18865296008,
   14004.223475537052,
   9648.467178217525,
   2036.548607646958,
   4412.317978600129,
   -5.549220462209804,
   -733.0998721956647,
   -8277.532932903303,
   16657.311886641066,
   3003.070816242495,
   8244.546896088292,
   10119.039384901105,
   -2064.1691618696555,
   9565.44258087118
  ],
  [
   10985.042997518793,
   4540.01522388816,
   2625.8747582969486,
   12452.225867659863,
   8685.913432199723,
   -4411.324303487849,
   2354.814313245691,
   -11664.453295842613,
   9415.55662824252,
   -12455.063114496224,
   12744.810409491665,
   4580.7778575249595,
   1167.3839329824684,
   10551.265923834824,
   -1074.9202667817233,
   10079.018501409679
  ],
  [
   5506.9640705615475,
   -1238.7689827893096,
   3020.6255703532324,
   5172.441291514415,
   3871.791718014328,
   1251.4456988812128,
   614.9334858891888,
   11971.042004587362,
   4686.881238458397,
   1362.5710444456706,
   3200.4324254898784,
   874.2502821487142,
   99.71614378245307,
   6104.449127674333,
   3013.5428757308723,
   8316.410675949688
  ],
  [
   -2383.412714682822,
   428.178219935249,
   1098.768130746818,
   -4451.800798258824,
   -4411.109179010645,
   -13260.76002569175,
   -4462.676780088182,
   -11670.486353095142,
   -5331.008378521853,
   3482.074439069194,
   -6302.836575940893,
   -2684.941107800469,
   -208.9425397173989,
   -4002.041877319692,
   -4139.105956341977,
   -3116.961100104956
  ],
  [
   -14852.573361237655,
   -5008.314300425036,
   -5205.369662395381,
   -16883.45195395355,
   -11143.041421602746,
   -16737.254362026095,
   -6498.1335113557025,
   -17141.061909297452,
   -16514.504670887385,
   11658.281989649196,
   -17126.370294268632,
   -9763.550631145146,
   -8413.309266359702,
   -15311.13747232979,
   -4318.2888388509855,
   -15409.393061798515
  ],
  [
   -5293.780804652835,
   -1150.4534516210686,
   -150.5883147348363,
   -8103.774076712653,
   -5330.166192710011,
   -29330.803039856084,
   -3366.9422710488525,
   -31099.381618754524,
   -5747.706799600844,
   -30435.516925122607,
   -859.6098593139221,
   754.8414595684393,
   -1705.0390601943484,
   -5606.350217847336,
   -7209.1160390345785,
   -5149.576622891292
  ],
  [
   271.5089017067877,
   -104.2845351988337,
   1806.7202755622948,
   -336.45630404881683,
   -1448.976381767986,
   -3085.607903585031,
   -1259.5157953238092,
   26.768955422128094,
   921.3751289400742,
   -12777.437205742044,
   -2496.732051410025,
   -3369.5050885477845,
   -1866.0946838693776,
   -527.4799145869772,
   -2066.967508937367,
   633.62797239173
  ],
  [
   -15415.239817697593,
   -7349.875406182473,
   -2593.309351414446,
   -15271.269653887372,
   -7184.889291571183,
   -44290.36389371865,
   -6221.7789093112515,
   -35319.01908415024,
   -16321.5938505843,
   -19394.760612214723,
   -19608.67061316448,
   -6621.065674466274,
   -10789.822632557327,
   -16121.538422225096,
   -9038.677024655297,
   -15087.18462112924
  ],
  [
   9761.152468576342,
   4172.8191369020315,
   -3767.6675237326153,
   12747.460251786766,
   10672.379597597037,
   16828.87359309339,
   9407.662160688013,
   12531.120218069727,
   10943.380665800869,
   -20078.401586111337,
   15515.244557943017,
   6417.232505778451,
   9120.385795931568,
   14274.924109716803,
   -864.7133492928723,
   9499.7515162954
  ]
 ],