{
 "input_nodes": 12,
 "hidden_nodes": 16,
 "output_nodes": 20,
 "epochs": 1000,
 "lr": 0.7000000000000002,
 "output": 0,
 "epsilon": 0.01,
 "synapse0": [
  [
   7694.919799526836,
   9627.523276566504,
   3482.695430473619,
   5296.617098137763,
   6127.605349084144,
   -7178.535276017142,
   745.5269195050851,
   -12968.500160560805,
   3363.3312492210566,
   8173.527770344523,
   8390.617846664174,
   11546.015916004175,
   8864.580514596933,
   -410.5878701935644,
   216.00470857084153,
   9000.802618425794
  ],
  [
   -22575.98180543528,
   -18862.313857079364,
   -13006.95581051634,
   -15380.620595277802,
   -14355.884269744674,
   -44294.855322790834,
   -8677.108641142595,
   -40186.88451839114,
   -20594.655137548245,
   -20159.46111021829,
   -20030.23928722244,
   -18787.06338309117,
   -20419.281712965585,
   -14376.087055626313,
   -7529.756666538296,
   -23860.342399346526
  ],
  [
   17555.172739012374,
   13292.594887560363,
   11335.26713970668,
   14759.808892657768,
   4448.1096773599675,
   8212.601475218991,
   8397.449184073499,
   764.7494269775917,
   6179.973133670682,
   -28270.296902980717,
   13419.742002260446,
   9726.29787476913,
   2750.23728980584,
   14372.833148571475,
   -2759.109637181883,
   20979.883737783643
  ],
  [
   25035.311175220468,
   17717.17167436301,
   3907.57650748115,
   32460.43138185032,
   23075.389989478965,
   4884.007243779872,
   10883.639727773445,
   -1075.44327468958,
   11438.848670680527,
   -28464.373286755443,
   23335.757712221086,
   6212.388786982849,
   7684.316163736175,
   30069.072209509013,
   -3719.1488132742006,
   27216.377108638044
  ],
  [
   22480.762549196035,
   11679.015939162786,
   10745.395992230957,
   24901.317655578612,
   16598.493645947063,
   -568.9608127948862,
   6029.107024915984,
   -15650.523072948134,
   16459.995148766415,
   -17401.479614131,
   20779.453064562516,
   7751.243247315894,
   4080.766129157635,
   27077.379445558847,
   -424.6965418539454,
   24903.447843989074
  ],
  [
   16111.792239865528,
   -629.2765345720718,
   11519.631364502886,
   12607.861390811744,
   6248.728652581379,
   426.28048071759235,
   4845.226254095535,
   19169.194832019166,
   11152.563027094746,
   -2231.737946395094,
   8320.768994655818,
   -1060.2610034680304,
   5882.6062340460385,
   15781.010368771507,
   4665.743962686811,
   14601.526369930498
  ],
  [
   -6057.725517804203,
   4426.764515990281,
   -2336.6294203162,
   -11615.123365941903,
   -9578.689225731896,
   -23244.185367200167,
   -5428.493278699684,
   -21412.49615272159,
   -11879.974043318189,
   19143.64012773209,
   -8479.285576285882,
   -6741.0375439294985,
   -6860.3887738591075,
   -15931.459034848363,
   -5133.8677734700705,
   -8251.270218549716
  ],
  [
   -32715.937216403283,
   -16349.267816105654,
   -16571.881904088496,
   -32833.12848278378,
   -25371.915344393285,
   -26368.848069814914,
   -13503.944207339366,
   -20775.791873469763,
   -30864.613164206683,
   9579.4827689427,
   -24862.205272787254,
   -22009.969672085088,
   -21788.565048541557,
   -38051.785156281214,
   -7803.402728799024,
   -34208.451693680734
  ],
  [
   -11528.194018063761,
   -7828.30083793957,
   -7249.078546492327,
   -12843.595500214598,
   -12929.71064371106,
   -57002.958964150464,
   -8560.02033522371,
   -72949.06693483547,
   -13868.256836175597,
   -79979.6701294695,
   -12592.959029786649,
   1976.171727975287,
   -3404.7940989396225,
   -12715.645010119315,
   -13932.792919169877,
   -12886.774924810354
  ],
  [
   1340.537670433636,
   4353.439139876674,
   2693.424452833954,
   4696.688180872165,
   -1828.431998921699,
   -11157.199164698699,
   2580.889558512014,
   -9574.10863305622,
   1512.2212435521647,
   -27889.559833800304,
   -208.88321011896295,
   -5162.7485034053325,
   -1595.314155590834,
   -1402.3081398741892,
   -3106.0439312663657,
   3887.2178576672745
  ],
  [
   -40655.472221779055,
   -19970.766759376933,
   -14883.395664048383,
   -26836.246626348206,
   -23698.572364093736,
   -85406.73157782546,
   -9788.607415408065,
   -90048.87944897954,
   -37471.41092803557,
   -55356.62451820411,
   -35459.37692980227,
   -10220.388891616001,
   -14501.74879039096,
   -40045.48571019456,
   -16643.57103090667,
   -41244.42650150561
  ],
  [
   26784.860907258197,
   12439.414872695856,
   -2514.46251277265,
   21392.426803893264,
   30933.682265734333,
   33773.58874958724,
   11778.205283428146,
   37775.91210232462,
   28677.974693521755,
   -50417.1520434191,
   19763.11497462781,
   11326.096306585905,
   24423.992025942578,
   35201.57694490345,
   -1852.0603439530391,
   20102.784283750247
  ]
 ],