{
 "input_nodes": 12,
 "hidden_nodes": 16,
 "output_nodes": 20,
 "epochs": 1000,
 "lr": 0.6000000000000001,
 "output": 0,
 "epsilon": 0.01,
 "synapse0": [
  [
   -4.184806675802427,
   -1559.3858615128324,
   -208.09040731274314,
   247.86030954664432,
   -286.4391299632758,
   846.0001561752041,
   -244.697340385237,
   -1007.324378260335,
   641.2545563860243,
   -229.83350101464393,
   -457.7918317494105,
   -1275.1944303451805,
   -101.44439906046098,
   142.9763798846924,
   -708.2506886261756,
   194.6761081042992
  ],
  [
   -1138.1205930774054,
   -819.6020214973823,
   -481.4613512433209,
   -731.1579829764298,
   83.23215723272014,
   -1533.5611417519572,
   -451.3485557649821,
   -670.7991094614327,
   -1647.6173984089044,
   -1910.0231089989381,
   -1378.709817133834,
   1505.0326176502394,
   -1315.493545585611,
   -1160.7204585591496,
   31.13781441143257,
   -1232.8896008723325
  ],
  [
   1658.9154623946415,
   939.4340233421813,
   -1378.4870702687313,
   391.8465689496605,
   -236.09015539991785,
   -324.87165417670064,
   223.1348612339595,
   -1057.3692562398655,
   464.8331970759234,
   -766.674789959402,
   -1431.9165860284334,
   -4511.057781552782,
   -1487.0862113669298,
   590.3035439476384,
   -95.8121089676725,
   2416.202784833846
  ],
  [
   -777.7269252236689,
   -3705.412627342844,
   -419.4449519114875,
   569.7509196024928,
   -92.18383133311168,
   -1051.4180378155338,
   156.70548287349712,
   -3735.815169301905,
   836.567088791204,
   -1667.8023618776472,
   -2484.458523488691,
   1169.4752896889872,
   -2459.6578494368555,
   -276.78839787334584,
   -3518.571016163585,
   -288.02102383745967
  ],
  [
   318.357546424752,
   825.305587499146,
   365.42032895481816,
   264.21701752434956,
   61.97612760448351,
   413.2876384860334,
   -409.7654753571558,
   2263.093421963514,
   -90.21109793444433,
   2128.080064642476,
   2479.3713514173905,
   -898.250485788945,
   2643.9530665945526,
   729.1805189619369,
   -426.58222217046193,
   -187.14564769110098
  ],
  [
   353.3397882467972,
   755.9393266244069,
   -977.4638106949317,
   219.4902164779164,
   91.93070448184262,
   -2339.220549284811,
   -254.35077419632586,
   1983.8329045499981,
   -307.5386819635623,
   213.63677270981532,
   334.6491701252777,
   -1150.9171006854524,
   -3214.2430747638386,
   -1008.7725636170969,
   304.2219395759359,
   -360.46561255719763
  ],
  [
   -886.1012902278318,
   -4044.756282594342,
   288.09085144716335,
   -16.082397845785326,
   -16.663334055573955,
   -745.1370370474878,
   -2138.5339619043534,
   -3081.2382376519004,
   -421.86778594729617,
   -3233.735754998313,
   -3668.3926056303235,
   -1961.0315407051462,
   80.74143760107341,
   -183.7995460456828,
   -3363.423138539038,
   -149.34900639477695
  ],
  [
   -1884.35867720541,
   -3036.190073677736,
   -2060.7379661837717,
   -436.3981839835158,
   -186.23320348469449,
   -2040.0048054929557,
   -922.8064748464741,
   -3431.951235353655,
   -747.2974463723402,
   -4142.365495097843,
   -2167.9648750919146,
   -1110.0431738328775,
   -2604.413435465693,
   -214.55767200895562,
   -790.6684370618603,
   -397.6948073974927
  ],
  [
   -1081.117912353507,
   -1434.9151835371442,
   -138.16422101624545,
   -464.6942217504446,
   32.56789781637267,
   1244.3098039204392,
   -553.7537420503717,
   -3365.0646923438644,
   353.3961534785448,
   -2076.585853554046,
   -1490.3661766036626,
   -2762.763919341735,
   -1095.1621312632224,
   1030.9304018388013,
   408.0633434969637,
   -215.48997967377915
  ],
  [
   985.9526998264603,
   -1758.5264486527724,
   -1392.6428314347188,
   17.242709824115188,
   35.60285934725249,
   -1496.3909703978309,
   -1337.014586054393,
   -2304.626523030999,
   -1369.1497874766847,
   -3588.5171256678263,
   -3999.742502735801,
   -724.7052440085425,
   -51.289440807919576,
   -1855.3400482845852,
   -1057.600635477986,
   -317.00714502316936
  ],
  [
   -2815.530112620329,
   -4731.146694959474,
   -550.5909836142404,
   -706.0030300762336,
   -42.19280802389401,
   -285.21392469445203,
   -753.460967025558,
   -4437.042831996471,
   124.28081190098905,
   -3530.891946072375,
   -1983.1572737050165,
   1256.2417613958007,
   -1965.5246048474064,
   -1876.9441241637537,
   54.58836943640226,
   -1601.2120797606299
  ],
  [
   -1318.531556878441,
   -2970.3408305376383,
   -442.457733140245,
   124.79773485769226,
   209.6800365558862,
   -462.0112420644897,
   -1942.878800395209,
   -3039.4643058056363,
   782.688590426642,
   -1363.3437636674362,
   69.13481626701045,
   -2049.7909696444285,
   -2489.5561796454426,
   488.9563429662979,
   -3105.7002316754993,
   83.69698424243848
  ]
 ],