{
 "input_nodes": 12,
 "hidden_nodes": 16,
 "output_nodes": 20,
 "epochs": 1000,
 "lr": 0.8000000000000003,
 "output": 0,
 "epsilon": 0.01,
 "synapse0": [
  [
   3709.4850902977737,
   -11087.876229202202,
   8440.924089349177,
   2803.958565044014,
   -15473.869063550219,
   -14782.784674844623,
   5577.701373015821,
   2240.5798545455923,
   -1419.0424768202417,
   1551.7292845560412,
   -5803.272805084029,
   18641.55194409391,
   7198.266316798586,
   -1406.5310295211273,
   -3933.5843016180406,
   11299.235502407966
  ],
  [
   -6953.17770582326,
   55.26556472007639,
   -31351.314968237293,
   -1777.726459302532,
   8839.916546653934,
   -9936.292363471148,
   -13019.040277268472,
   -17739.815124957644,
   -15067.374656241613,
   -24215.46243122793,
   -28719.532421638793,
   -4708.665737447101,
   -36989.541512239084,
   -1083.986651466612,
   1729.1743999220348,
   -17610.290933284406
  ],
  [
   2144.380608532038,
   -652.4113843833635,
   -46471.84742887509,
   2839.3687092950954,
   -30917.031538205636,
   30401.465703244765,
   10006.425753027173,
   -69706.7400519344,
   7.877682603394566,
   -24476.20469492108,
   -46358.9685598137,
   -32350.20786686545,
   -100836.43061836611,
   -1342.1667128367237,
   34136.75764843486,
   15502.597246024496
  ],
  [
   -3919.7649147618417,
   -46718.416354758694,
   -39298.811210789034,
   -752.7711678433687,
   -8703.405248387786,
   -35822.230878139024,
   -26169.934734942213,
   -39677.78858636653,
   11296.85404541646,
   -23090.204444385647,
   -92599.63176647916,
   29985.080323320588,
   -78066.25268192735,
   -858.5376087818804,
   -24358.597693750125,
   6235.283363654299
  ],
  [
   10961.813801391838,
   22460.04428146351,
   27853.26675181042,
   5896.971717237878,
   -199.7651624280689,
   -5865.2319239642575,
   -9898.055914576269,
   36810.464746711026,
   -3675.884520209351,
   18324.701818625283,
   34638.53407629856,
   -4153.934680130742,
   61010.23739589497,
   3694.4832710736996,
   -20258.0176198694,
   1628.0793382344318
  ],
  [
   4930.432566579919,
   -3222.697500069015,
   -58544.0508770279,
   6679.016436047426,
   6810.184131100594,
   -807.9961201352227,
   -7870.27601236783,
   37101.60851516327,
   2499.52173889819,
   8648.844051105925,
   14820.315490698325,
   8609.457876176997,
   20953.332879618814,
   1023.9984509130021,
   -14549.904448343956,
   -9720.567626900302
  ],
  [
   -25803.722482861078,
   -59754.080955774094,
   17325.524275501823,
   -2323.429198901475,
   -5790.180487769275,
   -35347.68598394643,
   -33457.00060352057,
   -63174.78407816552,
   -8657.890665502542,
   -50525.57449154819,
   -124904.07554116788,
   -40054.99259813409,
   -94633.59010113392,
   2647.958678780075,
   1356.543747993005,
   951.5784080945133
  ],
  [
   -25923.12222606439,
   -12090.141312017404,
   -121256.14582041552,
   -4661.013251058031,
   -3029.4964412307068,
   1191.3977368462931,
   -1374.8854270913148,
   -39072.38966467792,
   -14902.364798958068,
   -42631.680208928985,
   -30020.734843902097,
   -21966.09041828059,
   -77393.82155548026,
   -602.4166521055405,
   1472.3825833570945,
   -6129.29142806079
  ],
  [
   10148.048654077464,
   -10978.68381523735,
   -24684.7509160355,
   -1415.111876300494,
   -7623.776287138128,
   4715.457734013739,
   1928.993424663651,
   -56439.159573493394,
   9218.838787008295,
   -37293.51265968901,
   -45642.76889596172,
   -34683.97780218833,
   -86490.75665174739,
   5865.3728608869715,
   -4349.243242208077,
   -561.7798127803012
  ],
  [
   -9401.108665208249,
   -23039.736755728267,
   -24060.28685586124,
   5301.917509275863,
   2103.2762962176894,
   -54243.95465032565,
   -15091.539639059121,
   -44702.05550631231,
   -14202.594816567196,
   -42543.91325981488,
   -86620.02967868591,
   15457.973868554287,
   -64019.46338914331,
   -8131.320048699801,
   -5160.625601948321,
   -10550.453218646177
  ],
  [
   -27979.441238220563,
   -28685.413397824024,
   -13833.644082430657,
   -1796.7903206459807,
   -1313.4858932062155,
   -7624.467801433034,
   20345.997872742366,
   -40034.16786569836,
   7497.535534212539,
   -25609.868655725742,
   -37953.33866396941,
   5420.389070763243,
   -58565.934566484844,
   -7204.5690203409,
   605.5176180339135,
   -6478.947573072748
  ],
  [
   -45390.520229961214,
   -44919.0645256644,
   -56076.125231728,
   -3088.134576558917,
   8603.073425498867,
   -23850.41403984814,
   -28379.064565813667,
   -32790.21046018034,
   27331.117412302923,
   -22262.086741694344,
   -44264.56738977832,
   -56392.9778862786,
   -41453.803183213146,
   1116.9084020303164,
   -8943.573664750716,
   193.71288402947977
  ]
 ],