{
 "input_nodes": 12,
 "hidden_nodes": 16,
 "output_nodes": 20,
 "epochs": 1000,
 "lr": 0.7500000000000002,
 "output": 0,
 "epsilon": 0.01,
 "synapse0": [
  [
   -329.4375210531916,
   -2141.2960470714947,
   -2471.214586930177,
   -4896.671608578474,
   21.24283325498238,
   -7645.030957280767,
   -1601.000995983218,
   -4380.569795582893,
   -516.6976095955804,
   -6441.081337079431,
   -1083.5746556239717,
   -424.33574667130966,
   -5572.459130926335,
   -898.2083970155554,
   -258.0382145485853,
   -4814.999413686538
  ],
  [
   3216.465646074796,
   1677.900217900249,
   1056.9562858979073,
   3810.501593528262,
   -1742.2584468400182,
   1983.264343035851,
   430.5149927921764,
   6026.313098264229,
   249.64045181564674,
   2081.5805772690946,
   -179.49761467165203,
   1298.1281009206496,
   -2662.03246499452,
   -792.7277874269903,
   -2603.3921024160627,
   2477.3453898594435
  ],
  [
   -9961.066690623324,
   -2442.963960489128,
   -11641.55731084534,
   -2699.1380029684883,
   -1150.9696324611637,
   -6112.869164515272,
   -2837.8557675518955,
   -2781.6940958563496,
   -5632.516054266506,
   -4903.891277544897,
   5275.963600522939,
   -8007.251426263789,
   -13378.748650736727,
   689.6055326595562,
   5916.937249650818,
   -7113.088039478485
  ],
  [
   -4273.511987701397,
   -1343.5117961234623,
   -4174.516799050918,
   -742.745581452185,
   1902.6069853471868,
   -1541.3110666964358,
   -1045.8976022291267,
   -5324.543443624484,
   -3662.29270972337,
   -5147.236974608328,
   -3332.191476763325,
   -3529.313345740105,
   13777.93491383683,
   -5152.397070845494,
   1595.1276498984828,
   1803.9979103866171
  ],
  [
   2563.951487221393,
   -247.01664303171935,
   -549.7572784931031,
   292.38230260531714,
   -208.04317405035604,
   4723.494453501188,
   -38.27194757029779,
   -59.13333447304465,
   458.49944398079833,
   1428.1843134618116,
   -2908.6049505484134,
   -6370.01164586518,
   -4042.0380398444318,
   1428.0830309198495,
   2628.658828392343,
   -1451.7208998534306
  ],
  [
   1893.66200023224,
   -3092.3965450490427,
   -199.7392177152325,
   -355.30141593498274,
   -749.303191759022,
   -5397.033049691338,
   -1333.8702766644424,
   -2089.654897304151,
   391.15064350025204,
   -3464.7523986377428,
   -218.42382952803575,
   424.15132851998607,
   3405.680283448469,
   -6342.442557582109,
   -188.03939320857896,
   1638.6242962132817
  ],
  [
   -6133.482492975245,
   3818.4848967889397,
   -9896.780257037191,
   -366.08614497621915,
   1818.6968067293353,
   -5650.423345861594,
   -2102.582961405994,
   2574.7743609094177,
   -533.8550734955952,
   -8650.465076531264,
   -585.7432003364574,
   -1881.0299590746447,
   -900.5562583769841,
   1521.9515346072465,
   1355.504263915657,
   -3363.3184397961136
  ],
  [
   -2595.4885781096073,
   1428.1649181695864,
   -6292.69880588082,
   -2276.3026633148656,
   283.76604319712385,
   -13524.8003670366,
   1070.4830083948543,
   -1885.064177915433,
   -3578.7074721216522,
   -9324.920679042885,
   671.439852289538,
   7186.652820030024,
   -3770.328864964488,
   -2750.462243635017,
   -4176.461020564439,
   960.6968371833434
  ],
  [
   722.5562476330301,
   -807.3401963829551,
   484.3047396277258,
   -1866.9824960967646,
   1364.354058469644,
   -4962.262742796762,
   1984.665594181146,
   2956.9325983838,
   -4753.064062293198,
   -5097.396775740096,
   -1369.482363264905,
   1548.7980687815564,
   -10290.09192226567,
   -9092.418221515532,
   -3509.9291073428676,
   689.8341111945466
  ],
  [
   6485.599930556866,
   -4909.823553035542,
   3664.3748156274,
   -785.6559532176583,
   -390.15653799002257,
   -5019.017767076174,
   1440.8118704197746,
   763.5361800061478,
   -463.4133643634383,
   956.0664323924067,
   466.19949013803176,
   -548.3249518442454,
   2932.7216571963,
   -7176.332361805522,
   1713.585745811249,
   3310.63084344256
  ],
  [
   -8162.52526198036,
   898.1555430616932,
   -6474.03198062134,
   -1969.151967768588,
   -574.4416550013053,
   -11667.957955800346,
   -2359.855865077616,
   -15455.283051367558,
   -2888.249145554146,
   -17357.420851087056,
   -2498.3069883602157,
   -5545.3740148134775,
   -7177.429234254492,
   2266.828216375771,
   -915.3448861431057,
   -5709.093415884659
  ],
  [
   5348.016538631683,
   4747.185198291182,
   2718.8559084751455,
   3397.6434982427177,
   790.8717944529827,
   -1109.4313829415264,
   2803.330311695224,
   810.6486150067578,
   6976.443209944481,
   -1362.836098071674,
   -3474.9656986770797,
   -9264.97756090414,
   -5436.494932053599,
   4080.5487365090835,
   -4354.8220899434245,
   -383.8916259917485
  ]
 ],