{
 "input_nodes": 12,
 "hidden_nodes": 16,
 "output_nodes": 20,
 "epochs": 1000,
 "lr": 0.4,
 "output": 0,
 "epsilon": 0.01,
 "synapse0": [
  [
   325.49487961354515,
   5601.4775441696265,
   8377.492785774519,
   -2120.816030555573,
   -17948.38169997452,
   -12903.114988634288,
   -4251.110625862653,
   -2002.5627665881905,
   -10327.590865421098,
   -7576.988877872069,
   2998.5589840339267,
   -7352.91572061261,
   -14460.737585094876,
   -4029.0553758007004,
   -6384.430411440217,
   -446.7388398466768
  ],
  [
   -11201.738162073565,
   -5174.151529120985,
   -7802.7973134086815,
   5095.598346743625,
   1232.1140548979329,
   -4558.454706789137,
   -4804.151583277657,
   -9689.246017447666,
   14214.587550865412,
   -10070.316982206266,
   -2896.9673518864984,
   -7372.590849695257,
   -18352.0557586887,
   808.494063836193,
   -21350.226285336794,
   -1873.6068276089838
  ],
  [
   -10966.92434192496,
   4463.506361216682,
   -49685.306713021746,
   86.07975634426683,
   -11416.125911347279,
   -2877.010981614248,
   3116.450811798397,
   2637.165621326857,
   -18209.636763558414,
   10438.202793530712,
   1457.5209927011356,
   8568.917771300763,
   -398.11850146379567,
   -5627.490007060215,
   3260.338154222726,
   -14054.128729174188
  ],
  [
   15758.851026076374,
   8377.438401977164,
   -37815.97596021604,
   -4809.198904322068,
   -4644.286352259233,
   -7656.665330343425,
   -17184.138626630283,
   1764.235247486091,
   13334.671974467932,
   792.5078812687213,
   205.62598940836662,
   -114567.560356553,
   -24828.259276471388,
   2161.3047442839465,
   11849.772138687367,
   4735.491188095715
  ],
  [
   -452.7689734313662,
   7254.1913676826825,
   -33958.93083540273,
   4038.601100752599,
   -11600.783689828775,
   -6175.212800476797,
   -12594.401698015141,
   435.2037428170891,
   -7060.37402779571,
   -6444.416438862055,
   -683.6379266561195,
   -42604.41579847283,
   -39723.917804257304,
   -12444.001150623983,
   -34826.18886831526,
   925.7192353704479
  ],
  [
   -2964.2990014055695,
   12577.474859773492,
   -53920.030109276144,
   2690.146476260447,
   1830.216037239159,
   -7426.89910700802,
   5642.330938338798,
   1637.1866304127996,
   7584.190449411989,
   6018.133813364871,
   -115.89161425108627,
   -53654.04076356992,
   -9934.624938984798,
   -9041.425196994962,
   10590.96508660422,
   1121.4640012561276
  ],
  [
   -4067.0078430879003,
   3507.884716624611,
   -24433.59385934668,
   -910.2059952215732,
   -29732.138291947467,
   -23086.35987534943,
   -24718.26480585183,
   -5482.0669216233,
   -41396.29574841543,
   -11892.337554939913,
   -1636.6026761051105,
   -1987.6393746152658,
   14533.950337739945,
   -3872.321699995598,
   -49074.55411704352,
   -1355.6868864909566
  ],
  [
   -3377.046603007115,
   -10023.96629042197,
   34314.72438222347,
   -4759.191129158449,
   -9535.62797400917,
   1135.6824986385202,
   -12552.867490986715,
   11408.480511797596,
   521.6777832425319,
   -14815.392753948348,
   -108.17040776874887,
   20700.18773623533,
   -20388.898850175934,
   -7675.567167636668,
   -27221.264411410986,
   -292.2389535976216
  ],
  [
   7375.665973946489,
   7527.376355581689,
   35137.48598550061,
   7002.536508182427,
   -13905.908588606664,
   -9645.080610302351,
   -19461.24832381676,
   9737.674710811574,
   -11307.543756951522,
   -8994.901678466398,
   4909.150328411813,
   11628.853942509506,
   2928.1291517500667,
   -589.893977952239,
   -50468.28193328347,
   757.3792302069087
  ],
  [
   1391.3543433934292,
   -3503.989838439248,
   -6991.21692578257,
   -1081.6825456265428,
   -12194.687239138057,
   -18063.34805913525,
   -11837.916661950261,
   -7831.6177566568385,
   -2803.8219987685748,
   -2174.78521061188,
   -4164.583140985238,
   -12281.855279297653,
   -77.36519561406199,
   -3038.530546342289,
   -25953.348178708773,
   1269.8993674754643
  ],
  [
   -21980.499738198305,
   -4914.588645154829,
   -65625.24595316773,
   -9709.97494322639,
   -14152.409750631843,
   -15436.638388776984,
   -12445.033569832722,
   -30628.565176832202,
   -59205.19102067997,
   -16489.576031576144,
   -4611.984435252887,
   946.9084348421518,
   -75760.42103196148,
   -46507.54876930027,
   -49852.69334684257,
   -2811.25666606045
  ],
  [
   506.7710319739448,
   3312.4024505929774,
   -94727.39311485646,
   -4205.040811085325,
   4080.0745172920174,
   764.2081944706365,
   6510.211831871265,
   -4517.638056532516,
   -32855.04075336764,
   8426.723083476469,
   -2460.964085797736,
   -54479.54116035319,
   -246.64794482448508,
   -12671.91374859308,
   19679.57192955503,
   -3076.2873723575176
  ]
 ],