{
 "input_nodes": 12,
 "hidden_nodes": 16,
 "output_nodes": 20,
 "epochs": 1000,
 "lr": 0.5,
 "output": 0,
 "epsilon": 0.01,
 "synapse0": [
  [
   261.5067113556562,
   510.7038062978442,
   -1486.0801677624038,
   -1379.0424929838232,
   -2221.871767274774,
   -2330.055682238011,
   10.202437876588537,
   547.6206469494399,
   20.359804454177137,
   713.3056083666847,
   961.0700654738669,
   -392.65558287744784,
   272.43361750472866,
   638.6286189363315,
   -405.35388254904024,
   -29.915663731697094
  ],
  [
   -1792.4532809482098,
   -768.558085747529,
   470.2083757171371,
   59.2435136043602,
   -838.9895503968615,
   -996.9466853073753,
   -11.728784103815563,
   -2803.9780438868224,
   -1014.6443724891406,
   -2027.6514976580452,
   -1126.592362873957,
   525.887887944762,
   -1125.0201010495523,
   -1334.8550223362297,
   -1496.782068011685,
   -1422.5626348368992
  ],
  [
   308.0822447059437,
   1185.5136705485584,
   -817.8310814989663,
   -469.8349507264621,
   -2066.631433671798,
   -1155.093208020865,
   -75.41238364689393,
   30.451639387697004,
   381.9476352976156,
   -164.18355852727413,
   1256.065007118636,
   -2027.5773364991621,
   -404.2153780215603,
   -1155.4276820507134,
   923.1346942781556,
   -974.1936556225027
  ],
  [
   1615.1156405658483,
   131.70011088220824,
   366.089429029766,
   -2004.9684271535798,
   -969.9654212788246,
   -1947.6095843375585,
   124.57989440303744,
   -1721.1505844564763,
   524.3040250912687,
   266.59567657577395,
   624.6371833933539,
   -1545.2642901441982,
   544.2326595673596,
   1054.2146137992968,
   152.28442504940344,
   1903.738048545899
  ],
  [
   -87.99567395399635,
   85.29698876286466,
   -136.23030796820433,
   -86.83755053988435,
   -1449.3772546012501,
   -811.6707200211279,
   447.53753730755636,
   -1267.3751622316313,
   4.567669474334141,
   -56.56298736876885,
   516.2274879512894,
   -1038.7140668293207,
   -368.9272858626733,
   88.52443386759869,
   -361.9350979949916,
   -358.5223753076701
  ],
  [
   -331.0307628727315,
   -179.62396066458356,
   -29.918018857923602,
   -1138.3336384551353,
   -757.6966654899819,
   -1523.195283519382,
   219.03282368521027,
   -2551.349569587523,
   404.74271816396765,
   -925.5573208496439,
   270.4056016495597,
   -2967.54764856207,
   -1275.2099443151455,
   177.30931394955556,
   -336.2418675194763,
   -505.6188619072124
  ],
  [
   -851.4933695017622,
   107.75692762411639,
   -1618.6214759012862,
   -1828.9090375820758,
   -2889.5398480215053,
   -2743.6322970140154,
   73.27029532664793,
   -2729.6128464911853,
   -1081.756675184766,
   -521.8963942067693,
   -254.12388683636993,
   -299.93233955632735,
   -581.3185465942405,
   -478.9051080917513,
   -1120.414797729033,
   -545.755384738646
  ],
  [
   479.7688105511859,
   -779.6767931269509,
   809.1869002144995,
   -932.063257638327,
   -1626.2050341748984,
   -1006.1948115377509,
   -332.9438879052779,
   1512.5580994783118,
   487.7083875216683,
   -237.27120523246379,
   -588.8075262926111,
   902.9648053186347,
   93.95245577521987,
   -304.559262469034,
   -151.6007353468211,
   -1083.4822026807897
  ],
  [
   567.3258531415805,
   -283.53617506377685,
   1592.2822837341155,
   -525.9370593895245,
   -584.2175710317695,
   -672.8396213980866,
   692.2344131126981,
   2544.888390174813,
   249.53805406725368,
   328.01521361592404,
   27.76215162845061,
   2398.50445721229,
   986.0660961012968,
   35.72963552137725,
   591.0760154434056,
   -142.29827155967254
  ],
  [
   -695.5243038029054,
   -106.95800946507048,
   -1726.4736546365343,
   609.9920488527534,
   -800.6229891498213,
   -1926.8088001033054,
   -150.51630344945133,
   -1029.0327554576586,
   -385.7165505378808,
   -141.09592747753783,
   -964.6259587654993,
   -272.1267735203845,
   683.1551803525795,
   -371.11322335093996,
   -748.5865647106203,
   579.3403990059138
  ],
  [
   -2422.9204441743163,
   -1162.757756441916,
   -2848.2152446324158,
   -1372.0545391054761,
   -3372.1167984569515,
   -3434.1166667467824,
   -489.8851084157159,
   -3569.4069370014918,
   -3043.948196432535,
   -1724.3173443737753,
   -476.0652413005664,
   -864.6757026402337,
   -2815.103734602674,
   -1928.45341645968,
   -3070.2008425419885,
   -1982.7531278396943
  ],
  [
   551.0949667846023,
   545.7386139894862,
   -1597.22488663736,
   -1218.5145979310735,
   -251.01610341635953,
   -957.9872548563136,
   149.31806610245337,
   -1287.9803498611716,
   -43.237821344139405,
   797.1264814251525,
   97.44032209045132,
   -2210.904553021745,
   511.60239981681707,
   779.0210402778735,
   384.1760230563102,
   524.5488083800315
  ]
 ],