{
 "input_nodes": 12,
 "hidden_nodes": 16,
 "output_nodes": 20,
 "epochs": 1000,
 "lr": 0.7000000000000002,
 "output": 0,
 "epsilon": 0.01,
 "synapse0": [
  [
   878156.0887961165,
   -148363.53863064558,
   605069.8568392541,
   458151.87119357847,
   29479.339641824332,
   639396.9187169624,
   452437.23432261724,
   913933.1302135023,
   527414.6380421417,
   534776.0310745965,
   646731.2312189783,
   308900.18484525883,
   361284.93232579826,
   342437.0600373219,
   857927.6434537281,
   250199.8706932842
  ],
  [
   -1282597.4933638605,
   423129.21921461984,
   -792687.888209794,
   -490095.8622107403,
   452001.6902763085,
   -989617.7103133267,
   -639076.9135410737,
   -749791.1820540257,
   -858690.6518000884,
   -975623.4634578311,
   -611365.4504897004,
   -412561.1563528551,
   -445375.46661441884,
   -635052.1206301806,
   -1085382.120359259,
   -198062.78985102777
  ],
  [
   -1727962.5576528364,
   -1025532.7440310034,
   -1438174.70214774,
   -445538.37280080357,
   -495475.9867368812,
   -1036669.4589139123,
   -320385.5386626145,
   -717005.225658052,
   -961678.1648467502,
   -1037511.7220461721,
   -932984.4068081737,
   -176390.2646838154,
   -248220.66892188977,
   73665.4428630934,
   -928081.2488130599,
   -255190.32864772345
  ],
  [
   535434.7745491873,
   -650197.1439078932,
   352919.13295788935,
   277767.1617138623,
   46345.09733823191,
   -59775.64568275187,
   127851.05729842122,
   681854.3804397959,
   -25034.629633129764,
   688254.3684984337,
   615981.3138904566,
   117986.16137230002,
   216889.46566076466,
   340171.2717068476,
   520065.96259594394,
   17542.552499482503
  ],
  [
   -229508.40039251524,
   -115184.85555840044,
   -324377.32125580905,
   139176.5266849934,
   104564.0329835455,
   -186745.5474461286,
   21447.009125765206,
   234044.67348712182,
   57920.547506350435,
   -399562.66384428396,
   5822.740227358814,
   -183048.2751339367,
   -197821.32513904895,
   -608233.658567223,
   -391414.2305069768,
   168536.99328557463
  ],
  [
   -297090.2750517589,
   -198904.5031178337,
   10439.436373802844,
   -79309.786320261,
   290364.1172230368,
   -534258.1158949726,
   -115414.17778680497,
   -283980.562715458,
   -245829.81920616413,
   -338188.83371619484,
   -19302.710463003303,
   -200427.37500990948,
   -227272.0180791006,
   209120.36370740848,
   -373743.09842187975,
   -203519.02142554085
  ],
  [
   -592499.9163016911,
   -293545.52773185825,
   -287629.98837162595,
   -123840.38254831245,
   -163449.70956556045,
   -549426.830102674,
   -238304.11099773896,
   -274355.5692386689,
   -309096.5665900499,
   -498311.0376674227,
   -267169.39159816154,
   -325428.2186443041,
   -426410.8899102467,
   -144857.99059199812,
   -671002.2166611733,
   -128650.41788686317
  ],
  [
   -591401.1138219766,
   -85853.17880789688,
   -344608.39651051344,
   -353929.06219452,
   28003.470694940366,
   -990851.1907953267,
   -600996.5557083264,
   -15310.33539823302,
   -732824.5561447319,
   -632200.7188038075,
   -363226.8148013416,
   -547535.608502328,
   -380150.93460648315,
   -300229.2335622529,
   -616671.0171622651,
   -289274.2114410595
  ],
  [
   -392996.6380566599,
   -415243.5412511724,
   -119594.47909451266,
   -69310.23325362874,
   67229.4999915926,
   -528901.2900222968,
   -100075.24493866928,
   -249154.7457691957,
   -247764.3544793039,
   -458959.0186115381,
   -48399.09586242984,
   -207446.89674592594,
   -219470.92216583047,
   330699.6672041689,
   -388313.19459142495,
   -185013.38083810068
  ],
  [
   -296495.618393611,
   -200872.92408184244,
   -174874.52930516636,
   14730.493659540323,
   52543.382402892326,
   -282292.07048052613,
   -45195.834287217986,
   -189496.4550695633,
   32839.02301768478,
   -211424.63627255356,
   -167451.28345249983,
   -254404.47871103114,
   -372320.3469665747,
   -346796.51739250805,
   -446706.62557561276,
   -35649.93383301365
  ],
  [
   -714211.6302062711,
   -768903.2174284073,
   -392313.5263228844,
   -136737.0627466592,
   -147237.6591198081,
   -737260.239501709,
   -311730.3416072769,
   -302363.0567858811,
   -227011.37065849424,
   -1024033.5832600105,
   -459738.2980664214,
   -595706.190258874,
   -487890.42685761175,
   -555827.1841165274,
   -835347.5173764736,
   -139982.01677982317
  ],
  [
   -676502.1287172189,
   -93926.21460014593,
   -645824.697001126,
   -190894.51934107745,
   -281543.5648322938,
   -922264.3462490251,
   -321550.6412025645,
   128431.57845087543,
   -1066197.5030944431,
   -322196.32654634945,
   -187335.63196496785,
   -231266.49839884185,
   -343761.4710629496,
   -222393.81115387016,
   -662815.9974823793,
   -224309.04551918566
  ]
 ],