{
 "input_nodes": 12,
 "hidden_nodes": 16,
 "output_nodes": 20,
 "epochs": 100000,
 "lr": 0.5,
 "output": 0,
 "epsilon": 0.01,
 "synapse0": [
  [
   834198.9584331922,
   -158395.6343288738,
   576484.9275648147,
   435209.7154109181,
   27435.283351910304,
   631579.27014896,
   447118.42752153316,
   867550.1948571291,
   524633.7492721081,
   512586.6895818151,
   624748.2071001359,
   302122.9064063678,
   347762.68078821315,
   317269.54906357813,
   830268.6299855965,
   239939.43048415787
  ],
  [
   -1307784.6069592782,
   418139.89829579846,
   -814150.9485949567,
   -510262.3038463609,
   450652.6919619644,
   -990660.2227737486,
   -656281.7984621491,
   -791873.1764101599,
   -863021.0683980788,
   -1001619.7206122663,
   -637125.6616555869,
   -419921.0837128573,
   -445619.3042342394,
   -657257.5387016059,
   -1099045.2711905616,
   -199711.0968901595
  ],
  [
   -1803704.2952442437,
   -1042591.1937641897,
   -1495718.4493966547,
   -494298.95626651275,
   -500069.7497303184,
   -1040070.9675267768,
   -352256.1479486876,
   -816526.2129128646,
   -969366.5455462681,
   -1091982.0065587838,
   -988766.3217754816,
   -191230.16799102418,
   -260362.4377805046,
   18811.07190911744,
   -969267.4508636657,
   -268422.95055079396
  ],
  [
   526496.2317822641,
   -656846.7573887658,
   342833.5466438568,
   270276.12939886673,
   45743.43816044269,
   -65934.09534220492,
   108430.45841721297,
   657789.2219541982,
   -26437.59577109342,
   668619.9863955221,
   601128.082183026,
   101956.33484185566,
   206802.98995917663,
   327856.6628507959,
   502109.67909686966,
   13396.865149755004
  ],
  [
   -263129.2496726013,
   -111943.7336035717,
   -350030.0999260799,
   118971.17479699818,
   102618.70826283816,
   -185933.1645669991,
   6879.967652966747,
   188956.2270827008,
   54004.98613363533,
   -427423.8084354264,
   -17804.74019756696,
   -192450.20656503603,
   -205391.43629406535,
   -632426.1449205645,
   -408848.3852359587,
   162370.6669835275
  ],
  [
   -315722.3055045122,
   -217168.96160518192,
   -10589.317524270185,
   -94796.04849497697,
   289656.9026129241,
   -537684.161275158,
   -125526.66493255115,
   -319283.6522453648,
   -243193.50308166983,
   -353777.0146253213,
   -36616.37188728198,
   -206567.83874950506,
   -233459.40961591835,
   192040.89857934037,
   -387735.08068467013,
   -207894.85393621423
  ],
  [
   -642704.5588397072,
   -310311.3035589086,
   -317491.4770121092,
   -151803.229931106,
   -165497.5219247549,
   -563018.118801659,
   -247649.7021763178,
   -334061.2945065224,
   -312566.0480163972,
   -527716.8557789872,
   -295012.9696822381,
   -335748.5319817087,
   -442334.3182658081,
   -173541.7171062067,
   -709958.0919931119,
   -136483.03869631106
  ],
  [
   -630360.3018085312,
   -88732.0622476061,
   -364552.70475349127,
   -375043.5066859901,
   26203.6682242095,
   -1004336.1383861877,
   -611807.5635452782,
   -58525.799661407924,
   -741670.4455798944,
   -654668.7261697311,
   -390181.8838057419,
   -558946.5749306168,
   -391709.13144843554,
   -324168.9651033168,
   -651401.8312845757,
   -298167.3641560709
  ],
  [
   -440818.5292934186,
   -409838.6857591773,
   -146634.69627106568,
   -96138.60826950714,
   64095.23191689959,
   -536416.2982469575,
   -111549.91910388182,
   -300704.47243248863,
   -264354.9898904969,
   -486294.6633534999,
   -80755.30797041036,
   -216277.53654617592,
   -226108.93098059692,
   301335.6152959802,
   -414992.473667787,
   -192562.68890898753
  ],
  [
   -325187.89812787814,
   -203074.715777646,
   -193931.59194188117,
   -277.8407816979175,
   51715.98053660252,
   -286456.8590870721,
   -50128.24436610016,
   -220288.32538351766,
   31930.148070236042,
   -233074.99181489207,
   -182589.22212709792,
   -257724.30478957147,
   -377399.22105284815,
   -362588.2810257119,
   -462392.57685883006,
   -40063.85501914557
  ],
  [
   -754813.005243211,
   -777761.2815897574,
   -419431.4923565398,
   -160134.7114683822,
   -148448.7314865377,
   -741326.9235082148,
   -306151.42967395455,
   -337513.3481519132,
   -224604.2476683386,
   -1038127.1102490112,
   -473847.2072981809,
   -594386.9367024056,
   -497839.1832989719,
   -573269.7605653333,
   -847715.6625984217,
   -148294.27400886238
  ],
  [
   -727968.512010011,
   -113934.35995733067,
   -685027.7604831955,
   -220661.25540477782,
   -284712.6014991734,
   -939915.3532531727,
   -342792.2747776968,
   52608.62110035198,
   -1074745.2943011604,
   -363781.58730648673,
   -226133.15799275582,
   -250291.47273004934,
   -360727.3427801547,
   -260989.320301968,
   -710278.0059181725,
   -234844.0548785632
  ]
 ],