{
 "input_nodes": 12,
 "hidden_nodes": 16,
 "output_nodes": 20,
 "epochs": 1000,
 "lr": 0.6000000000000001,
 "output": 0,
 "epsilon": 0.01,
 "synapse0": [
  [
   -4377.741388917325,
   -4679.295550509189,
   -12002.839886117412,
   -10606.307375388906,
   -19843.657706369475,
   -7054.986449674797,
   -5101.420626522537,
   -14304.814954010053,
   -7805.264620301385,
   -27139.99116578546,
   -12281.870857849586,
   -19070.52829099356,
   4140.584730418889,
   -4789.532905323741,
   -4196.104373202432,
   -11776.822319062067
  ],
  [
   5521.805041286441,
   -1620.323392615631,
   11320.379626195636,
   4150.948010837265,
   13086.086143430357,
   6904.246199576901,
   13680.69993631471,
   1673.338878061707,
   1563.6959184847678,
   29332.87898264004,
   11363.872795842219,
   20689.681679901725,
   -3277.357616548871,
   7933.970666955325,
   6575.143357524866,
   16987.828053159556
  ],
  [
   -3677.5097701238747,
   -37235.71600446957,
   4364.701298735468,
   -26731.618341947298,
   -2591.1608505442214,
   -25972.498919251582,
   -9178.516881856069,
   -40408.10123952404,
   -19305.54024422246,
   -20324.278555541867,
   -35150.207014068554,
   -10227.50621256109,
   2564.221020631506,
   2790.228947975706,
   -17645.04805442507,
   -15605.561361649194
  ],
  [
   -4340.942314561025,
   -33689.05686243676,
   3729.716458040974,
   -15381.479384687927,
   -9353.460637645716,
   -21665.772360545096,
   921.817929679858,
   -14994.990163936001,
   -20627.55725025964,
   -9636.03055545725,
   -16033.595235713652,
   -20608.063216275612,
   1247.2179863399283,
   5970.49898619562,
   -4605.424383456692,
   -11759.78484438436
  ],
  [
   -11331.341508826245,
   -19954.911240122685,
   -13241.120319019887,
   -13715.655020686074,
   -11867.331859692033,
   -11107.120691422302,
   -10339.804457669738,
   -16685.08575619761,
   -9624.349615319881,
   -14027.298522991669,
   -16692.230850058793,
   -14622.343036366537,
   -1721.2703855653187,
   -11499.679732327562,
   -16941.2081787464,
   -15051.65924531688
  ],
  [
   -7543.448660857944,
   -15401.015704459018,
   -9816.114543345462,
   -12112.895460700556,
   -21372.096485939914,
   -18630.589881253956,
   -19003.64406529035,
   -13664.531952878962,
   -16625.72532150148,
   -9302.915518724292,
   -15494.133475414414,
   -6967.589662024036,
   -1246.9105849747646,
   -8429.266718460623,
   1224.9452563580462,
   -11134.694642298813
  ],
  [
   7827.880168184747,
   16344.046144840437,
   -1957.2959911998585,
   4871.4266996095375,
   -532.3681521502267,
   14905.112109699776,
   -2608.5723255880357,
   11675.034852714443,
   9560.082573881693,
   8236.513064893119,
   21521.752323139626,
   11.269684685260192,
   3387.8604911434636,
   50.0036099794126,
   5023.867570060828,
   4541.986219176725
  ],
  [
   3887.53805294245,
   15564.898733999706,
   10011.767240691717,
   16212.210086092824,
   3285.9640582621105,
   7787.549634820558,
   3876.8023376425044,
   19148.41228277168,
   741.6449729102691,
   12752.151028238533,
   19770.436415517594,
   14730.755862398672,
   -937.2871003778737,
   16319.092362251125,
   5418.542594220941,
   14504.91325501212
  ],
  [
   -16295.223873567471,
   -10340.272872454389,
   -20928.468081648407,
   -5358.8513703105755,
   -19552.217228009664,
   -1886.7838554835278,
   -4457.412471512821,
   -8280.406263161172,
   -2271.6328068802577,
   -6332.936989058698,
   -7923.328621513251,
   -2379.2081315290056,
   -1263.4707011266821,
   -21679.936658314058,
   -21326.5122452936,
   -9126.659524794932
  ],
  [
   9249.952800461153,
   3552.1516928447945,
   7874.016241392366,
   -3593.040031044539,
   13639.717591113327,
   2450.325655712729,
   18218.67090736069,
   -8104.711397896618,
   307.6019870871287,
   15866.104307918826,
   3919.3811596873943,
   11244.23532903648,
   1977.175940694098,
   8296.189440893238,
   10300.094972202078,
   16163.102538047535
  ],
  [
   -367.9580678596049,
   -141.29668333334655,
   3712.4492500954084,
   -3450.890151515277,
   -16995.640520418812,
   -10934.999001439195,
   608.2285061955536,
   -3589.4258239516394,
   -2954.8086874750543,
   -53537.9085328852,
   -7708.324567620899,
   -40394.44910056102,
   -3394.7361344524656,
   1379.5863013967403,
   -5834.341221305423,
   -21379.502913937024
  ],
  [
   15580.080659295665,
   33688.58856190743,
   8458.108683498644,
   21814.13393754878,
   5126.4407794406925,
   15109.255964785441,
   -4184.811908308008,
   30519.158186089033,
   33420.4956651248,
   -8628.532726736803,
   19861.730907329435,
   -18956.978310347677,
   4805.198093669314,
   -1360.1139023513783,
   4715.59259975243,
   -4982.253737838991
  ]
 ],