{
 "input_nodes": 12,
 "hidden_nodes": 16,
 "output_nodes": 20,
 "epochs": 1000,
 "lr": 0.7000000000000002,
 "output": 0,
 "epsilon": 0.01,
 "synapse0": [
  [
   22.93652261210082,
   -2332.308029317702,
   1146.4494781666028,
   -3887.6339458019747,
   -824.6531284569089,
   -34.68399134048974,
   1797.5284758424586,
   813.8634570049055,
   -424.02897747406814,
   -3678.96797984228,
   -4538.167609068959,
   -8451.537222725068,
   -590.9606708086773,
   -2617.9948163290223,
   976.7926717337815,
   -110.48958746539738
  ],
  [
   629.666266344538,
   1755.3992813800546,
   -2187.9341678577043,
   1933.4084521508416,
   -4487.686806939249,
   -266.9140387266511,
   -3270.0218653589795,
   -2467.775609896857,
   243.25486071359828,
   309.8621587968793,
   -929.9947014389301,
   5740.9318540509,
   100.77460960134968,
   1274.0514900427252,
   -1065.9503844386934,
   -1239.3740733794914
  ],
  [
   -2690.748027687405,
   1794.2254743794592,
   2489.0848253577783,
   3798.6699727289642,
   -938.742070356291,
   -144.5251473555069,
   -942.0688605809272,
   305.7626769353167,
   1218.1141056449223,
   4748.362261439021,
   5203.22705084494,
   3489.7528399491857,
   678.412519908577,
   1835.3675820201006,
   -4600.7773234381075,
   394.2913776117013
  ],
  [
   158.39642346758052,
   1170.5843078773228,
   803.7923982956507,
   -657.0897453349424,
   -14047.871819997945,
   1017.233091321231,
   -5948.52163669407,
   548.0073283420494,
   -719.2426640681616,
   -2430.4466264362563,
   -12604.095098155123,
   -6781.297335093498,
   -368.0155798600793,
   -1829.7560052459075,
   -3918.3878235745556,
   -701.0937828029931
  ],
  [
   -2149.1502161131766,
   -238.15131712288613,
   1056.8801507097103,
   -293.7116722865218,
   -208.00359944805578,
   265.8780488130185,
   -4390.45351391109,
   535.9097167317022,
   -645.1771834080073,
   687.7514166461862,
   1264.2030578996178,
   5524.2073711897465,
   -408.8906440235178,
   109.62846776705825,
   652.575272948223,
   597.4297548835134
  ],
  [
   -289.9639305854572,
   -4812.111121455643,
   -655.4962574353935,
   -5540.103093448827,
   -4130.678030107869,
   691.262400138872,
   -5886.120947439833,
   -802.9987664950265,
   -1911.4374792413398,
   -4170.233696932833,
   -4729.379752856178,
   1891.0836367293862,
   131.14873123952978,
   -6461.195392071782,
   -1376.7768735903749,
   191.89073617470183
  ],
  [
   -2160.998780595787,
   -1825.224195560495,
   -261.7578705523444,
   3258.173114015933,
   -1186.4054884767802,
   -44.76794481004851,
   2570.8489620149726,
   326.05622318648307,
   653.1413408200182,
   2909.3100071986423,
   4106.3277737415565,
   -6764.990131526902,
   -423.8844856696292,
   -402.5428614143561,
   1890.6334124280493,
   253.9440019096065
  ],
  [
   -813.1637202257294,
   -852.971829341426,
   -1049.7680227362446,
   -7153.776488192107,
   -13179.527433704989,
   -666.694204421938,
   -431.6398487605289,
   -1705.9945325973374,
   -2402.209748267024,
   -9328.953145666546,
   -7927.3999246406975,
   -8964.846169639306,
   -2606.974855027187,
   -2708.2312340872445,
   -1039.0797761272477,
   -1718.921487960446
  ],
  [
   -1990.7477464541657,
   -6925.285815951773,
   -268.3856855528661,
   -7866.646535474735,
   -14524.403150586431,
   415.8551228061213,
   -5889.514911326542,
   43.207586571439144,
   -3199.9238238441467,
   -6773.951395835731,
   -2245.7760370414076,
   -11505.499468155178,
   -2571.562470676328,
   -7264.148026665059,
   561.354430497602,
   830.6538308481666
  ],
  [
   -21.875892086386532,
   -2834.505324004231,
   665.0620575184964,
   -2749.1116733271615,
   -9661.899421088441,
   902.1682809193867,
   -9181.818549412212,
   -268.51285667013985,
   -1754.005515610645,
   -3915.0482905447784,
   -5961.71117926347,
   -11703.834602405252,
   -2185.5999481497297,
   -4124.838031165751,
   -1690.1211714747658,
   -263.5930986959734
  ],
  [
   1835.4407092019771,
   25.884294229115444,
   -1494.1693532050213,
   -3341.7137551714404,
   -1481.948347600152,
   -1596.1092835660809,
   -5084.687801560624,
   -1266.6846219946092,
   -2900.144330731001,
   -5781.537641072076,
   -4647.12452075697,
   -6346.343036295009,
   -2149.234708314425,
   -2923.6762354858565,
   2916.5224431250726,
   -1756.091607000236
  ],
  [
   -5734.460606799324,
   -949.8256970514162,
   189.18658078323722,
   -1660.3534829655252,
   2050.186378156454,
   -40.72761780750003,
   1788.666362721872,
   25.40302687103594,
   -2467.5073188930232,
   -1144.6040152399448,
   -3810.075235629342,
   -7328.743699304332,
   -2209.5983906784154,
   -1376.4800007465699,
   101.56642098010747,
   2363.157068980958
  ]
 ],