{
 "input_nodes": 12,
 "hidden_nodes": 16,
 "output_nodes": 20,
 "epochs": 1000,
 "lr": 0.4,
 "output": 0,
 "epsilon": 0.01,
 "synapse0": [
  [
   141.7589045610011,
   -9063.459215923438,
   11757.789572324105,
   -17219.710777340988,
   2375.094578480803,
   -872.62227622149,
   -4786.191047909,
   3011.452521769939,
   -3966.0620169902545,
   -1481.6005888955906,
   756.7520299938666,
   3779.1813677953924,
   -2283.8469161309454,
   1153.5160015877896,
   8493.132913099264,
   2215.2352441184676
  ],
  [
   8013.99817573396,
   -7897.848250317562,
   -21350.458771675883,
   6973.035228958591,
   -30558.465278747553,
   -2200.4001988030855,
   -9221.967875651024,
   -8050.643198498599,
   1483.0110768773943,
   -1687.9065679882112,
   -12671.956627742024,
   -431.7192833868671,
   470.4394217336056,
   2188.3125859425786,
   -16358.673344800052,
   -7924.078219208734
  ],
  [
   -44396.79411401984,
   -34025.98037152843,
   15533.248329372294,
   12448.074894958132,
   -1846.5109113945043,
   595.348306332385,
   -374.7510194650048,
   10507.780134912426,
   1942.0355739397855,
   8943.058307074489,
   8116.676142637712,
   11547.383992256968,
   726.4755539564331,
   -4945.867860848315,
   -10187.032056123682,
   5714.2590636006225
  ],
  [
   -3086.1991338770354,
   -14871.846730881078,
   11937.66975347308,
   -11849.244382511473,
   -52970.959916210886,
   3283.599196812686,
   -37218.815197047355,
   5187.517667011538,
   -5490.315570027028,
   1867.9243306637597,
   -15479.088922965633,
   634.1832982091348,
   -331.4825555961329,
   329.81688295807606,
   -11780.979536447398,
   -2543.7412661824264
  ],
  [
   -10463.094527854115,
   6277.55370166579,
   1694.6304804724691,
   2672.6573416758038,
   -8556.011464670777,
   1984.6923166567651,
   -27328.521150521112,
   2154.559725083205,
   -4406.788935345093,
   3774.121019134581,
   -6503.362902693203,
   -43943.3865524189,
   -2253.402494723743,
   -2643.409966330561,
   2203.008793099918,
   1960.6719412599564
  ],
  [
   2189.610133267615,
   -20408.650216300477,
   -10345.332526853143,
   -22961.445507236564,
   -2999.815665490119,
   260.060944056966,
   -17850.324490978644,
   -4420.563916841842,
   -7187.978232745457,
   -10425.269343778493,
   -10128.948717838006,
   3947.5219091112062,
   2281.3603829115464,
   -2744.308771214379,
   -9792.948361624012,
   -578.9353773686107
  ],
  [
   -3670.7314961966376,
   7273.7577596533365,
   -4106.894635948398,
   11630.616665057882,
   -19697.216316983424,
   5206.270004351169,
   7108.6316394417545,
   -3331.6906711494253,
   1447.3021393076403,
   -369.52006052088336,
   12877.802229044728,
   -7910.736723886655,
   -2561.010718235661,
   -1474.3883330770639,
   5754.676310731876,
   1655.4516736232567
  ],
  [
   -4658.72214968293,
   -15864.884802204468,
   -8453.852928926965,
   -28420.57304452977,
   -61253.819260491546,
   -3202.954085239235,
   -14056.322029018958,
   -2078.6583617893693,
   -7049.968374906631,
   -22318.924197200864,
   -14209.447430288968,
   -14990.134539212051,
   -8481.654449367568,
   4018.695838835963,
   -8671.445900784085,
   -6040.5126208500105
  ],
  [
   -8082.1115486040035,
   -10109.294176001424,
   -5216.678898328727,
   -21599.89135287605,
   -71569.23729073962,
   -19.340750093714444,
   -29318.922989199687,
   -2846.7619909653363,
   -9536.188758638604,
   -7568.406317128211,
   -651.9358384172733,
   -20528.69130510204,
   -8939.14735451531,
   -3385.8017060694856,
   3624.2431868601398,
   5213.493130500588
  ],
  [
   -2197.0151344166047,
   -24755.656958528776,
   -970.4629368157317,
   -13862.459041769021,
   -37847.199642328575,
   8887.6499853037,
   -42125.764172796604,
   50.896831382651044,
   -7151.893098771983,
   -4160.7596106383335,
   -13559.28963541615,
   -22830.602455568805,
   -8552.24102563482,
   -2043.0549022269802,
   -7723.135696705055,
   239.12262657246427
  ],
  [
   2532.752808590821,
   -21371.338341731527,
   -14242.822666045766,
   -6881.428401707771,
   -3136.26444375821,
   -8931.660628999613,
   -40202.21124358496,
   -10319.440218166626,
   -12447.97496393189,
   -3044.8736979685646,
   -2688.19057759014,
   -22919.663936466906,
   -8568.322766969744,
   -81.28397066322442,
   10866.942291094834,
   -8175.971335992129
  ],
  [
   -50950.017483987496,
   -42626.26489881888,
   3462.363411697169,
   -1965.237046064486,
   12493.116288924,
   1532.3463636473762,
   8116.898703322388,
   -2237.0868457296074,
   -7132.949759054956,
   6467.184662516923,
   -12870.280382478835,
   -15681.72421667492,
   -6009.993508890298,
   -10950.147892727035,
   -3911.72421504226,
   9092.523642768461
  ]
 ],