{
 "input_nodes": 12,
 "hidden_nodes": 16,
 "output_nodes": 20,
 "epochs": 1000,
 "lr": 0.30000000000000004,
 "output": 0,
 "epsilon": 0.01,
 "synapse0": [
  [
   -1719.757647006295,
   -9858.32913664735,
   11068.615387763155,
   -16838.728342488204,
   1672.26722808394,
   -927.9119724393156,
   -4307.892074546179,
   2590.8828753903385,
   -3844.2287718620278,
   -1598.4452745993642,
   861.1799640318443,
   2353.9493276972535,
   -2249.7284217855704,
   287.12709274617026,
   7385.75986691176,
   1896.0861546813378
  ],
  [
   8868.120722468499,
   -5365.730958071005,
   -20505.239725138075,
   6892.145390173621,
   -28722.451169421136,
   -2093.2718392186794,
   -8266.213651908629,
   -7239.235369740283,
   1624.8888994135407,
   -1073.6136018839927,
   -11625.924506301095,
   283.66835077906626,
   435.4595563377389,
   3169.247276795299,
   -13988.065716827035,
   -7354.566394727119
  ],
  [
   -43216.87658549162,
   -32908.420467426695,
   14688.198105751044,
   12941.944897882226,
   -1669.5140398156536,
   386.9563792473912,
   -639.9691054863982,
   9623.375118669028,
   1821.9959881572306,
   8668.62533444265,
   6223.175751273299,
   10776.528718484846,
   638.9393892156263,
   -4304.59557919983,
   -9711.129540901093,
   4797.520245595405
  ],
  [
   -2074.9488706675074,
   -12975.826227024907,
   10693.918540688725,
   -10957.718729749506,
   -51107.468934419616,
   3124.0719081259294,
   -35119.891832614536,
   4953.625768811727,
   -5228.142025372001,
   2162.397507070252,
   -13401.829578120876,
   -620.8651524108402,
   -473.84420108632827,
   1487.1192060680823,
   -10164.86267908471,
   -2643.6232852307467
  ],
  [
   -9958.934749501352,
   7345.375822484918,
   1167.2173825226912,
   4705.480705777586,
   -7916.968055708083,
   1837.4812079226338,
   -25253.82053484014,
   1794.6735789072393,
   -3924.4835313743583,
   3102.605840269874,
   -5568.279510731864,
   -40146.05088778649,
   -2063.053558617076,
   -1558.9201962933505,
   2170.0534088064446,
   1542.170398351314
  ],
  [
   3262.2219980698947,
   -18885.895287082778,
   -10116.133646999546,
   -21214.3860541613,
   -2710.5834900698874,
   412.1272093227853,
   -16618.67339678779,
   -4007.34800282948,
   -6948.186132041744,
   -9897.853638097054,
   -8822.544034165907,
   3172.341513263218,
   2052.4847889787434,
   -2742.7960421049333,
   -8550.217143974065,
   -481.8574329714585
  ],
  [
   -3145.7859527863616,
   6323.4513082812955,
   -3932.979445135991,
   10878.364030292787,
   -18407.642966429376,
   4993.004457693641,
   6960.419505449856,
   -3391.5625894330415,
   1452.6426122582122,
   125.64719601550658,
   11770.206091073323,
   -8378.83722176363,
   -2491.158181685768,
   -1618.7818500002234,
   5379.034495304137,
   1771.8499760416673
  ],
  [
   -5951.760097746147,
   -14191.162255890276,
   -8156.629730124351,
   -27409.72316735588,
   -60907.211351814876,
   -2947.156368314079,
   -13506.519881027554,
   -1507.8292500881323,
   -6762.335040597488,
   -22345.55738482188,
   -15007.928740568199,
   -14084.193712787977,
   -8353.926614290322,
   4224.313946769147,
   -8335.935856983375,
   -5900.8793953762915
  ],
  [
   -7626.091353830473,
   -9762.897813651718,
   -5052.992405401357,
   -21720.782884399356,
   -69354.80737636998,
   208.23477475558474,
   -27485.748488391848,
   -2820.510603635486,
   -9153.463341824643,
   -8523.625018351697,
   1055.0030602088464,
   -19680.64880714656,
   -8710.62792913964,
   -3746.7477467560125,
   4120.496579402839,
   4496.129524427735
  ],
  [
   -3616.684287393799,
   -23336.855233569273,
   -830.2481332187895,
   -13761.349501427967,
   -36935.21681452824,
   8476.51535883437,
   -39755.18651418821,
   96.1038328771047,
   -6799.858396202435,
   -3756.0399870047104,
   -12631.247968483689,
   -20357.494426101755,
   -8271.970168535228,
   -1349.1935213926913,
   -6603.1441947237245,
   648.1359613454091
  ],
  [
   1447.8715636272862,
   -20874.376414348808,
   -13525.556127939579,
   -7520.372713245884,
   -3527.050862292487,
   -8635.208190012381,
   -38321.70931037025,
   -9449.36877593845,
   -11995.86354992883,
   -2977.56659782641,
   -2787.292876173477,
   -21720.550132668894,
   -8278.573168474344,
   -906.3747446784282,
   10191.846609373168,
   -7437.848131991165
  ],
  [
   -47854.06700044395,
   -40711.54363592218,
   3752.4106701886903,
   -1264.0830015994006,
   11668.050478098972,
   1544.6731788488773,
   7432.273611127929,
   -1386.881869893926,
   -6812.776699212928,
   5677.261788967531,
   -11554.69901007114,
   -12804.113336665736,
   -5838.0184374146165,
   -10324.158365554284,
   -3437.5319650238416,
   8936.65416304097
  ]
 ],