{
 "input_nodes": 12,
 "hidden_nodes": 16,
 "output_nodes": 20,
 "epochs": 1000,
 "lr": 0.55,
 "output": 0,
 "epsilon": 0.01,
 "synapse0": [
  [
   -1344.9931700409782,
   -7553.930204033432,
   6480.383266825128,
   -8833.401531285554,
   1090.3274305408218,
   -478.6234071363174,
   365.4796127677384,
   491.0302294032312,
   -1759.920374702668,
   -1364.9193671105263,
   110.59229475020798,
   -3991.3745295008416,
   -1505.1179205082053,
   -1596.3689266221836,
   4399.236570954559,
   511.99389744506044
  ],
  [
   6537.08389881462,
   3382.983812839436,
   -12776.94586959509,
   2837.917936484039,
   -19137.646090697086,
   -2412.9138246670373,
   -4948.127302001378,
   -3119.202362988156,
   1096.9632221234758,
   -866.0017645487422,
   -6622.244044626203,
   7958.425042667889,
   -60.29010297213099,
   4958.526321379663,
   -6754.992506261949,
   -4331.502101889486
  ],
  [
   -22772.420629910757,
   -17942.255120235237,
   8051.541443453846,
   10497.166487468443,
   4026.4398589179914,
   -1107.7249691829313,
   -1463.9963520492927,
   4704.07138840771,
   1166.704542202654,
   7338.808098215592,
   1237.5516719755447,
   6368.046521486962,
   275.1551573206155,
   -1541.3167531428423,
   -6611.326816888291,
   2564.869209198358
  ],
  [
   1108.3516662871205,
   -2114.533577056791,
   5601.5381238828,
   -3560.7618716117013,
   -38115.98751573209,
   1992.7141377261457,
   -22015.238468411437,
   2751.351959213925,
   -3024.064220416694,
   -1943.1544560896298,
   -11796.617962658196,
   -1600.0954764033947,
   -1089.4598100983462,
   2309.7985942963164,
   -8217.605904159695,
   -2214.4693855986084
  ],
  [
   -2689.280023131154,
   7144.775350908772,
   1364.0230763123616,
   6959.10404966915,
   -3503.2699526635597,
   1544.0654240909485,
   -16241.817733171016,
   1461.2615258514286,
   -1909.3604882064462,
   833.7638488608627,
   -5960.885934782116,
   -11459.30418600236,
   -1325.6005749164597,
   -709.060802264345,
   1288.2767098357106,
   1641.1196312740067
  ],
  [
   -1020.5920912036976,
   -11241.386232956951,
   -5964.867952613749,
   -14162.692953589583,
   -4466.803289337571,
   1002.714913255293,
   -10382.790151305933,
   -2005.2380201919025,
   -5202.413843137048,
   -10428.856192251831,
   -8002.56893593794,
   3012.7948864529158,
   707.2462966516752,
   -2626.2364278066657,
   -4036.215332127199,
   93.24752953558668
  ],
  [
   -3583.0196736145003,
   -3891.0129148845062,
   79.09873171793296,
   6055.059682437999,
   -15190.750666033447,
   4074.0757219852862,
   3763.2243788179935,
   -1126.5773089996085,
   1171.137384731578,
   3629.0508583697324,
   8860.766398870295,
   -4369.056166751151,
   -1909.082522181141,
   -847.8256004647703,
   2646.933775720177,
   3207.4432577589323
  ],
  [
   2516.1444071150513,
   -346.7713895345886,
   -7360.5428319947605,
   -18433.570440450985,
   -43529.879104315645,
   -3547.4792361535465,
   -6837.400674469287,
   -1206.3326738931992,
   -5135.5607094638,
   -20203.03846506297,
   -14787.440592419873,
   -11369.634496691693,
   -6575.631814608764,
   4196.684324884187,
   -4358.322625480273,
   -4913.7515791131755
  ],
  [
   -5716.483111348241,
   -6421.1913344042705,
   -1665.3607800082016,
   -15831.429157660652,
   -52035.922922677586,
   1013.8276614076178,
   -16850.748309044124,
   -1049.4111119278089,
   -6277.4828863103585,
   -8122.621977911796,
   8230.015104628043,
   -16317.60904851661,
   -6717.2047805971,
   -5234.780476734152,
   3971.7510301448237,
   2106.62328923783
  ],
  [
   -509.43729661562855,
   -10050.011483478456,
   -719.4100135932944,
   -7140.562847398775,
   -28482.874285874826,
   5571.128489766283,
   -25023.484906295493,
   1524.2677711213066,
   -3580.5111015674215,
   -1445.645035110624,
   -4628.415333674235,
   -8048.193551046226,
   -5705.545132304356,
   358.08474042692995,
   -2537.467241340376,
   1314.4798959801394
  ],
  [
   -2314.0610544007127,
   -10969.438203300526,
   -6660.6247067971135,
   -5353.591169695617,
   -4447.0338633239935,
   -5701.965066578134,
   -23365.916460410335,
   -4563.182192887451,
   -7813.7234538501,
   -5277.07051548487,
   -2428.370956554544,
   -11278.530216039857,
   -6012.873874514271,
   -3891.8335485426564,
   8516.068688966823,
   -4972.738771984832
  ],
  [
   -28788.182312431327,
   -22502.620516043546,
   1199.4974982350252,
   -1664.038053161091,
   6145.042341566257,
   672.278079939101,
   6326.2066304355785,
   -1189.7090663677714,
   -5380.486047936582,
   1885.4824917453846,
   -7752.11076430101,
   -6584.048333501194,
   -5375.357337049691,
   -8442.090004263244,
   -1776.3274865368774,
   8118.495037459693
  ]
 ],