{
 "input_nodes": 12,
 "hidden_nodes": 16,
 "output_nodes": 20,
 "epochs": 1000,
 "lr": 0.6000000000000001,
 "output": 0,
 "epsilon": 0.01,
 "synapse0": [
  [
   4325.40559390442,
   -13678.369356541994,
   11382.568044009928,
   24345.584121713455,
   9807.624948843368,
   10557.592599235897,
   6717.867656450971,
   9182.529147363788,
   10911.932428783774,
   3147.199486909581,
   37303.30714798457,
   33657.36988141235,
   5056.408118763106,
   22242.96884467281,
   14569.894918755495,
   19873.131586397507
  ],
  [
   -1477.0859703615693,
   5112.950987436219,
   -25860.235430165034,
   -31459.377308018968,
   -27494.795282360228,
   -14270.000363971574,
   -3458.2081424105286,
   -20082.95082787446,
   -14921.984972423184,
   -5134.291794017535,
   -44468.05528635466,
   -47952.1973513127,
   -20400.660660990285,
   -35268.43147581992,
   -20089.743628489003,
   -47396.024149518154
  ],
  [
   -41727.845041152905,
   -42236.49177646101,
   3163.587247214797,
   17523.55802737464,
   23557.104877199075,
   6865.780449121323,
   11178.021678207917,
   15646.712793230874,
   14841.811113276202,
   15906.876870167951,
   650.912954686419,
   -4605.935532435788,
   -84803.87775534608,
   3762.8571383159733,
   12410.512063811102,
   12575.98384649143
  ],
  [
   -7719.206706585419,
   24195.25722079455,
   3621.911857454788,
   12844.87378341855,
   6117.3109697027285,
   8626.36569700149,
   -879.8095528788854,
   8322.86118346573,
   5012.2957964787165,
   3942.30217879802,
   -39660.08800162757,
   -2950.4026963728643,
   35449.95062926997,
   9302.629161610981,
   1653.648571622207,
   20102.266696996197
  ],
  [
   -11072.927245716894,
   -18133.46988885109,
   -9657.584284803721,
   10805.401484708344,
   -12558.14798356661,
   2059.7066048673546,
   8999.99938586721,
   763.0900544371372,
   7460.805199710052,
   8151.23750553284,
   20566.464740517287,
   269.4909242773114,
   -27778.70102758544,
   7019.1613494580415,
   3901.402885777244,
   -10006.412376191436
  ],
  [
   3059.098298805049,
   -17842.979459317914,
   5485.261400374981,
   22029.41027417201,
   9356.324717448602,
   15030.330055542174,
   14320.803520099755,
   3884.324175283661,
   8926.93795667467,
   9922.423035206433,
   10465.912962527173,
   17042.606279354994,
   -7198.247059820934,
   18017.17555231254,
   5638.922971413683,
   6593.8269140832845
  ],
  [
   4018.5594338750325,
   -2029.7411558850677,
   -4320.2427589673525,
   -3874.5683221439194,
   -11852.946825030313,
   2830.2957815905165,
   -419.3400678540031,
   -5930.682712518591,
   -3603.325057908743,
   -1556.9302447699856,
   3781.8436436385323,
   5873.696545563751,
   6984.7654821079705,
   -6439.375789270254,
   -4147.424830549298,
   -7996.056790666009
  ],
  [
   9487.411412024467,
   12267.76357622999,
   -7157.789515759448,
   -16096.13644228302,
   -2808.254271202015,
   -1863.5988252070592,
   -4612.293507790367,
   -11020.932613442015,
   -8695.56591681686,
   -12281.942746482026,
   -27618.129031471162,
   -19311.00824820302,
   3599.994632484727,
   -17509.801452756714,
   -9210.901213035117,
   -8216.01181267318
  ],
  [
   -8613.140965071598,
   -5793.415421296292,
   -18512.153807776023,
   -13081.605321424957,
   -11162.920143394393,
   156.23153788919203,
   4475.815790107801,
   -6895.798556797299,
   -7765.174280030053,
   -4623.502905837117,
   -27078.03349926307,
   -26239.598993398766,
   -43041.21593669026,
   -20686.02628342087,
   -8473.747467878073,
   -16942.194187208428
  ],
  [
   17143.06045728487,
   4656.615363960043,
   -4807.587057278391,
   -17501.03407174032,
   -9791.227308540392,
   -7361.532574614001,
   -13318.977243876016,
   -14761.090829592718,
   -11327.301569872929,
   -7843.433107353414,
   13332.044738160257,
   -2625.9408545373476,
   27308.000938772344,
   -10245.083611217193,
   4415.896383519432,
   -18797.437761213492
  ],
  [
   -33009.91510647853,
   -16714.574261285157,
   -22336.932807659814,
   -23504.113410819624,
   -16.053939716597544,
   -16995.88180195305,
   -6058.617133221804,
   -7533.452443833666,
   -13539.85876966009,
   884.3913059186865,
   -58924.69600841146,
   -20867.233852478927,
   -23404.583424153097,
   -2060.9098311937114,
   -5359.399551832569,
   -12033.73897920101
  ],
  [
   -15002.346339180316,
   -376.1540474204522,
   -6116.304065460339,
   -3446.3100749681425,
   -2851.5412312540634,
   -2401.8409363681562,
   -1122.5953703085795,
   -7502.009971737103,
   -2593.763528861123,
   -13473.607523251168,
   -480.8811677074548,
   -5033.912572816912,
   -24950.023795207748,
   -7144.047823995015,
   927.1471819167448,
   -2449.2360948164182
  ]
 ],