{
 "input_nodes": 12,
 "hidden_nodes": 16,
 "output_nodes": 20,
 "epochs": 100000,
 "lr": 0.7000000000000002,
 "output": 0,
 "epsilon": 0.01,
 "synapse0": [
  [
   -93.91025914523428,
   -352.67527670122445,
   292.88042893043723,
   195.6767646934909,
   404.66606512167874,
   44.83139737547908,
   536.6040770844692,
   560.2848681881482,
   520.0465317703251,
   572.0231727300264,
   -75.97903426691242,
   295.6383451455161,
   464.6295207795898,
   356.27661857184336,
   291.6836476243403,
   305.33476969877813
  ],
  [
   -117.45620928335218,
   260.58303721020724,
   -197.21133549720383,
   -281.7429104271113,
   -200.84232889861502,
   59.984123247551146,
   -339.9942918946316,
   -336.301094243073,
   -305.3643282220985,
   -92.9279111039867,
   123.21972836971848,
   -67.6590945385309,
   -245.7613798887981,
   -4.257316440595707,
   -253.7221402203443,
   -130.8348526125298
  ],
  [
   217.19350014718347,
   -13.206955972404746,
   -139.94654916412605,
   70.2533341227956,
   -400.18264988395487,
   -110.73026845674383,
   -339.59728905578606,
   -390.21783294266567,
   -311.99493309361,
   -835.6043920055326,
   10.742590706144107,
   -484.9359578242659,
   -445.2222551428138,
   -558.316909168443,
   -191.60213319301963,
   -366.11060285728706
  ],
  [
   202.73664941949693,
   -26.407097254038558,
   71.484442269937,
   -132.09466578533983,
   -287.4970899225127,
   27.96626935824196,
   -341.63916146756384,
   -414.1795511344038,
   -389.231933013687,
   -948.4483346102361,
   -450.6919056255393,
   -761.5265681966112,
   -145.2653419241168,
   -714.0064769600386,
   -159.5046936462013,
   -294.7782599812844
  ],
  [
   302.8275269927984,
   -81.78806360463956,
   -426.53749044650044,
   114.92031627124987,
   -107.66683028004798,
   -386.57636523908394,
   208.9034916778778,
   239.39878544524507,
   231.9297226897388,
   319.46015774800816,
   55.687646415900446,
   -35.537484289801874,
   -257.72827742633683,
   48.39392372836298,
   7.109967415655059,
   -169.22444776352864
  ],
  [
   -79.76412282612601,
   -41.146774812290865,
   122.67314537218941,
   -242.55801904781055,
   -203.8663438875086,
   21.496160662077866,
   -273.35150086194255,
   -238.05114065859013,
   -195.00331549831208,
   -304.3206948291804,
   -80.33019062758997,
   -325.6016764137648,
   -153.1465938041511,
   -157.78896007054703,
   -254.80200146930466,
   -195.69200572892808
  ],
  [
   42.6520660368165,
   2.92151263175653,
   -233.60061851883358,
   -516.4004031341568,
   236.05478916752637,
   55.316277603314745,
   139.61383657180556,
   193.5860042256755,
   203.51910973673094,
   696.3659306576227,
   202.12861508906383,
   161.0989591050598,
   143.76826515288295,
   422.6291723508757,
   -4.469510416088187,
   45.02517181259394
  ],
  [
   -84.24526383399048,
   132.75450498646634,
   -166.35063518549114,
   453.86135393283195,
   -294.01588362773845,
   29.04204894424366,
   -309.6925228990331,
   -270.16587383278517,
   -269.48904937003243,
   -596.2305196878527,
   411.62871074121836,
   -211.63943138709973,
   -530.9958597365966,
   -322.178058949163,
   -431.6167311537937,
   -473.59723469488983
  ],
  [
   72.901136844024,
   -207.7117497781952,
   113.90747615887508,
   -178.9969963219206,
   140.42139820780665,
   138.92675903595165,
   67.86174216208818,
   77.76043505659337,
   97.85686294719494,
   -31.58423442564344,
   -124.8467587840226,
   -153.04475039334423,
   163.56193352087092,
   -11.126022797045902,
   50.788055297712496,
   25.44107385227442
  ],
  [
   170.66280979720128,
   -110.09020262160675,
   -50.28136040454252,
   -199.64624295794536,
   -333.2476265735213,
   -221.1987893161105,
   -398.82591500766256,
   -365.8096358379635,
   -336.92469453766006,
   -627.5859422829051,
   -92.55945575295388,
   -820.4734306888138,
   -407.1432919107768,
   -430.86640212666447,
   -607.8461324548399,
   -631.1946858678006
  ],
  [
   14.561308513578412,
   -138.47667516567168,
   -224.83384848180765,
   104.38749195756806,
   16.32546379390181,
   -433.6255246530465,
   149.49611647887772,
   234.3630477516407,
   155.5731211065452,
   464.90258791293496,
   53.563357109164386,
   -235.33928559305244,
   -154.85509215975767,
   167.07011133384032,
   -409.0247609851527,
   -340.4466895533162
  ],
  [
   -323.9087967715057,
   27.019295591108374,
   584.0176038580141,
   228.59700041983862,
   104.13986696245092,
   238.67637634938185,
   53.966081290619606,
   -11.018257878661375,
   -24.295040386136016,
   -138.35865281897634,
   -416.7653220728976,
   122.82766212482828,
   419.3534982268802,
   -23.789302205312502,
   175.1345266961935,
   287.93191124955274
  ]
 ],