{
 "input_nodes": 12,
 "hidden_nodes": 16,
 "output_nodes": 20,
 "epochs": 100000,
 "lr": 0.5,
 "output": 0,
 "epsilon": 0.01,
 "synapse0": [
  [
   -3800.133198522776,
   -11096.495382389612,
   -138076.94042660578,
   153225.31646618125,
   -278951.442722435,
   -376627.9948383704,
   -481043.1600637811,
   -81155.68927043158,
   223078.94518510406,
   -203265.20032762253,
   -456473.57599602244,
   -256066.54439476278,
   -500095.1008482531,
   5535.266434292399,
   -226682.339346035,
   -180095.90281322098
  ],
  [
   30171.744910134483,
   184909.0707327513,
   -17126.1053359855,
   -308624.3833104741,
   12298.837661334897,
   71075.65470978114,
   125801.19065633272,
   153773.48621249048,
   -376365.4898551903,
   47534.459994754274,
   -219915.8309741552,
   1363.913965718654,
   98976.75122312857,
   -24224.48329219585,
   345347.2671764666,
   -37828.24721069859
  ],
  [
   -37404.54136905014,
   -247027.60099095086,
   -389759.9157814174,
   -745744.3066430737,
   -293692.66914980544,
   -1263802.698161418,
   -1642571.493066159,
   -242745.36451301596,
   -1047481.5271648414,
   -784363.6534607745,
   -1619412.689882571,
   -701815.7568095304,
   -716611.2530649583,
   -50922.927374628074,
   -85413.16464642681,
   -640766.6697795446
  ],
  [
   66433.13547404789,
   116241.34692420176,
   -100581.6022156472,
   -344713.7225818931,
   -5101.487617981471,
   -1230498.6552235861,
   -1313612.5546214632,
   31517.417229117345,
   -436249.0360010555,
   -586706.1902576874,
   -1088671.1543330837,
   -425447.4942763333,
   -333643.0780642099,
   55830.354617386234,
   -228828.90962594302,
   -346288.71886404353
  ],
  [
   -47296.09804786378,
   62454.766204657855,
   -69467.5666340291,
   -447005.5770417778,
   -185964.99169224215,
   -540479.3520490349,
   -414861.148335714,
   94273.529667746,
   51779.01980451161,
   -350136.13489818264,
   -723870.5528363449,
   -501674.6084189291,
   -223256.79989326015,
   -31436.4413303193,
   -137735.92760077448,
   -436122.5058476526
  ],
  [
   55600.542192049834,
   363553.2642444012,
   23913.53705307387,
   66734.34168420148,
   -109437.81577945984,
   51077.42089934394,
   -32785.019319595616,
   87443.45961031553,
   -54369.76408121174,
   149974.25069046908,
   -76027.55369236617,
   -2533.4801316923517,
   -159349.68299486686,
   -36292.20142539249,
   262084.36057051856,
   209734.35275682106
  ],
  [
   58522.0140043385,
   -411160.60645610606,
   -47519.11232117749,
   30053.82579732939,
   -22893.204127579706,
   -443267.7284185519,
   -571652.7052594982,
   -107667.54940947352,
   -99194.23761758307,
   -177322.3029682637,
   -874948.0439700495,
   54028.85490921525,
   -309349.569626151,
   46027.15629732394,
   -32291.792551823324,
   -165448.634347511
  ],
  [
   25406.49971982099,
   51647.0182709966,
   73857.18601961584,
   135603.85142886377,
   182549.58443242908,
   488361.38652605435,
   545771.9834012056,
   49478.96231495116,
   -121293.08598279225,
   285942.9619517004,
   351333.3228725677,
   406158.1404208788,
   297741.4553969371,
   17576.048570212348,
   230799.13246387252,
   262288.4385060186
  ],
  [
   22064.21375649124,
   79437.36427698714,
   -196039.43316976388,
   -139034.60897682677,
   -192095.89345041552,
   -904332.5905416398,
   -959340.3095848113,
   -47944.46015052921,
   -448973.6025410171,
   -427983.096264053,
   -1404792.6151667337,
   -736914.5462644135,
   -476104.2160792959,
   22162.613549768543,
   -92268.33820349278,
   -452991.38410415925
  ],
  [
   -54309.21210699923,
   -426792.65913786006,
   46864.92166498061,
   -188040.11589175707,
   -38266.488039108604,
   -170186.5535129442,
   -193752.52019912642,
   -172089.99706306102,
   -398067.4867294013,
   -115091.28286281155,
   -687149.8911391441,
   -171910.246032725,
   -162213.5529444142,
   -5730.258279376089,
   -149176.2385742403,
   45620.06251951606
  ],
  [
   43522.335369124485,
   72898.42607431862,
   96716.20646894573,
   444710.9317202031,
   -123540.56214968105,
   -281450.06160334975,
   -292564.4163393546,
   32865.680510992046,
   277775.8885077871,
   92942.42969862105,
   -249818.04201996283,
   678964.3564439707,
   -505358.065332283,
   -57240.07690497106,
   -62756.8571997714,
   214788.8598784306
  ],
  [
   23961.498065619675,
   -415046.06889201247,
   -194873.8643732116,
   -78638.62947144413,
   23473.173997422677,
   -305254.47287859145,
   -402313.6371732218,
   -77493.0326973475,
   -153323.35372629747,
   -289741.8788138805,
   -660731.9815479751,
   -324671.58258017915,
   -171317.47239440857,
   21649.280625225627,
   -196964.61232670717,
   -264295.83196967235
  ]
 ],