{
 "input_nodes": 12,
 "hidden_nodes": 16,
 "output_nodes": 20,
 "epochs": 1000,
 "lr": 0.5,
 "output": 0,
 "epsilon": 0.01,
 "synapse0": [
  [
   -6509.428207455975,
   -21944.156887199406,
   -24984.805035762874,
   -16767.75786967086,
   -31587.200635807956,
   -16850.4284935329,
   -30577.25554290105,
   -5584.879044618283,
   -7487.250123645218,
   -13643.082606626209,
   -25963.393242980987,
   -11440.574223624782,
   -12915.923499083732,
   -17836.935328603096,
   -21987.628184424364,
   -62325.5693720005
  ],
  [
   -14310.036142090366,
   18741.06368042742,
   146.02826205232756,
   22562.25698940286,
   62997.97611498096,
   48653.3423085234,
   53043.00435699384,
   2773.0571608077344,
   15861.1803335665,
   39864.43129422356,
   49025.80830413304,
   11139.513003298694,
   18939.62120396482,
   28635.939085229693,
   15655.526578404259,
   14208.178547226556
  ],
  [
   -2833.944645988378,
   -62151.71516759627,
   -60483.83100894691,
   -50774.8374735722,
   -73404.8606287695,
   -109253.76756865218,
   -103677.17758265293,
   -4630.2854518199765,
   -65348.66602482933,
   -88776.58067238766,
   -103765.80211411587,
   -59117.33562454136,
   -60618.6018198689,
   -50198.742732051986,
   -48503.34730672226,
   -64640.94927872036
  ],
  [
   -36329.758030880344,
   -46874.5900764652,
   -68368.76027643088,
   -23904.3383039429,
   -14234.065095974749,
   -21592.348595472144,
   -10801.091863338897,
   -2358.1995840340965,
   -22951.162466896167,
   -24523.364027072184,
   -42789.55834913602,
   -44579.6516451084,
   -41859.11564672627,
   -18043.840262854286,
   -31709.116904386003,
   -71298.40783607759
  ],
  [
   3576.464839770607,
   -20098.73068088703,
   -17860.9144625996,
   -13192.127945250937,
   -18468.501916724796,
   -16408.145939600996,
   -20400.622123294885,
   -2090.290456445003,
   -8992.830438449973,
   -6453.037917486615,
   -27885.666227283386,
   -23273.320355265456,
   -17041.164717809093,
   -13640.353127883072,
   -13337.965943889234,
   -14039.900900212378
  ],
  [
   -26851.774434874776,
   -11132.73524523707,
   -14750.635291008071,
   -9275.865768159643,
   20333.760453005383,
   6796.116437539957,
   36827.369543756664,
   -1934.0865674303068,
   -4056.721998808059,
   5695.84487506331,
   2378.292899864922,
   -6621.138074951846,
   -495.06808202547836,
   3243.1311798417273,
   -279.76298205080974,
   -8070.548140789229
  ],
  [
   -23203.800023116935,
   9865.9023678132,
   9464.422872285279,
   8000.703216226071,
   24021.099655588125,
   20440.499163483175,
   14993.893033004795,
   -2693.0353093312065,
   7733.966808483155,
   12884.456160052872,
   18862.125103347833,
   15804.003304102627,
   10444.361516244975,
   21749.850519802734,
   8601.78556273476,
   5987.345848348073
  ],
  [
   -25349.025949729916,
   371.27725975422703,
   -16528.24608027448,
   12746.101230542183,
   18484.95971596888,
   24592.512595026,
   -6943.894828324374,
   -277.0688371836904,
   11525.620018243928,
   20090.31954382418,
   15288.738744008308,
   -2346.2964033326853,
   -6206.735740826642,
   9397.775277728899,
   4581.31634182149,
   -26564.528358924865
  ],
  [
   -7268.469543089183,
   19346.195221814938,
   568.8532663617386,
   16310.417298475113,
   604.0780941770406,
   10055.677329478145,
   -9551.681026016453,
   -1333.363964021101,
   5061.944069641264,
   6328.827504802763,
   3473.7537113582825,
   11533.423825734992,
   11806.046271374138,
   14329.859638277234,
   9535.620528889078,
   -8929.967272600315
  ],
  [
   -18029.348253024502,
   -5396.284191907367,
   -5456.35411998716,
   -1471.1938891378936,
   7558.003829294242,
   -11440.476981229835,
   -14988.457576675279,
   -1027.7336133933998,
   -4859.050785499847,
   -10226.524146874766,
   1824.6939743158355,
   -15788.595394169837,
   -4207.79179029614,
   -10400.76359390318,
   1122.710109302032,
   -9952.883330086921
  ],
  [
   -19292.091393997576,
   -30000.635809819316,
   -4464.912237117569,
   -42816.64391746372,
   -82776.65916404742,
   -88668.05723795555,
   -57265.4232243651,
   -5205.123690931584,
   -24429.45867215878,
   -62611.68256278616,
   -72562.31466091156,
   -5654.156723034582,
   -19546.23845159513,
   -49273.9902931638,
   -3150.8988267442605,
   -20096.787991872658
  ],
  [
   11047.935116486928,
   65982.20193636479,
   32132.86748841324,
   50343.93514588513,
   54285.81236815092,
   60077.25760381575,
   61808.89443823682,
   -515.0578947521922,
   43125.07738045536,
   60038.21368052481,
   90891.53711146157,
   67025.23439185646,
   68573.89900485851,
   24839.88831179739,
   32673.56142589534,
   -10941.817412594106
  ]
 ],