{
 "input_nodes": 12,
 "hidden_nodes": 16,
 "output_nodes": 20,
 "epochs": 1000,
 "lr": 0.30000000000000004,
 "output": 0,
 "epsilon": 0.01,
 "synapse0": [
  [
   -1728.985069160041,
   -8482.428929127514,
   278.7230800204686,
   -618.151317890421,
   -232.13561667458535,
   1101.8993700204865,
   810.9805488329887,
   -8312.026328249027,
   -90.78724353620886,
   -52.4472568192021,
   -1429.2591328454205,
   -1475.3561804634674,
   367.30171634302127,
   949.6427394279516,
   -71.64700432704568,
   -28.573715635709345
  ],
  [
   -2110.1500057014086,
   10157.16632462093,
   -1578.893097003275,
   -4378.3060746298315,
   -5612.617804889394,
   -2817.228240142245,
   -2843.096068028055,
   -2261.73290358731,
   -2434.531248996588,
   418.7966654543824,
   -4384.924279217743,
   -2745.9534719826356,
   -1266.377037442658,
   603.4465713100699,
   -2223.1257761129696,
   -76.70834907634826
  ],
  [
   2042.9506349144233,
   -4203.72156362922,
   1927.8735478561055,
   5217.077936468463,
   4960.446102712191,
   137.6843879082192,
   1342.5687482473777,
   -5609.674592561369,
   -292.64158017969845,
   -2949.0284582805193,
   3069.994330495805,
   4546.277527526623,
   103.01266303454028,
   -3929.441419360998,
   -165.61998490959058,
   -222.6041314811873
  ],
  [
   -1506.8510665214553,
   3876.0712958421723,
   742.2061704733946,
   1902.0398058845617,
   1326.3161270716203,
   990.3125588895917,
   -4836.23047349076,
   -11574.222845389575,
   -1214.693219326032,
   793.9734888981603,
   -433.1245003759471,
   3394.2163895265926,
   2133.106780262949,
   -717.5575637511034,
   -336.7969162800575,
   -325.92963647832903
  ],
  [
   -955.5548083818971,
   -12245.756968966765,
   275.2786853536891,
   3924.4636649557924,
   -1643.380802839412,
   -858.0384635261128,
   -1680.180485656887,
   8891.83293704113,
   1491.2818346977153,
   -524.8773939435416,
   -1930.8261950787034,
   426.7840650193328,
   837.7724736631367,
   -1413.2319068628412,
   900.5930417385584,
   819.8597078963786
  ],
  [
   -793.760697517752,
   -18085.779631769125,
   -354.0890782480457,
   125.73237607825844,
   -2204.0013289077724,
   -475.372658403469,
   -1486.855085454882,
   -15876.580002692132,
   1077.8976254223114,
   150.2847043694413,
   -826.3044252762145,
   -1603.548016142124,
   330.64828841696544,
   -4085.183983803987,
   297.84762577761836,
   797.8617253379282
  ],
  [
   897.0581810809721,
   -11833.730966634886,
   2046.5208246131447,
   925.7363024413426,
   -3162.0505686548004,
   2254.1591721585405,
   -897.8583545154661,
   7426.633815098617,
   -1111.5368434337272,
   2127.25076153381,
   -998.4237955723369,
   1897.5841491259623,
   -769.1713069718178,
   1059.2868815787108,
   1433.4032353046975,
   869.6356562432918
  ],
  [
   -1212.39965943016,
   -2341.977898004181,
   -2746.5704941623344,
   -3769.2700846662874,
   -1039.504241796322,
   82.70492440006561,
   4190.543978961315,
   -18011.580569474892,
   -2753.8194884492136,
   -1573.5471134484246,
   -803.9211775157381,
   -2640.4317240442106,
   -1147.814804116342,
   -1387.739547851264,
   -1856.0340151012024,
   -1594.9408762623711
  ],
  [
   205.52154349250657,
   -3851.8426416740404,
   -623.1178014768345,
   -3860.222579525736,
   -728.469907550949,
   682.242703194904,
   3382.8864875191866,
   -7618.182268035246,
   1877.1914245622636,
   774.1294613802219,
   534.2966878330491,
   -5900.591314947206,
   -327.89443061459434,
   -3237.542485162196,
   -733.2976406769271,
   29.327115749375658
  ],
  [
   1166.715183284627,
   10382.512036398397,
   -2490.765809603996,
   -2430.224453135007,
   2078.532378453149,
   -618.4714037979174,
   -2184.288896016935,
   -29072.387062610534,
   710.8268914491132,
   657.7343760699316,
   2040.9619160015698,
   -1298.4617712516783,
   1570.1587470311363,
   -221.9082566361554,
   -1730.6670367094518,
   1345.0665193790785
  ],
  [
   1843.4079493728505,
   -5619.294455171073,
   -3222.192559125338,
   -13350.777343084028,
   -7712.902855190522,
   -1577.4881743737842,
   -3245.5065155260045,
   -17687.011502408073,
   254.70957905063528,
   -3849.87800218723,
   -5011.168323329123,
   -11964.653454864414,
   -3442.9231038194566,
   1009.1361262731244,
   -3513.09100011773,
   -1369.0290150062567
  ],
  [
   122.85153922203884,
   -3990.6244805187716,
   1071.5013404172425,
   2473.9518841271447,
   4174.185150433625,
   -65.6871186612146,
   1242.8620882219639,
   -2437.372312781321,
   -39.29447981936994,
   -548.2196236096448,
   3943.3688122487792,
   95.59403657228496,
   999.6216587687951,
   -2519.2321361878576,
   2715.4167760312343,
   -447.2776656524717
  ]
 ],