{
 "input_nodes": 12,
 "hidden_nodes": 16,
 "output_nodes": 20,
 "epochs": 1000,
 "lr": 0.7000000000000002,
 "output": 0,
 "epsilon": 0.01,
 "synapse0": [
  [
   7006.358174042073,
   -5740.429211742121,
   13001.602757114832,
   9225.55224108574,
   1717.7671664176098,
   -1869.310271347924,
   -1457.868784371964,
   -4681.222622938297,
   -338.58678247781455,
   2172.2726322458825,
   3868.4216004094656,
   -2508.9923171671803,
   5419.345102476321,
   3675.933044142332,
   2988.539501481931,
   -255.74650852283006
  ],
  [
   -6965.6089608544735,
   2898.034936833984,
   -17387.578932858345,
   -6219.348877952988,
   -3268.3365047804427,
   3346.7301487281993,
   -1542.4403153520705,
   2989.2929016901144,
   -686.3515001690232,
   -5302.990189752919,
   -6792.655420922987,
   5246.590323269773,
   -5018.113975646144,
   -3121.4157406982986,
   -5042.804577167731,
   -1532.8967859461266
  ],
  [
   -3476.2284279604714,
   -3364.8831455326203,
   -41365.252653041236,
   -28404.216192376443,
   1374.534282216545,
   2277.365095786913,
   1252.869666434738,
   -5139.586249018904,
   -6660.162174092667,
   -2378.046464036707,
   6379.278363583593,
   -2586.923150879243,
   -2101.1723055509974,
   -17140.257539940714,
   1310.3752192272032,
   -1501.1677849089988
  ],
  [
   -1107.1933410838715,
   -5224.2366309113595,
   -12147.390714949152,
   -10637.40286027502,
   -1300.5835983567204,
   -3142.6685230213106,
   1786.4556432449237,
   -364.5135713508642,
   3802.878753342507,
   1479.0459755003508,
   2512.6782114402777,
   -15278.690469107994,
   -1038.3191167925922,
   -24120.352519349024,
   35.100972688375464,
   2554.570359902087
  ],
  [
   -4234.7621889945285,
   -653.5950149839102,
   372.76285251290085,
   9747.995255682412,
   -997.3749311632484,
   3284.595501010073,
   481.95688056322535,
   606.7952466312508,
   -1653.693795545827,
   -3533.3721120377613,
   -1040.784324942725,
   -2858.598331709714,
   -584.12624593744,
   -5687.808092561372,
   -2202.945639495292,
   2115.13668491445
  ],
  [
   251.6978012501738,
   -657.8907928013671,
   -13367.468271012904,
   -15080.583338551534,
   -199.26946652232925,
   -582.162546328464,
   995.1466926244785,
   -3542.7121866238335,
   3573.8288765348375,
   -1949.7416531614592,
   -7800.1380001340185,
   2960.6177135921844,
   2142.4724067367033,
   -9072.273623302333,
   -1152.9150344565269,
   959.2139069492318
  ],
  [
   -1830.2042996973273,
   -3146.182769375373,
   -18096.243746449036,
   -9632.892610525885,
   -881.3485273499751,
   4698.141135589105,
   2307.3932909701734,
   2050.5828636333504,
   643.8138189343455,
   -1043.1968000864854,
   -6758.705664337703,
   -8920.777568106809,
   -1033.984773765398,
   -8538.194644642288,
   -1012.3115369441537,
   -1513.2076918626656
  ],
  [
   3779.0511078032237,
   -764.8809961509563,
   -29165.697582987294,
   -20895.12097009602,
   1497.4100590773462,
   -2037.4747279328947,
   -1757.6863283859425,
   -2578.78402568193,
   -5914.4374071696275,
   4130.504696066761,
   -6788.49514213542,
   -2715.7786836936775,
   -72.41002052348017,
   -18182.3101030684,
   -3607.394829117133,
   1033.7193484573827
  ],
  [
   433.1768200610297,
   -1263.2399051483312,
   -23713.603690413893,
   -21479.725827762297,
   2556.4162964488005,
   -3345.4140344224534,
   413.9154492662713,
   -3466.2725012909486,
   -2869.150631949971,
   -256.7554148302002,
   3857.322692767573,
   -5226.235543835909,
   2012.0094763918407,
   -6042.750113066073,
   2278.2490626236668,
   -1119.0126672068702
  ],
  [
   -4278.809453982341,
   1223.0901327349977,
   -3767.56447988393,
   -10087.033338627862,
   -2663.3003233077657,
   -3726.648970878134,
   1523.4149259759663,
   730.6969672051558,
   594.8602215827411,
   -3518.571471330936,
   -1267.574322464101,
   3334.9719102407967,
   -4179.232571297903,
   -3737.0019178834755,
   -2511.3776966358123,
   1122.3845073386087
  ],
  [
   -2623.0682106698173,
   2310.9680091197406,
   -31293.6975514867,
   -32725.751990227975,
   -1587.611350124564,
   -3862.0737740486197,
   -1872.7732066476106,
   -7799.271662233542,
   -1635.8840931495724,
   3232.4939398270067,
   -4849.138999489346,
   6980.717508959078,
   325.0088344923982,
   -6624.042011636226,
   3304.1326653543824,
   880.2028921915753
  ],
  [
   -5354.573466452389,
   3645.232565088664,
   -2219.310362415327,
   -9252.088389746568,
   -789.5371792951413,
   -2743.755161684655,
   1044.4275800655,
   4810.813532913202,
   1455.9369328133253,
   737.1831315508524,
   -4681.715379576975,
   1950.7109151675036,
   -4818.666083275036,
   3764.6621712425394,
   -2885.3456242033985,
   -4016.123206957197
  ]
 ],