{
 "input_nodes": 12,
 "hidden_nodes": 16,
 "output_nodes": 20,
 "epochs": 1000,
 "lr": 0.55,
 "output": 0,
 "epsilon": 0.01,
 "synapse0": [
  [
   -20.44535606251428,
   49.2061768118964,
   -11.778050495000253,
   0.2670213192351765,
   -38.81435863581257,
   50.63832241295345,
   20.64682430353569,
   1.7495359146754301,
   120.67886958164803,
   23.235945236362287,
   84.03777802215942,
   85.61938008371891,
   114.45782828973114,
   -102.87108391377176,
   30.27540421348648,
   91.70505201875406
  ],
  [
   8.217606584897243,
   13.312531612181825,
   -32.36976060656749,
   -3.27859287520562,
   -44.36226655132307,
   -6.9758091180888915,
   -53.26293133386577,
   4.637929225430812,
   19.651477768333095,
   8.128975169194048,
   7.594017879578029,
   -24.852200870512352,
   -0.1617009425757911,
   38.9559341351691,
   -11.83279356508766,
   -52.323499522501805
  ],
  [
   59.752719931141485,
   47.8708324452784,
   -48.956080995774,
   9.185692630159425,
   -5.151374080129691,
   38.53787267239557,
   -62.447718054489954,
   -19.76967488401784,
   34.699581689918155,
   24.090719133388287,
   32.79876888993616,
   19.981117183343883,
   10.659425410055501,
   -1.438773622975118,
   4.254618373454007,
   -27.97612227649367
  ],
  [
   -75.67304553490891,
   80.18009505881639,
   48.04747828589941,
   3.72784195821895,
   -32.276511837990654,
   -10.241382607706981,
   4.2872941487805285,
   47.52309038842563,
   74.78217596879163,
   -12.267694132673464,
   27.173048228428474,
   28.66698356916387,
   96.94751011569699,
   -68.10359745423878,
   2.513715949285583,
   -5.155292690810719
  ],
  [
   -162.0049862342033,
   81.01590286382702,
   -0.048670546003012856,
   5.494337750010319,
   -32.31374658218984,
   -61.92334893540329,
   47.26578243714354,
   38.351877729222764,
   60.075663656471164,
   -28.150188351212456,
   12.092435044018952,
   -34.543460421952446,
   25.9374858064075,
   34.107132200628826,
   -5.405474900883249,
   23.386817403560663
  ],
  [
   -60.3483542792149,
   104.07953493077383,
   10.27465518041631,
   8.07270864203469,
   -18.753685861832746,
   -55.20404342805675,
   20.966126900297475,
   47.67839116648631,
   60.164823475490174,
   29.16857090689976,
   177.14638483564593,
   20.114182177389203,
   57.99283962411959,
   -32.726095150249854,
   5.986144384372349,
   80.46102680915364
  ],
  [
   1.7363597269158777,
   -69.22383408074609,
   -3.13875820895941,
   -61.19375897504983,
   -35.324314587422975,
   35.150186116803404,
   15.331837326187584,
   -130.27261895493166,
   -94.67163578254862,
   -78.89913830410826,
   -40.43821551934668,
   -110.00297730879333,
   -95.56342073188208,
   58.448941857392185,
   -20.0350583258345,
   -147.13418629751055
  ],
  [
   -26.72733832590795,
   -177.2739797162204,
   30.27366583303269,
   -20.157254324826983,
   104.4042468841928,
   -56.49330862118889,
   43.75917900959432,
   -43.180520783243196,
   -242.26018716779672,
   -109.70336800394358,
   -175.4864246201022,
   -89.83537163706617,
   -174.56880541944403,
   41.63339955661522,
   -40.21092043562301,
   -87.05214056433876
  ],
  [
   30.637704781487702,
   -178.53227454512813,
   -58.44937419972701,
   -34.55962409503436,
   -104.37991861035476,
   20.27526472943175,
   -28.31156470531254,
   -22.691230068338637,
   -10.650038577270783,
   10.179502592166392,
   -143.71807969462253,
   11.109892953727998,
   18.92392042334686,
   -11.837249249270508,
   8.639752349116726,
   25.30228107248431
  ],
  [
   -31.739391217225513,
   -67.17420342683178,
   24.83481519961147,
   -11.839876051654036,
   44.768837552551375,
   -96.76329827536476,
   -13.189615934004884,
   -27.105277303923764,
   -203.04322686257106,
   -48.452658346139955,
   -300.60239753382297,
   -88.42270665381048,
   -133.73666679979715,
   13.421113392099512,
   -19.255432842939904,
   -118.1711895986086
  ],
  [
   -43.2759345830408,
   -74.24428709062902,
   -42.266120141993305,
   3.1584881628578256,
   42.976663571978214,
   65.29015382219151,
   -48.73756931195786,
   -5.421442159477737,
   -21.7563107744579,
   -107.05309432345311,
   -154.87874920300519,
   32.84121790547832,
   18.016886918774226,
   16.25953466860485,
   -6.500151613854336,
   13.186836481882494
  ],
  [
   -5.79141642127981,
   40.39384234096295,
   46.29839944797118,
   -8.61048044023246,
   -70.10556648230417,
   -40.9267721158629,
   13.691629620181956,
   1.5301320934061962,
   -33.76018459699127,
   -10.526682126226605,
   2.053948853848317,
   -41.24554078080073,
   56.5786529851838,
   -18.276507903156123,
   -1.052211949580832,
   -97.58556935729987
  ]
 ],