{
 "input_nodes": 12,
 "hidden_nodes": 16,
 "output_nodes": 20,
 "epochs": 1000,
 "lr": 0.55,
 "output": 0,
 "epsilon": 0.01,
 "synapse0": [
  [
   -20.947634944775086,
   67.21295487453234,
   -20.735637965898864,
   -1.3118950518723307,
   -73.81562775427996,
   67.6695954135683,
   11.635747334832148,
   1.6268411891051817,
   149.8666592564313,
   29.510176300983154,
   127.82853732778251,
   117.78486778014485,
   148.37799543149504,
   -125.560782118321,
   48.93145770409191,
   145.99438672145575
  ],
  [
   -1.380170043502621,
   13.636789305515572,
   -34.1992990227245,
   0.8685479590914171,
   -50.4043160099948,
   -19.135509333744174,
   -65.012851100252,
   8.175944513436301,
   12.152379691534518,
   7.907259067814581,
   2.8817303432964056,
   -43.82268663218659,
   -13.173008963382072,
   56.94628159851008,
   -21.606905747115427,
   -83.91163208870715
  ],
  [
   74.79216595862752,
   57.575209162810324,
   -57.509836329256444,
   11.205878563484738,
   -24.712513503287603,
   48.18400434456471,
   -93.44437570069316,
   -33.9068449263282,
   47.9548137361821,
   30.058870516515054,
   66.59368722414669,
   25.426626591447878,
   6.677657294596105,
   8.035618896594123,
   3.835527011220053,
   -29.82778207252796
  ],
  [
   -112.55705909645276,
   100.5711629885869,
   65.90160878124564,
   8.38336002056355,
   -32.49859458722706,
   -19.54179600839859,
   8.697965622928438,
   75.62553614977567,
   76.23497450798797,
   -16.277689754357763,
   36.42214421313942,
   30.007879235798654,
   114.8483022934652,
   -89.2969582569764,
   3.704709655390106,
   -10.789465984783565
  ],
  [
   -212.69329243765472,
   97.05413762824313,
   -10.59129814340421,
   17.013066086764177,
   -45.31340350734341,
   -76.8133725072115,
   70.3184356394127,
   58.836570129391056,
   59.25155945519801,
   -35.9279310705278,
   -3.515609877781267,
   -47.17981825485275,
   30.267015999630754,
   45.20185414932886,
   -3.212550507133933,
   33.12004252448354
  ],
  [
   -87.6764761437005,
   143.02184934839957,
   13.125040846564364,
   25.626532926473732,
   -31.467261241359594,
   -69.06191712972534,
   26.531906482712202,
   73.54973915177055,
   69.04440652415215,
   29.79577301357119,
   216.7317659335666,
   25.658131096480346,
   70.40686476960927,
   -45.82976607189844,
   9.684122687359222,
   101.39399316397822
  ],
  [
   9.117835438407692,
   -92.61282290614841,
   1.1395332877633164,
   -88.62914884166334,
   -44.04471718885455,
   35.01981275679668,
   30.756232025528842,
   -183.5201511029607,
   -118.9399739217763,
   -87.82313951113544,
   -57.51401495520879,
   -147.34343619423103,
   -132.19780960011065,
   76.3897831919103,
   -31.54169141510615,
   -191.3754659744912
  ],
  [
   -33.14932420495866,
   -205.4192124910728,
   41.75744015115852,
   -31.834612122586517,
   151.14542981186165,
   -76.06435614788171,
   71.28334818660754,
   -68.92990107432907,
   -281.29433521974204,
   -123.254600223581,
   -226.31692604124845,
   -124.40568004721064,
   -231.90003297611128,
   46.206969620164045,
   -64.21176453987404,
   -137.66308482484072
  ],
  [
   45.22086520845467,
   -217.0042239617017,
   -77.53789390793179,
   -48.08346818472278,
   -125.0391028508668,
   22.490058664962984,
   -38.92449235187857,
   -31.125354711259973,
   -11.877873754321998,
   13.945094325275068,
   -185.5885090776787,
   11.442408417540806,
   29.78463688671238,
   -8.411907577486406,
   13.521794367462663,
   30.6565089508772
  ],
  [
   -37.018733196394166,
   -93.61545169818655,
   30.62190667375931,
   -22.051126143967686,
   68.75555783688779,
   -106.07303208703183,
   -13.390375214174352,
   -38.40042598037678,
   -220.58217052391845,
   -52.71709717131335,
   -339.6009106007282,
   -101.32302292020508,
   -160.21479416254166,
   8.538983012561102,
   -31.55470696716629,
   -146.23501138398464
  ],
  [
   -59.07036490876198,
   -76.38707905351824,
   -52.88890786889297,
   2.248790340449787,
   40.02532548619201,
   94.45139552819673,
   -64.9280127871992,
   -12.448238203295334,
   -7.44724139800264,
   -120.46403382879924,
   -186.4811517302052,
   41.37186695194521,
   26.944686348799063,
   14.94574143056747,
   -0.908482970121472,
   17.13334821135903
  ],
  [
   -3.6614568637786142,
   63.06311577874119,
   55.24497608715545,
   -5.902017032606214,
   -88.60315015036785,
   -55.332868150625664,
   -7.683883673751548,
   3.6457235052124237,
   -55.926810703873635,
   -15.201988485827778,
   -2.179308715172072,
   -66.06904105671529,
   77.8157438542697,
   -20.248792835389864,
   7.0876983452590805,
   -144.6844174255155
  ]
 ],