{
 "input_nodes": 12,
 "hidden_nodes": 16,
 "output_nodes": 20,
 "epochs": 1000,
 "lr": 0.55,
 "output": 0,
 "epsilon": 0.01,
 "synapse0": [
  [
   -21.10638625004914,
   65.64133395671024,
   -19.28525967862671,
   -1.516327552698696,
   -70.42677553866949,
   66.09691255175578,
   12.241539386080511,
   1.6083072745714897,
   146.73596971148123,
   28.865424951253086,
   122.97050771512448,
   113.84925079347053,
   145.11305534569294,
   -122.79776955342273,
   46.70176354581289,
   138.78304303768567
  ],
  [
   -0.24490172980304534,
   13.630994723261708,
   -34.29576011937114,
   0.7804561250569056,
   -49.950775878265624,
   -17.72910119188016,
   -63.905992990271024,
   7.857192605138534,
   13.660055601793664,
   8.10145476608843,
   3.9873203422987378,
   -40.91599648337485,
   -10.984947082512752,
   54.571070121039035,
   -20.05681831825942,
   -78.97187550724625
  ],
  [
   72.6174623339558,
   57.38650584502831,
   -56.35392720247812,
   11.339834598383819,
   -23.314619210768107,
   47.4254440645672,
   -90.4602424752697,
   -32.16913004736087,
   46.879084802539154,
   29.343220694013848,
   63.0260811382739,
   24.79974634175967,
   8.584134494842628,
   6.409754330683707,
   4.512493365704259,
   -30.056599866669927
  ],
  [
   -108.27905098199463,
   98.21687050947558,
   63.48137486396678,
   7.634559244769495,
   -32.788573616350405,
   -18.350803294808202,
   8.091639083684928,
   72.26494402919586,
   76.46301521938858,
   -15.640288268091789,
   35.55089563580026,
   29.944756363185682,
   112.86939643969173,
   -86.23798326379071,
   3.6145384324017296,
   -9.564934283493784
  ],
  [
   -208.20377948049887,
   95.49352592088299,
   -8.605965256495956,
   15.663914954382555,
   -42.821629219629465,
   -74.48902026603892,
   68.28634334614442,
   56.511824843520365,
   60.13691054803972,
   -35.43080831210416,
   -0.8074328850611844,
   -44.74443118778845,
   29.383196590698557,
   43.44574033950589,
   -3.767152429249937,
   33.17712330695127
  ],
  [
   -84.24307624391768,
   138.95940873653376,
   12.36446061935091,
   24.3065376000163,
   -29.322959408648252,
   -68.85247265539104,
   26.42861404523405,
   71.24919225722572,
   68.4971845643916,
   30.35679013131462,
   213.70393154410849,
   25.572509255967894,
   68.27310208122628,
   -43.74515387913642,
   8.65908175136575,
   100.67748689184992
  ],
  [
   7.4876112295317645,
   -90.96156638389998,
   1.4499683051119694,
   -86.33861719237179,
   -42.67067829960259,
   35.59606732884719,
   29.7615216539139,
   -178.52061969704909,
   -117.02725115600862,
   -87.5560861456105,
   -56.6715022625471,
   -144.00133799926985,
   -128.5333628952566,
   74.25976406085725,
   -30.320940859474295,
   -187.98785661294417
  ],
  [
   -31.71705787523096,
   -204.03305374683737,
   40.808614991754155,
   -30.938625762836615,
   145.83488456920693,
   -74.31263170049964,
   69.14614656664574,
   -66.49546061162253,
   -277.90285310850084,
   -121.64923880650107,
   -221.7244765408616,
   -120.8881884362592,
   -226.52260043783585,
   45.94216912923734,
   -61.80517592728488,
   -132.20079091072463
  ],
  [
   44.77874181938826,
   -214.19729781906673,
   -75.83382208796247,
   -46.80372074327308,
   -122.92538926929603,
   21.7629745087857,
   -38.46865349734957,
   -30.112773165962974,
   -11.92701168527829,
   13.99854066584811,
   -181.87936122562652,
   11.939851048407185,
   28.95847682280675,
   -8.564364969480193,
   12.925603032325183,
   30.783362053967256
  ],
  [
   -36.742431862910735,
   -91.75646544213329,
   29.634609927186983,
   -20.991787279590714,
   65.56502179536056,
   -105.6201368714179,
   -12.826823949397639,
   -37.311304197977826,
   -219.7168318572924,
   -52.2964634424793,
   -337.46831180974976,
   -101.13317558569594,
   -157.76084844117545,
   9.982974989759008,
   -30.248019874820848,
   -144.05464921262723
  ],
  [
   -57.64157708236354,
   -76.3503788376188,
   -50.665294536566996,
   2.1541038483743087,
   41.45320686992164,
   91.731727999818,
   -63.925017358511454,
   -11.531387225555628,
   -8.923122762029669,
   -119.49505687924717,
   -183.98734875896736,
   41.11321932436107,
   27.324708008917614,
   14.46021751425499,
   -1.2955541417910754,
   16.136988961200533
  ],
  [
   -3.8976996788727525,
   61.23893329511803,
   53.783363311480436,
   -5.576880185317739,
   -85.56726084864859,
   -54.78424962910795,
   -5.415924262454815,
   3.7517262881208513,
   -53.742825082740325,
   -14.647230389672254,
   -1.504224592475007,
   -62.93194721576756,
   75.51783874978737,
   -20.29864600693799,
   6.221380895875785,
   -138.65747498570354
  ]
 ],