{
 "input_nodes": 12,
 "hidden_nodes": 16,
 "output_nodes": 20,
 "epochs": 1000,
 "lr": 0.55,
 "output": 0,
 "epsilon": 0.01,
 "synapse0": [
  [
   -21.412769548069843,
   63.792983922973335,
   -18.066239914750845,
   -1.575195396341409,
   -66.28732413397748,
   64.23670247075039,
   13.216696156181026,
   1.55092624306712,
   143.25940918954748,
   28.09925063945134,
   117.6116678005282,
   109.58826885724794,
   141.16263297494189,
   -119.6512236692643,
   44.248865054990716,
   131.30993146531722
  ],
  [
   1.049037575897926,
   13.657472774348182,
   -34.181001636544266,
   0.5384877016803313,
   -49.52486377427448,
   -16.184545586353998,
   -62.733630909740846,
   7.530702348952209,
   15.07030110852412,
   8.29455514367491,
   5.099363945107688,
   -38.03343452309643,
   -8.68986996802423,
   51.97771186479344,
   -18.48045996176911,
   -74.18926908351456
  ],
  [
   70.41719341618347,
   56.88522947501872,
   -55.1630950306956,
   11.38652983064934,
   -21.530502425062025,
   46.41037198384583,
   -87.02714478515975,
   -30.232459283310437,
   45.56647164214499,
   28.62521205161346,
   59.11716831295055,
   24.10292642069724,
   10.31571309647637,
   4.790732637986604,
   5.056859672520116,
   -30.161039644130078
  ],
  [
   -103.72475337638537,
   95.71358340173946,
   60.95950758698971,
   6.882539502491004,
   -32.88073456467169,
   -16.845048452284285,
   7.479022360506249,
   68.471370292052,
   76.62131807399822,
   -15.085378350774523,
   34.66913075481016,
   29.746300180524265,
   110.50482445927129,
   -83.01577443331695,
   3.4449469615259884,
   -8.64817190343776
  ],
  [
   -203.029808936744,
   93.72259335319201,
   -6.957338829830867,
   14.201784228963701,
   -40.50160549621838,
   -72.3680768042993,
   66.15012545670011,
   53.9251575820384,
   60.65394997137027,
   -34.72396676600992,
   1.7431174008286574,
   -42.7610566687061,
   28.194223713888643,
   42.08922122615657,
   -4.354451418962209,
   32.64496010243876
  ],
  [
   -80.93421588321532,
   134.41279955026553,
   11.579078990580728,
   22.613722276174947,
   -27.04621659300317,
   -68.02896440074532,
   26.33395524232988,
   68.46856961283592,
   67.8085054409303,
   30.66381302643967,
   209.82852827966772,
   25.271102725804,
   66.02385274012386,
   -41.509990448489724,
   7.723539074753849,
   99.39252112103043
  ],
  [
   5.90208957473608,
   -88.91561227946247,
   1.459891499989526,
   -83.48173464893686,
   -41.168891541470146,
   35.96914328200756,
   28.35764666263203,
   -172.439405798232,
   -114.75830972071661,
   -87.07129204637077,
   -55.54153663005138,
   -140.00231688389798,
   -124.23571317898944,
   71.99400594245895,
   -28.91192002208472,
   -183.68611627899324
  ],
  [
   -30.476572833679317,
   -201.92253567263492,
   39.98117550719671,
   -29.960911757027826,
   139.94349681381382,
   -71.8979870786849,
   66.40558515341043,
   -63.562623740585835,
   -273.7193460044733,
   -120.02165753194139,
   -216.22705842480084,
   -116.63484770394358,
   -219.99294433240604,
   45.18911283562339,
   -58.9137897998033,
   -125.9912979762911
  ],
  [
   43.95637642463866,
   -210.54455026529715,
   -73.65242780125214,
   -45.35173816641365,
   -120.67020529345729,
   21.04783963670829,
   -37.922431507783294,
   -28.918867473776967,
   -11.964799428904795,
   13.935696080295566,
   -177.35639303536968,
   12.397415242261326,
   28.14704252830522,
   -9.135290483439409,
   12.355793970881557,
   30.682924548229835
  ],
  [
   -36.32823168488452,
   -89.40862047633408,
   28.880965695722704,
   -19.847542752512492,
   62.29906783098167,
   -104.96731707303327,
   -12.293053612534067,
   -35.98769307049187,
   -218.41302668999842,
   -51.80640478839367,
   -334.1977887021858,
   -100.42306054073774,
   -154.8545213280696,
   11.0163939393951,
   -28.75552215669655,
   -141.22585594982525
  ],
  [
   -55.960994820505334,
   -76.2354193864542,
   -48.93804324010438,
   2.163567239483261,
   42.409831678774395,
   88.46874092035048,
   -62.74391575614228,
   -10.548605508949501,
   -10.734511348777891,
   -118.21238952316527,
   -180.68099826347202,
   40.3230114774283,
   27.317934660690227,
   14.47627748929879,
   -1.8149312927757,
   15.120467522247361
  ],
  [
   -4.313454529703234,
   59.0899999389812,
   52.53649440141315,
   -5.481887630205435,
   -82.69687042843935,
   -53.641274837105236,
   -2.813668250322554,
   3.7246509459732358,
   -51.24213589312155,
   -14.135864698495627,
   -0.9336789636433581,
   -59.617821104861925,
   73.06787197324006,
   -20.36819924257979,
   5.263531062269138,
   -132.55763809499172
  ]
 ],