{
 "input_nodes": 12,
 "hidden_nodes": 16,
 "output_nodes": 20,
 "epochs": 1000,
 "lr": 6.938893903907228e-17,
 "output": 0,
 "epsilon": 0.01,
 "synapse0": [
  [
   798.7626293693435,
   3283.7180098706285,
   -718.4768012343776,
   115.68719711958813,
   12743.273881716417,
   -2812.2953211152676,
   7726.749309387474,
   523.558490273042,
   2170.568466367975,
   -1645.7675025866768,
   309.26775020946997,
   -4154.502991881803,
   1637.2359172425454,
   6003.241890757737,
   -3124.3772199194377,
   2578.1565406688765
  ],
  [
   -1487.2708630697261,
   -4570.194398676357,
   853.3822091575579,
   830.4229216562093,
   -17488.02655913328,
   -7093.841529482836,
   -12747.321114496388,
   -893.8046195954079,
   -2323.4099594041268,
   -141.58422668611263,
   -2084.5487325489557,
   -7208.325591704985,
   -6038.9443255332535,
   -9157.643902411792,
   1346.8933392532276,
   -4431.540178849178
  ],
  [
   -727.3830805302598,
   2892.336977894143,
   -2126.558260226563,
   -894.3342533156654,
   -33127.42345054951,
   896.2938445244773,
   -20313.23414139357,
   -2151.6740351675903,
   3000.3970598600145,
   1733.9636018581537,
   -2032.1168057257958,
   -8335.557983166744,
   -11869.356458406288,
   -13253.654993303528,
   -3457.602981264111,
   -5475.418992437856
  ],
  [
   985.6967969675868,
   -675.1437780650602,
   -907.9314438774738,
   199.0552973706445,
   -25347.333402911343,
   -9772.106164210803,
   -13341.659789721121,
   2357.980764490097,
   585.8999933802558,
   3724.833852967061,
   -2581.163106712785,
   -21941.901545867604,
   -8324.296388623932,
   -8112.555529151143,
   -657.0479297575563,
   -9309.600996403147
  ],
  [
   808.3590815591391,
   -2552.74816551888,
   -1812.7905266772452,
   -237.0808034604173,
   -7127.773994131363,
   -8026.274617659461,
   -4717.822497303782,
   -72.00565173765646,
   47.668643476175774,
   -517.5133048140016,
   -484.1711907568895,
   -11363.857690980196,
   -7932.199848489048,
   -2957.555904888911,
   2500.6052617033347,
   -2331.703462712821
  ],
  [
   894.0205797336756,
   -1715.4698173574675,
   1730.0127988501454,
   -19.864108351219066,
   -11600.896722280113,
   -12049.155265636835,
   -7127.568880325651,
   631.0242995534902,
   -1714.0852957443512,
   863.9370724864381,
   -2037.5412489837402,
   -14986.886654393216,
   -5559.03988707722,
   -5193.29056738193,
   591.5996752779736,
   2924.8833478093684
  ],
  [
   -1475.0812433642543,
   -1762.376436665009,
   -370.6266098635103,
   419.7206409035394,
   -8715.306472443222,
   -15796.250380906979,
   -6873.097121531892,
   -580.8172740162393,
   -514.4838003153609,
   -1726.14925218118,
   -1626.3647364343992,
   -11080.845166523077,
   -6807.340737662943,
   -6130.392595379355,
   -359.6811205020378,
   -1315.4703189528034
  ],
  [
   -2965.3585439817275,
   -1318.8025293695644,
   481.87022331270794,
   -535.3523022757008,
   7491.809716353457,
   -7261.154423054177,
   1766.075722829334,
   452.3229002037296,
   595.4122826949688,
   -3029.11414770442,
   -1162.1252617574253,
   -5303.4798976677075,
   -20.365654914935522,
   561.1887028550981,
   -498.00380181799306,
   348.791838944826
  ],
  [
   -1626.7746403598167,
   -3141.003012660246,
   2291.1492932841143,
   -345.4379428563561,
   14418.268991971112,
   5307.200775734688,
   7930.852038848255,
   1007.9234294328442,
   -3043.3843364019667,
   66.50727600702167,
   1138.0604187693073,
   6948.094783445976,
   7103.981769777296,
   5371.384670264172,
   3790.727519624051,
   -23.33137122347709
  ],
  [
   740.7508832953094,
   698.9551821831026,
   -2015.0051616515705,
   227.13235057045108,
   -11912.933381359018,
   36.43535611355433,
   -6964.098305871543,
   918.8248044424333,
   -591.8634561427172,
   -226.82576754987087,
   -1614.491377130145,
   -13418.17893470728,
   -10729.430140313765,
   -4181.083572805457,
   -2930.380220703499,
   -393.7294601229154
  ],
  [
   -1134.5704708852797,
   -2887.3711671936835,
   1343.0525296324947,
   -1027.5111275465733,
   -28325.08404020269,
   -20143.811422486328,
   -23859.037474471614,
   -4207.595137211585,
   -1006.808343459434,
   -482.0266140560258,
   -5609.231334341509,
   -20741.63628973657,
   -9194.52293431796,
   -13950.944634253417,
   -922.1347150390396,
   -12156.216368427995
  ],
  [
   3060.9479888253886,
   3422.6089102714077,
   1120.8347105611992,
   1317.7876874029216,
   -17068.34748639808,
   15253.831031459753,
   -7674.690606288242,
   270.1734173656561,
   847.000204145041,
   591.2512373868335,
   -2088.6056254577925,
   11858.434944187376,
   3653.5077206810197,
   -5602.623863879249,
   -3561.843920774657,
   12256.701275788355
  ]
 ],