{
 "input_nodes": 12,
 "hidden_nodes": 16,
 "output_nodes": 20,
 "epochs": 1000,
 "lr": 0.55,
 "output": 0,
 "epsilon": 0.01,
 "synapse0": [
  [
   -275.30357960412437,
   -0.4253951624378992,
   -72.60971887801796,
   -101.54126251890584,
   392.2121489049599,
   -299.0284029894321,
   479.2069573306628,
   249.14416403070803,
   253.09529217860336,
   -169.7710746503589,
   53.18221209255513,
   -145.51307656547195,
   114.3389105918971,
   399.6493023712413,
   268.45131680733044,
   60.4763711693289
  ],
  [
   195.77032472032238,
   -347.31555511235365,
   112.73624669206038,
   95.41756082208275,
   -988.4439842927468,
   -251.4569970654263,
   -968.9540128648181,
   -447.536325921451,
   -342.36026014554494,
   157.03418159074278,
   -268.5651804383943,
   -237.17315978641022,
   -51.13498278882545,
   -690.3151463564445,
   -559.8822436302822,
   -195.44589960568746
  ],
  [
   6.510473099202162,
   37.22952241931632,
   -292.64048018131564,
   -431.0823524229664,
   -1623.6276789314647,
   -815.8858863398543,
   -1332.397171205317,
   -388.783795625688,
   263.2283228490257,
   -52.92004709319842,
   -190.4657099273792,
   -388.4279694490092,
   -525.0734044895713,
   -569.9166547518554,
   303.92623912917287,
   72.85584274456959
  ],
  [
   -284.59496423983416,
   -452.7206081797524,
   -54.647491804459364,
   201.14124108809617,
   -602.0032642965937,
   -1393.3906668124991,
   -262.846938325752,
   651.834876162694,
   186.53296102598284,
   317.09895131706986,
   -113.10964859368897,
   -1753.6536319743964,
   -565.1649157761934,
   53.93790928629146,
   410.27612200613356,
   240.00461355269647
  ],
  [
   63.918538048966774,
   -75.4424206760198,
   -31.43376054818919,
   13.723058712860631,
   240.42998021258157,
   -176.94896273661587,
   -8.118443601500182,
   294.79761445312323,
   -241.90865197954727,
   -107.93487693856606,
   61.743961931828615,
   -672.2302742305665,
   251.49032377577493,
   96.68800715231356,
   156.83938572633426,
   -63.90340182646463
  ],
  [
   71.65268854674255,
   -8.209402073717879,
   82.99194139177726,
   -5.601267683371421,
   -233.77152373110212,
   -380.490578817342,
   -187.6122792920606,
   -105.52663084419443,
   -73.47188250599564,
   -112.80322007873072,
   -173.18282561500624,
   -461.1206450392996,
   73.73046943331462,
   -88.19390307654929,
   175.3756395517689,
   74.5759228275073
  ],
  [
   104.1915632267594,
   -494.74930701901036,
   -116.37665115399182,
   -27.426180323333774,
   -284.0986907294367,
   -154.17626424335867,
   11.182354362979371,
   -89.54254671763294,
   -210.445466402957,
   -38.55318096378247,
   -91.3169283327798,
   88.73659431932597,
   190.0464472365887,
   -204.46493135432547,
   -517.0333424597046,
   -160.16196667128264
  ],
  [
   -52.23740666132124,
   -521.2493901430337,
   55.453651484193635,
   -281.615045403837,
   -749.775811021088,
   -541.8841783621717,
   -65.91062715895006,
   51.819645684709094,
   -44.975399847743425,
   -183.77306706225852,
   -266.8975195371316,
   -236.81417334708524,
   -58.2657318704473,
   -32.15174346227786,
   -468.89273458304183,
   -320.60696323429653
  ],
  [
   259.2581635171333,
   209.31551344947357,
   208.4591448846468,
   58.049218946727486,
   -186.69424345833278,
   -94.75304401946212,
   58.91705714471204,
   236.61346699789118,
   -17.64441286540966,
   49.333863374095905,
   22.228757952056934,
   270.9578259145085,
   -117.1666948680805,
   131.79465348779144,
   -186.4410820788041,
   34.55227595301884
  ],
  [
   -303.6167879975639,
   -469.60638461771464,
   -174.42569543519383,
   77.05149727024019,
   -473.23561787693654,
   -219.50626545515328,
   -486.9260629721722,
   -163.08531882979113,
   -298.96178193460275,
   152.17305344152473,
   -176.5761002108122,
   -506.860597927434,
   -187.5293754686327,
   -394.85242025838113,
   -296.9247466433712,
   20.761420718420737
  ],
  [
   -194.37588124693792,
   -738.9985514026838,
   44.79890056000053,
   -98.23154253907167,
   -1659.3536444070198,
   -1188.763773956781,
   -1989.8193625198433,
   -763.174048626226,
   -268.53068507818415,
   -101.87505224743902,
   -708.7753796416243,
   -825.1662823378622,
   -473.6037119756705,
   -1044.2321221270047,
   -267.5708725529933,
   -845.0498164390484
  ],
  [
   -475.5927253583443,
   653.6133702972747,
   56.56905290831737,
   34.823712127442434,
   -658.7965448553584,
   1445.594627052122,
   -254.14371755406825,
   -324.47982957918225,
   323.89447623464446,
   76.29460995122861,
   -211.54675242779302,
   1186.2531020485235,
   660.6848599158141,
   -242.30682537463676,
   273.00903785912726,
   475.47026174103337
  ]
 ],