{
 "input_nodes": 12,
 "hidden_nodes": 16,
 "output_nodes": 20,
 "epochs": 1000,
 "lr": 0.6000000000000001,
 "output": 0,
 "epsilon": 0.01,
 "synapse0": [
  [
   -1312.59505897833,
   3222.3058431431273,
   -1092.154422106748,
   -1260.7621396360182,
   24617.12867603202,
   -42387.001912907144,
   13683.958683852812,
   -4889.9097904041855,
   2646.0533900549112,
   -1872.6288964672246,
   -1215.3794626408737,
   -21613.22139945237,
   -1708.3252090814437,
   9693.913276919975,
   -9396.926660021358,
   -19089.283741684514
  ],
  [
   -881.2558563514565,
   -6736.935191090612,
   1439.2082202578424,
   2856.681088025205,
   -23111.951552117094,
   -14837.763613939716,
   -19802.565369868844,
   511.72359249797137,
   -3794.0126280033064,
   -2544.753241545087,
   -2525.8836833758105,
   307.31048362752045,
   -4670.395299691509,
   -14695.823102083184,
   8160.675620859984,
   -4381.968198590742
  ],
  [
   -1307.1235083640865,
   9283.546894445042,
   -2494.5992546638563,
   -6674.492956978274,
   -64291.41707811841,
   -3330.818072962003,
   -33977.805118328135,
   -7994.494974005462,
   1868.4467209468248,
   1391.610304462764,
   -3679.8238445078578,
   -11002.942567968626,
   -13624.364678034939,
   -23844.390786035394,
   -8651.757810808285,
   -22123.44323389122
  ],
  [
   9864.246984540141,
   3580.473137760405,
   -2067.8618937401843,
   3296.776992381504,
   -42372.181254346055,
   -35529.56687553437,
   -20127.415513297514,
   -11820.445343617639,
   -1867.6079207842738,
   5761.772296051634,
   -4658.310042455622,
   -55695.00554019774,
   12830.801386122908,
   -16367.92035183981,
   -817.2459918092882,
   -50761.46021420131
  ],
  [
   -1500.8094583039122,
   -6801.729741863997,
   -2604.8462387806494,
   -2437.633327041029,
   9263.950957784815,
   -71397.01734983214,
   258.0740826509314,
   -3658.941388048521,
   2733.0954696646013,
   -246.2418995467648,
   -1033.1187557359888,
   -19358.29683084369,
   -26892.881858514327,
   -398.62403850061196,
   6903.796811232939,
   -31212.41234022464
  ],
  [
   -1688.9218263486314,
   -3527.4379548325414,
   558.4986343600707,
   1180.155589384137,
   -28015.074261911617,
   -60343.86938317522,
   -14782.325390873102,
   1442.2832581546222,
   -938.546243287385,
   2128.1517619344363,
   -4780.678527261227,
   -31244.464783774147,
   -12252.96620360975,
   -11217.699820183214,
   2413.4746925386,
   -9179.39111971396
  ],
  [
   -1902.4667989106988,
   -1152.3087835317192,
   -2474.631630324301,
   -1087.4006941299895,
   -4240.28105104336,
   -49146.73401423718,
   -6510.655642586196,
   -1137.6273772897569,
   -1208.8665033441948,
   -2710.0979302038418,
   -2050.155180776783,
   -17593.231459526683,
   -18380.975903896866,
   -8440.447888297105,
   244.96903688144337,
   -5304.528120152156
  ],
  [
   -4485.456264576989,
   -884.8424344168413,
   -186.8227142734937,
   518.6391729736029,
   14533.785962788837,
   -30784.190994345987,
   -140.06232733006814,
   -8475.195490650272,
   -564.2822682639024,
   -4252.013385579548,
   -2646.119542921092,
   -21850.39837038504,
   -6180.753384741724,
   -2751.0994175921905,
   423.1566877169213,
   -12790.66748350587
  ],
  [
   -2345.7327976947695,
   -4563.352637932804,
   1431.4217607389157,
   2166.4704099530154,
   45940.28558728635,
   11409.315835427024,
   20620.553389371413,
   1982.1134522776263,
   -1328.1524039326737,
   -1561.8757848079817,
   2853.168717522294,
   19885.183496283702,
   10321.749552916328,
   13362.29558668426,
   5891.247209247754,
   4727.4649134022575
  ],
  [
   3215.1893684867587,
   2172.6804516606826,
   -2454.6019402568877,
   -446.2935657976964,
   -20378.24373912495,
   -5852.459349177925,
   -13056.214340135017,
   1480.3751596035906,
   -162.64675992727942,
   -254.0700647712481,
   -3526.79007058105,
   -24390.871344727617,
   -21175.159990210544,
   -7569.128538058533,
   -1964.4295353901446,
   1418.961738725897
  ],
  [
   -13919.757436603728,
   -9284.628205566733,
   5256.2926522163125,
   -2757.8484489723073,
   -80277.68982982909,
   -96184.39804169546,
   -53900.81167209784,
   -26432.99271427636,
   -2844.494569303183,
   -1422.8378389657746,
   -14189.716563829474,
   -51441.40311274419,
   -34673.85809564697,
   -31990.395028748328,
   -13126.6031816473,
   -66824.27643296118
  ],
  [
   9416.096106481487,
   9292.682303680875,
   2322.010595209333,
   -4107.764234535211,
   -64132.366369973584,
   24627.5511472982,
   -23803.680160474636,
   17034.876820117002,
   1369.4600552134827,
   2355.5885053628867,
   -5790.018185914246,
   28929.027502239853,
   5328.823850426977,
   -15897.49660431142,
   -4812.69205958829,
   25654.331831399104
  ]
 ],