{
 "input_nodes": 12,
 "hidden_nodes": 16,
 "output_nodes": 20,
 "epochs": 1000,
 "lr": 0.5,
 "output": 0,
 "epsilon": 0.01,
 "synapse0": [
  [
   1894.7715147737065,
   9513.83077061148,
   4181.383542851252,
   -66.05785508273675,
   -1945.4471650562373,
   -349.2010169584902,
   -1097.7534887693664,
   3418.305248969905,
   428.7709210942345,
   12367.159492609846,
   -1173.1097637252906,
   11157.232614854427,
   5968.081680129307,
   5183.134095883736,
   11077.50107343179,
   1396.8938070589732
  ],
  [
   -6700.723152811569,
   -7121.834193823549,
   -9367.030569940353,
   940.9765499251293,
   1925.4755228128415,
   -1885.2595946940646,
   2728.0070995763963,
   -6085.928149469772,
   -1533.5157623012633,
   -18857.354006572674,
   -686.8107407442354,
   -19360.43021008131,
   -13352.962514197083,
   -7803.846650204299,
   -11166.210928119675,
   -2890.5771829405153
  ],
  [
   4779.550729729129,
   -25860.509548254522,
   2221.38877288702,
   -12.212785615958099,
   1798.6767832940538,
   3719.565456473398,
   -16694.820668434106,
   -16377.86069831073,
   -1799.5124537173326,
   -13675.589989651995,
   6884.067678160719,
   -12198.252743856223,
   -2364.956325365947,
   -1054.4077265962665,
   -22717.57735926497,
   4188.900067508474
  ],
  [
   768.7770366461003,
   1415.1658990457547,
   1355.730109096286,
   -2586.4930841346004,
   -1488.1867874217883,
   -1157.1617671734964,
   9208.669123478541,
   2382.6460030875164,
   1750.9878030831323,
   -7989.520356436936,
   -3277.057698002084,
   -14060.979840737773,
   -4609.897375033301,
   -3042.0705240159573,
   -8496.202192051405,
   1653.5384826844972
  ],
  [
   1386.351505276102,
   8403.930020990612,
   1983.7684307856048,
   873.443688096245,
   786.4065169345969,
   -737.1847665384023,
   -3368.4949563844148,
   993.9063816319381,
   631.8807455908628,
   17321.41938182147,
   2077.94027262047,
   12229.110671315024,
   1679.0986445970102,
   5524.395552415967,
   13218.144380858346,
   1178.5526334620247
  ],
  [
   -2114.405444864219,
   2220.8718528058002,
   -3570.033931795135,
   -117.55622624516168,
   2261.6546249501785,
   -1837.8568714131957,
   -3775.8209208831354,
   -5152.726485718206,
   326.7094124548191,
   -1594.361952191625,
   87.0261815960985,
   -3297.247696585681,
   -1415.0863996987362,
   1476.1593781957224,
   1795.8794319987114,
   -93.03572621930375
  ],
  [
   -134.1849539721739,
   -19017.027294524407,
   -2225.5306277029713,
   255.33572188444725,
   -381.5918163582553,
   2199.049332385416,
   55.993838105442535,
   -2326.1515164645557,
   2146.268098771499,
   -14386.345266809827,
   701.5338886182093,
   -13400.257110526047,
   -7698.664037536852,
   -2746.860412931985,
   -20253.008388308874,
   1127.1315997786692
  ],
  [
   -2311.164831456028,
   2636.852195934497,
   -2307.848720349984,
   1182.9193555859767,
   -4116.203414889977,
   439.74718957587163,
   397.27019209822237,
   -802.0074958850406,
   -1559.8819399860977,
   6253.593682747448,
   -7204.161185957539,
   4866.110169955469,
   -9341.383769723388,
   288.35307117730207,
   9105.052291053531,
   -4162.795468637088
  ],
  [
   -1366.4816891650278,
   -4554.170888672746,
   -2380.1163939451767,
   -884.101143981904,
   2518.4880300952154,
   -1282.0987803109408,
   -529.0288224034267,
   -761.1253722136756,
   -115.2398091249067,
   -4139.39502091744,
   864.2940083874851,
   -7024.314482579543,
   802.9400936634646,
   -1896.3631191828301,
   -3125.0567920043804,
   -1285.463419145724
  ],
  [
   1707.8167828337137,
   -1709.06194755889,
   3121.4684172709153,
   741.1922132460564,
   149.34420387958744,
   -189.71158991412935,
   -94.37283238565753,
   -2335.562866568198,
   1539.459866688372,
   7729.298187656948,
   2224.526019842013,
   7748.142468564676,
   6600.008471854215,
   -2151.102421041047,
   3656.206884315666,
   31.408033799176934
  ],
  [
   -3400.379122880074,
   -1790.791474723319,
   -8385.877255114248,
   -2118.324012830025,
   -2452.092027052176,
   -1028.445548459347,
   1179.9440556893232,
   -1098.7298464872308,
   -752.1740058507046,
   -10065.06304818114,
   -6115.820147783382,
   -13949.020838872264,
   1448.4530205022952,
   1199.6819348955362,
   -12398.297170621277,
   -4056.4893865811487
  ],
  [
   1905.8786560541807,
   -13792.28477949795,
   6852.490797716285,
   1563.0583230838365,
   4301.104435740392,
   -393.6441572945744,
   -8179.724705873966,
   5247.486036839916,
   550.1895478580795,
   -2660.167200708983,
   4194.486500633896,
   3976.1984290073933,
   -113.03376118400986,
   -10089.306836861584,
   -14487.612112651954,
   137.05503755158958
  ]
 ],