{
 "input_nodes": 12,
 "hidden_nodes": 16,
 "output_nodes": 20,
 "epochs": 1000,
 "lr": 0.5,
 "output": 0,
 "epsilon": 0.01,
 "synapse0": [
  [
   -37.96011094847787,
   2710.8636384779365,
   2781.12940925974,
   -970.9899018967327,
   -382.7784858973306,
   439.9813385527787,
   3670.530476804944,
   -1684.1655504873895,
   249.3159965582698,
   1732.7217905977502,
   -43.72392038025018,
   4400.817349145625,
   3020.9776293287123,
   2633.1289123000065,
   5228.943177582653,
   184.56745714601033
  ],
  [
   -1171.6320086980495,
   -1984.541279210496,
   -5741.015983094722,
   570.5094056984719,
   730.0227320783667,
   -1889.6369941273858,
   -4397.373257748567,
   1522.4932470470776,
   -602.9823843132607,
   -6401.496134084989,
   -2380.654755619878,
   -9755.837530737761,
   -6218.888445311479,
   -4423.050264008399,
   -9264.272557576422,
   -420.4989976526497
  ],
  [
   1433.5774632615608,
   -9533.087352628298,
   -1365.21314393707,
   867.0710046236065,
   -520.633119214238,
   166.63410170259013,
   -7515.561774857546,
   -2171.6842298234333,
   -723.9852551254328,
   -4317.0859849305325,
   1066.977397994452,
   -6559.545486751688,
   -214.35556020905761,
   -1436.0742913382308,
   -6809.218759903647,
   1419.202820592589
  ],
  [
   64.2948747362178,
   -1434.0021821240903,
   -17.42968329689126,
   -1971.7914893781522,
   638.9388705410248,
   -358.8386119971727,
   6792.476119999368,
   -1463.7833164257513,
   1169.4526161984822,
   -8871.589987802108,
   -3596.0651123488274,
   -10405.980780219568,
   79.69087004462969,
   -1032.7227313746814,
   -9283.932301761026,
   352.35275742048185
  ],
  [
   695.5636297293282,
   -1913.6954005022367,
   1408.759705783029,
   504.4564110005648,
   399.48285010968357,
   208.44154125539575,
   -3805.30132820844,
   -1138.7239967783996,
   517.8371943737919,
   8274.667466669975,
   1484.4090769964507,
   5886.376260801359,
   -982.4459723261859,
   3363.499656675809,
   4134.471856875466,
   11.831251507572908
  ],
  [
   160.9582901787034,
   -914.6836303960772,
   -2648.081383152882,
   311.62397952720676,
   857.3913686890712,
   -157.5398481883308,
   -3826.606899494949,
   -1300.0575364974113,
   513.5635665926803,
   1110.1450933135661,
   -840.913615639327,
   -3725.487331308949,
   -2386.230479770276,
   1861.646475306518,
   -1145.2250918088687,
   340.6835038346842
  ],
  [
   119.29092421193475,
   -5769.145138135673,
   -858.9122079148927,
   559.2509361112847,
   115.28425527997531,
   -380.44443245915954,
   -1057.000757617239,
   290.8433408125243,
   415.1845216569293,
   -3701.1016180518145,
   -428.79420427256355,
   -3643.6643486822686,
   -1088.9257977763843,
   -2722.2715258606368,
   -7984.423513027597,
   76.1610235907178
  ],
  [
   -815.184927120491,
   1523.3430803562037,
   2121.373560981463,
   -340.34429641888767,
   -1176.1740198860991,
   33.07162579877951,
   -1753.0252523531792,
   706.2690096976477,
   -1008.4179628448013,
   770.4589608243018,
   -1629.4720127472328,
   4848.983814977599,
   -2853.9269755826826,
   352.73775843504853,
   3996.2101356853864,
   -1639.7201408105036
  ],
  [
   -379.54585407744764,
   -1343.9490530289968,
   -1573.0742613427785,
   382.6778088424878,
   1070.6898771125418,
   -75.37016476924705,
   -3245.031888690922,
   -131.9258322300627,
   368.39129440900336,
   -1054.3542576211587,
   -0.009110779373801673,
   -2797.959701782996,
   708.7005294436615,
   -1766.8690152364095,
   -2387.110724362148,
   257.9094515752384
  ],
  [
   -101.91693768711069,
   -1247.8236814252602,
   1878.058044900474,
   431.8390060054963,
   -341.685816263434,
   89.21206779116794,
   122.08711695094996,
   -314.120868605248,
   646.3113078420386,
   1911.5542695645272,
   1039.0881985784572,
   2848.8063997713443,
   -241.73556519126296,
   47.41471304515444,
   481.7291212559542,
   213.68046940905094
  ],
  [
   -325.1928552120036,
   -5656.044287688399,
   -5046.244634370116,
   -1919.203917262314,
   -1240.5582177189365,
   -246.34303011063494,
   -169.52093679978293,
   -795.5241200462331,
   -328.88191095975935,
   -8316.19923603771,
   -1323.9643951468274,
   -11084.47466257774,
   -223.42982680512895,
   -853.8602368633043,
   -11093.218666831668,
   -569.6257878336972
  ],
  [
   108.16572158972635,
   -7485.420072728255,
   1894.8166786852296,
   997.4920418532621,
   21.943741809180313,
   -26.897590677128676,
   -6451.014042699833,
   815.3447730241922,
   26.413595122426855,
   -3321.799741745001,
   1945.2234428437291,
   23.133991214609956,
   894.2308432509569,
   -3199.941287128866,
   -4703.6643492226585,
   356.366729678993
  ]
 ],