{
 "input_nodes": 12,
 "hidden_nodes": 16,
 "output_nodes": 20,
 "epochs": 1000,
 "lr": 0.5,
 "output": 0,
 "epsilon": 0.01,
 "synapse0": [
  [
   -1805.1288428698779,
   -61042.269493099055,
   -14672.783953201206,
   -4445.801802641326,
   2445.2068843048637,
   -31414.63912263024,
   -5992.861547393698,
   -6711.074835406422,
   -126.71468729828922,
   -13294.947354804484,
   -8973.300451391651,
   -3231.033953331388,
   -57554.76956363548,
   -3029.4753682005635,
   1.80776774570948,
   -4158.225156622344
  ],
  [
   -7514.860103200171,
   78864.07349319036,
   13221.179851697878,
   1444.8008073310132,
   -7612.149374648269,
   42582.93861563673,
   -5563.67433867664,
   2255.806342635302,
   -8855.121113539513,
   18796.011253614855,
   1317.800539250573,
   -2623.56381996713,
   86490.62359416357,
   1374.0389668286662,
   1867.6923010506282,
   -9541.366184491397
  ],
  [
   -2401.4817670853167,
   -8568.574390969485,
   -9257.160265269724,
   -5186.151956659226,
   -2710.8758902002833,
   -10628.371519170478,
   -15034.876782319137,
   -3404.4311532625265,
   6320.2923553788305,
   12576.641956566767,
   -15938.20247857762,
   -7467.313995353255,
   19684.12730076687,
   717.4857874957611,
   1861.4372324870378,
   -10549.173099326097
  ],
  [
   -12466.57424551219,
   -58636.55827861991,
   -11611.40568251593,
   -6852.663971477023,
   -1178.2858356343559,
   -39565.8442530104,
   -22840.564892002123,
   212.25424230158697,
   367.9889564472429,
   26511.55233160917,
   -11934.910700567507,
   -8051.530887167085,
   -50940.203542831965,
   -5429.225988165839,
   359.77900881838355,
   -25780.28997360782
  ],
  [
   -15304.235646784986,
   -77178.54086846592,
   -21343.1952854228,
   -2157.4677814387364,
   415.1991600261193,
   -48686.19290671422,
   -17300.59698231599,
   -5672.065480250896,
   7118.240034721786,
   2092.742045030471,
   -14449.329872922995,
   -6643.901786130593,
   -62268.29008950138,
   -5276.615195209923,
   1084.8197858216881,
   -9398.796873409272
  ],
  [
   -28570.854511468715,
   -18097.604403302452,
   -14366.466670121385,
   -2216.618765048561,
   2208.4586654161762,
   -20569.34774051657,
   -14341.478544532378,
   -2366.0887183881887,
   -15120.384132720537,
   -3640.4983126070015,
   -10419.649280082958,
   -3366.959091080288,
   -36880.22993966289,
   -12568.944302905056,
   2603.481599715862,
   -14842.418130797685
  ],
  [
   -11614.414282179274,
   1127.5556788302695,
   -13653.992815219548,
   -6496.293157464793,
   416.76268277911504,
   14543.529891365433,
   -16113.317903023291,
   -11245.003458415946,
   -974.1513778614291,
   -32.34522576660829,
   -14901.440900697857,
   -6616.071196082519,
   -13774.11592226067,
   -4707.1514098698435,
   292.3018055138866,
   -24335.779560203126
  ],
  [
   -37706.36867832332,
   7739.140152206254,
   -15321.946299747744,
   -4512.097786878574,
   1410.3254576150516,
   10175.063333895598,
   -27341.16087265021,
   -13573.491022899618,
   -744.5746986726053,
   -29058.289035695972,
   -17833.120819855423,
   -12922.70771447387,
   -4729.398678534453,
   -10406.27346588342,
   -1261.912519652322,
   -34730.060604800696
  ],
  [
   4385.95138911061,
   -16706.00107934489,
   -12580.45362797868,
   -4987.747105793368,
   5681.670306341098,
   3136.1250306151824,
   -4228.630871440115,
   -6044.233532963302,
   -24218.70932878377,
   -61767.487543156196,
   -7056.141492089065,
   -6175.7131976626015,
   -21818.946595611927,
   -656.1032700921822,
   -4735.100209978105,
   -4004.624200004037
  ],
  [
   -3005.062062131699,
   -18414.219320485325,
   -4807.170195237135,
   -5301.241957632864,
   -3166.8595021943374,
   -25158.361489906365,
   -7831.288721148427,
   -1582.9284322878761,
   5789.933733696492,
   21356.835843711975,
   -6753.882158855533,
   -2478.218814358654,
   -2296.946336872139,
   -6070.194165436198,
   823.8148872559259,
   -10523.662090383958
  ],
  [
   -24179.02128974806,
   16897.579865131233,
   -6375.532923850648,
   857.5981677408607,
   -1788.1251076804033,
   -1140.7093611617288,
   -7977.813692132132,
   -4804.8829682778405,
   1845.1788137557023,
   -15928.350819981746,
   -3175.475036011152,
   -3032.664733034986,
   17242.504653563996,
   -8179.005865962296,
   968.5775630520678,
   -8678.723443880177
  ],
  [
   -8130.139569390018,
   -26068.70876466139,
   -1290.9536420537368,
   -297.0061252927011,
   1808.9122786504088,
   -14939.724741616712,
   -2236.4200822338057,
   3385.5056951719853,
   -24345.943922616905,
   5230.574239637377,
   2759.573038889562,
   571.7295227876988,
   -45647.726460931415,
   -5402.787014445528,
   823.7891025909311,
   -6168.076686013548
  ]
 ],