{
 "input_nodes": 12,
 "hidden_nodes": 16,
 "output_nodes": 20,
 "epochs": 1000,
 "lr": 0.30000000000000004,
 "output": 0,
 "epsilon": 0.01,
 "synapse0": [
  [
   -7896.10565755915,
   10177.156401167447,
   -942.2664284146608,
   2821.684992272137,
   809.3617948915235,
   -3137.614388823728,
   5555.694107455706,
   -3616.357199734426,
   -7255.110864593042,
   -2340.521246956879,
   -6799.368402573822,
   -5598.185773946332,
   3438.3727504977164,
   4351.843614069767,
   4581.610126934865,
   -7223.840108084022
  ],
  [
   -1758.3882855259415,
   -10360.830421805726,
   -5886.540134399633,
   -6293.93121145548,
   -8025.981492737069,
   -681.1991697280007,
   -12676.814014955922,
   -4251.967556467061,
   4396.235508381358,
   -5928.266432157232,
   5062.660618590834,
   3793.2551229869196,
   -3448.1330530738373,
   -11087.018487188274,
   -1707.8938628294582,
   3603.230352841924
  ],
  [
   -22591.25858909461,
   -17666.655207642274,
   -2935.0516026325595,
   3773.581722530068,
   347.1208037791161,
   -19870.76842318928,
   -3482.2328270648177,
   -12937.214046860488,
   -418.8559253382405,
   2011.3107867331348,
   -15773.143488278753,
   -8548.860911194539,
   -10541.623860290116,
   -14182.641013134844,
   -6401.000656379698,
   1685.5830369598307
  ],
  [
   -78735.32383007252,
   -46498.800501072285,
   4285.531417531904,
   1227.80912098741,
   -36797.16748477392,
   -26220.63597004709,
   -19963.690491933747,
   -9469.27281838306,
   -5730.923716696603,
   -2489.6988715624725,
   10461.627226515175,
   2038.4181784658197,
   -1245.671809919129,
   -41663.91338979525,
   6053.78387663149,
   -7493.049424551828
  ],
  [
   -83482.62574999046,
   -40695.29761413275,
   -117.0884875263869,
   311.0762708936859,
   -25644.48236812232,
   -13375.644157000912,
   -12001.33691738072,
   -8227.070657949464,
   1635.2359602450226,
   2969.6273562131637,
   -4618.233086247167,
   1308.517371022562,
   -12612.22134128289,
   -28084.773358704795,
   -10385.9412157783,
   -3927.9440684639903
  ],
  [
   26297.617057088504,
   -6224.562716687764,
   -2636.8960714917407,
   4314.907365879287,
   1828.0925965919305,
   -15903.762160850361,
   -8424.361499836406,
   -905.8435573045376,
   5786.302489005687,
   1515.2835128294469,
   -11323.728512907492,
   -1042.882884246419,
   -5283.456651028523,
   6471.723228475332,
   -6119.6741296753125,
   405.6281901201418
  ],
  [
   -137320.82691882172,
   -39329.284728871695,
   5071.558785357428,
   2417.978340310489,
   -19848.529898135035,
   6590.03768934933,
   -15197.143325930312,
   -3794.6573599177555,
   4818.868913512657,
   -3737.0421181945767,
   1800.8169013434351,
   3695.776756919432,
   544.1911542992578,
   1007.5689045320756,
   1146.8168502704182,
   5115.852804669147
  ],
  [
   -39776.158739191895,
   -17329.637944791182,
   -3600.1402454389727,
   -2939.852402713761,
   -5772.59450234199,
   -7650.175506098863,
   -10730.113683305273,
   -23282.07677304943,
   -13471.466021213417,
   -2840.233559694942,
   288.6232066546303,
   -4611.0021111729875,
   6524.32972503694,
   -21556.173328695026,
   7515.171255252719,
   3404.1644429844064
  ],
  [
   -18883.72686013289,
   -7239.670365198434,
   2634.464750982785,
   3251.51705656018,
   -8835.890037908943,
   -15767.27917060358,
   -9160.215689140285,
   -8806.522741988058,
   2699.7696697729507,
   404.7238871776975,
   -5644.07942548313,
   1919.6574872633453,
   -1408.3983336765673,
   -13330.33388731432,
   2508.6989927297527,
   -2946.1707450246354
  ],
  [
   -72431.87281637447,
   -33795.642580470885,
   5451.494388238423,
   4845.792881478732,
   -21186.89310369558,
   -5598.722093228657,
   -19507.578067593684,
   -6474.87496850632,
   -3404.8702113398376,
   -2857.241135585083,
   4579.831323666084,
   2575.583749906748,
   1563.4574529183844,
   -5410.049368078308,
   4578.101826973983,
   2736.4179698539583
  ],
  [
   -64148.60372317363,
   -28056.858844704035,
   -1032.71504745419,
   -9956.136325431627,
   -20203.350170090776,
   -19096.498158415772,
   -24830.033674680133,
   -19205.235589081483,
   -7307.16515360922,
   6490.619446169724,
   -2964.915687427982,
   -29235.79229961873,
   -13015.961846100734,
   -40390.5750405348,
   -23423.731797277236,
   -2962.3991605881965
  ],
  [
   -28753.84575980704,
   12414.429934741625,
   6000.475804918233,
   -27.53554273863871,
   -11820.544383555774,
   2130.146032131737,
   -7608.691414341301,
   5068.9884390410625,
   5963.294536631114,
   -6251.040296977004,
   8361.841126527614,
   10924.218979835929,
   6264.140957498155,
   -6048.771139041266,
   6895.387591638969,
   494.47567706882006
  ]
 ],