{
 "input_nodes": 12,
 "hidden_nodes": 16,
 "output_nodes": 20,
 "epochs": 20000,
 "lr": 0.10000000000000007,
 "output": 0,
 "epsilon": 0.01,
 "synapse0": [
  [
   -15284.813767400368,
   -14652.090478124568,
   -7095.3128670322285,
   -29078.450504545395,
   -9226.477114158502,
   -37964.34681737852,
   -19767.784812480022,
   -4008.2041609092626,
   -17510.419976739813,
   -8355.557062317508,
   -10333.164965563952,
   -7595.991749052373,
   -9027.324170515954,
   -7538.1021863405795,
   -6573.219852652966,
   156.88542602629323
  ],
  [
   7231.474651405205,
   12206.662346178502,
   4888.023590824717,
   16886.390856487298,
   9442.111926148178,
   25435.429953884697,
   9411.292929313018,
   3458.905668664521,
   8651.065495117635,
   7944.527776217388,
   8334.728676734081,
   3887.723404177119,
   6310.857908955885,
   6511.817203979442,
   -3231.4258917386805,
   10879.761646504772
  ],
  [
   -8931.208800266324,
   -6882.038446907787,
   -6921.664558376614,
   -26651.277466047573,
   -8044.562398087701,
   -35483.60748717748,
   -14093.686752350382,
   -3637.469939773663,
   -9302.349112288623,
   -8787.923800248584,
   -7346.260402124757,
   -4940.332477262168,
   -3530.1078186127634,
   -4988.637334122979,
   -2865.577376451577,
   -11189.94118747691
  ],
  [
   3660.1567318121306,
   4674.2528653169575,
   -433.2404708346206,
   10170.462753360387,
   -2107.0303235951906,
   554.0344882197576,
   339.52907837411783,
   -425.9253648502487,
   4939.618099284276,
   -2612.502994972637,
   -1360.7768438020375,
   1280.4977718672524,
   1723.628786924504,
   -996.7224683834107,
   24405.99667761409,
   5806.393276841847
  ],
  [
   8760.014024416265,
   9500.988081136788,
   1873.6520325701376,
   12295.046534435553,
   1475.4427772777904,
   9016.87875166122,
   7828.528304024532,
   910.4388723501471,
   10624.367366126144,
   577.4770089458194,
   3162.0515051530983,
   3920.9710001229564,
   5589.048073721856,
   2334.8988311840676,
   14480.312017143831,
   -1554.1200745538579
  ],
  [
   10.020264903364351,
   -5124.020715404475,
   -1598.347051174869,
   3772.2557624321016,
   -2163.1457187502024,
   415.29303554872064,
   1511.855146674257,
   -790.115768319453,
   614.5329133580532,
   -2382.246801100834,
   -1737.6380069592672,
   -336.22863332184863,
   -2107.7747746231166,
   -1485.716888091597,
   13635.666655151548,
   1421.0609237334372
  ],
  [
   -5809.47560909652,
   -3315.2821336369593,
   -2096.0617096242772,
   1757.705412284941,
   -3439.7922071170665,
   -7694.759745143326,
   -9796.000540135767,
   -1176.8316139586577,
   -6384.2034078322995,
   -3023.2300677233193,
   -5118.351911423386,
   -2947.0234045079255,
   -4135.264764429448,
   -3735.616454526012,
   19074.521523051353,
   9717.891261267185
  ],
  [
   -17420.15708574136,
   -14193.883340606468,
   -5977.521131651628,
   -28063.568375028117,
   -5059.544818532242,
   -30235.90758063207,
   -20228.836254337846,
   -2787.0967966498297,
   -19993.835760030848,
   -4626.439602159771,
   -7934.108304333784,
   -8249.550871592777,
   -9231.026674309873,
   -5502.007877188696,
   -16792.511776615323,
   3041.0950415364973
  ],
  [
   -11545.827117115885,
   -14995.945792258959,
   -3204.478845685564,
   -20621.502499508086,
   -2155.92781270272,
   -15582.923032575734,
   -8263.311595409717,
   -1487.2333318383096,
   -13796.57801355963,
   -1165.4106240523342,
   -3628.140095400043,
   -5120.949623994521,
   -7749.784268137891,
   -2949.7634175145736,
   -24020.055413323124,
   -4302.6014551253875
  ],
  [
   -4502.5562795752885,
   -2726.0972331630705,
   -750.8646303109931,
   1871.700501140061,
   -1302.4984850762821,
   -2926.441064011868,
   -6432.468897590068,
   -435.42805727518675,
   -5281.3303709243,
   -762.1753356023504,
   -2856.757428037927,
   -2087.786928859844,
   -3147.7631233045645,
   -2102.756765993783,
   8785.071428643932,
   8296.377800710727
  ],
  [
   -15145.463986656903,
   -14590.341235473119,
   -7634.281345681619,
   -29735.82787366902,
   -10236.333246201419,
   -39901.43933011808,
   -20181.60092090707,
   -4358.902850605139,
   -17236.7850044895,
   -9419.078373580413,
   -10959.554711026503,
   -7630.797044758636,
   -8944.426728220491,
   -8019.799698250102,
   -4728.621764171386,
   -3232.04465266166
  ],
  [
   -17832.38396814668,
   -14934.197843218062,
   -4327.832076387832,
   -28132.58588942185,
   -3514.260126615396,
   -26103.15907902823,
   -18713.041371957082,
   -2071.8903512663715,
   -21224.33373057065,
   -2057.1187311317117,
   -6704.718292842795,
   -7974.81991283128,
   -9977.766206634988,
   -4980.309869530071,
   -26677.87837582687,
   3123.503933342775
  ]
 ],