{
 "input_nodes": 12,
 "hidden_nodes": 16,
 "output_nodes": 20,
 "epochs": 1000,
 "lr": 0.55,
 "output": 0,
 "epsilon": 0.01,
 "synapse0": [
  [
   7050.606959200144,
   7344.226530951187,
   4726.647095916376,
   -12051.764140661733,
   -3352.514070283162,
   7677.438797062406,
   222.76647719742778,
   -10724.727424571236,
   -5439.55636118428,
   -4892.8394788878495,
   649.6243874715933,
   3323.9198863164825,
   -9634.807227687623,
   -6024.891697305611,
   403.9860541947033,
   162.09298253977582
  ],
  [
   -1588.0266238499712,
   -12513.518220020474,
   -10994.645524299785,
   -3627.587480094408,
   -16178.103854084091,
   -22909.52721379783,
   450.83558009393573,
   -32160.226862545973,
   7959.385422147127,
   7215.693777144125,
   -9841.43230757181,
   -4677.899716869406,
   7415.746968858368,
   -16550.460632052236,
   -3662.712331676736,
   -19870.79883253324
  ],
  [
   -1656.7642341239664,
   -3156.761635236471,
   -11336.657079212273,
   8602.709175296626,
   -14619.185694388872,
   703.7107944963059,
   -4354.384424019331,
   41876.73230463051,
   -327.96866601199906,
   -821.4316644410458,
   6326.3548182176355,
   1341.5369996136367,
   9535.507572089717,
   -5253.511290357751,
   -2091.447795476361,
   3892.08279929578
  ],
  [
   -7257.136631093668,
   -8277.649033843523,
   -2937.5412337334633,
   21889.206528683866,
   5388.593618849951,
   8390.746521527764,
   -120.84468326813048,
   64696.16766171949,
   3529.854124992082,
   10651.940164358743,
   -485.9773384867078,
   5188.050453177294,
   6515.919077920176,
   32278.047635453284,
   -3519.429725775281,
   9967.978694825768
  ],
  [
   11809.435249749045,
   -665.970865662568,
   -1737.49437336037,
   -19210.130179069813,
   -13570.562423010846,
   2135.613232772897,
   2937.520828892474,
   -9676.857776201634,
   -5507.57918746706,
   -7623.871033011987,
   6798.797905337535,
   899.0727926448328,
   -2216.78228971029,
   -605.5916516358263,
   3398.585200015956,
   -7470.586665427179
  ],
  [
   -5606.743494757651,
   2653.2354206396035,
   8635.427649347106,
   -3430.6004503592117,
   -16964.315692656197,
   4858.338373288391,
   4135.931926720949,
   -16004.328672483314,
   142.94234988136088,
   -3104.462969473342,
   -2731.5077182253535,
   4974.495206945581,
   5584.6073178223105,
   1537.3434959634728,
   2027.9177486804078,
   -9832.764667940368
  ],
  [
   -19179.219309368393,
   548.5730995833676,
   -10384.700071810104,
   -17040.270067887897,
   -10231.08517385737,
   -9937.541460449955,
   -4998.5898095426255,
   -23897.695329694445,
   1369.4930311336495,
   -6579.783942572986,
   -1080.4485873271472,
   -3903.7710007498777,
   763.0501688748318,
   -21436.563843962944,
   -2250.4609816086654,
   5136.605374662073
  ],
  [
   -13885.756971993855,
   3070.387296461743,
   -4748.87551580546,
   -15290.865042835367,
   -35895.71646319486,
   -1481.6226190773523,
   -3108.9250914732365,
   -57427.565177612036,
   -9506.465596248647,
   -2134.294040536669,
   -9817.105079042822,
   -13105.509376028669,
   -16362.70120013915,
   -56115.777390698604,
   -5409.330314160343,
   -10042.496521664007
  ],
  [
   -1539.6058053861536,
   11722.924157636884,
   2738.151139446291,
   -2954.7043639520507,
   -4566.5787694795235,
   1477.7252698622683,
   -2660.413175844406,
   -26943.366938680872,
   2581.268784451904,
   20249.188950714128,
   7793.7580159487925,
   5894.358125909233,
   5610.0968434459555,
   -11290.093201303329,
   2734.241155744617,
   7346.476644873221
  ],
  [
   14591.30895165031,
   -10131.216324928946,
   -5091.61749869268,
   -6180.480649444837,
   -42932.73661398324,
   -7049.686007937425,
   2494.902864603216,
   -69254.59326650402,
   1279.091890947021,
   -3579.159603503069,
   -9967.493067718304,
   -10017.145963862267,
   -6732.944444690137,
   -17355.555217974637,
   -2868.0516722725783,
   -22441.30965546112
  ],
  [
   1159.999885834594,
   -8544.247159196952,
   234.12211986642492,
   -11642.0977135207,
   -11342.770379688114,
   -8241.196119128823,
   2189.3738578426464,
   -39190.66024658375,
   -3819.460448180089,
   -13184.631453549271,
   2445.4981624876077,
   -16895.868990734296,
   -9476.621205371212,
   -20974.608066274428,
   -6918.655476114893,
   -3861.422114752478
  ],
  [
   -6750.159941516997,
   5713.526196062993,
   1124.410710730982,
   5612.462715574314,
   11202.322840972563,
   1413.6180522954794,
   -3298.3488497706385,
   -17733.394436249033,
   2943.112686077823,
   -9056.106853713947,
   7161.581588888297,
   22815.061289158348,
   -1169.6804641315207,
   2160.7893723141938,
   9642.745710426221,
   8118.2689273482065
  ]
 ],