{
 "input_nodes": 12,
 "hidden_nodes": 16,
 "output_nodes": 20,
 "epochs": 1000,
 "lr": 0.6000000000000001,
 "output": 0,
 "epsilon": 0.01,
 "synapse0": [
  [
   -735.7206937475124,
   -78928.1040282562,
   -18528.066535650494,
   -5665.756179416526,
   2495.28495877866,
   -46518.7437298983,
   -7821.7991274900405,
   -9497.3674469082,
   -334.9611199368831,
   -13474.024482599338,
   -12089.533801578027,
   -4103.813567717105,
   -75809.81134394351,
   -3120.789548247677,
   1.313572427872635,
   -4673.0673670372
  ],
  [
   -8156.833601501039,
   94400.37051286982,
   15872.739068632123,
   2287.0076594298107,
   -7836.9758535406545,
   51835.7041999839,
   -4492.937049285425,
   3946.767381596372,
   -5354.878829971295,
   18523.266433580273,
   3127.9342276945463,
   -2122.225060731087,
   102464.00044146126,
   1411.4114529154133,
   1745.528515223355,
   -9289.879170587006
  ],
  [
   -2102.057289524814,
   -8064.069405502762,
   -9635.298960929826,
   -5320.449389851736,
   -2791.401885205301,
   -12446.100431630875,
   -15488.353941243215,
   -3602.636756670904,
   9299.718578144779,
   11688.926457000292,
   -16592.729030153238,
   -7702.332735762603,
   22285.060599932043,
   701.2073731330464,
   1716.1505971336562,
   -10628.762797407748
  ],
  [
   -13530.475333002209,
   -66905.86841837145,
   -14370.680507159068,
   -8111.108397430411,
   -969.1326587686968,
   -54936.65601355539,
   -26197.6313597829,
   -616.5352689878598,
   -4488.896085510071,
   27279.403731297974,
   -14468.020644671855,
   -9372.459343740755,
   -68045.94028849863,
   -5919.438531890153,
   223.5999205471743,
   -29064.199252550723
  ],
  [
   -16956.773299890185,
   -92508.55988343139,
   -24643.111666376753,
   -2603.6873284131025,
   563.1512669995714,
   -65365.95117848783,
   -19807.602968030173,
   -6844.510252536958,
   7402.012161823888,
   3868.877895418097,
   -16975.021253096664,
   -7442.103459480751,
   -77367.73746234596,
   -6172.928342600145,
   1045.1185131524405,
   -10653.71686684761
  ],
  [
   -31597.098085977384,
   -22999.15667149873,
   -15923.311479801452,
   -2111.416295766617,
   2734.120892907445,
   -27931.953063722493,
   -15137.586604572545,
   -1849.6043913349786,
   -13462.731565746779,
   -4545.995844341608,
   -10987.888254074764,
   -3444.766205790877,
   -33876.57701356379,
   -13745.694888679267,
   1784.5746745152112,
   -15199.403009645643
  ],
  [
   -11193.589064483858,
   -1559.9140740994758,
   -15545.787965144535,
   -7325.640631414089,
   664.3942570696032,
   19711.808167255287,
   -17257.481436039132,
   -13988.37389335863,
   1402.4807752445038,
   2764.3132091350185,
   -16572.466392412338,
   -7383.429137685176,
   -16065.166316991254,
   -4561.865433862306,
   14.525187871922945,
   -25850.096357314265
  ],
  [
   -42261.107139139946,
   18695.318617038374,
   -15598.964075467728,
   -4406.896490714646,
   1308.269746754393,
   5695.899215784405,
   -29955.100863614898,
   -13462.99822200758,
   -1859.2425589145928,
   -27409.64976482954,
   -19133.764653202656,
   -13608.36250386166,
   -2728.9906249119626,
   -12092.458752627266,
   -944.199508030443,
   -38202.103153072276
  ],
  [
   5000.708582116821,
   -21004.7123206804,
   -13566.516668244474,
   -5225.512557937964,
   5652.448777604655,
   1848.7273891173472,
   -4395.38248827076,
   -6703.9650815076175,
   -20195.660454718305,
   -62945.846424001335,
   -7629.241101634195,
   -6471.643333551666,
   -21539.818629313035,
   -284.2633051611236,
   -5017.779592227831,
   -3502.6145751640065
  ],
  [
   -1628.2774773095357,
   -18849.566836277732,
   -5519.879881367823,
   -5677.722329937766,
   -3835.184153374543,
   -35216.75878154093,
   -7835.48912504104,
   -2367.7054308698366,
   3795.7119998033263,
   22149.376029449235,
   -7351.4332283967815,
   -2501.5910379726483,
   -10776.998312160522,
   -6289.229217365003,
   1559.1140422960534,
   -10330.60066729093
  ],
  [
   -26372.412544264902,
   17641.588533683265,
   -7519.932763698254,
   647.5200776856244,
   -1728.3548257333218,
   -3610.6234822789556,
   -8912.776860267377,
   -5959.22983786009,
   790.6531875826385,
   -14965.156898853895,
   -4136.354288791953,
   -3342.3827273541565,
   14780.63675593441,
   -8976.69639539235,
   927.9172447884786,
   -9750.391335037502
  ],
  [
   -9122.522543328358,
   -30603.010024550178,
   -1646.122793871017,
   -325.9193494545188,
   2659.436515392992,
   -17934.312418913258,
   -2455.591287837946,
   4005.288729662481,
   -30831.38723266338,
   6446.347978740911,
   3016.4994047821247,
   623.0281806635321,
   -55516.13429230863,
   -6023.904530216808,
   240.26795833112772,
   -6789.387458581948
  ]
 ],