{
 "input_nodes": 12,
 "hidden_nodes": 16,
 "output_nodes": 20,
 "epochs": 1000,
 "lr": 0.8000000000000003,
 "output": 0,
 "epsilon": 0.01,
 "synapse0": [
  [
   4010.2414810001287,
   4805.205454623187,
   -749.2365640432945,
   -5480.224166426438,
   -4553.787228064581,
   5988.39455750593,
   3779.584232122329,
   -2160.967957051356,
   -5754.676693953299,
   -4560.804546076287,
   -325.76159101970256,
   -87.76948157778976,
   -3772.136870720799,
   -8934.999921006087,
   695.7278134587199,
   2796.075593054682
  ],
  [
   323.51539083159054,
   -8515.534152482589,
   -907.4560634837595,
   -6753.231981804128,
   -13033.528094692909,
   -16905.52828644939,
   -7168.332035429085,
   -25777.485150507437,
   5434.646803385433,
   5354.99874061651,
   -7429.914086788258,
   -685.470777440664,
   4187.101754880162,
   -5405.281219211457,
   -1751.0424436572052,
   -15733.634408767388
  ],
  [
   -2684.2555886934424,
   -1657.1189718143885,
   -7171.413452796927,
   2408.1496772669743,
   -8341.542583381362,
   -139.47073530785872,
   -2278.8754615062803,
   27429.514047504577,
   343.3923164476035,
   172.78327160910496,
   4296.659486412356,
   1025.1833013204575,
   6670.691168889734,
   4045.132464346105,
   -453.62458623871487,
   5027.0215770538925
  ],
  [
   -5044.843489604061,
   -6406.859746789544,
   1324.113175932957,
   18619.99698658908,
   -3863.304784582698,
   6598.933847218995,
   3337.749590608866,
   34894.57527532146,
   2253.6539063248683,
   10939.02598303099,
   -2565.63831425978,
   3689.3040462539816,
   4856.7400687107975,
   20821.451249771068,
   -4785.275079734895,
   4350.2589252045755
  ],
  [
   8525.402649175508,
   -1241.863937891671,
   -1316.0892429693051,
   -10865.17280461814,
   -6560.594121634685,
   1039.4579709624466,
   3509.6035738878145,
   -9407.192109629992,
   -6314.6284041838335,
   -7148.070230935441,
   4245.144019359781,
   -411.91709713147975,
   -1306.3376636154612,
   686.1971891155597,
   2016.2938020332667,
   -4905.438165902548
  ],
  [
   -5904.407016956391,
   2343.8257874496526,
   3677.0967788280736,
   2037.750918852123,
   -17171.04909251024,
   2162.5131735780656,
   926.4030838745936,
   -14902.297270182895,
   658.8543442438599,
   -4681.291450380206,
   -3148.413591448778,
   2819.8589286464685,
   6168.623821277748,
   1021.7700641474923,
   2357.8201635014843,
   -6551.8442157580685
  ],
  [
   -11498.608010283428,
   565.1830578004765,
   -19.73325644519442,
   -13906.084199330251,
   -12220.977116494052,
   -6716.7498990314225,
   -9373.849211345423,
   -20234.121157415368,
   -663.7294567214973,
   -7408.378748956839,
   1588.3395215684363,
   -2905.9631033848823,
   -824.7224818094992,
   -7229.45547836849,
   404.6196743476214,
   416.7282311456129
  ],
  [
   -8964.944507777878,
   3048.0610705483746,
   -1490.2742379658775,
   -14863.272267024591,
   -37888.273408106805,
   14.305757721806165,
   -5737.67202665654,
   -40635.39725886367,
   -5023.385230602778,
   -4343.933040074427,
   -6408.453885456849,
   -14463.204339787813,
   -8803.877978236207,
   -35342.03658909031,
   -3242.3129400566772,
   -11944.358930065871
  ],
  [
   1241.1179271970739,
   7045.594157679539,
   3314.8070364662744,
   -4143.755536869911,
   -4343.319955596674,
   2091.51044520233,
   -2468.98641044316,
   -13738.861803581389,
   205.83287765576011,
   19043.201136147418,
   4816.498614536675,
   2400.438384313234,
   5353.71651489676,
   -11461.644479180672,
   486.2136780160242,
   1492.7133986008853
  ],
  [
   10463.27112176961,
   -7585.331441175945,
   -4595.552815510209,
   -8656.234247058026,
   -25979.302302774722,
   -5605.008627383301,
   -1635.7383172160266,
   -32355.437159886766,
   143.1707299773617,
   -2806.5179659824635,
   -9052.934976292976,
   -7172.615363900131,
   -4802.3864230886675,
   -16139.2972242733,
   -1496.1640506272915,
   -14718.618888465633
  ],
  [
   1342.0702995919567,
   -5699.209668540675,
   -2666.3353403262004,
   -8878.09913651325,
   -11408.459749471045,
   -4405.428713082122,
   -2615.8328122165904,
   -22109.209438659247,
   953.5632815706397,
   -14415.974876294062,
   1821.662269690844,
   -14767.160429857246,
   -2131.9500311818224,
   -4590.332233481735,
   -2092.6582533858955,
   -1837.1742927901182
  ],
  [
   -6554.699972425768,
   4786.408453105497,
   357.404404232121,
   1753.4885264216748,
   7837.542705576641,
   2053.163975099047,
   -1512.0050835314207,
   -8417.52227464404,
   -2826.9315287403347,
   -8338.339715763717,
   6542.0466666057455,
   22199.136852224357,
   505.26666469559916,
   -2035.3305377390539,
   5644.479215829078,
   4252.862434762694
  ]
 ],