{
 "input_nodes": 12,
 "hidden_nodes": 16,
 "output_nodes": 20,
 "epochs": 1000,
 "lr": 0.7500000000000002,
 "output": 0,
 "epsilon": 0.01,
 "synapse0": [
  [
   -1243.2023534794534,
   -2484.7344244885685,
   -1199.3685202937043,
   -281.3886725980709,
   318.058018370732,
   -2268.3181171360393,
   -742.7561253358409,
   -662.8289529539144,
   -1.7045655625964766,
   -1909.041857026746,
   -759.6394748469446,
   -275.64681663690135,
   -2798.038244839114,
   -820.7298823938507,
   -1.2220094620265205,
   -733.6694916409584
  ],
  [
   -5041.589708079948,
   10866.273766541337,
   2064.8975964289198,
   307.9706298824532,
   -2349.2826697395294,
   7674.80434469631,
   -3101.3958466195877,
   -1018.3079438403827,
   571.3718679120465,
   5532.60819204329,
   -425.05950563070814,
   -1017.8019050980566,
   11257.25629580231,
   -1211.6103645317864,
   -621.4922725207902,
   -4421.954635110286
  ],
  [
   -2897.0675926115446,
   -984.7216325414856,
   -2642.7032399143536,
   -969.9223275699178,
   -355.3755494903043,
   -745.5389574626726,
   -4408.072567286137,
   -538.082646471229,
   2235.488101998771,
   2229.5992493108556,
   -3768.3176467897215,
   -1731.9725341033068,
   -2404.485689572044,
   -1506.7249130980206,
   -1056.3084246346523,
   -3754.7098147705883
  ],
  [
   -5369.193442294651,
   -4897.2783427781005,
   -1909.4240945615873,
   -1062.7434457056502,
   -311.7850526860955,
   -4886.209806717329,
   -5632.025134162794,
   -469.88501862136553,
   -3479.885922301689,
   3776.9624626497866,
   -1827.821708930708,
   -1832.2500711506343,
   -8092.969258228878,
   -2301.721716535428,
   -626.7357880637352,
   -6593.972584146382
  ],
  [
   -6932.85210680664,
   -9094.260461736383,
   -6128.8677349608515,
   -465.97798953770683,
   1114.6872706456631,
   -11278.011154212156,
   -5614.819294515027,
   -1623.7989881031879,
   -979.387783905252,
   -1513.38331609861,
   -4086.5635648236216,
   -2270.1429100438436,
   -9330.985200715222,
   -2100.818318900279,
   -1855.0082231759275,
   -3816.416729817972
  ],
  [
   -12913.7470734288,
   478.27033554145527,
   -3490.0431024425347,
   -715.4713492059117,
   246.00031608371947,
   -362.4105733151312,
   -6318.474084063411,
   -1989.70081734768,
   -10417.758338396985,
   384.3156989825233,
   -3719.104482343754,
   -1487.2623416653526,
   -445.0566373856414,
   -4748.713583362652,
   3076.8638180462153,
   -7626.29424763292
  ],
  [
   -4483.302106295024,
   2117.398590761708,
   -2731.4098430623017,
   -1289.5983313198776,
   220.2404938654188,
   2956.8526273620037,
   -4550.720913293984,
   -1804.293850999973,
   -2668.1336061993366,
   -114.74790968038475,
   -3374.2051035539316,
   -1360.407205364486,
   665.4604402450555,
   -2540.0688643370654,
   -1365.0705139056267,
   -7253.329971358644
  ],
  [
   -12614.178654844607,
   755.8172827760737,
   -5029.471625579379,
   -1063.0024287738884,
   -126.65446786773266,
   -1364.5755607736005,
   -8408.306755275624,
   -4247.122012260689,
   -1705.1228441766195,
   -2397.5674678837254,
   -5327.76405056824,
   -3766.9386689476305,
   848.3128301504518,
   -3699.4467732648673,
   -1272.586365359814,
   -9494.066764217074
  ],
  [
   27.36860290023252,
   -1159.9248955629703,
   -2400.0484808239685,
   -1039.2811840942081,
   409.211122963618,
   -1743.5405419594679,
   -1343.005929279704,
   -1893.5284676397184,
   -5256.06622256767,
   -8302.3170560351,
   -1322.1371480199095,
   -1453.1224074848478,
   793.5364486659591,
   -646.4179358244845,
   877.1509088830114,
   -1705.5229942754377
  ],
  [
   -2760.7068646413254,
   -582.1561468310315,
   -207.60955180778316,
   -489.3989449858235,
   -456.62410060535376,
   -864.7667909021397,
   -1707.8170114703692,
   -689.8396275662093,
   2813.1077152089965,
   1635.8125940020786,
   -846.7649014316287,
   -63.317571360549586,
   -1740.414215208555,
   -3366.9621908071144,
   -2477.7568937648807,
   -3062.720407600355
  ],
  [
   -9761.8118332832,
   -394.21038040179826,
   -3223.7244428984186,
   139.39466263045014,
   -82.75115030255607,
   -1106.8141237721597,
   -4309.567696108259,
   -1910.0287550199678,
   1212.7736785892114,
   -752.6401618319304,
   -2248.3820474230474,
   -1380.6190421374772,
   1127.6212195296062,
   -3227.6567784261474,
   -286.35336334494446,
   -4317.958217409164
  ],
  [
   -3645.3114159338656,
   -3881.0910332627896,
   422.1322411879986,
   33.7182028942202,
   300.2130358741225,
   -1506.339664283377,
   -1235.1068238790394,
   932.5152169404178,
   -7402.921094273964,
   2341.1818039576137,
   714.6166270803622,
   138.7925277601654,
   -4530.839189550229,
   -1616.907583720755,
   705.2025671064548,
   -2450.6406432336657
  ]
 ],