{
 "input_nodes": 12,
 "hidden_nodes": 16,
 "output_nodes": 20,
 "epochs": 1000,
 "lr": 0.8000000000000003,
 "output": 0,
 "epsilon": 0.01,
 "synapse0": [
  [
   3487.0972354150385,
   2945.1930319364214,
   -1323.1920113406677,
   1825.0343903791115,
   -1534.634837408394,
   1356.6722506363183,
   3571.823786583576,
   -1642.5100335170537,
   -1992.91446797087,
   -3326.5283641863775,
   849.3999500736024,
   -4853.015031208206,
   -1425.9220778859915,
   2395.9300609426605,
   1443.8395656673686,
   2178.784424715283
  ],
  [
   -1761.6643520895443,
   -6687.054713714153,
   263.50834137614015,
   -6108.34822710633,
   -4904.486604625157,
   -6669.886679455934,
   -4140.141139422901,
   -10529.68693290765,
   -1808.5626176224437,
   1851.5036186836771,
   -6298.420837086284,
   -1157.2596237768753,
   1828.0035661144461,
   -13281.146172326095,
   -1712.4970636692851,
   -7924.448138153311
  ],
  [
   -398.8677280358005,
   583.077338693833,
   -2617.9163086460126,
   503.50979832729223,
   2470.318403994807,
   -916.4024189981405,
   -388.455182666768,
   17732.393602054384,
   449.85326447542997,
   -1026.2132606543903,
   2694.093900941796,
   -612.8765100422439,
   3217.707540450271,
   8292.696351433699,
   2126.5835604304166,
   1991.3142407719456
  ],
  [
   -2320.053334636368,
   -1598.7919517832152,
   4907.3210162820615,
   4299.962976374386,
   3831.853388744429,
   1862.2677925218152,
   1766.4450337911053,
   13246.679324217163,
   4146.239347942008,
   8739.51932920146,
   -1658.249532558347,
   3567.5954498071296,
   1615.1055129073475,
   12180.143636959127,
   -2242.695531881928,
   1572.442233953038
  ],
  [
   6014.336985973855,
   -1993.5277196485429,
   -3855.8058700329934,
   -795.107814485927,
   -4819.355379243357,
   241.208265600065,
   3915.7894755764964,
   -1386.1218697459778,
   -2460.2025182919524,
   -6301.022767769103,
   151.45949816628402,
   -10818.3788706686,
   -1025.23920924964,
   2199.2010776789284,
   2738.885662871789,
   140.88236006127923
  ],
  [
   -4526.520832900215,
   2179.9948298262793,
   2216.936790594432,
   -676.037053395813,
   -8437.202847881685,
   897.2071634722732,
   12.792786505328081,
   -9330.18153213554,
   -556.3288036609032,
   -6784.655473653685,
   -1254.4197180567073,
   1345.5747251475289,
   2153.0068140803273,
   -5416.042243114123,
   -701.3588654314985,
   -5933.086918581574
  ],
  [
   -4976.823914410936,
   -2035.8768176753895,
   -1219.9511772686226,
   -4226.131097862517,
   -5525.648311800356,
   -3799.3347453346096,
   -4373.876482657893,
   -8444.478059369732,
   -3204.24046205053,
   -6982.939454154477,
   1213.1636777348085,
   -7543.926864508331,
   864.6026099580698,
   -4275.72076330812,
   616.4346217447306,
   -3862.1259709788546
  ],
  [
   -5339.50803105687,
   -731.7950142715486,
   -520.3916506609045,
   -4580.5090707054405,
   -21041.241892333437,
   -325.29954668473414,
   -3110.420577976212,
   -15045.538091920444,
   -4968.848220965528,
   -1054.00938043002,
   -2203.704613571749,
   -13928.573698206867,
   -3547.471141164998,
   -22316.17251928588,
   -5615.342063632624,
   -10551.389724477725
  ],
  [
   2375.0669214302347,
   4223.476472090489,
   2983.072920730013,
   -2095.8596473282846,
   -478.3382856298697,
   2321.939681988978,
   1174.082512379716,
   -6553.023038524994,
   1547.1038782330247,
   13707.36000948016,
   2012.260488548868,
   -1534.181779885573,
   1637.3184056433433,
   -9330.886913027212,
   894.0920360252944,
   -885.9773564513455
  ],
  [
   4787.417953662498,
   -5311.746142688352,
   -3969.7547048257684,
   -1577.635889564481,
   -6158.215356626583,
   -2867.0675333225763,
   -1774.4431961019748,
   -9482.615607756105,
   -2547.6168536054306,
   -2952.481250586157,
   -5472.8894097314,
   -6581.556298672128,
   -1216.3816309382307,
   -14735.170860866907,
   -3638.736157204968,
   -2838.232166209618
  ],
  [
   649.2497219619712,
   -4217.983534497797,
   -2203.99128612408,
   -2113.7253115625062,
   -8966.764251562741,
   687.8785308014595,
   -1477.9242671337297,
   -13437.295382502625,
   1261.9931995285665,
   -15522.118183631432,
   -1319.6448135614578,
   -16296.892946436825,
   -1724.765680211625,
   -7272.727694275766,
   -908.1770343635769,
   819.6262781212661
  ],
  [
   -3754.2077896173437,
   4655.283184810133,
   658.7858358703913,
   -329.10961060920073,
   8466.396412185612,
   1861.7602535497156,
   -364.5066068132834,
   -8223.49432386506,
   -2895.156868383569,
   -7609.854976931234,
   5303.527252235013,
   17360.77338532324,
   -276.10687434602386,
   -1529.8410287404822,
   5187.3918968242115,
   2393.402003200934
  ]
 ],