{
 "input_nodes": 12,
 "hidden_nodes": 16,
 "output_nodes": 20,
 "epochs": 1000,
 "lr": 0.6000000000000001,
 "output": 0,
 "epsilon": 0.01,
 "synapse0": [
  [
   -2445.5295801996613,
   -52690.46881618206,
   -12849.786632243262,
   -3824.372168798703,
   2423.4401507270745,
   -24659.50731945288,
   -5168.89166901249,
   -5263.710684107101,
   -11.916234675319348,
   -13071.0277149655,
   -7477.909112292585,
   -2808.6600148381253,
   -49637.066782787704,
   -3053.322237110848,
   -15.509315784698819,
   -3949.6600476662607
  ],
  [
   -7347.676631818803,
   71802.43032302753,
   11897.617137786418,
   985.6592394121817,
   -7531.280375311034,
   37688.76174605436,
   -6290.094756739093,
   1465.1430250678707,
   -10346.66204044091,
   19154.739962592415,
   283.68902716979767,
   -2917.0082227748253,
   79142.70907082253,
   1284.8298493533384,
   2067.074912712925,
   -9921.867411127012
  ],
  [
   -2713.299366514938,
   -8139.400568167973,
   -8991.69578032538,
   -5110.162434044859,
   -2681.7543558330103,
   -9682.286657349841,
   -14908.086133709081,
   -3183.5073879591678,
   5047.606262173887,
   13159.291810808534,
   -15629.754462427089,
   -7350.677617232174,
   18548.72773641006,
   648.3579509382809,
   1957.530274122856,
   -10705.425070957876
  ],
  [
   -12178.368365527076,
   -52551.931490456125,
   -10246.910022677355,
   -6236.242459077682,
   -1403.3469361162436,
   -32378.32509179344,
   -21389.245484679388,
   602.0180016189256,
   566.2492660583732,
   26263.860717507272,
   -10836.354951730766,
   -7461.884007579723,
   -43159.12521640081,
   -5250.905910744332,
   824.487403938649,
   -24322.397678307072
  ],
  [
   -14572.611632027456,
   -68867.01791463455,
   -19733.985435600196,
   -1996.3098447758155,
   319.4770716129622,
   -40769.694918800575,
   -16217.18338922884,
   -5076.337840545602,
   5544.4257294170775,
   1807.8824223353115,
   -13305.542235120858,
   -6301.9923646649295,
   -54333.04579422787,
   -4804.740744315291,
   1117.832851616237,
   -8964.354158059508
  ],
  [
   -26816.848907020823,
   -15897.472109915909,
   -13343.623210455617,
   -2229.445831712033,
   1888.3765388444178,
   -16430.085705150308,
   -13801.741855997603,
   -2575.684530524434,
   -15967.434886677438,
   -3229.9956285016797,
   -9993.108748670771,
   -3284.0187218908072,
   -36789.414722841946,
   -11841.779041713477,
   3054.2713697540266,
   -14515.709833073028
  ],
  [
   -11744.69264196182,
   1649.3578562997534,
   -12592.80210331386,
   -6069.793725764505,
   287.91922761186356,
   12184.839707673325,
   -15529.644452301829,
   -9755.467790632905,
   -1819.5589234435568,
   -869.9415022237791,
   -14049.627977086522,
   -6211.062894131258,
   -13122.085730550247,
   -4789.048007209965,
   339.1306662993472,
   -23543.62946329282
  ],
  [
   -35678.9119326733,
   3883.90190906102,
   -15080.586453525368,
   -4475.005759643766,
   1457.2667984070713,
   9908.743840017029,
   -26096.4029498844,
   -13184.487314584812,
   -2199.290505926787,
   -29142.856800035894,
   -17111.34181535197,
   -12490.485094915135,
   -5309.571706989608,
   -9818.515437593856,
   -1402.4192519678627,
   -33020.4215095775
  ],
  [
   3988.1790213867685,
   -14178.458688922892,
   -11930.40411029602,
   -4834.300554567071,
   5588.410264748878,
   3849.7311830836657,
   -4214.656856577084,
   -5610.638109441885,
   -25721.488124091415,
   -60681.31241862576,
   -6789.220711365942,
   -6010.082403602903,
   -21094.82659062752,
   -878.3583893880916,
   -4502.620109160759,
   -4365.510113030858
  ],
  [
   -3810.735863791655,
   -16790.257498181116,
   -4342.215783458863,
   -5013.033680362787,
   -2811.4690601082825,
   -21852.707573355212,
   -7802.24022097539,
   -907.5012377165201,
   6771.032905688326,
   21420.445047734247,
   -6332.7231376119325,
   -2374.1085901761867,
   1144.6810703251851,
   -6020.813610944569,
   387.8952591059915,
   -10622.855316724923
  ],
  [
   -23103.98174690844,
   15932.007395556378,
   -5947.5953761293495,
   821.6170688983003,
   -1726.9219062338095,
   439.2735846334974,
   -7852.53112592581,
   -4230.839247172775,
   1429.3103911565154,
   -15758.166806747508,
   -3042.282383833864,
   -3011.8984792883075,
   16979.2002576481,
   -7836.331572424967,
   772.8921311200609,
   -8584.774679922382
  ],
  [
   -7605.901276580309,
   -22967.272025484886,
   -1075.1035891400306,
   -295.67043338230155,
   1360.6952053233517,
   -13523.819724420138,
   -2157.2071916795367,
   3050.205007083872,
   -22606.956617602096,
   4770.185207884636,
   2600.889625802392,
   530.3059687168071,
   -40404.506783893296,
   -5048.760126547481,
   1141.3757475011944,
   -5874.718227347356
  ]
 ],