{
 "input_nodes": 12,
 "hidden_nodes": 16,
 "output_nodes": 20,
 "epochs": 1000,
 "lr": 0.5,
 "output": 0,
 "epsilon": 0.01,
 "synapse0": [
  [
   135.14404167798358,
   -34.806683139128275,
   -34.2359456509902,
   -1355.1645446001712,
   -1645.1238424946844,
   -2528.0796657963383,
   556.3150751727768,
   434.07446765096483,
   -1253.7243018424379,
   -1075.2147595624333,
   -2070.78301279298,
   -6177.095709345626,
   -4061.6001169998112,
   -150.89127390273836,
   -710.9711597952769,
   -625.4602677311834
  ],
  [
   -279.42620192609473,
   -415.7270119670943,
   -658.8498169958176,
   608.124048583696,
   -242.50516357682196,
   2037.6047757048723,
   -1541.265366966526,
   -306.66859297935986,
   346.73809554831666,
   -406.31037946434503,
   2040.04774613102,
   4074.178858018189,
   2032.5372193603148,
   -560.7737125148262,
   629.0532485802194,
   -883.4250316193867
  ],
  [
   -81.30178752388,
   -644.798042310251,
   1245.6259173192875,
   -1680.3867947014755,
   -4318.0230959600485,
   -529.3186823846842,
   -531.7286926705553,
   775.4766638816151,
   -1526.480862943542,
   -2900.278090508571,
   -969.2730979126192,
   -2233.0258347137496,
   2824.1833267420634,
   267.1891834214192,
   -1260.796263105935,
   -13.839831878539625
  ],
  [
   -171.25720182114853,
   729.764162268592,
   732.9906301802722,
   -34.901894262420775,
   -2216.7223159337104,
   -2929.9740976518797,
   -1077.293813325278,
   160.33813043702546,
   -832.9325950566123,
   58.277301142787614,
   -1063.3791351003529,
   -6313.200900729375,
   -5124.091767105357,
   -100.80621184081915,
   -159.13141158144748,
   156.09232594966585
  ],
  [
   265.50540385830675,
   653.1576474655662,
   1233.5658914417845,
   -330.9576655346298,
   -3969.529139955355,
   -2547.158180256577,
   -490.6682021566264,
   -2203.401115732284,
   -1615.8655875993786,
   2812.5454168410574,
   -466.9427104041372,
   -4526.138334794143,
   -4928.0542387468795,
   -1104.3763959048351,
   -521.8883408716223,
   1454.6698918855243
  ],
  [
   -436.8645232568189,
   -806.5479482007935,
   43.364440309191124,
   1276.673772142151,
   168.185374587846,
   784.1365343400148,
   257.8448138919612,
   689.8239185396313,
   3.8640223249060544,
   1053.5821609310847,
   127.34366684972781,
   -636.7514207175531,
   3644.889067230534,
   1124.2669717822123,
   270.7364995324501,
   -1138.5624248052368
  ],
  [
   76.87320675191174,
   66.98115415172474,
   -465.48758610329685,
   -336.7431307109813,
   -4335.039994252843,
   -12.787008145951198,
   -347.48096275036943,
   -307.10574166231083,
   -1155.1970833989537,
   -402.54149320640664,
   -222.21390097706515,
   -613.9873402074134,
   -2393.4571632354587,
   -1208.140538687904,
   -417.89597790259216,
   708.5483896033436
  ],
  [
   -277.13621445229876,
   -158.6634446370692,
   -1421.9505087708096,
   494.1267346009637,
   -3569.553224065206,
   -1194.8542701820973,
   960.6999367052011,
   -831.0491873274285,
   -488.6147639381228,
   -1458.0810908971278,
   294.15963876690324,
   -3679.6789869852746,
   -6813.275094982985,
   875.7756066919375,
   -302.5360164534425,
   653.8362357728696
  ],
  [
   465.86852124439304,
   148.93634100246763,
   -2028.3359663365552,
   -1775.4842907970108,
   -1348.7122753831666,
   -1298.6517683962022,
   661.404738529535,
   -735.1910061293847,
   -1257.051561747186,
   -838.2549731048816,
   214.93193102448038,
   -4820.333569768263,
   -8570.159408535721,
   -121.68355586911002,
   520.4421699588113,
   -2035.7584991680444
  ],
  [
   601.0942136574466,
   140.66340167067358,
   481.2120609702115,
   191.39990225093763,
   502.34965171135974,
   33.00741951153332,
   335.8198897656077,
   -125.39255396343566,
   -451.86839536594937,
   271.2005608111304,
   499.5298417661732,
   1089.8655636386547,
   2392.364431847608,
   487.30607622201205,
   291.0177973071742,
   -160.8539171797099
  ],
  [
   -148.4962739150096,
   -107.42421000881731,
   -1194.906886872162,
   -3030.119013330133,
   -5636.6286118262,
   -179.85689241847322,
   -220.25786148946904,
   -416.9875512681938,
   -3187.6924467692197,
   -5529.533403796612,
   -1767.3034566593738,
   -10374.242259935365,
   -11759.479360270418,
   -2516.9315464451875,
   -257.4190288501576,
   -2195.1655798612414
  ],
  [
   -95.24042539750376,
   394.45256601260564,
   1228.2869143869577,
   -1428.9488425161123,
   -3833.236625303564,
   -1097.310829254313,
   855.4220542493481,
   -2502.396428480774,
   -2969.764407192602,
   2834.092633671605,
   -1389.863191228725,
   -7483.853783615728,
   -1685.5980737155987,
   -1471.2487289875548,
   519.2243782261934,
   -891.6908483607197
  ]
 ],