{
 "input_nodes": 12,
 "hidden_nodes": 16,
 "output_nodes": 20,
 "epochs": 1000,
 "lr": 0.9000000000000004,
 "output": 0,
 "epsilon": 0.01,
 "synapse0": [
  [
   3491.303622187545,
   16941.286560633715,
   3274.974228534531,
   -590.1306654607853,
   11544.919164953046,
   -8712.08808807354,
   765.2890066963657,
   -1663.303026750025,
   476.67219091046445,
   -5594.219545569199,
   -2941.212810668004,
   -5439.205928440073,
   11942.07026091647,
   1952.6657589049257,
   -12565.609985672638,
   -14175.07831067889
  ],
  [
   -4224.182829024571,
   -13583.565164111402,
   -1591.8837724034556,
   -4628.126375358796,
   -12613.56980551173,
   6572.988588644588,
   -33.113614370382024,
   -4752.552055690168,
   3206.5584298114645,
   2548.7811686436135,
   -781.2690153884704,
   -65.15524397744528,
   -8484.860675009133,
   -3212.411604867893,
   6430.48863581346,
   13912.590730059874
  ],
  [
   9330.311572501807,
   1962.7197745617705,
   3531.142204009041,
   4535.129938748181,
   -3246.3647283404302,
   23623.00382462075,
   -6176.855490922064,
   -28266.777035716586,
   -6076.848233586747,
   -14438.752917839192,
   -5453.190767839556,
   -13413.887386285607,
   -8329.014755481838,
   9674.43562352287,
   -9855.022960378483,
   -29906.14572164183
  ],
  [
   -9545.983129096001,
   -22828.107244689127,
   1471.4714598858573,
   2648.7112050048327,
   -13114.317023964759,
   -49889.607883252305,
   5870.942958663384,
   -22376.325035580565,
   -1877.1174428663073,
   -14876.939157339622,
   -4049.5190007665483,
   -11727.848178235687,
   -12751.697651506422,
   8171.814347517755,
   7270.292229994675,
   -30824.267160202104
  ],
  [
   3735.5760218007554,
   -17667.41624205797,
   -1402.3655844249513,
   3533.3441188103475,
   -29370.785875158588,
   -9568.598715851049,
   -2192.7028566952463,
   -24813.885295725315,
   -4105.038445404094,
   -16996.99011706985,
   -1648.7851052356193,
   -13829.487343192974,
   -2097.048194796271,
   -1405.9046927318445,
   10808.308563777364,
   5334.072486431366
  ],
  [
   -2022.6822968217584,
   4733.996663987638,
   -2541.138294270852,
   2791.9187041598293,
   -7004.8975006799665,
   -10631.181334008912,
   4820.95365043312,
   -31118.03884369216,
   -4985.010895196351,
   -20100.747170057508,
   -12472.326487535945,
   -21599.487501871714,
   -13552.636295517887,
   13214.054509988648,
   -21065.011993011234,
   -41010.2980115222
  ],
  [
   -3092.500829073163,
   2144.8360067040235,
   1031.6904821153737,
   -1118.760532746022,
   559.0382162322637,
   -14867.596611789775,
   4448.584990940372,
   -3235.6960850537016,
   750.8620783677048,
   -6111.601127637907,
   -3575.903204355131,
   -4431.157162683972,
   -4444.60028347779,
   2244.208832455996,
   -1187.1901478125817,
   -17221.938459832574
  ],
  [
   -5256.858508305573,
   2137.5274626678593,
   828.3569498937528,
   -4407.45055431132,
   -1529.0576197667028,
   -1388.9547359480684,
   -3120.133910370979,
   -2613.7537296063265,
   8941.808116658614,
   -4839.100048531255,
   -1800.9411841156702,
   -5934.438220429026,
   -11853.320197567942,
   -20618.31580774799,
   -2268.4543890438486,
   -2466.9796044273157
  ],
  [
   -1388.1957096280798,
   -27014.08196549796,
   -731.1989474582873,
   -2198.553708424659,
   -17962.721585833646,
   -8276.039255704933,
   -334.6020413805756,
   -29191.9257020715,
   -13567.61127893309,
   -16938.242776824714,
   -4566.742872116439,
   -12026.249899262479,
   -3931.158681206023,
   -16822.47754907248,
   -10464.445743666203,
   -31112.715097383152
  ],
  [
   -59.06100673829838,
   -18577.453147792785,
   -159.07663695037772,
   -8267.80560712692,
   -26710.503276673182,
   7357.978380999075,
   -1302.7523883291062,
   -15033.157709075602,
   190.57248071626313,
   -3986.2332456642716,
   -7681.46546387281,
   -2702.9961763252136,
   5378.734731022737,
   -843.0990641852236,
   -391.3603249955421,
   14607.19856410626
  ],
  [
   746.398835892356,
   87.80866405712136,
   -3121.226383322509,
   2395.121334934846,
   -19577.32452791496,
   -20318.268279627122,
   -1331.9552715434786,
   -7950.681187873009,
   9272.134960781721,
   -2598.31806652854,
   -348.9520785314256,
   -5733.443335281756,
   -6636.794476889336,
   -19482.809594185357,
   -1270.94052719066,
   10839.283508008628
  ],
  [
   -8397.684425011705,
   -16849.806757172588,
   1528.1102394555062,
   -9275.089558370437,
   -26180.3589921751,
   -12078.098266902223,
   282.4160629640596,
   -28988.852932201164,
   -292.6191606532295,
   -14307.94840140843,
   -4840.11677778124,
   -8919.079770341623,
   17881.67111588728,
   -33706.072855880775,
   -2089.4724978919185,
   6465.134734172524
  ]
 ],