{
 "input_nodes": 12,
 "hidden_nodes": 16,
 "output_nodes": 20,
 "epochs": 1000,
 "lr": 0.9000000000000004,
 "output": 0,
 "epsilon": 0.01,
 "synapse0": [
  [
   1773.6758025096208,
   7793.52476210177,
   1277.3426728320587,
   32.104093332345414,
   4293.8968034531445,
   -7001.539562870471,
   -1689.3884007304484,
   -3990.9844307183853,
   618.9804273497595,
   -5490.553524274798,
   -1814.0236324549871,
   -4695.596151805558,
   2397.746414536372,
   1940.4976583773414,
   -8152.238642066241,
   -6269.470987507627
  ],
  [
   -1896.7471986103894,
   -7496.352995100226,
   -1251.598954876698,
   -2722.8995081577036,
   -5946.101387519653,
   3656.1199218777383,
   1106.9544455914183,
   -2058.187345470606,
   1628.688248653824,
   2003.8274655870491,
   -331.22043109077964,
   328.6678248441442,
   -1019.1411701148828,
   -3750.9086805811166,
   4872.371222437357,
   4192.022136720577
  ],
  [
   7323.555008062868,
   1265.0066295724675,
   -65.57928388350453,
   3312.5508768964946,
   -5464.984216842563,
   4731.792095776873,
   -4706.859422510861,
   -20218.422590799095,
   -4192.194519028832,
   -10930.725129066954,
   -2422.338858675571,
   -8866.254883204945,
   -879.9377343835004,
   -307.8505145531024,
   -4534.314318791358,
   -15147.870775837735
  ],
  [
   -3708.315269620332,
   -13689.612162427977,
   1029.46836061195,
   1383.3884494021374,
   -14904.407857452268,
   -19517.40323682239,
   1563.5047606310145,
   -24096.32532929584,
   -3837.265840567403,
   -15309.647505542038,
   -2235.631379655801,
   -10472.417471848872,
   -4942.831989715145,
   9009.348308226357,
   2209.35386832131,
   -15416.458423900545
  ],
  [
   260.331917725786,
   -8617.34409476703,
   383.86582153835286,
   2355.5602760658185,
   -14129.308142669179,
   -4591.066492480781,
   -2804.8817400192265,
   -17003.81848884148,
   -2859.156164991786,
   -12601.108034478339,
   -1183.8631724767574,
   -9484.168294810404,
   -19.031918655628758,
   -3779.466002914037,
   4479.627648197625,
   158.50772846659981
  ],
  [
   -1138.6140113650092,
   -2651.393571512376,
   -1179.355824580537,
   1078.128587728586,
   -4995.560786701238,
   -9049.898227289226,
   2749.910831734226,
   -19525.25669631011,
   -1364.3916311660028,
   -12130.641065353253,
   -7443.988656028268,
   -13374.861350891295,
   -3873.956045852005,
   6679.885183550793,
   -11266.816281107956,
   -18331.283721805874
  ],
  [
   -405.3514826036512,
   753.6083178013608,
   1456.2214033812768,
   -918.925810146247,
   1742.1152678411747,
   -1975.3406576046784,
   2332.6784936202707,
   -3754.9403836886245,
   -394.43868688615186,
   -4630.188112812083,
   -2816.2930920390286,
   -4060.0742255309715,
   -2374.8835134874394,
   2996.9294732061358,
   -3061.082259258726,
   -12059.848078726729
  ],
  [
   -2180.1433214852,
   1814.083292635813,
   519.1460280893685,
   -2504.4707778411967,
   -3777.3874082590496,
   1433.7571945507134,
   -3422.3186966929284,
   -1700.668493810694,
   4509.514411269818,
   -2027.6706190241966,
   -485.9130186800306,
   -3337.1333526504563,
   -4079.2805269648343,
   -11989.30586529549,
   400.4606580650058,
   -4381.489790832392
  ],
  [
   -633.5691651612312,
   -12868.036514049689,
   -1013.4821622059693,
   -2642.4679054018575,
   -13319.916625732218,
   -9331.089858566786,
   -1025.1816633353214,
   -23124.58210066308,
   -9487.966115773419,
   -14238.770002816764,
   -2439.4815482637296,
   -8918.983589913407,
   -1805.498814812104,
   -10716.44432762502,
   -4005.2638435719805,
   -14441.996686146813
  ],
  [
   404.3280997114047,
   -3404.7455061785204,
   -246.89935154597583,
   -6309.7682553356,
   -11698.030432807673,
   3656.369817426273,
   -1351.7731164318102,
   -7029.040986638145,
   1567.6516724029534,
   -1631.1412680899666,
   -4316.378562439465,
   -761.2181048871005,
   4068.221187614249,
   -150.31841329936816,
   1240.393805082348,
   5869.366130385377
  ],
  [
   -1840.6253095817112,
   4090.3092941506625,
   -543.1561576840461,
   146.81402844805675,
   -9624.905390862154,
   -13144.621590222074,
   -393.214220184607,
   -7394.66417214695,
   5478.638622649274,
   -4380.827659267973,
   -248.54740931404942,
   -4035.8469346941465,
   -1730.359688867558,
   -10202.963058608932,
   -1987.896999110688,
   6825.7350219378195
  ],
  [
   -2872.1659024989367,
   -7861.261292290123,
   315.68143290644775,
   -3407.186427533597,
   -8105.493507037201,
   846.8456315769914,
   -1624.400043985808,
   -17765.913104554835,
   -586.128929392418,
   -9847.5386843901,
   -2408.776002961442,
   -7041.597341933758,
   6099.42874044698,
   -13954.718031825829,
   -1527.6842870276885,
   1883.358718867914
  ]
 ],