{
 "input_nodes": 12,
 "hidden_nodes": 16,
 "output_nodes": 20,
 "epochs": 1000,
 "lr": 0.8000000000000003,
 "output": 0,
 "epsilon": 0.01,
 "synapse0": [
  [
   -3261.1729194697655,
   -118.75114868567454,
   -7278.542942557769,
   1391.8751574465034,
   1523.4522240651047,
   -8400.418282216922,
   -2212.288536140698,
   248.47833078726987,
   -1531.8277960265914,
   -3363.5188328880536,
   2643.9629640506337,
   -1676.6582639215903,
   -4867.556151718211,
   971.3925774929274,
   -5790.355644822907,
   -1778.581615150766
  ],
  [
   -9369.268865362375,
   -1561.2273966623595,
   -4714.864819893507,
   -3615.0876885560083,
   -8795.926281054368,
   -107.48972202078025,
   747.0845586753541,
   -2475.5061100851703,
   -562.1426452785026,
   279.96070119894586,
   -4363.73730255985,
   -227.166444751734,
   -1044.057138296715,
   -1283.6968402480684,
   -14130.122581492009,
   1264.168480032873
  ],
  [
   -1263.0303779746273,
   2067.3639713335997,
   -10878.720621160996,
   -796.3665953626911,
   -1458.150776385867,
   13071.502742121274,
   721.4182265090732,
   -1597.5763797167094,
   3009.253791424812,
   1.4987807308634216,
   -880.9888446141765,
   2559.3033627241116,
   1742.437558255389,
   -507.0259574588798,
   -16769.691755992942,
   -1895.0876748233225
  ],
  [
   -5183.362919240987,
   100.97134336882542,
   -9230.315813267469,
   1762.4835071934137,
   -3769.8627902710296,
   -19542.59070498505,
   2930.1363807309294,
   1694.9180141405557,
   -6112.313680122618,
   -1693.3595738784686,
   -1821.5257449926687,
   725.2527699634394,
   -9630.27064672949,
   -2749.1352834695244,
   -4173.462585136914,
   -3910.625219448414
  ],
  [
   -2391.319505200346,
   173.01300349340087,
   4550.572052808374,
   669.5865344789638,
   -139.15640234787537,
   2893.9671437179304,
   637.096050994576,
   -4810.626813715125,
   -3784.915372079663,
   2436.8448771783296,
   146.17494692100664,
   -1536.3206839445975,
   -1699.0143708231237,
   4642.21169389939,
   3380.1040111764564,
   1515.0647386117191
  ],
  [
   -7966.104206934518,
   3438.1963013324385,
   -4052.6561130953182,
   -1540.9701471039293,
   -21667.782503929382,
   -10706.865500091366,
   -801.5424795413167,
   5192.261346233863,
   -1340.6570831062793,
   6339.736653422348,
   39.63966436210718,
   899.4906884016476,
   14340.596432542217,
   -3033.1790209894457,
   -14190.139956258887,
   -245.36083956097684
  ],
  [
   -3253.7546799822344,
   -1337.5001231856702,
   -2932.319395095627,
   952.9223155636128,
   10355.643193588952,
   12718.309463761716,
   241.09864559570232,
   -4586.686054496247,
   -1087.1382242309194,
   -6013.076738223931,
   -260.9080747846548,
   -1320.656518875396,
   -7919.750503651648,
   3413.7344282832064,
   -3835.247375289402,
   1112.9787355985297
  ],
  [
   -20916.85268861957,
   -3344.892440543977,
   -22316.4727437064,
   -1200.7789654872965,
   -8992.821860017759,
   -29189.0476635946,
   -3932.6603754543767,
   1772.3176766847914,
   -6339.557220025056,
   1074.897299290965,
   -636.7576214062701,
   -979.9655433444362,
   -4588.835719770658,
   -8.062296840621595,
   -36536.74375378298,
   -68.86595914876092
  ],
  [
   -7794.195731969727,
   -77.37671130002452,
   -6332.400352655112,
   3077.3926957753133,
   -4624.239825377369,
   -10572.781442425854,
   2312.690292782346,
   695.0151733556118,
   2211.1412198109606,
   -945.9858550048933,
   377.08406749976973,
   -906.6534489330586,
   -14549.14657764751,
   -3562.9347901661918,
   -5235.059891766222,
   842.420531152674
  ],
  [
   -13799.36408931557,
   2619.284498045201,
   -17087.02813841627,
   -3647.6725134182675,
   -3346.9617263618434,
   -4320.493242169628,
   -914.1467644138493,
   -1437.7423491503662,
   721.7959979725874,
   -5011.271958598501,
   261.9290589848213,
   1121.0732126877735,
   -11922.630395409033,
   -1441.5123453067865,
   -19119.05291416332,
   -578.598700746606
  ],
  [
   -6875.750221800772,
   225.15377901229002,
   -4804.3858508363855,
   -2577.987342875595,
   -1417.8698295945048,
   4777.431961250127,
   -984.8661114602503,
   -2934.3050898658234,
   7259.640882064639,
   -8442.790328097064,
   746.2369199647663,
   -1546.6304186675231,
   -2766.483302775663,
   -3448.89532479997,
   -8464.915486402046,
   -1051.9386983650352
  ],
  [
   7378.741627773334,
   -520.500739134424,
   7158.533953635024,
   2802.894440245152,
   -1527.9152946520614,
   904.5725887478894,
   -1624.345529401639,
   -2982.9155280590603,
   2401.286639515624,
   1713.1214771282357,
   -1611.7735453921748,
   1801.9371909799443,
   2567.847796380532,
   -586.0316822819943,
   17862.62401600175,
   -598.6440799967634
  ]
 ],