{
 "input_nodes": 12,
 "hidden_nodes": 16,
 "output_nodes": 20,
 "epochs": 1000,
 "lr": 0.8000000000000003,
 "output": 0,
 "epsilon": 0.01,
 "synapse0": [
  [
   -907.8949968999102,
   -1887.363452190397,
   -3319.0654037161944,
   -3078.0525234787897,
   -2331.97101186514,
   -1348.2698089354456,
   -439.8940344751895,
   -1377.735249361324,
   -3630.155130937959,
   2633.6580021500354,
   -2340.0912702803325,
   1872.9066905253583,
   232.08530966249035,
   -3697.974093256331,
   -2935.3276080689075,
   -118.3452299832063
  ],
  [
   773.3615478725171,
   1567.3606109417378,
   4782.264812854331,
   -4301.224533799817,
   -754.6793717267261,
   -272.0533166844279,
   237.48792150762782,
   -875.1678448886338,
   3856.382516611319,
   -4079.4934870195198,
   1.7234116032642572,
   -5408.197459710279,
   -386.3178794991131,
   860.1651078714018,
   495.531127795486,
   -886.2507932832358
  ],
  [
   -440.0634353645384,
   196.3093021731931,
   164.92896676565672,
   -977.5504639536287,
   -3451.3975190294136,
   1183.2561360346808,
   214.3374433753024,
   131.56165845230376,
   -1193.536720946937,
   2963.805819561693,
   -538.7441812966525,
   4151.787145293168,
   -650.3438233193892,
   -1444.3820782970527,
   -7005.9608816972495,
   368.9183113276128
  ],
  [
   -1259.1427815266518,
   -453.90900258478206,
   -7864.933013585263,
   -7382.735990816074,
   -17429.039360837607,
   -34.950339682157164,
   178.97444565304386,
   208.62827506043402,
   -6348.227015290044,
   160.53701337651714,
   -1346.1747813192578,
   -514.4514986352581,
   -68.2450722201379,
   -8606.789732925057,
   -11011.93244228353,
   341.65802339882606
  ],
  [
   -268.31779569198676,
   385.26818502349346,
   -3371.9346236754172,
   1413.190288593944,
   -4408.7356085285855,
   812.6301589084167,
   -243.25090549874534,
   -814.1479083238811,
   -5925.923085436576,
   -191.59210501339305,
   961.9042179138083,
   1417.8313398278387,
   20.879814903613227,
   -1344.334895237487,
   -1250.8125059830352,
   -233.47237255276067
  ],
  [
   1016.5993457609875,
   1983.6110624255784,
   -4154.116436633051,
   -1498.7421068914896,
   -3192.202110967218,
   1964.7799249745317,
   -728.1173658646836,
   -407.6895082225864,
   -3592.7101024724157,
   841.0966912375363,
   967.3791525614836,
   -1217.2771443967276,
   -160.95746720477396,
   -4333.354574880696,
   -2128.2517506459103,
   -148.9864559985951
  ],
  [
   84.51593701942505,
   -336.87889538179786,
   -3281.04785200094,
   2558.0444805867037,
   -2352.8974147322365,
   745.1895342561043,
   -725.7208530165703,
   135.35885369700415,
   -2472.322054637137,
   -821.7994732402207,
   1234.0114435779649,
   -2521.826535001291,
   -1352.3911812003703,
   -10426.568094380651,
   -8576.002416441504,
   77.54593106559985
  ],
  [
   -1932.254560925635,
   -5952.934885673176,
   -1334.4595769296284,
   -5199.000500445855,
   -2409.255810689568,
   -3829.3876053107438,
   -80.90193505376966,
   373.40174807974836,
   428.9655258172276,
   -3736.4480055862164,
   -394.5864196418622,
   -491.87045837196905,
   -999.8455611701942,
   558.2622649229769,
   -2876.5041014564135,
   422.5022079212136
  ],
  [
   -482.5843919841555,
   -3897.0077190163424,
   3770.575058835847,
   -1985.9301814243593,
   8645.864831476723,
   -2637.2546361495665,
   805.098228361121,
   428.55790436941675,
   -7387.5150643536845,
   449.29116681250014,
   647.7750860809396,
   1916.99540914864,
   5.53550219090819,
   1014.8063909784894,
   3805.403250614273,
   98.47767243575275
  ],
  [
   -934.5900135960657,
   632.1190706179242,
   680.9861053172286,
   593.8775921305887,
   -2751.055258273228,
   -56.86282241303013,
   -288.08782355387456,
   -48.60092138504135,
   4664.539525288707,
   -1674.5472831597876,
   258.4164927465084,
   298.7990385980429,
   113.84655824571483,
   8922.624837248564,
   -4356.487502640191,
   261.18231442216046
  ],
  [
   -586.1667000601992,
   -1614.626076618155,
   171.5747337100148,
   -6536.1533125317155,
   -1372.9659611765098,
   -1314.4979198978442,
   -28.978272682025967,
   715.8406281632437,
   997.0144638731498,
   -1601.8215952284932,
   -2198.958513572738,
   -880.9362925421698,
   -756.9505067813739,
   -4669.821493248165,
   -1623.2370055147946,
   -309.6104059261744
  ],
  [
   1089.0692991482504,
   2227.765892789768,
   -5041.365370404874,
   8898.361158234798,
   -15471.908071769029,
   1787.1119400959562,
   805.2347194977892,
   755.7518553611518,
   -3231.669302312371,
   543.1705710565561,
   -680.3259311127856,
   -2197.648460707376,
   -1638.643548096022,
   2872.6155561618857,
   -1652.7898476726537,
   -118.49796066905925
  ]
 ],