{
 "input_nodes": 12,
 "hidden_nodes": 16,
 "output_nodes": 20,
 "epochs": 1000,
 "lr": 0.6000000000000001,
 "output": 0,
 "epsilon": 0.01,
 "synapse0": [
  [
   -5043.309444894072,
   1504.1423287403961,
   1608.59914969347,
   -7602.3973559533415,
   -5474.598086690166,
   -2964.067636761685,
   -4540.041889391011,
   -1475.5452633150546,
   -5394.461415823915,
   -2231.5473137154163,
   -472.182999623589,
   -4668.3799611209115,
   -2315.7828064540226,
   1194.6343708859101,
   -2781.785616801216,
   -2757.817131634121
  ],
  [
   1645.4545472991683,
   -3742.1922995450805,
   1343.1232281361945,
   2270.2234129251524,
   -325.1500101451727,
   248.2480758917893,
   -10110.63366258773,
   -107.58885098299554,
   539.8966331135723,
   3067.974017972818,
   54.6491450624126,
   818.0722168701063,
   470.29452389010976,
   1315.4840756427213,
   628.9459283949299,
   -2983.9712805696363
  ],
  [
   -3398.8023743547305,
   1478.0423555496545,
   1197.4344109672822,
   -7157.341028784928,
   -5141.148978245605,
   -5211.457733095224,
   -27295.373109540265,
   -3160.2165440694166,
   -4216.773061525554,
   -2807.310021396681,
   -3249.3061090775354,
   -4911.759895206082,
   -2597.891373117709,
   -123.17518345158729,
   -5613.670035213092,
   -7537.893451508323
  ],
  [
   2762.531354766932,
   -6868.568239142159,
   -653.5584345788753,
   506.8453108079208,
   95.6066036190228,
   -563.4816808433413,
   -31066.280154004555,
   559.4989684692869,
   2722.770314681943,
   -2497.9908304540118,
   -1243.9445866851163,
   968.3134440393894,
   1132.3865981851482,
   -511.7687938938966,
   1713.8962412902301,
   -10210.826908585761
  ],
  [
   -5476.064576104203,
   -4174.523178157021,
   4284.731335619025,
   7291.695927111437,
   -4782.1408685373435,
   -6452.216784233813,
   -13698.804250059553,
   -2255.226026163822,
   -6215.123063773555,
   -716.7620175065176,
   -1188.6276317385932,
   -8801.108003165327,
   -2782.882970416787,
   -1259.9989832734914,
   -2749.000986982296,
   -6707.837730139301
  ],
  [
   -3049.270663367541,
   -3510.1171626386795,
   -1432.0895341111973,
   -8048.548760715162,
   -6387.026396523202,
   -3363.049119151331,
   -16772.954922686826,
   -1801.1613413647901,
   -4673.544482621637,
   -1344.8258730272544,
   -2320.623938392066,
   -4794.114722229314,
   -1046.652151486669,
   -1155.9825656854644,
   -2295.110592432514,
   -4933.063247196639
  ],
  [
   -3947.9025473362553,
   2539.4842192705282,
   -37.71824843114976,
   -1022.5811356036794,
   -4222.894565839808,
   -3085.0763063270288,
   -3067.54920599241,
   -4601.649881253196,
   -6038.205981839552,
   1631.0912698893796,
   -658.4004776038079,
   -3525.6284472100424,
   -2520.911497080401,
   -334.140360940489,
   -5106.884895671101,
   -498.3990829163737
  ],
  [
   -2758.4116077014046,
   -2528.582577195332,
   -4423.508014416281,
   -8524.428528464534,
   -7325.279959678238,
   1182.7333488324073,
   14086.185892749156,
   -3136.1038071430503,
   -5529.084304332881,
   -81.29363353897492,
   46.02594879589923,
   -7559.758286091404,
   -1097.0102682493232,
   1305.4476035542407,
   -904.7649912171975,
   2256.3116668811667
  ],
  [
   -287.4621051625373,
   -138.62005511221955,
   909.2617645935956,
   -2314.6003538965488,
   -84.35816341586312,
   -2104.370720556546,
   -19743.29704495702,
   -59.3300717869704,
   -810.7754023565113,
   -2348.440583024164,
   -1098.5228016760755,
   4073.9674903630566,
   -314.72496556074987,
   -349.5072314434214,
   -1938.4544176833303,
   -4913.544957247669
  ],
  [
   -8307.256372606122,
   -2878.5617396030725,
   -3306.9596311262617,
   -218.94465723285882,
   -6844.535334493231,
   -5894.650188030443,
   -2985.5771970843316,
   -1947.8400718594303,
   -7658.40462862547,
   1933.742676673529,
   -1814.6018196156335,
   -4181.762693816912,
   -3794.2411542571544,
   825.5903075799064,
   -2220.6942941267425,
   -2242.3483799468518
  ],
  [
   -13840.327950945906,
   -3559.503502940853,
   -5024.611489227137,
   -16207.79496993746,
   -15870.417044700742,
   -7351.7154004156955,
   1015.1253192847521,
   -2960.7557891414954,
   -15601.52024108676,
   -4392.297336925016,
   -1037.1894046883367,
   -9679.31376759244,
   -5415.275019505142,
   -1188.6423333356804,
   -5441.883689613094,
   -5110.672033702
  ],
  [
   -2034.765393505019,
   2206.439287070181,
   -2134.581791520171,
   -1866.4427969507667,
   -1686.6492494024474,
   -3677.4202559026444,
   -9447.470109978854,
   2955.77937913786,
   1557.239756413531,
   -928.2337639517136,
   -1328.1278734822592,
   6115.365018642412,
   -445.59076148209664,
   2113.509455344657,
   -674.3929066479135,
   -3469.5135468475933
  ]
 ],