{
 "input_nodes": 12,
 "hidden_nodes": 16,
 "output_nodes": 20,
 "epochs": 1000,
 "lr": 0.30000000000000004,
 "output": 0,
 "epsilon": 0.01,
 "synapse0": [
  [
   -18445.35452519117,
   7522.257463997691,
   -9361.808044952968,
   -3013.7829349296803,
   4663.803517369816,
   3671.983869818966,
   -7296.6054360919525,
   -893.7509678791981,
   5062.022658012293,
   -794.9202827788625,
   -4874.256415858954,
   2687.215585760629,
   -6091.591077692284,
   -14233.34670018921,
   -13310.816437683096,
   1806.0325865366128
  ],
  [
   21703.30156613297,
   -8609.048083338641,
   -3553.216513787897,
   -1833.8412813016932,
   -19594.59811334709,
   -8446.411648732983,
   -1941.2925070460858,
   -3129.0141752236336,
   -13164.439718270258,
   -5980.453046628624,
   -10956.830424636606,
   -7659.21380095321,
   -4773.4774089543225,
   10524.252645322957,
   380.36433808290377,
   -8377.986719869543
  ],
  [
   -31739.49722107027,
   10015.937559631966,
   666.1800167246755,
   3892.4340557223572,
   5487.424095532242,
   4592.105914565289,
   2573.3408213890557,
   7789.457757511754,
   10332.469921352877,
   2509.512836273452,
   13225.717887397457,
   2312.1251709159474,
   10871.546769669965,
   -8207.194264230944,
   -32858.17590135785,
   6137.582846723377
  ],
  [
   -38496.22353766261,
   -13417.203069365283,
   -18238.121416929007,
   -3431.0999920351946,
   8965.15450340895,
   4836.255420516517,
   -2993.6316358635786,
   4501.739654855352,
   9689.683686419296,
   10425.591458640029,
   -1472.3846299882232,
   4285.770528056907,
   -16505.655509580927,
   -14575.784988036603,
   -50459.82402061584,
   1349.2191778021415
  ],
  [
   -16220.582941667551,
   5281.545455469686,
   -1325.4373032211051,
   131.03896922967908,
   9324.934573111987,
   3704.531091861325,
   10939.591113560218,
   4992.013082231937,
   6168.66734004156,
   5969.535690405492,
   5579.028646623741,
   1885.88038161367,
   4170.455959831815,
   -2260.7436486115857,
   59.45666607607222,
   5051.05445675662
  ],
  [
   -12722.721987272087,
   -369.0271556653392,
   -2168.2380415138105,
   -2298.736578783486,
   3355.312369708457,
   500.5334860596897,
   9053.042223681201,
   -1126.279230577659,
   3434.2933572788725,
   10913.926275719237,
   -467.8220876031267,
   3167.6301262787,
   -2970.371928324092,
   3450.4008783955187,
   2955.7631294309012,
   6279.84890367524
  ],
  [
   21439.279437648136,
   3399.5760375124464,
   -8827.975452346982,
   -4103.1725135932575,
   -37.136146636850036,
   910.7582326068142,
   2257.497186329845,
   -6894.132323558812,
   6249.079516710915,
   7013.539848081736,
   -2019.313055566581,
   2706.3813898941976,
   2013.1600925482346,
   -3338.316679759268,
   7296.403550865243,
   3163.9960645609817
  ],
  [
   -9080.847761246596,
   2140.87483870518,
   -19788.816534694837,
   -7508.528797951963,
   -11229.009823590926,
   -5176.533767380263,
   -9834.882414422964,
   -9200.847870379097,
   -15119.40414322805,
   -14160.006606385085,
   -14018.684781632477,
   -5851.040024013492,
   -6484.247608754785,
   -146.76197313933497,
   -5952.920758087125,
   -8119.976980754369
  ],
  [
   -15077.843250416938,
   -6387.2118597677645,
   -14014.85031387998,
   -6206.990301973617,
   3455.0855830249,
   55.084318412518996,
   5287.359024044419,
   771.8478629137686,
   2912.096489233182,
   6111.95530454094,
   2617.1656315009836,
   716.0982570929881,
   518.5174680765897,
   10407.728960306493,
   1862.5325399234557,
   5135.754367069579
  ],
  [
   -7137.509956282982,
   -876.6342403834612,
   -13385.25087850887,
   -5167.41456851268,
   -5003.453789935034,
   -91.07182362466781,
   -3133.1582878143117,
   -5047.173193363387,
   2093.5884384611945,
   1153.558829862446,
   -1108.1643152637919,
   -1353.6503698741562,
   897.6522278700913,
   376.304463076918,
   -6787.3385319015515,
   880.9502552772021
  ],
  [
   -26926.648217908496,
   -10986.513820810824,
   -23357.28901231094,
   -8801.033948159602,
   -11900.81284369532,
   -7832.918389153403,
   -23572.794141837927,
   -9508.645921216243,
   -14688.146561833863,
   -7001.550977238297,
   -27358.752959077694,
   -5639.150028622247,
   -33821.01948763347,
   -18071.763645009632,
   -36911.03076475774,
   -13056.43074827261
  ],
  [
   4436.1468011052975,
   -8406.249215183261,
   12162.852379745349,
   1929.8525725857803,
   -11519.646047211821,
   6538.895685401115,
   148.81467765298507,
   5666.7673169711725,
   4338.236714776634,
   2020.6448886277494,
   -32449.100922267535,
   6519.0393728192485,
   -28127.327323212954,
   -18166.499952119848,
   -8412.565078669873,
   3408.8801881183513
  ]
 ],