{
 "input_nodes": 12,
 "hidden_nodes": 16,
 "output_nodes": 20,
 "epochs": 1000,
 "lr": 0.5,
 "output": 0,
 "epsilon": 0.01,
 "synapse0": [
  [
   -9304.658668572953,
   4214.3490982435505,
   -7296.772366372005,
   -2197.569443362706,
   2824.321438685389,
   2102.665678154895,
   -4044.3415131017737,
   -2157.5532600988176,
   1693.5150592742957,
   -753.8959269501368,
   -592.8175181651287,
   1705.629757912986,
   -443.57468264376627,
   -7466.017475368905,
   -7278.5443944211565,
   -584.2305362660609
  ],
  [
   9782.603317336998,
   -8177.539007776093,
   -3467.519019063384,
   -1533.3723975055088,
   -12240.793933825513,
   -5099.6447357969055,
   -3080.8684645828002,
   -1900.4030915558535,
   -8262.717576238643,
   -3819.7429350445345,
   -7215.876590066151,
   -6104.593864407671,
   -5593.213168719783,
   5407.750838455449,
   -2905.8110821783857,
   -4640.022420872099
  ],
  [
   -13315.706548531072,
   6142.326714527253,
   -127.53055921585668,
   1946.5126002100612,
   3531.293984677703,
   2838.9537434776,
   3113.0704732547697,
   5630.305933915548,
   4568.852590254265,
   1684.7362940808418,
   6517.965589112782,
   3980.700610812841,
   6590.828846876615,
   -4760.699206077406,
   -20279.982898287562,
   4453.3989741862
  ],
  [
   -17250.53486633943,
   -7480.707947150927,
   -15785.8630777758,
   -3465.294050113456,
   5466.0093584255355,
   1120.0679588291607,
   -2097.4588346939486,
   421.6826931127458,
   3378.7287235660615,
   3881.0843165875244,
   4184.799706060484,
   1431.5689166547206,
   -3920.4102775756714,
   -5708.174877904551,
   -28329.119177289744,
   59.15476121241087
  ],
  [
   -10259.49418247223,
   4504.935500888208,
   -1225.2184667933439,
   -92.08987781168085,
   4913.079832536483,
   2494.0722609718214,
   7138.221599090148,
   3680.2748316999055,
   4298.276120885532,
   1804.314734057106,
   3665.1808646417467,
   1280.1479870337644,
   3283.74174543586,
   38.66176985801023,
   1084.6562423816831,
   2851.7318961713513
  ],
  [
   -2287.874552699619,
   1325.8777310976209,
   -2901.5481002242436,
   -1563.3824691701536,
   2814.2547841692226,
   -281.84196183805864,
   3993.3502334663667,
   -2235.7730274874707,
   5248.936533737406,
   4415.071120714624,
   3791.2751256795086,
   1274.1710988492146,
   3998.478196010477,
   3376.7329367984435,
   2038.2555336470498,
   3316.962596777559
  ],
  [
   9613.780124215027,
   2382.803219302168,
   -6201.730836061064,
   -2872.949757943931,
   76.62405792383508,
   1484.3450317299355,
   145.7291089396674,
   -5698.981365013754,
   6162.745230759113,
   5739.097529757164,
   -121.16924315311773,
   1728.9809797717112,
   1169.1412900988348,
   -3130.145404248278,
   3265.659463624814,
   3176.1508371181712
  ],
  [
   -5083.573059258049,
   -236.532869117252,
   -15125.304805892225,
   -5474.12845358595,
   -6063.371964224056,
   -3637.2500047042327,
   -7600.689493620422,
   -5354.31537130721,
   -11065.928769153783,
   -7766.377345478594,
   -5739.3717954879785,
   -4882.67272159315,
   -2187.907573845812,
   614.7799054832481,
   -6169.189338106974,
   -5996.885438970934
  ],
  [
   -7205.110955903363,
   -5544.895860265553,
   -8902.162689968938,
   -3781.580886063367,
   550.972978301898,
   164.33342356758425,
   1943.621158514894,
   2003.8201743536674,
   1837.3648746774625,
   1529.2194598364263,
   161.49450400508536,
   -426.34985500582667,
   2120.307853946217,
   4336.752852586106,
   -1082.6339757107733,
   2813.5140963294634
  ],
  [
   -5550.445424465759,
   -2396.4041529331917,
   -9834.660601797594,
   -3958.698359461282,
   -1953.3627606581545,
   2281.8517839214446,
   -1380.0873129564586,
   -3382.800833750898,
   4652.431445540789,
   3135.5218991285037,
   -1016.4687722691262,
   408.2312989963483,
   -993.2207615749044,
   -1193.71474513214,
   -7410.397979434261,
   2331.4569200257747
  ],
  [
   -8767.678760453146,
   -8686.744361961433,
   -17904.435139868514,
   -6474.96432167946,
   -6388.593949690672,
   -4632.041638141359,
   -15868.922807330733,
   -8816.876477489632,
   -9523.101519340511,
   -5535.921006487335,
   -10105.143485954904,
   -5876.609891560643,
   -11480.800035157828,
   -8825.836696603705,
   -19399.684936773952,
   -9913.479361354966
  ],
  [
   2933.1044213669893,
   -6374.853286936105,
   5145.445612037298,
   1501.2494301941001,
   -3850.212123657781,
   3904.672870800902,
   584.6539748888239,
   3900.5447957166716,
   4656.37748504115,
   1962.9714062243017,
   -5324.332832024897,
   -622.4135355461776,
   -3192.54419939047,
   -4607.401688011005,
   -1088.4601376278515,
   2639.290604796983
  ]
 ],