{
 "input_nodes": 12,
 "hidden_nodes": 16,
 "output_nodes": 20,
 "epochs": 1000,
 "lr": 0.7000000000000002,
 "output": 0,
 "epsilon": 0.01,
 "synapse0": [
  [
   -1010.1096476966823,
   -847.6578839018108,
   -1215.240537473957,
   -268.7007570718013,
   -714.1781978487876,
   504.1033895869314,
   -1823.8166702614963,
   618.8578075101552,
   11.349472871680236,
   -671.0726083748256,
   -1041.5719209206843,
   144.02572531417573,
   -173.41675394503278,
   194.92685473518168,
   295.8108237020498,
   -976.9939699331171
  ],
  [
   -60.940338962322386,
   1012.1205187802311,
   -481.1354819426467,
   1165.4448561656475,
   1365.3178883874732,
   -96.20773585063107,
   3096.7180545711726,
   220.05179855040305,
   -995.702604321806,
   160.44441725479388,
   -276.71631190008486,
   768.2687886406849,
   994.6493395702516,
   -8.017900870008539,
   -49.30536956142518,
   -896.9091007454593
  ],
  [
   -2515.2740702566703,
   -345.9541416851261,
   539.3514285513209,
   674.9124321324622,
   -215.7512569789444,
   1413.0608441186498,
   -1631.6359651775758,
   -628.6973801032821,
   632.1453743173289,
   -1534.4684061169808,
   -1894.1030653312416,
   -220.01138735767802,
   -1247.903121438941,
   -309.52097964975917,
   -237.00852061704475,
   -2664.2501637936202
  ],
  [
   532.043457001527,
   -1318.3979059578362,
   -57.04908239114879,
   -493.83689795883186,
   784.6883199761769,
   551.9081926219715,
   835.0978860720182,
   312.6642142900827,
   -417.0459522785652,
   239.30194909066984,
   1374.8807309212307,
   -577.0301114751145,
   364.65882111302096,
   -529.994940269374,
   -458.2758870401732,
   1619.5939880211383
  ],
  [
   1701.3974716209948,
   -245.12907265918176,
   234.51130042353776,
   1135.1308853459395,
   1581.0673465896562,
   360.9723554539654,
   -2746.720269752421,
   -778.8145747073852,
   -653.966165401961,
   1322.5697221582204,
   -1392.834927125184,
   -2313.445372235473,
   -158.91271479853881,
   132.19574779456659,
   300.92854964387,
   780.1379274844294
  ],
  [
   -382.5716861604804,
   -435.0427799863581,
   161.87547441739727,
   -994.2660121154571,
   -13.752377234375231,
   -738.4100428289001,
   -103.74448336422351,
   -72.42920212349387,
   641.7495332743997,
   480.9798525798991,
   224.3044653826845,
   -56.0888594002477,
   29.343338889889658,
   245.62947126591988,
   -655.1855369165875,
   -385.7625931806007
  ],
  [
   -1172.7467376869592,
   -1363.7033866454656,
   381.07476804781794,
   -540.2182609729533,
   501.46297369466146,
   -38.78587910061117,
   -1051.840081925805,
   172.86602216622668,
   -485.5492856072948,
   360.8156964119426,
   -1023.2756298362365,
   -529.0169832511777,
   284.75287260066654,
   15.002146242906525,
   -986.4092867047058,
   -1200.3372385135838
  ],
  [
   691.0250647800286,
   896.3029031402236,
   80.34179395492518,
   -625.197981506618,
   -1349.4474389650923,
   -179.4183563023525,
   -233.76581364339063,
   -67.54743585928344,
   -238.79926618897485,
   -796.1673144864749,
   41.62987549573737,
   242.13223452501376,
   97.66199462418143,
   -123.0414026446671,
   -405.5582341768106,
   1130.7857181049185
  ],
  [
   -286.8036469825041,
   -579.6172922917681,
   -162.90975796760023,
   -1915.4771038239462,
   -1830.7410373222142,
   818.1299600112454,
   -2005.4699333213384,
   760.4853050708205,
   73.0671444124453,
   -841.9493517727569,
   -116.64820133739589,
   463.0180676927873,
   -314.91485565212344,
   394.2055789238448,
   -250.4807296139403,
   879.8750222485085
  ],
  [
   110.0197761254358,
   375.0942526402181,
   200.54874271391537,
   451.29682036580715,
   -18.13392320641259,
   -539.7554280819367,
   917.8313397932033,
   143.07889195061378,
   -411.67912895711765,
   38.21186907259833,
   -1004.367357924772,
   74.5524202402353,
   68.16480447616387,
   12.00408524800552,
   506.7240658367407,
   -643.7394500797994
  ],
  [
   598.7032988228194,
   -1164.01164960942,
   438.1928198079474,
   -1759.6517004410812,
   -1996.8262943588509,
   -836.1641997585513,
   -2719.6128455144217,
   -1324.4072934510607,
   435.0647745457028,
   -851.6554959126661,
   -418.5695935492217,
   -75.81531914186982,
   -1616.4918981721382,
   -51.64593349203597,
   -920.9871459536715,
   848.9901998279344
  ],
  [
   714.367255482875,
   -84.37780596046677,
   -97.04576125630493,
   -103.87446527679863,
   415.3808725962543,
   -1806.9247434212054,
   -2643.800691695201,
   641.0280770563294,
   57.3392029173386,
   413.88536996984755,
   -1152.6564882083921,
   -281.49145438728056,
   -109.23166215399995,
   -90.19924971414076,
   953.7629225136997,
   834.4458291932957
  ]
 ],