{
 "input_nodes": 12,
 "hidden_nodes": 16,
 "output_nodes": 20,
 "epochs": 1000,
 "lr": 0.6500000000000001,
 "output": 0,
 "epsilon": 0.01,
 "synapse0": [
  [
   -1568.6066059527766,
   -521.6434661177675,
   -1566.9398975129714,
   -501.77334859625205,
   -1514.1042975243743,
   1048.6211142281381,
   -920.1716773384913,
   38.693959123968156,
   -61.028039048349044,
   -881.1205192312669,
   -1954.5311470533452,
   -680.4169822285592,
   -549.9789755361041,
   -333.4641483179216,
   -15.363057393310612,
   -442.7331796767358
  ],
  [
   397.8582154227337,
   1467.1079767034528,
   -1538.2956502870775,
   2380.8617832731106,
   2623.222825956817,
   -336.68356670956285,
   4326.151812967592,
   -252.93653719037252,
   -807.8538163829188,
   -329.98441559650433,
   -628.5439835220824,
   1341.0725142123513,
   743.1109650138634,
   733.1243719513553,
   673.9515580351683,
   -336.0012187630338
  ],
  [
   -1530.6720280248096,
   -1661.9211172949917,
   1211.5342613503237,
   -1189.2129194778981,
   -1576.6355696812852,
   1819.3391344022527,
   -2000.2926265456674,
   -528.8789457597846,
   362.9466075477496,
   -2490.866679606508,
   -3322.1038705003757,
   -3026.664531609031,
   -2207.263965429565,
   -254.15417559185633,
   1542.363645787394,
   -2499.8002872312827
  ],
  [
   -717.5210493946491,
   -1757.7658509879545,
   -29.400311813338668,
   -495.07659764416326,
   82.77946172183896,
   1540.6340395588247,
   2081.2602636901674,
   -51.15087232845234,
   -1071.5103853494634,
   421.2932680643922,
   2862.872439354302,
   -426.6461239075015,
   674.5832088499234,
   -1748.9977879751596,
   673.2800755061494,
   3130.3039490018864
  ],
  [
   -33.70027580043883,
   -17.30432887465888,
   147.28033747517077,
   -777.6582837177947,
   931.8842418894486,
   674.1518042224301,
   -4322.641154130149,
   -2692.141087736327,
   164.0920574681116,
   2188.4610107156986,
   -62.30177271725123,
   -2279.5721245479167,
   -6.280735025040262,
   -1393.8536740832274,
   -760.4234332367706,
   720.634872917273
  ],
  [
   -512.5933923077117,
   -347.4125461562029,
   636.6801287939185,
   -1124.6844433380218,
   -293.2676141176173,
   -865.0166681827438,
   -332.22460204789803,
   -562.7498488972332,
   1114.5626759721106,
   -320.10667451437644,
   -150.42067942846327,
   126.34946303124627,
   -260.9115832966431,
   449.210587976067,
   -760.966238524872,
   77.35615435877112
  ],
  [
   -1275.888371179113,
   -875.2966318685524,
   711.7491086702513,
   -624.0016470477289,
   164.8070062674233,
   269.2788405763542,
   1862.2007548023194,
   -1162.2162451712306,
   -346.87468199913883,
   -1171.4010122129107,
   -2621.054170782447,
   -3307.944977176282,
   -2021.9982551240535,
   -468.6633755992317,
   -568.3608952904951,
   -341.14147028575076
  ],
  [
   1678.876082953904,
   612.3111835385565,
   -206.38078357530583,
   -1492.6565009223816,
   -524.5214625936261,
   -685.2607424975192,
   -757.8073539480761,
   1065.7034403555965,
   -269.62970077147384,
   193.6018016836076,
   1533.4358864051103,
   646.1510199674075,
   1330.9767792651292,
   -278.12604455007,
   -207.98947731037003,
   632.3756933435747
  ],
  [
   -425.5467075113227,
   -243.83991343930663,
   160.0533232947988,
   -2074.000813765058,
   -1837.1784669972824,
   456.8949817172083,
   -1056.9809883623934,
   1170.4918308628355,
   193.7649785207954,
   -372.9933518836771,
   -233.49760548381295,
   376.955713321077,
   -159.8197988818928,
   -5.9360618473605635,
   -806.2835357988026,
   1197.7163706766703
  ],
  [
   -718.4236558355499,
   626.3017654545444,
   -191.89002330306712,
   1078.2678082891598,
   -80.32015000083587,
   -919.4379411622474,
   700.6950475288772,
   -936.8825804698325,
   276.2107216729561,
   -344.9195797246449,
   -1548.2685411028397,
   -629.168284520724,
   -494.9028677920468,
   433.9796028424856,
   977.5904915481469,
   -103.79910117704114
  ],
  [
   297.58764914135594,
   -1830.0199385804603,
   943.9295387430693,
   -4995.627263458982,
   -3350.643885498637,
   -1314.3003459773486,
   -3265.4522270736816,
   -1405.480176139995,
   1018.1341143682203,
   -76.34875926472434,
   2379.6343147440703,
   56.9458371862553,
   -42.250078489210885,
   -2868.6620103437563,
   -1050.388639338456,
   -829.8364455779149
  ],
  [
   854.285371189072,
   1189.0401601165581,
   -609.7361075213922,
   496.75887064732325,
   582.5955942501791,
   -1908.2885764931157,
   -3243.4085177663,
   -345.29210344607566,
   150.5217127175071,
   2366.7979558908523,
   -2686.449713645568,
   -113.58466489464753,
   397.4809006673927,
   -291.3264221992548,
   -229.51153207617855,
   2167.6717478129017
  ]
 ],