{
 "input_nodes": 12,
 "hidden_nodes": 16,
 "output_nodes": 20,
 "epochs": 1000,
 "lr": 0.45,
 "output": 0,
 "epsilon": 0.01,
 "synapse0": [
  [
   -1673.1851349828228,
   -365.05675912853155,
   -1356.9915898594406,
   -553.2506173668452,
   -1101.65062598203,
   1045.598599348174,
   -916.4355672522422,
   83.50809350351261,
   -128.3333151784737,
   -864.016212548935,
   -1395.407546579608,
   -373.0378083156896,
   -494.10160084356596,
   -78.42807969770661,
   -165.374665308352,
   -657.2275172062072
  ],
  [
   598.2434101700203,
   1133.8518334701298,
   -1333.5733460765266,
   2553.1433774142533,
   2217.370805202038,
   -300.5101501072596,
   3912.410210587302,
   241.33231086333723,
   -789.2947034094187,
   -413.2946045881112,
   -675.6159999439757,
   862.1338909291059,
   459.3567799376289,
   70.421412873645,
   896.3767501760312,
   -568.2211029192298
  ],
  [
   -2395.244598693554,
   -1125.7638582947707,
   1075.2213352513477,
   -345.02050425184007,
   -1315.3707432957,
   1766.355363935249,
   -2012.7502566040368,
   -754.4727874759011,
   644.6771496055017,
   -2229.3703597405715,
   -2417.496331350816,
   -1494.0955165439684,
   -1536.8051929591488,
   -1502.8433138288078,
   744.7252279968443,
   -2813.1147381162386
  ],
  [
   -289.9911384877198,
   -1730.1609144339445,
   -56.847527562810946,
   -903.8465610300963,
   411.4166168079254,
   1415.820926539685,
   2139.2423751886295,
   109.30345332511962,
   -720.5329614439886,
   229.11780380024376,
   2214.177918766025,
   -822.4730609150479,
   391.4013458822526,
   -760.0166249714848,
   533.2756651844154,
   2884.828104308838
  ],
  [
   671.4744535492438,
   -57.751799839618116,
   537.0616270033178,
   -1508.1820016237755,
   930.9257088344552,
   500.4142744623716,
   -4419.0108382662565,
   -2209.8059915511717,
   -8.863632069906654,
   1983.074817006517,
   115.70089166759223,
   -2879.632064856187,
   -642.8582189325621,
   -733.4097780530443,
   -343.58091758844563,
   808.029103635098
  ],
  [
   -396.5366434569464,
   -252.78590213387756,
   788.5632088951378,
   -925.4387567941402,
   -97.65454296173655,
   -922.8794141092269,
   -448.8092512674263,
   -103.32714019064501,
   1249.279620797091,
   -292.2145497903351,
   91.8912638616227,
   -46.445995604093895,
   -344.56538530269376,
   179.86003278233687,
   -1006.4613833551482,
   -303.6925487767728
  ],
  [
   -1665.2335777212616,
   -402.66868299933077,
   377.899604146123,
   -364.65834554798596,
   419.7074928757906,
   339.388782561667,
   1941.7100544107625,
   -703.262346333651,
   -490.0517717079388,
   -787.6491054585822,
   -1409.4644549232662,
   -1864.4234656706667,
   -1848.6100606956718,
   -824.3651097983793,
   -894.2751471504024,
   -311.2046650833979
  ],
  [
   1287.6244011789495,
   421.15336316845145,
   -313.2709413385689,
   -1622.278385673706,
   -860.9464324114696,
   -575.1976753659524,
   -876.4079739636245,
   743.5843541799072,
   -105.04712286586216,
   11.008849731248295,
   1088.833797167256,
   654.086202618808,
   1334.4694053054213,
   -247.19275979444862,
   -124.87340153213808,
   710.8938067853671
  ],
  [
   -729.0002819718359,
   -266.4204735720204,
   0.2682151135350106,
   -1846.8314335415864,
   -1813.0445069557047,
   521.7804617750255,
   -1142.8678410692708,
   831.3927235847368,
   243.18788157873266,
   -360.7982569442302,
   -146.80140214228982,
   783.6565189475688,
   -163.48798646260735,
   47.157288150836365,
   -848.0288835628903,
   1153.9954162169138
  ],
  [
   -454.5780199053387,
   467.19846611791166,
   -163.3477194211435,
   959.8412183168429,
   23.47603750288681,
   -963.9281673870362,
   882.7110760616723,
   -275.87516888159695,
   57.41430487070284,
   -339.4544765848193,
   -1069.7880112340745,
   -389.2966487460191,
   -449.1744391097591,
   215.77536599608413,
   1073.553103197333,
   -5.414179766700066
  ],
  [
   237.53038846003682,
   -1595.7246328867977,
   758.2359778942539,
   -5456.22731332397,
   -2927.985671697385,
   -1094.746589551653,
   -3226.0041382119234,
   -2208.435110868077,
   1229.06197816926,
   -127.9867249217161,
   2065.4660009009644,
   1.7702825928395067,
   -355.7688985698668,
   -1767.984949133954,
   -951.2554273098642,
   -969.5362106704861
  ],
  [
   1007.3322315305477,
   1161.000037895615,
   -399.47070322451805,
   229.99664883085677,
   730.6006360525802,
   -1829.641231865999,
   -3587.5569505007616,
   670.3800486459838,
   -19.77758579049523,
   2392.0935265837857,
   -1597.699915781088,
   429.96754978539064,
   137.6304624798787,
   -105.95876760372528,
   -277.9122011676627,
   1773.3836094858552
  ]
 ],