{
 "input_nodes": 12,
 "hidden_nodes": 16,
 "output_nodes": 20,
 "epochs": 1000,
 "lr": 0.8000000000000003,
 "output": 0,
 "epsilon": 0.01,
 "synapse0": [
  [
   -2266.8261913020197,
   -262.65725944432336,
   -2249.3852791491663,
   -1516.2045272047271,
   -4150.141429415872,
   2667.3213885443342,
   -1852.105108980047,
   -830.2955029283929,
   63.522011496329775,
   -1212.839451112884,
   -1930.4061654676116,
   -2382.7160637969328,
   259.4487387167818,
   257.3858879997635,
   -1198.1951855821628,
   1070.9389064174607
  ],
  [
   -1048.2837452795036,
   -960.6133123188268,
   -2123.1689771482065,
   4900.254449386457,
   5562.7371989523235,
   -2605.9418511010404,
   5467.324113925795,
   847.4183112383184,
   -1462.5516029890994,
   -1624.0579917011653,
   -7314.082296543078,
   4232.140596735986,
   1262.4911195218535,
   699.0308195342416,
   1801.2674795193363,
   -379.0076711237813
  ],
  [
   -6533.096576194703,
   -4064.1022386926156,
   2312.2940481316564,
   -125.40953716602841,
   -2735.9867927696146,
   3694.8687080271866,
   -1450.0629054098251,
   3382.3504727150253,
   -683.3394525623287,
   -3849.0631115974434,
   -15540.135575055983,
   439.572673204695,
   -3097.8466622724127,
   -1740.9079264920995,
   2538.346393700124,
   -2971.4938837500144
  ],
  [
   -135.78634028331584,
   1156.701579723825,
   -317.4153080099535,
   -2575.5465390981662,
   -2967.541899184676,
   3248.790256715481,
   1878.7576639280257,
   -1207.7377677937063,
   -1187.8362016033839,
   1042.1941496215798,
   12701.873616291063,
   -2345.740722887929,
   -393.2876071493921,
   -3281.974396890802,
   2216.1202286451244,
   3394.377631031511
  ],
  [
   177.27335836638582,
   -483.794742509951,
   -208.2654709396165,
   396.3076799410058,
   1797.9935068231503,
   1653.2821601623646,
   -5666.324549123064,
   -3026.8290121403184,
   -826.1859500461543,
   3339.8125216062836,
   320.59772721247646,
   -4141.869576911659,
   -1669.8140314593888,
   1841.3853798055902,
   -2225.779973656405,
   1149.5810314446408
  ],
  [
   481.7426763111972,
   460.6837388000381,
   925.2099718915186,
   -2398.8575316604392,
   -1038.4843935748904,
   -1352.3935713599838,
   -1435.3673545605573,
   -4103.5398105810455,
   1773.0264328080157,
   779.608229156426,
   46.96751229420935,
   3881.131183381919,
   -408.59366439977447,
   -1734.0839985416756,
   -2382.1270387946697,
   -746.3251011312119
  ],
  [
   -2367.7490576255254,
   -2150.708996919356,
   578.5364411666935,
   171.2086492669588,
   1646.0922622404994,
   -141.04499833688863,
   1703.439792112448,
   -2999.9574939777194,
   -172.97683054590297,
   -2363.0280660746052,
   -8869.45111084749,
   -5187.102551820638,
   -379.16606783016164,
   -60.13845400380847,
   -1267.8240251344157,
   -1023.8716587954574
  ],
  [
   257.7166948819416,
   2685.100751243198,
   -240.85264192904506,
   -1137.7164776266204,
   -4554.970178792242,
   -2464.1599226089093,
   212.96579109459685,
   -391.17206995198086,
   -684.1467622447112,
   532.1531170692497,
   5937.271596060379,
   -7.366576544346997,
   1218.9858400101384,
   -1844.2818684768279,
   -685.3713204846476,
   -260.6190035866394
  ],
  [
   -1080.9371360175783,
   -717.7552803060859,
   961.6596895661763,
   -2056.486936679682,
   -2847.022816159485,
   -79.34010349409463,
   1315.5055705302234,
   2268.2048338690356,
   -272.75064204938263,
   32.0572341467423,
   228.98647168921497,
   820.5090638991692,
   981.0935745393854,
   -447.9264497720933,
   -333.78559364792403,
   2114.862715412987
  ],
  [
   -1615.101395341197,
   -2516.57639498882,
   -213.22433923842908,
   3687.9863449079658,
   2334.43218773977,
   -1816.1376000471982,
   -324.43008858896104,
   -3635.7634094598498,
   -286.78141168150916,
   -2135.8361848394843,
   -7342.05620867656,
   -6690.770532978992,
   283.9675022790108,
   -215.6484435806108,
   1866.4304751495206,
   -933.711205410939
  ],
  [
   408.62589097808666,
   902.6496893417188,
   130.49864236039562,
   -5040.518450762049,
   -8606.345012517108,
   -4061.2587179449188,
   -3621.5746030874534,
   -7855.597896071262,
   2059.6068136167814,
   1025.0413605572473,
   7992.052969657054,
   -4949.557424983562,
   -1164.105942740089,
   -5073.597956177504,
   -1930.8696744845963,
   -4039.7634312225546
  ],
  [
   1966.9355076828622,
   850.010187646085,
   -1200.8963475885923,
   1991.8046391577504,
   -1205.2214281461618,
   -1496.7878863450526,
   -4731.626029604215,
   -8461.912589668462,
   1346.8859693842885,
   3026.8724905388517,
   -3260.9494664824083,
   -5943.299997800646,
   1804.3885600562055,
   1440.968400773214,
   -1691.4378202526837,
   2281.03172149549
  ]
 ],