{
 "input_nodes": 12,
 "hidden_nodes": 16,
 "output_nodes": 20,
 "epochs": 1000,
 "lr": 0.20000000000000007,
 "output": 0,
 "epsilon": 0.01,
 "synapse0": [
  [
   103.2948323678473,
   -137.25510775845174,
   -373.40896141447297,
   -447.01340970162244,
   -2255.254785984745,
   664.9422377769289,
   -533.683540855383,
   93.88847062338083,
   -186.1807535359739,
   890.1452690722763,
   257.75719404506276,
   -679.3079855326486,
   400.0821349749874,
   -4882.305753791387,
   -1347.7295573917506,
   -250.94852628470235
  ],
  [
   -283.55323578868365,
   -1004.0195028860155,
   -141.36698963837117,
   -1428.40983683285,
   -359.47989299241215,
   -1002.9817612129498,
   -445.9649701660051,
   -456.73359682175294,
   252.07602312269012,
   -1620.6315233897053,
   -1068.278435692453,
   -568.4213512330388,
   -1846.1033154875317,
   4269.574896109737,
   -850.6551156940442,
   776.1133185367665
  ],
  [
   372.7274078012337,
   754.3308421442589,
   213.53915258077376,
   -683.0774727931072,
   -1538.6053707120075,
   525.0434796716103,
   649.612373863055,
   232.36613334619315,
   179.80560448773608,
   -407.82337992026663,
   1150.4120077173495,
   -1283.1420704984098,
   327.57782079554624,
   -1235.9581096677157,
   -819.4963048526391,
   101.8353542053255
  ],
  [
   -979.9363705966067,
   924.9043867471424,
   -1981.2013971563927,
   244.7746271412395,
   -1981.9501852947403,
   150.1672506635457,
   420.00947530803705,
   260.4055918526086,
   -881.8006117550442,
   596.0071601035519,
   2.3936669642978226,
   240.14170360899018,
   -2328.322044174832,
   -890.3007978643406,
   -4080.5598603604326,
   -839.5128842645272
  ],
  [
   -1504.7314366362066,
   455.4483334558199,
   -1376.7381983698638,
   1536.9019476765798,
   -2073.721139598495,
   -675.949688139943,
   262.572186211699,
   -206.40993029476843,
   431.3468474979294,
   158.67165485904945,
   -329.09178054872103,
   -758.6521827732289,
   1001.9462861927814,
   -2060.085387657711,
   -1246.088712847875,
   710.3226388277263
  ],
  [
   -318.8909631315079,
   -513.73881796741,
   -2286.7506681736145,
   -312.59018976418315,
   -2207.6395575421025,
   -172.89174760071313,
   445.1279431871247,
   19.637626342875745,
   85.36723351284991,
   -721.0764540247028,
   -108.64701192091256,
   -37.90153459378953,
   -1841.479482327217,
   -2427.256886788966,
   -1917.214490878616,
   -77.97253556052308
  ],
  [
   711.4616644703714,
   -342.2255372750681,
   -1725.8341822964396,
   -1388.459003160375,
   -3180.373024141801,
   357.358125004876,
   227.45184394106786,
   -54.62707824171558,
   1120.3678448064613,
   -2336.47399733489,
   -412.4291995914987,
   -5722.994379905345,
   -40.797195759119454,
   -2978.1982686005886,
   -3452.513036163427,
   496.55209805559383
  ],
  [
   179.8980589251917,
   -504.85536420839327,
   972.7531309009037,
   -6289.546813695874,
   -353.28373988266117,
   11.225869994147198,
   -720.9556805591455,
   -449.26148299545906,
   -759.3550545502532,
   -1137.8633505347123,
   434.71245924016915,
   -1930.6779783145607,
   -4184.383772623978,
   674.4089329896619,
   -3386.4044839382314,
   -167.26236772970924
  ],
  [
   -1347.1230659816338,
   -164.86624043600716,
   1603.4252920431704,
   -5432.434319511825,
   938.9850901937061,
   -188.2431342822865,
   -639.3854640432235,
   26.622332323999437,
   98.17349160083741,
   648.3751668525274,
   326.03705940849534,
   -490.67027563758876,
   -1904.5135215773498,
   -281.48579650660713,
   -947.5912454676765,
   356.86890981133826
  ],
  [
   -1.5262123837906552,
   -753.5934606510369,
   1496.249526825577,
   -3844.893617763994,
   -2054.4730040052145,
   -560.1317715444299,
   -626.5764026682879,
   26.122923130820602,
   -1062.1899184449528,
   1585.0433530521564,
   46.16219531375152,
   1623.0859258560015,
   1101.0396928819387,
   -759.7099999536699,
   274.46606736374395,
   -297.699495860362
  ],
  [
   529.019054873195,
   -1325.8685263434134,
   -150.0379929092585,
   -1526.8918768035514,
   -2191.7736280333884,
   -345.5134560067373,
   -604.4192396042647,
   -410.8748592899821,
   -514.0839632176733,
   -132.96972319731066,
   -1501.5485781545938,
   -802.4693576125782,
   -675.6451174263432,
   -2563.113298316582,
   -2372.691263181085,
   -889.7335050225711
  ],
  [
   -299.0248305108885,
   1317.3880281423242,
   -1320.8569851885463,
   -2118.9321321394686,
   -3164.504285922913,
   252.78325476962598,
   -2062.4681509436555,
   821.9582721170984,
   -1254.585221587656,
   -427.61134727379675,
   549.6493761544486,
   -4767.543562666463,
   -2298.2624519706146,
   -3700.85965496353,
   -2631.5416286871287,
   -546.0265774973741
  ]
 ],