{
 "input_nodes": 12,
 "hidden_nodes": 16,
 "output_nodes": 20,
 "epochs": 1000,
 "lr": 0.30000000000000004,
 "output": 0,
 "epsilon": 0.01,
 "synapse0": [
  [
   -1890.925250727803,
   -678.6880186980876,
   -10287.08555556043,
   -8488.927596250998,
   -9513.80890533173,
   -623.3577853491144,
   3651.003826377964,
   -3198.368169992739,
   -6232.361252712856,
   8160.54552087878,
   13113.178794053452,
   -9955.374151467866,
   9230.37632490947,
   -3214.8611547761807,
   -9673.985605524744,
   -1650.3410241271738
  ],
  [
   466.59294930056024,
   -1067.7425117871373,
   11578.363180380164,
   -7522.719673835137,
   7175.484665249111,
   -4762.779058644114,
   -4778.288811934885,
   -10996.004125408068,
   1089.6050960864459,
   -37349.95169604449,
   -50670.178152012966,
   3905.9585197190404,
   -12303.836756236073,
   3795.7382229430864,
   1756.5140530847223,
   2435.84825846575
  ],
  [
   9632.88923238799,
   1198.186816102248,
   3841.540125027214,
   1838.9766563870032,
   -1961.8422569828954,
   4933.518397596519,
   -18078.04678018233,
   10490.856286663566,
   13649.161579708309,
   -5471.338624099788,
   44437.34805797215,
   -3721.449466077581,
   19412.250541833313,
   3623.078270629989,
   -3827.4178116441285,
   1872.798176559933
  ],
  [
   -1863.158166494476,
   938.120409433756,
   -12991.627342020929,
   -15634.688957524144,
   -18529.009150442682,
   -2988.89153050855,
   5446.753599262117,
   -17717.49579545949,
   -14541.867793365634,
   41789.24495228703,
   -12127.768161942373,
   -15394.932908447165,
   -9592.4700431425,
   -6828.959387882468,
   -31283.51309352371,
   -5986.592795953116
  ],
  [
   2200.5816787808403,
   -5441.4494581734225,
   -6420.927914604182,
   3089.859560940766,
   -21936.641992815683,
   -6059.485834091559,
   -13607.612246889747,
   14753.172892266453,
   9667.272367620806,
   -2641.9284631165983,
   -13471.570184379852,
   -26425.21661016353,
   -9671.943310299488,
   13063.363363348939,
   -35728.025263747615,
   3082.3006971386762
  ],
  [
   1178.441535257535,
   -3254.768676143593,
   -12628.065695707402,
   -27790.062717126326,
   -6694.179544031206,
   -6138.95089845276,
   -10250.592436769966,
   -10412.703927915105,
   -5525.6227874918595,
   -4055.7347945913543,
   -27245.991098638664,
   -4787.3309894983195,
   3156.14451291729,
   1647.25360057962,
   588.0441869104436,
   294.5894015347736
  ],
  [
   1860.0148439922953,
   -1553.8743027349813,
   916.0259340159307,
   -33010.129186212725,
   -7478.986425608768,
   -1731.208072828712,
   -21288.512374880265,
   20151.50371237178,
   -12342.560645290967,
   -44541.05437653255,
   -17891.488276583805,
   -16282.499917586465,
   -792.6410657314226,
   8913.47445821719,
   -26455.541916303137,
   390.0125729016116
  ],
  [
   -5751.212917851676,
   3960.679393541751,
   -12608.561211877017,
   -22395.58940382325,
   4321.135607331994,
   2535.283416491736,
   -21447.22642958999,
   -30294.027625958697,
   -3437.6414539818825,
   -23863.035873804238,
   -22905.178916485744,
   -3803.613940381295,
   -2539.600388780002,
   -7525.711692725195,
   -17359.848610502242,
   1305.923195557761
  ],
  [
   -5554.395714719124,
   790.3317504837045,
   -13012.213614440652,
   -30239.453386623514,
   8302.481717265931,
   -2775.809600824192,
   1173.379224031225,
   -49144.21493039979,
   5909.650999928373,
   -9111.06881269727,
   -58277.775810356994,
   -11396.691642400925,
   -3686.2453379249537,
   -97.26027329217413,
   -12294.0783594501,
   1492.741354750646
  ],
  [
   -3906.578643534934,
   -705.1532948171127,
   -2217.5032918780516,
   2224.559153026387,
   -15890.881207969192,
   4758.7988264806845,
   30099.48951950597,
   -25390.711087061332,
   -4157.224073616986,
   22153.725765457224,
   16308.080972186952,
   39009.125568168594,
   8536.132360500147,
   -4759.739556609951,
   14665.417049893933,
   950.5794192014005
  ],
  [
   -3704.708389540514,
   -429.9306755663968,
   -7731.866749041559,
   -6142.412878303065,
   -13112.355881608166,
   -2849.525091797681,
   -1592.018370733911,
   -30555.8952201178,
   -21505.90903639382,
   -28673.378778282757,
   -39295.402885287,
   -6646.407690550656,
   -9441.127763118608,
   -8020.445780504789,
   -8622.959123416971,
   -5555.888637175258
  ],
  [
   -2544.476584938117,
   6915.324521721253,
   15794.278876469327,
   -18974.360513001975,
   -23686.221309479653,
   -2049.3320969965853,
   926.9595663973461,
   24369.740390372444,
   -10381.184628928473,
   -7802.790211558743,
   -21655.16376241087,
   -22472.613375216773,
   -7742.853524100772,
   -19764.136974053858,
   -23917.024194286492,
   171.13417686478303
  ]
 ],