{
 "input_nodes": 12,
 "hidden_nodes": 16,
 "output_nodes": 20,
 "epochs": 1000,
 "lr": 0.20000000000000007,
 "output": 0,
 "epsilon": 0.01,
 "synapse0": [
  [
   153.07362967366828,
   214.67721426657133,
   292.7962947788991,
   456.45013431605696,
   278.64637064637486,
   356.48623880290853,
   1010.3495532532401,
   251.851886395126,
   242.8264704887311,
   -649.9484200359756,
   314.6768890075869,
   70.86633209678025,
   78.31363190308555,
   149.61683959533363,
   -99.66048079458042,
   233.0969734073884
  ],
  [
   -188.0488943163783,
   -276.868596703369,
   -489.3722559173239,
   -410.320170078177,
   -356.9656612444045,
   -303.10054260087077,
   -789.3667971151963,
   -350.7059746236966,
   -301.48454649303704,
   267.1520270561974,
   -279.74594478129643,
   -138.2156725316365,
   -162.7740753810697,
   -205.11912230999292,
   -69.2898327297151,
   -305.03612203107843
  ],
  [
   132.8968066241627,
   175.3161444485825,
   236.38788599686993,
   377.537735345325,
   241.25391886625724,
   307.2405795080309,
   797.6997726589368,
   214.90974158975536,
   199.7388997054147,
   -512.2260884289107,
   251.11086010903176,
   62.388601275772416,
   83.11000722384706,
   130.3680706786894,
   -64.4924341380733,
   199.16976953369024
  ],
  [
   199.59057168417667,
   325.4690134157569,
   474.4651764841702,
   637.7274235520447,
   377.85916436883366,
   468.2427656060375,
   1345.0664475223796,
   397.16523872931367,
   341.58741344595836,
   -698.2926163697321,
   415.4436388238091,
   94.77284328311606,
   143.79891127672525,
   199.19961819645079,
   -69.3396414532315,
   350.57689547214284
  ],
  [
   213.36528868927886,
   332.9850592578936,
   486.66422275928636,
   667.631611807053,
   401.94190483964377,
   507.2797016990926,
   1434.4879604847604,
   405.77745738379446,
   357.3214716155134,
   -750.4986154006525,
   446.76353436864423,
   101.97216776412871,
   146.14663948693797,
   212.58072354551473,
   -87.60689446327635,
   359.437875791826
  ],
  [
   253.88505316869197,
   471.59825326945383,
   808.4722181360438,
   881.9874282139334,
   491.9343449510759,
   588.9928947980276,
   1970.7423963819838,
   589.0899716043483,
   496.3807682807296,
   -540.8158802382733,
   542.1807045529722,
   121.36748744591222,
   232.49183065874266,
   248.37844991485892,
   -9.510315914071922,
   509.20173688078063
  ],
  [
   9.363298824105962,
   -109.3056920306168,
   -371.88962925359664,
   -3.762262743713949,
   -41.24171778980314,
   121.05221666419963,
   40.91434618185344,
   -163.9449787255743,
   -84.30897587443467,
   -770.9406282730963,
   3.4690117879793876,
   -56.85294654272823,
   -88.30805591297943,
   -18.526785760792492,
   -194.05340161678666,
   -94.92220666328245
  ],
  [
   -261.4726956961798,
   -415.8972748608006,
   -704.599235046924,
   -679.1427812672288,
   -506.87874842878233,
   -488.58752861356373,
   -1329.153061839408,
   -516.9755093730888,
   -425.32479617709674,
   464.42934930873525,
   -440.91967435068864,
   -174.64049849873757,
   -224.05244244251116,
   -281.9808202902791,
   -64.85519405149569,
   -436.85128986861275
  ],
  [
   249.61006321487704,
   450.70996112604143,
   779.5200648602078,
   857.6663714669446,
   483.0944465473702,
   584.0364637894817,
   1948.5126016374832,
   557.82932899784,
   472.562633573232,
   -558.8846709789885,
   525.3152635349545,
   118.75708171277859,
   218.8205965819642,
   242.845652286633,
   -20.33056643684559,
   475.59992930525954
  ],
  [
   -145.5850429382262,
   -394.3764988882273,
   -824.8562645714921,
   -539.7090144459031,
   -341.017951817042,
   -249.67268037880734,
   -1111.082565986364,
   -513.1572078699295,
   -370.9569545195527,
   -330.02065275564917,
   -339.8928305951197,
   -133.04107219580067,
   -211.95132465428316,
   -174.4326904273289,
   -162.9417100261932,
   -385.7243420048081
  ],
  [
   -189.2693144077631,
   -247.72778291816564,
   -414.92978080090603,
   -383.34617841936625,
   -352.67747271354136,
   -306.60489632694765,
   -731.0574104474631,
   -306.7819668343358,
   -279.124123274704,
   366.5513676360748,
   -270.5284151601693,
   -137.78231353295809,
   -143.60735775731524,
   -207.04053553972693,
   -38.52556304339504,
   -274.5214743030493
  ],
  [
   122.09769448901561,
   148.18263577728587,
   178.9198566369309,
   337.0011155602421,
   221.59350033418323,
   286.43670985884756,
   708.2797000878422,
   174.1034524815953,
   171.58265755179616,
   -534.8352549673467,
   226.80875319588395,
   56.7815491996354,
   63.973474579253455,
   122.40084569394472,
   -76.81609481234875,
   166.80522550411763
  ]
 ],