{
 "input_nodes": 12,
 "hidden_nodes": 16,
 "output_nodes": 20,
 "epochs": 1000,
 "lr": 0.55,
 "output": 0,
 "epsilon": 0.01,
 "synapse0": [
  [
   175.44589668549682,
   204.104315440546,
   271.3829321434229,
   446.1917835410661,
   304.84508724436927,
   382.53859007760406,
   1039.8052762978673,
   241.16598466696118,
   257.3753936903397,
   -726.4441455398601,
   306.05551736675085,
   78.43909880345971,
   85.30144572472766,
   166.48792168257202,
   -112.85186964111237,
   240.13561590396105
  ],
  [
   -178.13037795999094,
   -318.40897098299615,
   -585.420634754021,
   -497.29896635829783,
   -355.27521595926345,
   -352.59362565497435,
   -881.7134313350755,
   -397.9168535098482,
   -309.9783727530688,
   345.7724332072767,
   -333.22938142287114,
   -139.48662683701383,
   -171.45178729013787,
   -199.55582580951867,
   -97.3991141881595,
   -321.62394482181935
  ],
  [
   158.18569557830543,
   160.6380913936495,
   206.26501672522588,
   363.82428147864226,
   270.66798369194447,
   332.6647679922264,
   823.7741440327188,
   199.788080456358,
   215.1429738891859,
   -596.93489656631,
   239.87507046546213,
   70.80465310127134,
   90.05831735554698,
   149.3869526509987,
   -80.40773083379722,
   205.5978723639304
  ],
  [
   238.9820788527327,
   303.7627343560355,
   430.47277046026153,
   619.1016876683443,
   424.34296042221285,
   508.87435912673254,
   1391.6039013697816,
   375.0058163752876,
   366.32833642919434,
   -828.1386831962851,
   398.9892665222846,
   107.77417459604472,
   155.08103004976616,
   229.05383276773628,
   -92.33934759485494,
   361.417802323023
  ],
  [
   263.24983907142536,
   308.70404353299443,
   437.4540919400732,
   645.8564847531045,
   460.5867260607684,
   565.3947736626441,
   1495.3672062271337,
   381.25169808131227,
   389.4210287935049,
   -912.6369518763372,
   428.1356214160865,
   118.60810722179127,
   161.43668794305037,
   250.29139708790305,
   -114.21233464485576,
   374.6002794646499
  ],
  [
   292.99939215975087,
   479.0329437040007,
   833.3483404134752,
   890.9412134837008,
   543.2027561971864,
   701.4085386707679,
   2122.068597103913,
   601.1096839181176,
   532.579046586691,
   -716.6816370310262,
   552.9597895025402,
   135.13296941497,
   253.64729675415958,
   278.11010471759244,
   -15.631252725602883,
   536.0745554854205
  ],
  [
   121.23483903444705,
   -213.49696160082095,
   -603.244693979569,
   -157.85653788399398,
   74.7376307460794,
   149.64914727196398,
   -4.15839271211039,
   -277.11329157661174,
   -34.22991692058419,
   -970.0520925482696,
   -107.65037166721552,
   -23.791595546006448,
   -70.29559750015378,
   63.416531729300615,
   -282.456969114356,
   -88.7453530384261
  ],
  [
   -277.5414817378397,
   -446.0520529416888,
   -777.39626412604,
   -754.7348685858295,
   -535.7771336338485,
   -570.1227638209226,
   -1452.7752285966008,
   -552.8087377553985,
   -450.88903218185754,
   624.747206390442,
   -484.81870663782246,
   -184.64934335049966,
   -241.1374082300393,
   -296.1626807455692,
   -80.67997933445001,
   -461.91695736533273
  ],
  [
   280.53571688122327,
   465.2973598826002,
   818.848187692052,
   870.002416997316,
   523.993389102226,
   690.3022036087549,
   2093.7625388507654,
   577.3293006291337,
   504.02588866276795,
   -710.5416974710917,
   539.1503159833087,
   130.03322090502542,
   238.26696459182094,
   266.0240693916929,
   -21.003213852165032,
   501.2705641981312
  ],
  [
   -55.1526657356677,
   -496.78312858970787,
   -1052.8952374545624,
   -686.0518185113152,
   -249.37957089168873,
   -255.62283729485017,
   -1196.3886004080252,
   -625.3563204393213,
   -336.8014875038222,
   -455.8941456142375,
   -443.7938324996008,
   -107.81758708224673,
   -203.09380966520843,
   -108.25037481746969,
   -244.3903419216897,
   -390.0059399950819
  ],
  [
   -183.81241854648508,
   -285.426042884206,
   -503.38314001742623,
   -469.1316320968657,
   -356.6335919549175,
   -359.2064539799629,
   -827.6039845512689,
   -350.0126867346587,
   -290.20306747076575,
   456.5587680154988,
   -322.47741528322985,
   -140.31548229025003,
   -153.22607737773018,
   -204.98547227677454,
   -64.2084049758031,
   -291.7813622299634
  ],
  [
   146.33291918153648,
   134.7565808173506,
   151.18744049379075,
   323.2164722714202,
   250.0496922996796,
   311.12165097905216,
   733.775726680589,
   160.3165884132794,
   186.70481989454427,
   -615.5618615817733,
   215.33527638312026,
   64.96276593696165,
   70.99479095390254,
   140.86094835202223,
   -91.59677881492915,
   173.40342879837578
  ]
 ],