{
 "input_nodes": 12,
 "hidden_nodes": 16,
 "output_nodes": 20,
 "epochs": 1000,
 "lr": 0.6500000000000001,
 "output": 0,
 "epsilon": 0.01,
 "synapse0": [
  [
   -145.5719088741436,
   3.436052381652675,
   -1292.7771242828321,
   -1816.8559164544076,
   -503.47805600009053,
   -1207.2819414934415,
   -834.6168675940261,
   -443.53367030477995,
   67.40172877302237,
   -165.79298890800513,
   -599.2630620158494,
   -267.1974703099905,
   -810.631941904644,
   -657.5614298666368,
   -1298.9833344478986,
   -66.01840981308106
  ],
  [
   -246.9705443099927,
   -323.98541720280923,
   1042.753976018196,
   759.8135863932471,
   -195.58252929324868,
   1362.0134321408245,
   771.9795080781114,
   1176.9337376768754,
   656.2377707787708,
   40.789386135674306,
   403.67883699609615,
   706.888081465447,
   639.8567246882225,
   89.74156605242672,
   1327.6518518434223,
   7.553736128038711
  ],
  [
   924.238165689076,
   -618.5463330302712,
   171.41779413225007,
   -215.659264273417,
   -1717.1051856864647,
   57.093126942839156,
   150.6759665560043,
   1637.6208326613146,
   -65.54537695506951,
   2.1381142928195755,
   -694.2428526829882,
   366.7691514870429,
   -1150.8080779684215,
   76.7752103246725,
   -1275.9608376053686,
   362.9896694662548
  ],
  [
   245.7002844109247,
   -270.3197652522688,
   -1812.0959369703871,
   425.53478123229627,
   -248.4753305573687,
   -1000.2524899642219,
   -2395.6888227688364,
   -104.50918196488222,
   -1211.8287059237332,
   889.696798416553,
   -811.1645700455254,
   202.46689951999488,
   -1083.8304577696956,
   -465.2606327751434,
   -1375.862249889981,
   -105.39583167926412
  ],
  [
   -283.31844969133755,
   296.6125332233917,
   -1519.5257745756335,
   637.1212208691036,
   273.3300170581959,
   -898.2584116259582,
   -320.1053882836784,
   -1210.2628889089253,
   315.2638625105378,
   83.16242458894284,
   -41.32643124253949,
   -134.90561166326347,
   969.921927534851,
   -843.7880574024348,
   171.9222802852337,
   -760.5214958645469
  ],
  [
   482.87441293129035,
   162.5120844640362,
   -388.265381515102,
   -794.0720937953636,
   -245.37447473534453,
   -1398.030706537278,
   -127.18027922722405,
   -2629.082649031865,
   -213.69741271224333,
   -390.24006415541606,
   327.69829970961206,
   -786.0636435271488,
   578.3877626262467,
   139.07660180227737,
   -2056.9503733004617,
   -498.2590880649935
  ],
  [
   1143.9537123394098,
   -585.4213505479345,
   -151.8799667348311,
   -1962.7927995172472,
   -1467.6971504063856,
   -493.76081931255663,
   -1761.8499236227124,
   -1394.2726952810528,
   -288.6001550241491,
   111.81634598310332,
   -671.6286376162487,
   -2093.9624086118883,
   -630.6777592254075,
   -374.5340916141751,
   -1945.1461894806748,
   20.899937036507826
  ],
  [
   -545.7118282285232,
   199.63165045864255,
   1169.9554269873336,
   630.7343372949622,
   528.1569940664631,
   472.69134844101706,
   -2503.5240761697164,
   -5290.307155297751,
   23.20044324706177,
   -65.14682016662208,
   669.3037632840534,
   -1572.1114627015752,
   268.77684397012274,
   304.7283083374161,
   173.26188623154445,
   -195.7992509972377
  ],
  [
   -135.96907288665582,
   184.1710678202849,
   1970.778198920415,
   228.04713182740804,
   -341.87256467054317,
   727.3175535002812,
   1133.2500039469046,
   -2896.1910071436005,
   -145.57865962447076,
   -566.3574118189904,
   334.23650797095803,
   1111.3100079797146,
   -2744.852795648617,
   1364.3307587371562,
   -1631.7291163706736,
   -82.44781824092588
  ],
  [
   328.3328181107149,
   256.3746078881866,
   151.19540853107358,
   -771.5995923624787,
   -757.3515029358631,
   -720.0703025148106,
   -927.9481395610899,
   -2881.912166716193,
   428.7215553765681,
   -199.07731216123898,
   -548.6346256222955,
   -2532.1985610126135,
   509.6494846352989,
   -856.6477672085774,
   314.6814831893463,
   226.5254250507129
  ],
  [
   -1441.3713199333602,
   313.89643754319775,
   225.11966164065979,
   -336.58757334141967,
   704.8216497208299,
   298.1727125675173,
   -2906.601748673888,
   -123.48708222352542,
   243.73630265396622,
   137.23187704693845,
   1028.373846625574,
   524.4107442801244,
   378.3364403234972,
   -107.92687327194093,
   771.8805800501931,
   -353.4419712604773
  ],
  [
   -358.48872783991163,
   -1012.7079971977183,
   -919.9807184677867,
   -997.9944458569255,
   -260.6010758311768,
   -771.7727106522027,
   -165.43805031398543,
   3091.5159858677507,
   16.515516498473673,
   -201.5458865334301,
   -217.6959493380513,
   1534.463353579306,
   -532.6886767203525,
   399.56369183288336,
   -1168.029690865599,
   -350.07610857006284
  ]
 ],