{
 "input_nodes": 12,
 "hidden_nodes": 16,
 "output_nodes": 20,
 "epochs": 1000,
 "lr": 0.55,
 "output": 0,
 "epsilon": 0.01,
 "synapse0": [
  [
   -82.40851275861884,
   14.954820208889881,
   -1399.2597473379424,
   -1999.7551634714898,
   -490.0334590035874,
   -1168.8103515711045,
   -462.9980690187098,
   -236.78813771289032,
   161.98892044392318,
   -155.15366589785413,
   -664.9089379804191,
   -345.3352670629695,
   -783.4614241685092,
   -812.470419358303,
   -1354.4130404878188,
   -286.37021446107644
  ],
  [
   -286.6051014085044,
   -331.77564106021396,
   1100.487167324178,
   863.7464971991963,
   -215.4136410643018,
   1349.6825386815774,
   547.0908215457443,
   1057.8685978448098,
   657.1122322141391,
   32.379102640787465,
   438.790664992713,
   791.2970406702774,
   635.0762953551654,
   124.03229361753819,
   1351.573482101233,
   108.89491133261245
  ],
  [
   888.0638843491934,
   -638.8111715722883,
   207.11937001039018,
   -108.99085978737632,
   -1745.589494880325,
   34.663110542465475,
   -151.21996461346745,
   1538.035582662828,
   -66.70868022332505,
   -0.18612737879131244,
   -675.1040879223859,
   432.57284021984685,
   -1169.426460341587,
   138.48192442035446,
   -1302.201365565741,
   469.00628692235324
  ],
  [
   284.9686108098207,
   -281.39893171300355,
   -1848.5327368186731,
   464.2086247501311,
   -240.82748264715454,
   -944.4685727011948,
   -2411.4083254522293,
   -65.10296359409354,
   -1179.9747262795242,
   914.6207992046799,
   -852.1723569687857,
   211.0360459538218,
   -1104.250413110436,
   -492.7432453471717,
   -1406.8500699397298,
   -224.66677193942905
  ],
  [
   -287.8041454340798,
   293.9568905084953,
   -1525.583652775656,
   723.8742414723557,
   218.2176301112067,
   -946.364332226912,
   -674.7640923531453,
   -1342.407287152934,
   252.24167890319222,
   69.28857803897905,
   -56.08742540815943,
   -122.75789698988751,
   922.2212735505564,
   -732.1123324322685,
   177.0144780100593,
   -630.2276108125616
  ],
  [
   471.05362815207997,
   178.05834025179652,
   -370.2674957822086,
   -721.2974318132764,
   -297.2458883319249,
   -1503.0289229001692,
   -431.2982162683371,
   -2801.7589658201246,
   -282.91073803567286,
   -374.1284310360305,
   338.9823767071472,
   -771.0424323747541,
   582.2590866731354,
   192.7252700417809,
   -2025.6711363551954,
   -302.6034783543541
  ],
  [
   1182.5093995538982,
   -550.6888930351319,
   -115.057722100203,
   -2328.8739208859342,
   -1416.070857082452,
   -395.5263825076915,
   -1284.1117281166198,
   -1237.2772600939472,
   -220.68375323105812,
   83.70940942719625,
   -647.3629633271541,
   -2104.085215244336,
   -501.60346969987563,
   -583.0395637753767,
   -1995.4367036898554,
   -129.33739813115827
  ],
  [
   -549.3724673693085,
   211.55707880370778,
   1183.4008050199782,
   488.361216558316,
   592.7574707485932,
   516.1965460959009,
   -2237.2304487899673,
   -5214.10533039383,
   73.01855613592103,
   -46.693561903130956,
   658.7356805406716,
   -1549.0663268199019,
   345.0827034376696,
   151.40472158851847,
   183.46642658424963,
   -285.1714598164188
  ],
  [
   -180.79786243980763,
   195.12127016116452,
   2038.4101858301253,
   170.40612352526267,
   -382.55458655948854,
   736.8930330050791,
   1079.8239487908975,
   -2937.220714916089,
   -131.3125119970994,
   -652.6029631903504,
   384.22093629156626,
   1196.4242405100213,
   -2809.538247805025,
   1386.6391419087272,
   -1643.3938322132178,
   62.271470230039995
  ],
  [
   295.8105199631482,
   263.5158164950736,
   205.2664521176877,
   -662.415031035666,
   -809.214880551349,
   -808.5137758844933,
   -1071.254617939853,
   -3073.9170277714948,
   405.8583170711147,
   -200.89221211208076,
   -537.6619035795175,
   -2488.1363801241764,
   487.03730041578183,
   -839.6472148688464,
   396.7741548650879,
   402.0920984119439
  ],
  [
   -1338.0170971656642,
   325.2216139456205,
   190.49507358382803,
   -732.1143570237919,
   810.5199309070692,
   488.14486573794034,
   -2302.342460446379,
   201.28819110360888,
   347.6743916028542,
   117.45783471600822,
   954.8040005185793,
   437.88501352585627,
   518.7704152389937,
   -310.4817015709097,
   724.9799511652827,
   -753.4983298746378
  ],
  [
   -354.84890965236946,
   -1046.5408029278426,
   -951.0199871450175,
   -1002.6271634460568,
   -215.08617722184505,
   -718.4791381151083,
   -217.5496943231759,
   3177.7153366232105,
   41.87877790755023,
   -203.10819767268728,
   -247.82963832664572,
   1514.8252032776063,
   -502.7681793623363,
   416.7896105969872,
   -1209.7995359520646,
   -453.12572529095735
  ]
 ],