{
 "input_nodes": 12,
 "hidden_nodes": 16,
 "output_nodes": 20,
 "epochs": 1000,
 "lr": 0.6000000000000001,
 "output": 0,
 "epsilon": 0.01,
 "synapse0": [
  [
   -1704.2987303302384,
   -13.689669912424737,
   -1314.7349187914187,
   -7023.5509866407565,
   81.00351300340495,
   953.117893214691,
   -2564.709131315896,
   1136.2955842352685,
   -5125.88503675688,
   -4860.225189743551,
   441.1017846068059,
   -799.1197858369127,
   -2288.294672710923,
   -977.708963748628,
   -517.2016876515902,
   192.0482008774815
  ],
  [
   -748.9433342495403,
   -1112.8001343986068,
   -1109.0083898798548,
   7346.470510723384,
   -1547.8576844193883,
   -2616.5992501700543,
   -2807.678938472049,
   -1393.073923147146,
   -4641.805158847799,
   -7308.186550884486,
   -3046.326954657976,
   -3668.96734872983,
   1052.9941360036198,
   -1410.088127824383,
   -611.0322036892244,
   -3747.577407405757
  ],
  [
   -4893.273443423187,
   -2619.294791776927,
   1861.758783000703,
   -3322.923511215489,
   1536.5131966030908,
   -2403.3681143638023,
   585.3427149867827,
   -1446.3049149985084,
   -7149.584549025367,
   -855.6900765003226,
   -3113.591305579601,
   93.00256479728316,
   -2316.515194915677,
   645.931026705142,
   628.649884534942,
   -6772.426794615954
  ],
  [
   -570.4457965369787,
   4735.633200425554,
   530.664488501662,
   3402.7093958395294,
   -507.7293257482136,
   -1729.6881404011926,
   1932.0427559629343,
   4713.312035799857,
   852.9354336556067,
   -2829.922714830592,
   -5982.542089539075,
   -9654.078337059582,
   -2262.9465655063154,
   1567.6104737118583,
   -715.2570011308449,
   1382.3618590891617
  ],
  [
   -4707.08736133608,
   1271.6253986107204,
   1637.4048492244988,
   -6211.030650082949,
   761.2783165553113,
   367.0368906170606,
   3124.504961072913,
   -511.52941154432864,
   -6005.314348793406,
   -222.34982666079597,
   1307.9770772420313,
   2555.0195815186653,
   815.8516272723019,
   -1043.0861506498018,
   1779.57996709264,
   -329.76044887842863
  ],
  [
   799.2794753716341,
   -1349.9742308263637,
   -649.5669022599743,
   -3203.602992289249,
   433.53736842139836,
   -1912.3325324008829,
   -6803.390327379913,
   -1424.2324058019797,
   -1659.8044715715812,
   -3242.34925776899,
   -109.37256215118768,
   15.171960706266683,
   -208.72024519296693,
   -966.5433378787624,
   70.6833580130617,
   1943.3449315803925
  ],
  [
   2525.2028233221704,
   694.307046379071,
   2580.3960581306674,
   -4024.5394485706584,
   2528.243407792074,
   -3807.8232851463567,
   -320.3880305655338,
   1955.6887289654144,
   2156.456663090755,
   11355.28673434972,
   4338.858151615147,
   -3484.551179834839,
   4804.603289191796,
   -169.87626420869614,
   558.1363576870501,
   6034.103597936779
  ],
  [
   -4064.759054646221,
   -6502.89826077513,
   -3189.6885453344134,
   1134.7303537517607,
   -1922.0445814932582,
   -4110.102299072171,
   -11734.5551804011,
   -0.7976943262393512,
   -16965.521679893263,
   -22115.490130710958,
   -5133.489128046028,
   -6207.260692947811,
   -1515.5756572083528,
   79.32010174179022,
   -993.1271973759419,
   -8022.643952528954
  ],
  [
   -856.3953945227578,
   -1374.8124703050164,
   -2156.7998875213466,
   -8101.42834765661,
   152.00100372019074,
   -2374.2633330589315,
   -7348.110027121494,
   6.958429094307587,
   -15146.090368908408,
   -22603.996293706266,
   -6576.726571002494,
   -1594.4430076457606,
   -4309.373113059328,
   -790.654504734337,
   415.3855506011417,
   -7452.324593059471
  ],
  [
   1843.4521381387922,
   1209.6529989193677,
   1441.772057501803,
   -763.8333745495023,
   2215.8617322789437,
   -5004.726211851813,
   -5883.151714977874,
   1832.9849772257644,
   -1754.4153123332162,
   -4978.893458745194,
   -1440.2730532276632,
   -6370.925507546638,
   4268.045416065918,
   -718.9889066232105,
   79.74685888100711,
   -1691.204096705507
  ],
  [
   -316.0464324681494,
   -3427.7636417351578,
   -2968.999896304443,
   2820.468013152227,
   -1859.1221011742703,
   -7331.957621779314,
   -4516.451659522631,
   -6267.034285613221,
   -1733.1535835153609,
   -3818.5555157511767,
   -4698.494194824463,
   -5223.489924133262,
   -6692.751453003943,
   3059.2443029319584,
   -1722.2584187063753,
   -10395.90600567786
  ],
  [
   1792.5722196364325,
   -6042.662115051492,
   2897.571817147877,
   -1313.4701345133174,
   1530.217664061739,
   -4489.446780781259,
   -10329.381753644395,
   -3907.8685668190847,
   -2739.3170338368122,
   -27146.767682333728,
   -7812.327205731277,
   -1422.594792666451,
   -1233.2580539992114,
   1635.3729655558088,
   -1067.8511798466268,
   -4889.787508901749
  ]
 ],