{
 "input_nodes": 12,
 "hidden_nodes": 16,
 "output_nodes": 20,
 "epochs": 1000,
 "lr": 0.6000000000000001,
 "output": 0,
 "epsilon": 0.01,
 "synapse0": [
  [
   -146.97211849326555,
   -1456.580941744999,
   -401.3894394044505,
   9.094242506734888,
   -516.1433722078133,
   968.5468539620665,
   -884.786437334281,
   634.8191640030637,
   -421.88471707112905,
   154.19030487299534,
   -1068.853383265057,
   -671.250886320052,
   -39.472619257278126,
   -502.72302089331316,
   -521.5896841169629,
   302.8161944110516
  ],
  [
   -331.8375177391025,
   1563.7286740003308,
   225.9281940633676,
   -1017.0563495042313,
   45.7489758391488,
   -1970.635167163738,
   5.592386798991332,
   -3336.453761412387,
   177.1770350567934,
   -1176.308308381599,
   -37.48858921285655,
   -49.55805563065344,
   -473.71555608312315,
   145.00256180442557,
   -92.15191746081278,
   -1347.7955226933425
  ],
  [
   -737.4349294894201,
   1860.9124444731426,
   280.45269906238343,
   1080.573026700244,
   889.9493354856546,
   -297.9585686159955,
   620.3416098713377,
   -2433.8796164136197,
   -1307.2273200945522,
   -432.7401571628153,
   795.7923443375183,
   -715.2138552501332,
   174.26292056344917,
   148.24631195936655,
   88.51100508571638,
   318.63681924818275
  ],
  [
   -579.2328975745922,
   -873.377327108047,
   -132.1081212911785,
   318.1790950260336,
   286.0873561392105,
   393.4671643778315,
   316.65932216870857,
   498.57005899964383,
   -376.30076125332135,
   -1078.218733213837,
   98.87533528333468,
   -548.6423274773315,
   -70.88757977720914,
   36.9537652070286,
   713.7853101572697,
   149.99552185575732
  ],
  [
   108.07928099144958,
   -2866.309791328819,
   20.373739736426174,
   61.776202654572906,
   -119.88786774660915,
   97.58876738929416,
   371.9499037796414,
   287.2060568925887,
   -588.1722528727682,
   -131.12001438915718,
   207.83053170475114,
   264.42639650117127,
   75.06295283214105,
   442.1994437664204,
   110.06292600099451,
   -145.21221166350608
  ],
  [
   181.01114219485123,
   -88.56213178349664,
   -357.3011995524166,
   -644.2634009570098,
   -110.65191509010045,
   -69.40029329819681,
   -50.896605174370535,
   577.6848699870303,
   -1472.4300780527785,
   -703.3090262062094,
   -107.7340649131224,
   555.6724703987259,
   97.9901682297002,
   -513.4431507494653,
   849.6571650281945,
   -452.44207713104277
  ],
  [
   315.39078323189807,
   -2706.430764275983,
   337.22342462814316,
   -277.02358207692606,
   153.14255628270504,
   125.4318802567699,
   803.2320699362656,
   766.1963536035297,
   -213.87013370610703,
   733.5015818964469,
   357.16042458471986,
   197.26382633619897,
   273.23705413294516,
   84.9580669250655,
   194.40494534149502,
   -124.67046966890501
  ],
  [
   -269.4496411663249,
   393.0876077189302,
   -368.0650239415917,
   -352.9529925042001,
   -514.9970614286187,
   -247.5064639786272,
   -1087.7688697176884,
   -2038.9216936853104,
   1088.1745452780297,
   -763.6539518424274,
   -871.7748788808856,
   -184.7681436161381,
   -360.78108754161286,
   -242.49377026478504,
   -798.868170020639,
   -523.6939283876616
  ],
  [
   -196.17624769935074,
   -929.6782991064554,
   -432.79069390850185,
   -40.839689813736584,
   -21.205080843442513,
   43.573672311592894,
   -798.0568671362729,
   608.2472764674397,
   1363.4655427868818,
   -660.5384917266915,
   -422.94150558586955,
   235.66168872117373,
   545.6301882718925,
   -167.3678389477975,
   292.44693035818875,
   394.8020678347919
  ],
  [
   278.350485629695,
   -1220.3401573416447,
   423.35523918616894,
   150.22649765373052,
   145.09994851692372,
   -252.60907715210527,
   792.6970480067274,
   -2200.6609993525467,
   -234.92638710491218,
   -728.9056087485619,
   199.10047635756015,
   466.8983043681679,
   319.4911458518106,
   216.35016068401129,
   594.7689675258455,
   839.9253828874041
  ],
  [
   -92.69733636543079,
   -2171.004342950282,
   -355.21323554087155,
   -734.7305843698971,
   -274.87798161207166,
   -522.7924739944835,
   -1120.2493848768834,
   -1722.9384142978497,
   -709.6628394725797,
   1292.0099001045835,
   -420.89777361659543,
   -1221.3626680462967,
   -549.3114579966579,
   -282.6791948422473,
   -1571.7721866841987,
   -1344.2111091465483
  ],
  [
   875.7582237673498,
   193.84145482395004,
   410.4027383749587,
   566.0177574986332,
   148.07934997871715,
   12.08048488178215,
   -1348.5785363864854,
   -4873.304869268141,
   -1324.3601786739807,
   426.26631331055444,
   -242.8212699309757,
   -1112.224678232318,
   120.36731371238942,
   -764.6532486783191,
   -1634.0226556801633,
   -235.7253312414375
  ]
 ],