{
 "input_nodes": 12,
 "hidden_nodes": 16,
 "output_nodes": 20,
 "epochs": 1000,
 "lr": 0.30000000000000004,
 "output": 0,
 "epsilon": 0.01,
 "synapse0": [
  [
   -13093.904972991228,
   -5553.207039532744,
   1386.765088738759,
   -25034.117251968837,
   4109.390972531341,
   8128.135171521183,
   -10008.000860315751,
   4387.511182416501,
   -17055.839777727968,
   -17499.694603505643,
   6113.342558072989,
   573.1447442915039,
   -14197.297449375681,
   -2854.0623405208735,
   1119.9306454371917,
   12252.807568432725
  ],
  [
   -5265.160469913023,
   -16782.919117015612,
   -11483.989904753373,
   20027.586835193928,
   -8681.558486635891,
   -3299.503565214217,
   -69.08485376936555,
   -10677.80060492149,
   -19679.324531015787,
   -38595.06782432387,
   -5566.822908377401,
   -5206.747558192757,
   17329.936857952278,
   -13747.220882887872,
   -632.3258040786128,
   -37007.88817606914
  ],
  [
   -40314.88711920139,
   -19983.125302164146,
   16571.686995294836,
   -20915.2274894864,
   8519.346580632946,
   -1498.473807620914,
   -7072.20390886113,
   -2805.3860457265573,
   -37171.29265593949,
   -47527.50866367814,
   -4903.739823576987,
   5507.660235380638,
   -14530.509021901149,
   -1156.075261340061,
   4373.7802230726,
   -36597.79266439427
  ],
  [
   4047.6656649989777,
   21031.26174598624,
   -1827.0671424167822,
   23517.18950338627,
   1840.8600577140294,
   10638.70902586933,
   16344.968425588153,
   -3358.0360926854,
   -2427.3184593531896,
   -26977.523846521755,
   19850.018000812783,
   -29539.375792090657,
   -9405.923987257585,
   2662.152627373771,
   1230.748914225203,
   35519.690517027564
  ],
  [
   -51110.5359048973,
   -28212.197275103084,
   10622.267441328146,
   -28122.821698833148,
   3534.616154520281,
   -4553.903538008538,
   -15134.54809965338,
   -6180.057486829023,
   -34191.99856465466,
   -12973.771363699905,
   -4018.031863619732,
   14817.91779769916,
   -1750.3608225760386,
   -4586.577906203095,
   3596.633241308284,
   -12617.69427823774
  ],
  [
   21701.921773472834,
   -3584.161077805571,
   -656.1707559026624,
   -17363.908013365522,
   -310.6250697113038,
   -9177.009162389873,
   -12417.764379908338,
   -1924.8963423241014,
   -4774.403050206095,
   -19157.36719638998,
   -12748.441540297927,
   -1890.3271882938795,
   -4744.710667352851,
   -4342.313365004603,
   -233.1501143228743,
   -37642.20649962987
  ],
  [
   6000.447771869559,
   16404.672179531855,
   18879.75836536449,
   -33739.57367239182,
   9124.832888890425,
   3926.0385884122647,
   -5042.84350976129,
   11164.093124476667,
   -240.26361975289257,
   50943.097009247846,
   3269.191301578002,
   -566.693317053935,
   4478.984851930132,
   2455.071536117977,
   10485.985237201803,
   24246.892338815233
  ],
  [
   -36809.251570053384,
   -37467.533333943706,
   -21483.031813239915,
   16309.950359252856,
   -10189.246950233017,
   -2186.134234199636,
   -36506.87559652233,
   -16846.130053281348,
   -53767.347350178454,
   -31165.928096911393,
   -10435.89822641186,
   -7345.108910087469,
   1252.1906372967767,
   -4369.182750655087,
   -3811.38167077555,
   -41935.45456975354
  ],
  [
   -21639.016047238045,
   -15928.265052426666,
   -10829.809219197858,
   -48468.93431951174,
   -3802.591471356127,
   -325.26743156206226,
   -33359.51890288862,
   -25721.984470697585,
   -45081.67576790083,
   -130698.74403001033,
   -1241.7840424234087,
   125.15371280084992,
   -8578.396209007176,
   -5601.262986969866,
   -3080.485555820628,
   -6699.754264106407
  ],
  [
   5683.471720978151,
   6179.136669329148,
   19276.38243827577,
   -10111.954734157473,
   12985.455805673724,
   955.001778520501,
   -7826.234861169734,
   5867.1053847391395,
   4132.215875930813,
   8985.47435437762,
   4607.099312814923,
   -18779.942090746226,
   1720.900017502136,
   -215.61867514684982,
   12267.734399295396,
   7838.145606273526
  ],
  [
   -10357.61943628923,
   -17134.72005224442,
   -17840.047436585322,
   3087.166667369316,
   -13760.574795908347,
   -28846.309433239123,
   -8660.628852491198,
   -5662.756657007741,
   -4162.318755434796,
   -18967.11555080356,
   -16874.730776719847,
   -19207.811675125366,
   -22280.874482395855,
   15875.866090916606,
   -15001.176660965659,
   -66167.48580674194
  ],
  [
   -2292.5266122362996,
   -36984.54278850169,
   15719.501327046877,
   1939.2484406049477,
   10608.396936545614,
   -14015.099569680577,
   -35411.51121532029,
   -3486.4395644381884,
   -4884.703289492675,
   -173502.53362332733,
   -20509.69060485176,
   -4374.8658361012085,
   -3327.162261106781,
   -822.4468188535118,
   -1134.9849748219174,
   -36167.44949897954
  ]
 ],