{
 "input_nodes": 12,
 "hidden_nodes": 16,
 "output_nodes": 20,
 "epochs": 100000,
 "lr": 0.30000000000000004,
 "output": 0,
 "epsilon": 0.01,
 "synapse0": [
  [
   -35526.57001283882,
   -149554.73655407762,
   -7738.78026577842,
   -142511.93686495992,
   -93695.26201424909,
   -138724.4513501326,
   21041.108447113358,
   -101003.24889659176,
   -183795.04889198902,
   -47069.63896103357,
   -156264.22620739826,
   -106634.14455571458,
   -256212.70590142094,
   -19533.347223970697,
   -18047.189290510993,
   -152322.96134448887
  ],
  [
   35143.277490776505,
   196565.35017707988,
   14464.850116538433,
   247778.4649184551,
   131123.44297464308,
   185142.31788866007,
   -17744.934000633115,
   152841.5233676116,
   173256.73298818967,
   57615.601439456375,
   150126.1812467384,
   136745.8241520429,
   333270.1083754228,
   68670.97080261617,
   14138.236414369034,
   126194.46361549577
  ],
  [
   -86176.75327613807,
   -13117.106097845182,
   -15803.12338997862,
   -117083.3040188932,
   -10752.30431097996,
   -307493.3724876381,
   61469.952021225145,
   -329770.4783792197,
   -15347.28962774912,
   -134190.00182610552,
   -78513.15325717829,
   -245335.15473455298,
   1221.4234672064565,
   -364131.09853766504,
   1863.0102182632581,
   38155.33923810703
  ],
  [
   10443.506866168542,
   -211170.94303112393,
   -36647.75198427333,
   -213128.06697433567,
   -146855.32295281717,
   -428978.53984205134,
   15969.522601923984,
   -323855.8580837353,
   -447839.1912804601,
   1728.8617959949015,
   -268625.89865538344,
   -302798.475986814,
   -92993.28182024849,
   -155751.60322657862,
   -20399.21549257795,
   -161518.22077272157
  ],
  [
   22855.666259601643,
   -176488.05767708644,
   -42243.73358712547,
   -254622.32678330442,
   -143903.18921960384,
   -281482.93599560636,
   18195.047886730717,
   -309640.7796144331,
   -238532.75778322108,
   26982.35944991304,
   -93351.09418953287,
   -303297.4574379575,
   -73127.5707819326,
   -237333.88612759003,
   -27433.962416990744,
   -87345.43100776518
  ],
  [
   21103.06205707986,
   -115818.73480452855,
   -107515.94567305205,
   -132833.90411763426,
   -117358.67631599579,
   -19935.818111167795,
   -13535.014839031372,
   -116152.11008229692,
   -156619.82103248467,
   25873.677453787524,
   -188254.7050103473,
   -165657.91826833834,
   47476.860518842346,
   -23127.366004837055,
   -6993.599542153471,
   -131619.43717255324
  ],
  [
   18226.340299088482,
   39730.81891155907,
   14803.484652489375,
   44499.671981360974,
   72491.75237315272,
   -134925.09115784214,
   -185.6798765829194,
   -33331.602476203036,
   -313760.96206133964,
   -34598.62657389673,
   -86876.29544691055,
   21189.073033381563,
   -20540.676737404112,
   64514.796356471124,
   -451.46322132274014,
   -71484.75524337377
  ],
  [
   14116.753527862957,
   -182515.11623765575,
   -40336.28414267681,
   -250641.54611699312,
   -148638.2926548427,
   -262739.6197828995,
   13778.56795199598,
   -304983.28210494464,
   -238392.86975446076,
   27452.059874226397,
   -88544.24519052739,
   -285787.99851756345,
   -72831.56078753251,
   -236800.09429717885,
   -30063.97904902416,
   -88120.84337961752
  ],
  [
   32855.09289196393,
   -113870.89976678368,
   -111424.9239974877,
   -102248.66782541915,
   -113593.73102143641,
   8320.39932668053,
   -6469.650953212056,
   -94773.92816851362,
   -159442.48853371484,
   29948.20053172711,
   -179373.73085503778,
   -106685.83307084859,
   46347.65124241065,
   -17568.316664062088,
   -11992.673667382996,
   -129416.09659047822
  ],
  [
   38157.437141513474,
   48165.27762555858,
   14143.240088781908,
   61167.62724745474,
   80072.86176212139,
   -116790.24386311884,
   7349.438279204855,
   -25835.905632496135,
   -316087.87057596777,
   -34062.507904139726,
   -70639.42922967115,
   60010.677220337006,
   -21133.68731094794,
   85243.8408669777,
   3516.4201598464824,
   -68706.91810769294
  ],
  [
   914.9108015218587,
   -114132.51103106391,
   -59351.9810954275,
   -208986.51296359327,
   -78890.71366119095,
   -206455.5142494,
   16825.389766795575,
   -263998.37503451656,
   -275674.46782800404,
   26807.550158103295,
   -137859.68802569582,
   -245621.7731676758,
   -67620.02684742043,
   -168661.95398921,
   -23129.296930772172,
   -131248.7886598184
  ],
  [
   55075.90020148571,
   -215113.19635768989,
   -60195.04937739596,
   -185772.12738572457,
   -190245.3326345372,
   -310824.2357662165,
   -25012.448642172476,
   -261750.07479926522,
   -383113.3071118394,
   -8754.969457871835,
   -185215.42955236728,
   -276776.9114528359,
   13736.279503058302,
   -88794.292009699,
   -19823.713365921092,
   -118826.31568033072
  ]
 ],