{
 "input_nodes": 12,
 "hidden_nodes": 16,
 "output_nodes": 20,
 "epochs": 1000,
 "lr": 0.9000000000000004,
 "output": 0,
 "epsilon": 0.01,
 "synapse0": [
  [
   1246.3157151731584,
   -750.5226776706589,
   -3651.090111118604,
   -23766.724925158396,
   -10038.671805838372,
   -3264.8090907529263,
   -1074.850598671042,
   -7849.210084648315,
   -9905.815775841127,
   -98.49593301931614,
   -8889.149326514398,
   -2681.8430384587928,
   -190.82820738041062,
   -4447.12433569643,
   1474.9570390062656,
   -6419.7932371750485
  ],
  [
   5267.228556755698,
   -978.4735671490083,
   -107.69803235370631,
   21112.12147410109,
   12448.242388156616,
   2522.088478286331,
   4311.550836042659,
   -7656.703532772476,
   6413.346976109032,
   -2620.93460593133,
   15552.445021668085,
   -2317.716979331301,
   4809.51600319511,
   8018.664278105783,
   2778.918036339493,
   8967.873157460741
  ],
  [
   -1277.1281419229383,
   -580.2076848682315,
   -13731.280582295218,
   -10491.833587456764,
   -1429.4739010074916,
   1234.3987077515228,
   -5724.821288793821,
   -24916.00622810786,
   -3644.698674043158,
   550.1550862129683,
   14020.12254637593,
   7307.606458024904,
   -6465.324999488019,
   -4984.143479036696,
   -4103.654301747532,
   -255.19877778520853
  ],
  [
   -3589.6008195592353,
   1163.099770298612,
   3278.1959790446776,
   -13525.740469274004,
   -18692.49239900179,
   -6852.049440417218,
   13058.987935841527,
   17240.197460897205,
   -22855.453294976574,
   -1015.3319690349331,
   -17783.66569607792,
   -1479.8460603047195,
   424.58586187205435,
   13693.163889198911,
   3501.855369500463,
   -13564.088163542772
  ],
  [
   1239.4266174889017,
   603.948803513129,
   -4056.9303896658726,
   9062.150275549315,
   -2200.893712409655,
   -3233.109730820247,
   17866.39897814851,
   6035.756404486122,
   2590.053298958098,
   829.5772143805974,
   -3887.6457608365954,
   -143.5358834866395,
   -8013.719214586359,
   18157.8916708229,
   70.16187335426444,
   -5120.174271124549
  ],
  [
   -933.4633315811494,
   2126.9050142178316,
   656.0738188673929,
   -25206.205899199682,
   -2484.508630056142,
   -1318.8835050700602,
   -19103.88845355383,
   -18142.0261667594,
   -20940.68225100805,
   -1691.3078918606573,
   -3089.7427242782605,
   530.1814270252897,
   1238.603123034803,
   -13426.365685722658,
   1831.672211337518,
   -4804.142009433497
  ],
  [
   1557.4075469537324,
   254.5009557350715,
   -7299.5917037003865,
   -11773.805945646165,
   -457.58105140402836,
   3074.704168451422,
   -5741.586124220094,
   -707.492784327845,
   7333.2683920144555,
   1587.7722040120432,
   4011.5321651038216,
   333.6304348956118,
   -4603.673020537111,
   -10763.988034153397,
   -897.2763054491235,
   664.2606910272652
  ],
  [
   264.7757752433567,
   -852.4654040054014,
   7716.349776659244,
   -26812.509135019725,
   986.6088907822135,
   641.6208044488319,
   -32924.9766022194,
   -26195.366784051123,
   -13178.735916497713,
   -1499.6353282996813,
   8499.40630251269,
   -787.7767396425095,
   2983.7941732373547,
   -24774.37846582897,
   -1656.2583629813328,
   999.8212023190983
  ],
  [
   -962.947810175106,
   932.7774488026121,
   2579.829343240947,
   -4930.4221179753995,
   5228.490848239462,
   -1152.77604378519,
   -5187.36857246512,
   3423.9205102818487,
   -2315.958069187021,
   2289.9201386813725,
   -7137.421447304344,
   -1054.824399462683,
   -1056.5322865703722,
   -782.1093699878352,
   1171.8942619914117,
   -2202.9573791797225
  ],
  [
   -558.7411171966826,
   -2019.9421534086678,
   -6619.9546979142615,
   -12368.193738989963,
   3787.4005353134025,
   565.2774879493758,
   -1204.4765867713606,
   -21544.844351577467,
   -10275.441414355539,
   1975.6902752950464,
   -4179.728721509746,
   -740.4867652639217,
   6258.347706618815,
   -1944.3641822936827,
   230.57867709416666,
   3752.3989101539737
  ],
  [
   -8081.365481753901,
   -1557.7046856789746,
   -6213.381029439079,
   -25116.171072548324,
   -10481.40061997909,
   -2476.662698294281,
   -19454.739181740075,
   -10828.780039272646,
   -21757.936048026284,
   -15.01805157707536,
   -23866.26736798316,
   -1093.6058909850387,
   -4184.285090967822,
   -16127.646097204477,
   -4095.1899138764365,
   -4507.5550330329115
  ],
  [
   -5325.417577040919,
   161.605338592559,
   -5490.568559033207,
   -11696.288616583708,
   7930.676598294938,
   3407.610693549366,
   -16131.054359838303,
   -8633.439482974089,
   -12585.570769646285,
   1166.1576915987037,
   -10624.68115794622,
   -2660.841971694301,
   -3512.215037589392,
   -21787.231698826716,
   -2708.518445472497,
   5504.64901427056
  ]
 ],