{
 "input_nodes": 12,
 "hidden_nodes": 16,
 "output_nodes": 20,
 "epochs": 1000,
 "lr": 0.7000000000000002,
 "output": 0,
 "epsilon": 0.01,
 "synapse0": [
  [
   -760.9319247254662,
   -294.3027715566148,
   212.28690685593037,
   -10260.941324486848,
   -8046.14604974257,
   -1160.8972387587453,
   -920.7976182239325,
   -2612.6398770498377,
   -8304.335443011618,
   -315.4403218496266,
   -5916.226403748615,
   -1603.8024331516433,
   -1973.5109169943828,
   -2279.7185357745725,
   1372.3006052651126,
   -5585.84711125156
  ],
  [
   4371.415897209171,
   -834.2894009517673,
   285.1866744687984,
   9131.346153947125,
   7436.167938965661,
   1441.5081836961929,
   3109.2388967249844,
   -4949.539200425266,
   6854.049816719762,
   -2041.656389276922,
   8055.919389580879,
   -2436.4333626940092,
   4172.272858638132,
   3773.4972054973155,
   1615.7294113164053,
   6880.957422262566
  ],
  [
   1409.1694150855656,
   -439.16204174373263,
   -9336.831463206041,
   -3504.8782987711816,
   -3602.7159617019856,
   515.2007195543785,
   -9499.825678925377,
   -11587.023255348728,
   -3553.1894620536546,
   720.5839062235453,
   5809.612530162475,
   4977.112682967164,
   -2298.236173235115,
   -4740.974238988916,
   -3186.005223011333,
   -1177.8881282318932
  ],
  [
   -5608.466541847223,
   790.1580847283197,
   -4092.147654824261,
   -9757.61367556693,
   -9297.980889906796,
   -1677.3181422078997,
   12805.131602005136,
   8104.216455561506,
   -16466.18424732098,
   -1537.51723063691,
   -11403.14486381968,
   -1003.2892730625642,
   -836.0410145045555,
   7186.8365199170485,
   3891.83557256709,
   -8466.003534435766
  ],
  [
   -520.7468244179879,
   404.6729424506018,
   -4274.865457614246,
   973.9724973279485,
   -1305.741676575087,
   -1454.0233128940029,
   10373.743923485828,
   3907.098222342583,
   -166.3996467889973,
   214.89912396375942,
   -2478.864855348157,
   -397.78326937436475,
   -5638.927503082188,
   11986.434374172259,
   256.78455038218544,
   -2869.3225024793837
  ],
  [
   -626.4188418602578,
   2064.7716489983636,
   -2237.0828205662233,
   -9784.182301389099,
   -2158.501991949589,
   -367.20074888167903,
   -8006.094931236685,
   -12399.297919653718,
   -13083.714331147925,
   -843.6154064911603,
   -3432.606160733563,
   423.5273525080124,
   -2154.1616605226172,
   -10591.126880115631,
   1134.3035210991152,
   -2994.917184145743
  ],
  [
   849.350741106505,
   377.00508274354445,
   -4202.333717807892,
   -2870.138093063562,
   -2953.489866743404,
   398.2318233301864,
   -2234.9826949900084,
   2575.978892476938,
   4277.555699994762,
   1314.4230068527188,
   2268.2708865906784,
   276.2701351530422,
   -3389.6342701923368,
   -6877.908530272646,
   -615.8436606197776,
   1168.6398864831267
  ],
  [
   1282.7808199761657,
   -451.7255097837062,
   5420.018041923011,
   -6646.428066334721,
   2816.5638627425537,
   216.07682627842456,
   -22956.716599982607,
   -13484.36134007983,
   -7435.368684862843,
   -1216.0547367729582,
   2490.0043405319116,
   -843.6563288141546,
   14.05244516524097,
   -15679.411392308331,
   -1356.0343813271256,
   434.20262764240334
  ],
  [
   775.2984725241031,
   1415.8778194962108,
   2199.3274938463614,
   -2121.095486424567,
   2245.0212419314066,
   -54.28241585129033,
   -5151.457302915582,
   3556.812310457167,
   -19.822024925506135,
   2566.513827700266,
   -2994.729503929903,
   -900.5271616466897,
   1881.0212331203952,
   581.8562366898458,
   633.28939363407,
   -944.5077307571179
  ],
  [
   -2157.9825508408003,
   -1170.6237177304752,
   473.2705038131151,
   -2567.245267397615,
   -646.5380610249388,
   1086.5097226950734,
   -6569.572621248417,
   -6928.59546048371,
   -5465.883116391869,
   1774.2461151271277,
   -6614.212709681856,
   -164.19824989364764,
   4593.869427347842,
   -7514.071711873887,
   344.95438067204265,
   3714.363680848354
  ],
  [
   -8671.887837992886,
   -1386.9431100792815,
   -3515.870001789226,
   -7254.6261401990505,
   -6655.314799309978,
   -418.6791212374718,
   -12349.546909559178,
   -5411.479271779821,
   -16767.433983104234,
   518.3367492935215,
   -16770.116753372986,
   -1110.3268997310195,
   -4154.323209169933,
   -12895.279793629183,
   -2402.2072540916315,
   -5183.385607430242
  ],
  [
   -5089.582140141205,
   330.87547312111263,
   -722.2639689948147,
   -3437.3458858687513,
   1986.6002958370202,
   1454.404200328236,
   -18109.030578375314,
   -6354.160953050605,
   -14473.756718843071,
   565.4689315124461,
   -5586.27535220321,
   -1261.6416681384103,
   -1436.903689088348,
   -12319.824643565493,
   -3274.605583975879,
   427.868581364419
  ]
 ],