{
 "input_nodes": 12,
 "hidden_nodes": 16,
 "output_nodes": 20,
 "epochs": 1000,
 "lr": 0.6000000000000001,
 "output": 0,
 "epsilon": 0.01,
 "synapse0": [
  [
   1319.7845315945433,
   -2041.4841234933192,
   -10384.791536795792,
   -32825.19346102885,
   -8416.895519941741,
   -2962.1854709572585,
   -8803.922209162434,
   -10028.719159733337,
   -16233.385357269795,
   -188.412766414646,
   -8128.198839997578,
   -2948.195848328562,
   484.63864184409454,
   -4783.602034461554,
   2066.2835406869813,
   -10527.770043960483
  ],
  [
   4896.111308432873,
   -1307.8310082711423,
   1135.6910248961483,
   26441.828865483945,
   12427.316338433291,
   1938.667506473623,
   7359.303904649189,
   -6333.932367046059,
   6772.654983123366,
   -2847.8325369557647,
   15600.799091443398,
   -2053.31480004692,
   3275.925235381707,
   9360.873298154891,
   3541.8789083308316,
   10900.976753084782
  ],
  [
   -3010.9823765347073,
   -3177.4754318194573,
   -14772.313238830455,
   -13865.96094374946,
   -709.3969990414085,
   893.755466775602,
   -7807.1821507599625,
   -34005.479886013774,
   -1403.2596712697002,
   933.2064811771539,
   19882.82337287087,
   7797.864216930767,
   -8286.301414971276,
   -2435.6837667685863,
   -1729.3143103348718,
   1044.38882278818
  ],
  [
   -1283.5776258883136,
   2581.765197337643,
   4870.922866113094,
   -19826.855991500048,
   -18323.97906577914,
   -7496.622270104282,
   8732.975412312797,
   22068.56179402434,
   -32610.63946958563,
   -1643.311360178507,
   -24618.19052645599,
   -1039.0239753098158,
   1365.5588061412443,
   12155.923084463804,
   3965.3273182694497,
   -16146.34854084137
  ],
  [
   2622.5612612954674,
   -193.02533289468656,
   1142.0927437276616,
   10335.436099338103,
   -5330.977419656174,
   -2760.4128075153494,
   24042.657458248395,
   6240.4377539496345,
   2720.245035260033,
   259.4673818271494,
   -8455.378237668598,
   -98.27015531665587,
   -7664.597867569108,
   16964.186806069203,
   -843.7837711030669,
   -6277.673216597066
  ],
  [
   -1814.7748656327115,
   2750.462073125657,
   797.6897789197002,
   -37142.757311474146,
   -2892.2039980279465,
   -2659.581003046127,
   -31841.13407666599,
   -20505.04176211526,
   -27110.25140760639,
   -1927.6611849864878,
   -1068.6540652180497,
   1217.9397197691894,
   2991.404297864239,
   -15010.186192705,
   -41.485434326965475,
   -7642.187158822041
  ],
  [
   1282.5431908125536,
   587.5650540983919,
   -11745.111820051421,
   -16500.626687733224,
   1489.1241789211415,
   3153.465144872877,
   -4863.2640780051115,
   1723.1187812848777,
   8179.958574862026,
   1505.5126500530691,
   3841.166253336042,
   -575.1180306715698,
   -5497.845742088737,
   -11032.148797447782,
   -2661.5877712824363,
   -1913.0717015594614
  ],
  [
   -2286.952877667191,
   -3238.473831911773,
   9224.034999459145,
   -38699.724886245654,
   2321.724532644817,
   1329.2589193248516,
   -45252.626719417574,
   -30893.53478260135,
   -15560.973984541724,
   -638.2584062126666,
   15198.440602040979,
   -1149.2318155103778,
   4072.464204560373,
   -24795.663731887442,
   -2928.1661132579056,
   5468.767854487521
  ],
  [
   -1672.7450612140606,
   3341.105935383207,
   4126.612151827407,
   -5228.982525810595,
   6298.411576577484,
   -1373.289023851946,
   -8208.933222788746,
   9465.67718618698,
   -4154.32927394624,
   2470.160467489749,
   -8488.986851430056,
   -1210.409351059195,
   -1421.5503422532213,
   -2319.1003889901285,
   806.9722315975259,
   -1377.8178949842465
  ],
  [
   1020.6569666049857,
   -6495.227661581754,
   -13908.636000084236,
   -19914.990148715853,
   6581.315781336296,
   1200.8924559358268,
   -8623.733937970585,
   -28528.111103394393,
   -17815.423345379408,
   1982.737806583892,
   -6474.106976622222,
   -1786.3153034672916,
   4934.157723655057,
   331.1636366394308,
   2396.7962977061156,
   -1552.7417566273875
  ],
  [
   -8842.203620698314,
   -4354.418187858809,
   -12081.457112290418,
   -33267.06551465922,
   -8585.600303928488,
   -2006.4627600594667,
   -26535.60303300054,
   -14456.344083905657,
   -30095.963675253992,
   -445.3180811617182,
   -23060.988856302276,
   -875.2616015017679,
   -4117.411825043918,
   -15654.041975943173,
   -4494.328613900825,
   -8467.061177302165
  ],
  [
   -6221.186677616438,
   2687.079651227327,
   -8340.724041032061,
   -20647.20998572936,
   9341.655226165907,
   5035.185149203641,
   -27644.376743589517,
   -11299.32463783791,
   -14278.324611379074,
   714.5351749747168,
   -11227.693037619632,
   -2122.810617188506,
   -3199.027415711465,
   -25393.2517772925,
   -1814.6465567282053,
   6954.665159970718
  ]
 ],