{
 "input_nodes": 12,
 "hidden_nodes": 16,
 "output_nodes": 20,
 "epochs": 1000,
 "lr": 0.30000000000000004,
 "output": 0,
 "epsilon": 0.01,
 "synapse0": [
  [
   -451.4391825921115,
   111.7506944106914,
   -367.90142844722476,
   -2738.1855609668874,
   -3612.2436805861093,
   -795.8567938502298,
   -753.7293102207582,
   -1818.8120963926265,
   -5119.518104561581,
   -654.4045799009504,
   -4748.434394647039,
   -301.9333952196776,
   -1808.4492013002307,
   807.2417980540165,
   739.9909725759002,
   -5547.259772682963
  ],
  [
   2631.4359238470793,
   -712.3305401592895,
   697.7834922733623,
   3836.5747598519906,
   3322.2829355590147,
   1214.9244076273296,
   2442.738323425236,
   -3239.488113886922,
   4876.977851144491,
   -1565.5487214175378,
   5084.581134146616,
   -1595.2337071892898,
   2037.6211006276928,
   2236.8745107698924,
   1063.9926782021955,
   5569.721433396747
  ],
  [
   2097.1604375269144,
   -569.8530594922308,
   -6713.792645779534,
   -1246.3318800606398,
   -1876.7576764395933,
   721.9043644824126,
   -6876.985794989693,
   -10797.91070880335,
   -1847.4962327775108,
   561.5956975218149,
   3535.0388765577345,
   2367.795545211102,
   -416.3287057439666,
   -5465.899546545947,
   -1609.0262503646234,
   -215.30650172351912
  ],
  [
   -3748.973676849804,
   454.23930226953036,
   -6316.79761533302,
   -5151.51018895996,
   -5789.229593481766,
   -1304.2755004257583,
   8284.489796785936,
   5542.599411186654,
   -11469.570341571598,
   -1092.3188156639026,
   -7237.913281885365,
   -276.0199640637755,
   -733.2449696760889,
   8748.716260005422,
   2686.0803357229893,
   -5492.013719068589
  ],
  [
   -898.2666872946064,
   350.51137148944275,
   -3877.7776855734505,
   630.6960623019361,
   -2470.5717337645647,
   -1735.4483523698211,
   9642.7482091169,
   5756.768429602004,
   -42.948106473287,
   232.11389942248638,
   88.0818451846267,
   348.19316912159496,
   -3771.9212668945343,
   8894.495789244398,
   -178.41736550839076,
   -3682.2031520280307
  ],
  [
   59.35384352098925,
   1107.3734338176198,
   -2859.5835834932254,
   -4442.422274384201,
   1364.197251275539,
   503.63917949212856,
   -6975.7445154459765,
   -11810.038646760111,
   -8274.863137162069,
   -897.4677175294585,
   -505.8909693559076,
   -254.98117314353297,
   -1517.9273488578765,
   -6453.941701258153,
   862.0507768599097,
   -689.2878627955834
  ],
  [
   248.21591625414885,
   449.5821268599848,
   -3123.812836611494,
   -823.8029092097398,
   -1893.6686535919332,
   425.41349971821325,
   -2989.659759979905,
   2544.9891942342483,
   2770.7961548061353,
   1089.3861916407773,
   102.99897991647977,
   30.177334353398706,
   -2259.8534061546948,
   -4289.746119082323,
   -633.0025053381083,
   304.7666645618681
  ],
  [
   803.8096169987487,
   -366.14795995101105,
   4252.209869356793,
   -2026.399370024297,
   2080.2270430594413,
   524.2417101936916,
   -18431.087364864474,
   -9596.10575861293,
   -5846.387594683433,
   -1074.5150998368804,
   1034.9365558849545,
   -1221.2344003047035,
   -337.92982071209286,
   -11230.157631101292,
   -526.886866718009,
   235.87646900345075
  ],
  [
   -1265.2036866962978,
   869.2791569150284,
   2524.1598598432206,
   -705.3316914692488,
   -294.14378117038865,
   130.27279446099226,
   -4334.769792460016,
   3331.188358610213,
   24.730903664281513,
   1529.2118760387032,
   -2688.8788824967073,
   70.31689063868406,
   772.6380753439149,
   -1245.1911974966058,
   -747.9742285707295,
   -1139.8272302775526
  ],
  [
   -1710.3363152248862,
   -562.2072366153976,
   2913.794217662404,
   2466.071162098653,
   -1073.7009875134718,
   268.4279290932138,
   -9125.343707154962,
   -5130.348683898304,
   -3085.6107036122,
   1409.2812125893317,
   -6661.975308327491,
   251.28254515322965,
   3920.7022315599206,
   -8976.218017273886,
   652.461482488183,
   3602.850902963104
  ],
  [
   -6468.453224500552,
   -907.6139804678857,
   -3245.1543088136855,
   -2504.490185344124,
   -3799.474811784278,
   -323.6681329276598,
   -9833.444890610534,
   -5357.116325048496,
   -12394.905273193246,
   245.79432187362067,
   -9893.460754819305,
   -790.0390778711965,
   -2711.420192165889,
   -9115.344283941507,
   -2282.571598193173,
   -4947.226607103913
  ],
  [
   -4170.244672677231,
   293.49424819349605,
   759.6612420856665,
   -1021.0808111031502,
   2277.374262619814,
   1253.8715157288068,
   -15356.560040299342,
   -7173.668365787607,
   -14084.061226222502,
   592.6315407042048,
   -1569.5627566732549,
   -231.0364308420173,
   -299.72885062488916,
   -11936.172841786067,
   -3743.680946462912,
   -1673.864054253397
  ]
 ],