{
 "input_nodes": 12,
 "hidden_nodes": 16,
 "output_nodes": 20,
 "epochs": 1000,
 "lr": 0.6000000000000001,
 "output": 0,
 "epsilon": 0.01,
 "synapse0": [
  [
   -215.49878967808385,
   401.3939486623191,
   74.43849268865945,
   464.34033496076955,
   -75.81157184794354,
   -473.86090028339834,
   250.6552524977305,
   145.62623649608696,
   -206.90599725357487,
   162.80896510072233,
   555.4870329546521,
   -159.4295780073653,
   525.0780721686599,
   182.66518115554283,
   366.5825524230911,
   294.0863252554213
  ],
  [
   423.87965350381046,
   -542.2686806705781,
   -141.3658347363395,
   -594.3420487575002,
   -39.30645092621457,
   -94.38296057365056,
   -100.63648910640028,
   75.59538794855762,
   166.37288111671864,
   -475.82938891310437,
   -788.221175545871,
   350.5442439882005,
   -282.60751400296476,
   -272.15744105835273,
   -366.28365508839204,
   25.385174713775513
  ],
  [
   195.3052529464805,
   740.057972744367,
   -85.90828122290952,
   -38.16807014502531,
   167.43978112042961,
   592.0698333295188,
   -513.8837402214152,
   -68.32868060673636,
   1558.8473300810872,
   710.0258297635447,
   376.58655220133454,
   -53.161304332703125,
   -498.9632376185731,
   359.54359852467707,
   808.5351161830984,
   -79.37197707645946
  ],
  [
   -201.73935861763462,
   466.70742422014797,
   -108.64388419691655,
   532.1866640706486,
   68.71356959130549,
   343.1256410513972,
   54.46251683849256,
   154.04801372192463,
   433.92560030208676,
   579.6925257897524,
   177.36766904761282,
   -139.32417800059065,
   -157.68700884429649,
   142.0213883442359,
   338.4289429455583,
   399.0970077428516
  ],
  [
   226.74684655244891,
   248.49273871687402,
   -97.30156624188382,
   -22.74928237496056,
   -46.56713475578408,
   -449.47176243780973,
   -86.3878109596583,
   198.79138393158877,
   328.3150496043476,
   517.444491861525,
   82.96742035237266,
   -95.23995224326696,
   192.00329871185775,
   241.8634668816356,
   407.9609186727589,
   222.51710269216102
  ],
  [
   133.04663686487422,
   508.88821639384224,
   -104.86699401484553,
   155.1202696923955,
   -104.76389502177122,
   15.823125587692973,
   -4.682507383893811,
   256.9556302036969,
   429.4588705352209,
   -31.29196683941635,
   73.8130287282421,
   120.9714892231375,
   -113.50542159761787,
   -220.48586895336007,
   177.26598275935817,
   97.98076403767955
  ],
  [
   -432.0794363377954,
   -193.90369228402457,
   -99.60936199576916,
   193.95677344589933,
   -121.9636879621001,
   -23.397080519222047,
   230.619510653264,
   -133.30475685930273,
   -491.2908860885103,
   -363.4694605103853,
   545.1715004016697,
   89.29404377799875,
   -199.1039722623617,
   -268.80632309538555,
   -286.7482562246225,
   199.45795089796846
  ],
  [
   224.51964048247106,
   -307.95923399537753,
   121.0068947562529,
   -968.6832457123979,
   26.64530850658929,
   -704.7826848331151,
   119.71939372285547,
   9.064548640379368,
   -932.1227594888547,
   -1693.4183140672412,
   -633.956114715598,
   -12.439126226687009,
   400.5947923001514,
   -100.90557865093237,
   -223.16762853324965,
   -108.35635550653747
  ],
  [
   268.23371448515263,
   98.96702884861898,
   93.71783147761946,
   -185.02104776711158,
   -42.233771372130725,
   -706.9887269271582,
   -104.46807888987102,
   117.51996939392659,
   -290.8017526211532,
   -1303.3049795438167,
   -215.1711554990098,
   -258.54191955332834,
   -33.085369099741996,
   80.52607488896817,
   -112.01331340156555,
   -239.94381302555377
  ],
  [
   -100.89956741299122,
   -733.1001460545118,
   -0.23104835265314722,
   -1012.9304788633337,
   32.83907241431973,
   -756.5810947231407,
   10.871796858718072,
   -336.5738675107656,
   -855.2459365021865,
   -909.7214619573443,
   -77.56147164308906,
   34.09789800898589,
   314.2313730379171,
   -129.9024562800715,
   52.36088372910275,
   -326.95289361868447
  ],
  [
   -1114.4527203756993,
   -592.8741591141826,
   392.96978753718156,
   278.31887054006387,
   -81.59212937143609,
   -2140.959794619275,
   218.98416936574495,
   -170.29089000628295,
   -79.36015076314389,
   -1592.5101792424598,
   301.9465297846281,
   129.98810963536738,
   -145.5179608756751,
   -329.87037243889273,
   -440.6511677853697,
   -413.8674742150045
  ],
  [
   -44.095003736448476,
   -77.9976077514309,
   -274.53137834968635,
   -749.0357897758022,
   -59.18248889658063,
   -305.2907143449673,
   -149.04249148681416,
   96.94419737918614,
   -521.5863516604951,
   -1275.5223291765365,
   -596.5968484731171,
   -60.8097337981957,
   -72.43897402256852,
   -71.78572562134612,
   -292.55922798688357,
   -201.5832297857234
  ]
 ],