{
 "input_nodes": 12,
 "hidden_nodes": 16,
 "output_nodes": 20,
 "epochs": 1000,
 "lr": 0.5,
 "output": 0,
 "epsilon": 0.01,
 "synapse0": [
  [
   107.64317901788849,
   771.4282627759718,
   -688.6291116192962,
   22.83872516566264,
   269.7256083195688,
   394.8612244700387,
   -517.7171257678282,
   -611.4747481664792,
   -577.848137759656,
   -205.17506465288065,
   237.14155007511667,
   -93.64664871489072,
   -284.9709923094905,
   446.46196255377083,
   -293.94308412685973,
   -54.06572381602321
  ],
  [
   -367.1079386907609,
   -1844.2082289731882,
   -616.0635913998067,
   -358.22390698034263,
   -513.5084178123375,
   -800.2356447677628,
   358.6410850693496,
   9.31941225282051,
   -267.4140353759581,
   -83.68678519337612,
   -784.630797330607,
   -429.87382862922885,
   -169.01761887046925,
   -276.2879178040409,
   -288.4431884148024,
   435.1270871143386
  ],
  [
   277.3666533055448,
   346.5047607166251,
   594.1445156133893,
   316.69860982956794,
   -664.6575248225594,
   -1811.2816799030861,
   690.1132549342339,
   -353.4224977734524,
   6.481764967679471,
   -737.436901810697,
   487.1584879384796,
   -748.8600116538696,
   581.55411555147,
   -761.236984586232,
   860.9816897734046,
   -1522.108780141844
  ],
  [
   311.065179527167,
   -154.8872419493416,
   -235.30719069813017,
   -105.69318095806493,
   -620.5954043995413,
   234.94422958441763,
   -120.37486476869863,
   -93.63939871778196,
   792.9173283118968,
   321.37674071869367,
   333.4941587620334,
   -349.34458365220456,
   -350.4393032172264,
   29.68180327985126,
   -591.5295971467586,
   64.83495400101093
  ],
  [
   287.9033631130879,
   264.82469061022374,
   270.7638882196559,
   2.0156630751976343,
   -613.9730937710244,
   -465.46649600615694,
   -197.62944931911366,
   -869.2061364696476,
   -688.2898228397578,
   -545.7781401326534,
   538.2526683085947,
   361.11221976333906,
   228.707057293518,
   -831.6359580783985,
   318.0500031507936,
   -208.5815389468375
  ],
  [
   -51.16050615458071,
   -908.1468903846588,
   -431.15119232848554,
   131.8821675948647,
   -130.71678362776345,
   -862.6722038830019,
   59.60453028713658,
   -376.04348886300676,
   -609.8995950051071,
   -414.70787512650503,
   -424.8836313106976,
   3.825736106130744,
   53.270049824971835,
   -1165.0906982760766,
   128.5453424982704,
   -275.0451483437967
  ],
  [
   628.5278521996928,
   1070.1749675939657,
   413.53565275773155,
   259.7537778407814,
   161.0731295148739,
   1029.4846960976515,
   805.6822106336909,
   563.3554334664268,
   502.54936660473777,
   386.48095099502,
   -344.52942067405695,
   595.9408350871141,
   338.8379729091405,
   -1085.5090512682723,
   -130.16129454266618,
   -3542.4935782239336
  ],
  [
   -786.6268263194033,
   -673.265567631042,
   -292.1042435615393,
   -401.8446199508291,
   -542.4695790199271,
   178.45469902097216,
   50.824155966174835,
   -833.7421210971781,
   -331.64607897132777,
   -564.3093447435242,
   5.964344547121464,
   -234.37606553701812,
   -260.4450047189508,
   -262.03552881460683,
   21.317897667199713,
   188.56606115964894
  ],
  [
   20.349993047846713,
   -740.8749653920679,
   -1880.8410342967904,
   49.043150317742025,
   -20.915117493958697,
   1.573550987297999,
   -267.09926668432445,
   204.94590003437207,
   -281.105685934036,
   -74.4743077762206,
   27.994787069415125,
   -0.8147744216283945,
   124.25143411864036,
   865.0032257739778,
   -1181.6030966121677,
   145.01260337631624
  ],
  [
   674.7090926135265,
   788.9885036208286,
   -659.2767150475058,
   479.53492536454513,
   80.4481666381617,
   -567.2867081956846,
   -79.8610172420742,
   -175.56097965564527,
   -703.4022928377653,
   38.511685249176274,
   106.67005348399313,
   542.0904637871269,
   723.1254487886895,
   22.989569159713618,
   -322.28405715408513,
   -390.96545908714114
  ],
  [
   -550.0301937754509,
   209.59766738751514,
   -1676.9520893765093,
   -491.2808680688464,
   966.2310675915104,
   -519.5950952840136,
   -1049.8491210343077,
   -1648.444062227458,
   -158.04985048986896,
   243.3957165487435,
   -1054.8297896065974,
   -475.9216951039119,
   -970.7672218154775,
   -1105.691222822493,
   -803.8577872844795,
   -490.96792693457235
  ],
  [
   221.76511542168151,
   88.2027457651907,
   -964.5195773589473,
   526.4534610924505,
   20.147360907299053,
   -3604.2734676904483,
   -888.3570834757019,
   -832.695081048901,
   -2122.300710215714,
   -1.5424055334587208,
   -431.2155922874347,
   363.28259008516653,
   427.6570992420192,
   -2047.797612368323,
   -240.23518902385106,
   33.61893737536362
  ]
 ],