{
 "input_nodes": 12,
 "hidden_nodes": 16,
 "output_nodes": 20,
 "epochs": 1000,
 "lr": 0.5,
 "output": 0,
 "epsilon": 0.01,
 "synapse0": [
  [
   -35531.71191049221,
   -58073.34685345667,
   122795.04691995823,
   108757.8844370169,
   124316.07742373187,
   3044.339332546515,
   103277.57857877875,
   11358.132376378964,
   70590.58923473798,
   92985.67693764874,
   112086.41801290019,
   47453.65953940015,
   -184088.66180445254,
   87635.0933095675,
   5785.861041308929,
   -127222.6937157366
  ],
  [
   87395.79922546304,
   -10072.857012810373,
   -154181.97487385068,
   -247013.02188236424,
   -160442.10851074496,
   65689.82599082086,
   -210638.22593217934,
   37426.83134643118,
   -50758.42810504571,
   -130600.72718815121,
   -186000.80800764303,
   -259407.29368473394,
   58740.05947628282,
   -38759.96397836031,
   -192496.72019901013,
   4427.827724261581
  ],
  [
   -43684.4462704144,
   -264377.23121145833,
   -312232.7691463863,
   -427440.59986074414,
   -256367.663983229,
   -21343.93541832673,
   -436446.43024900556,
   -73022.19902046458,
   -83058.91878967987,
   43865.30939799422,
   -402415.81663154194,
   -873669.6361685026,
   -501356.6150093422,
   -37880.252465491074,
   -492922.4393035019,
   -372101.43993181374
  ],
  [
   -48128.58804040461,
   -30094.507901636287,
   -20905.466586810137,
   -190682.73902432708,
   -64366.92108834238,
   -35799.45950600569,
   -36027.851160320315,
   -50.951954351830864,
   -150895.28291446538,
   -29496.707152373154,
   -63922.601547688784,
   -29831.07201153408,
   7821.807121329714,
   54907.46111834323,
   -54630.092433857026,
   -25301.110530399885
  ],
  [
   -33393.860608900904,
   -207004.08819034565,
   -87479.19932430968,
   -128121.81416396123,
   -27586.310070265834,
   -2968.387971318631,
   -98268.45804934937,
   35746.88950357364,
   173581.41301418663,
   -24985.321718976982,
   43056.74632506631,
   -271596.8705532018,
   17340.24003497462,
   46343.20925545213,
   -117504.65525558848,
   -103434.00171376542
  ],
  [
   -14680.659240276836,
   -38722.47635348258,
   28206.641013025746,
   -117880.43792471164,
   71848.76076677201,
   -12323.79397965693,
   9561.322525025578,
   -58165.04031651821,
   -12935.149560476451,
   -84623.7984343066,
   53197.529032058934,
   -172395.14868555104,
   -76413.22333361453,
   -36444.96484442031,
   -130944.62242192001,
   -203540.40565096922
  ],
  [
   -10083.0874603911,
   -68598.56895813727,
   17439.633086366906,
   -118016.55930431918,
   -21132.86651650326,
   54052.61690962145,
   -98826.390966801,
   107106.80281182537,
   41965.824485075755,
   2441.501160792885,
   -4062.202952866791,
   -111989.25385702384,
   -215386.66126782383,
   52009.02625047163,
   -151030.25184429085,
   -232832.21759878466
  ],
  [
   99003.73270329638,
   90022.00646696902,
   -4594.010220927416,
   19599.523637234623,
   -78594.27235623663,
   -14029.885014159969,
   17879.28876844598,
   75352.2557993032,
   -91061.8457987473,
   -18306.61062624029,
   -89326.0843535322,
   81519.1606350101,
   43550.53992524811,
   10424.686200637127,
   -51573.10466842536,
   143664.4221649683
  ],
  [
   -19165.448535632197,
   49378.365839751925,
   163463.38077536543,
   261829.17236091776,
   201342.52989457597,
   -16501.380948396865,
   250862.3812068173,
   33766.42312249352,
   -23614.904126443675,
   87815.77850161772,
   192123.21882829294,
   466290.2806308901,
   274158.9686341002,
   66669.10542584314,
   309320.303228618,
   241424.25564770104
  ],
  [
   -2623.3971970902644,
   4366.85049757946,
   -115030.47819405666,
   -312931.61585521087,
   -94818.79818033472,
   20629.906116011094,
   -356297.3752106318,
   -23026.751141669458,
   -66981.08191873599,
   -62467.614310639474,
   -383680.9993153321,
   -556310.7883300399,
   -323708.15212353633,
   -70509.57874163493,
   -266161.80706364376,
   -456905.62604591466
  ],
  [
   16931.058602904173,
   163531.6418988844,
   66320.45219824907,
   -17062.48348902308,
   107519.7525424695,
   -24041.436979423288,
   34333.05421885908,
   9192.431314522182,
   -11895.712959229957,
   -106973.21136239723,
   9888.652156249267,
   -167268.3785752685,
   -115147.36850987091,
   -13524.81673478868,
   -46989.49881398871,
   -231662.04507452017
  ],
  [
   -100611.27439956616,
   -211493.99841340678,
   -135310.06264644282,
   -217686.70355497932,
   -196782.3825396562,
   74369.8029410148,
   -222280.23945056324,
   13288.154791896035,
   23004.022081300005,
   102720.90339481739,
   -201564.2768490206,
   -413212.4573134399,
   -487647.0411944745,
   28915.715334273453,
   -315235.02020123164,
   -263052.1348413764
  ]
 ],