{
 "input_nodes": 12,
 "hidden_nodes": 16,
 "output_nodes": 20,
 "epochs": 1000,
 "lr": 0.9000000000000004,
 "output": 0,
 "epsilon": 0.01,
 "synapse0": [
  [
   175.80586586206525,
   -2103.267607975641,
   1249.349127663868,
   361.1845096441243,
   237.7277074119804,
   301.8171137084513,
   578.378828957856,
   -2072.771607245209,
   288.00200009439186,
   858.2091730246749,
   599.5715562921808,
   862.9007477288911,
   663.7291457384467,
   -315.4172477158891,
   -568.8164300091668,
   238.65818960431778
  ],
  [
   1366.2682127805344,
   959.2546004031168,
   -770.0358602470653,
   -527.0093954031812,
   -1342.2199325289996,
   -851.2211578823001,
   -1373.7328608530574,
   3475.141938902776,
   -498.13589157403504,
   -1274.1269754944797,
   255.73761496179628,
   -763.5211757801708,
   -64.515750568814,
   -166.7973307125819,
   1315.4895203245837,
   -227.77926882166955
  ],
  [
   -327.19240213652904,
   -3305.9186412692775,
   -702.8738497670564,
   1742.5062762225514,
   69.48598679432362,
   771.921783553063,
   105.08359349804574,
   165.6775249960953,
   1294.3938468116,
   49.58791299014594,
   -1524.6375485485944,
   766.8873366858619,
   876.7588443690988,
   658.6629701520573,
   -1215.490325916713,
   90.64303909274773
  ],
  [
   -111.46180635681996,
   -390.84479046811765,
   787.5946260505707,
   133.88015242214044,
   6.146524256627018,
   -411.054339503307,
   1852.5927743339264,
   -2046.5451144315944,
   258.365748958732,
   3083.5796770118295,
   209.89914723479535,
   179.81720847185758,
   876.8033290757928,
   -487.83734637731345,
   -401.8720866034049,
   418.5069824446926
  ],
  [
   -723.2788291044614,
   -551.8299241863817,
   525.036307016688,
   -492.03422505064077,
   -126.52627388036177,
   -811.8256865942545,
   -341.5415819753229,
   -455.90659388527985,
   530.5738385147324,
   -1669.1645545377346,
   -1092.8510934066633,
   190.62465287995036,
   1172.8097264416724,
   -69.87735955974391,
   -121.8587335468969,
   -77.68984160916845
  ],
  [
   -562.355543897675,
   -10.012637018075223,
   375.47346949306177,
   -662.6484517687794,
   -630.3226560241739,
   -560.4238606194874,
   -563.4010013684729,
   -521.2907964715898,
   147.5965782723562,
   -658.2649576030229,
   -1129.72801387139,
   -311.4988420618308,
   205.7063185731711,
   -38.84732054260213,
   -481.8854036351527,
   -154.28224743020584
  ],
  [
   364.7453772268352,
   -522.9549872877762,
   -860.0764213284331,
   -1113.106668507005,
   -108.43881068923073,
   433.1014054724607,
   -1548.5672285045714,
   -2.7790424657779327,
   -111.03686070363968,
   -2659.221462151429,
   -359.95821816118513,
   -196.77315930518532,
   53.68122208048885,
   -31.288133574251027,
   292.48960996239305,
   -144.00229560808154
  ],
  [
   -504.9917403332681,
   -348.1341194705953,
   -825.974436356975,
   -264.66942397628685,
   55.57528456675635,
   729.3916566794343,
   -458.880192884495,
   -190.63724197189435,
   -1098.449371264325,
   -750.2888490707007,
   -642.8253117860809,
   -453.71255594766603,
   -2143.520732889597,
   1.4802539833955624,
   -771.28399575633,
   143.30016132285846
  ],
  [
   -57.146393322802666,
   -190.93605005095026,
   -1261.53840303116,
   -120.79654744897351,
   -528.7728852636407,
   126.03692330645882,
   -847.640725982846,
   -1568.009764390755,
   -358.11321065067335,
   -2142.5268257377093,
   -1529.6572705686267,
   -408.7489029085498,
   -779.0526003680469,
   103.4779622370752,
   -1993.7102696041006,
   -1159.5914410945943
  ],
  [
   221.98829128310453,
   17.632184636622544,
   -74.55435812977848,
   -199.53287001575228,
   -47.697711938618205,
   59.44502430109949,
   -996.3632846018564,
   -154.13787313576748,
   -659.1389464961738,
   -1338.3365143201613,
   156.81399644860178,
   95.9476713758377,
   -299.5846028274435,
   39.00841963158387,
   -6.987409988628431,
   -1.652389549478068
  ],
  [
   -884.30313579424,
   135.32582809261268,
   110.58447843808321,
   -337.59129669198586,
   670.3851668613244,
   170.29286565886352,
   323.41115759403726,
   -2086.5035787424813,
   -1013.7573875564298,
   -2031.13753834292,
   407.7500957537211,
   -480.98381086040933,
   -1167.2208990591055,
   36.29329409952782,
   -1768.8744755055636,
   -472.14236414907447
  ],
  [
   -1987.785834325225,
   503.6762171929132,
   -1551.7434846013632,
   213.77726437363341,
   -83.14935350465133,
   -348.9418798862516,
   -2508.4782068372724,
   -1270.644917376532,
   -1408.3538081387794,
   -5150.937643398808,
   -1184.2344959797454,
   -342.4696039799994,
   -1550.1526888633994,
   648.5230832291903,
   -1901.9638433745565,
   -120.56781893815449
  ]
 ],