{
 "input_nodes": 12,
 "hidden_nodes": 16,
 "output_nodes": 20,
 "epochs": 1000,
 "lr": 0.7000000000000002,
 "output": 0,
 "epsilon": 0.01,
 "synapse0": [
  [
   3977.3736412062503,
   4232.670781701134,
   5615.452437264195,
   4761.091299827254,
   -176.17561797477708,
   -741.965121003682,
   9325.290666037548,
   -12260.053357532364,
   3812.416922122278,
   7061.808882656627,
   1678.7298799689752,
   8916.932742615709,
   1502.208890672417,
   -9484.492288630947,
   63.184878579378505,
   -1233.8047474953241
  ],
  [
   6822.296971340593,
   -6777.563807944733,
   -4505.059901161097,
   -3994.514715428262,
   -1376.5248175079703,
   -4326.717514511926,
   -19027.169131167015,
   16743.47675240157,
   -12994.79199534887,
   -5893.409614870983,
   -2263.2617959553118,
   -9021.32126975685,
   980.3300793421208,
   3945.892584987828,
   701.7364775915711,
   2749.4023792886696
  ],
  [
   -462.8671032767431,
   -25803.818026807137,
   -5788.967483340873,
   10865.759340827899,
   686.9305101177898,
   3850.189770846965,
   846.8708620567426,
   16368.17156684364,
   4999.417590649466,
   -760.7959374339653,
   -1977.1362609102491,
   9519.833614119574,
   2646.285732258739,
   -10017.746611866776,
   -3054.6576851209234,
   6770.931671522064
  ],
  [
   -231.38181449309093,
   9771.058047276967,
   4435.833702636467,
   -1139.3151809167164,
   -920.6588321192239,
   1445.3643647215226,
   15012.490746116,
   -15228.360422639682,
   2766.2962661582096,
   6726.203365946105,
   -1749.794310332732,
   1715.3280362700152,
   -2210.564144757025,
   899.9465068295987,
   9719.58923367332,
   4586.100454773819
  ],
  [
   -2533.3689261858,
   75.53503761653626,
   2822.5705491883473,
   977.1475221703813,
   -2324.4865917499355,
   -1311.5628297632538,
   -2544.9619348558026,
   -17037.272236492114,
   1441.2047153920269,
   -663.2248906589103,
   -928.7971982217596,
   2928.0701246456556,
   1017.6795243410336,
   -3111.0781842207957,
   -6724.274248022387,
   -2542.3795254846377
  ],
  [
   -536.0814844882327,
   2338.8593197848836,
   1018.7662146182412,
   -3166.067027785418,
   -2426.811417480724,
   -2196.6580049641766,
   -6329.348423167245,
   -17253.728639016466,
   1447.1126461080687,
   -651.9280546329425,
   -1186.6653115030424,
   -4078.287484309351,
   -91.51675077180876,
   1056.7682768277439,
   -6285.904222878404,
   -3195.572087060994
  ],
  [
   2936.5384814025533,
   -16168.640840903385,
   -3473.641491884098,
   -678.830078258093,
   1496.814483571666,
   17.625942352015787,
   -17855.654546664864,
   -14586.291039327887,
   -19040.99355536211,
   -673.4441702003713,
   1275.5827587640015,
   1055.569296764451,
   -224.5624858400807,
   -5008.798510990719,
   -4138.839827003164,
   -12044.254368972679
  ],
  [
   -5320.519364837305,
   -11544.108754360966,
   -9807.794945334514,
   -5083.227885834336,
   2479.092802189925,
   1170.0443581400866,
   -3444.376755320203,
   -349.78423593128497,
   -10515.434625746419,
   -12061.639586740419,
   2256.6383837591143,
   -7469.165080082522,
   -1142.9421365648018,
   -1712.5880282616877,
   -17494.719685456206,
   -4860.418939511083
  ],
  [
   -6120.701168761777,
   -32974.76698354255,
   -10199.445306046677,
   -953.0656739518968,
   -231.96513436725334,
   -846.5020949233933,
   -29455.727961295186,
   -18206.999343287942,
   -20536.981629748356,
   -6733.829773954618,
   -1800.4845960017697,
   -4784.529145971045,
   -1062.192268960502,
   -1589.7546889099108,
   -14272.860115933147,
   -15386.941760205158
  ],
  [
   1970.5929359387583,
   -6668.471388555248,
   -332.66813665548744,
   -1481.117111603969,
   853.2846179365072,
   184.91884357769948,
   -17385.408349418816,
   2267.5480585545156,
   -21952.17124165471,
   1372.7784339450332,
   40.805171828258544,
   -1806.1723323251583,
   -263.612489401871,
   -842.9562490521016,
   -5839.643613940206,
   -8003.260346236523
  ],
  [
   -4958.650832921793,
   8374.156918860195,
   2095.428611930591,
   -3533.5982977157873,
   1318.287950602787,
   -684.3697037702906,
   2552.266721564672,
   5978.1520796576415,
   3544.7540845826857,
   -5259.554768481529,
   2144.4023938246405,
   -3515.6502314344348,
   -1841.4087534755245,
   4190.728731772463,
   -10823.17680827828,
   -2514.007600027845
  ],
  [
   -19815.420063070615,
   -11783.50819231364,
   -13002.408509290817,
   -4276.580101676495,
   -1713.2470451712659,
   1690.9562304427513,
   -20465.73673615644,
   1770.5633496175035,
   -11299.663534601004,
   -17037.37127745857,
   51.17587116258045,
   -5251.084994646824,
   2594.371249055792,
   2422.978775711584,
   -34474.91434955163,
   -8107.0891844197295
  ]
 ],