{
 "input_nodes": 12,
 "hidden_nodes": 16,
 "output_nodes": 20,
 "epochs": 1000,
 "lr": 0.35000000000000003,
 "output": 0,
 "epsilon": 0.01,
 "synapse0": [
  [
   -10924.856850932745,
   -20736.00657234302,
   -16680.592821672857,
   -3195.6655568692386,
   -14015.222872664022,
   -7355.86634569705,
   5940.017277145442,
   -10258.603289228444,
   -10690.994463917268,
   -4709.585801915438,
   -20391.110546598135,
   3024.5172961155326,
   -14862.283521350817,
   -17993.79208065769,
   -10768.272434754803,
   -9717.919718473611
  ],
  [
   17646.370786868516,
   49295.11681610154,
   19506.287047401456,
   5679.470354988343,
   26529.665865764953,
   41637.52043543677,
   -11985.587413687972,
   30378.864455920262,
   29704.886981033098,
   14470.254099316331,
   47284.35889040404,
   29.99695009274918,
   48086.02457744131,
   21703.350621004527,
   15851.502511159766,
   27809.240330624194
  ],
  [
   -23473.261283298896,
   -55624.43536178771,
   -25499.733609649873,
   -7279.757512060963,
   -32776.78075984017,
   -58737.803287689276,
   10122.34882819854,
   -41082.14421401106,
   -34053.4413631756,
   -19130.260891154056,
   -92001.61461973314,
   -7508.816723571572,
   -85004.57819244891,
   -24223.862992970164,
   -17151.959641019897,
   -46401.24845911237
  ],
  [
   -14394.515023592097,
   -3345.4132515207402,
   -24472.300374068305,
   -3301.444096797053,
   -12412.980614020407,
   8235.759515026322,
   4883.37867412985,
   -519.39137726738,
   -2438.9199486389007,
   -3280.0236005697475,
   9597.886960621494,
   2152.0283996259413,
   1709.842960726906,
   -21741.24594477471,
   -24780.742354212718,
   -1702.7810852959685
  ],
  [
   -1456.5978469058755,
   -6422.17609567785,
   -1679.1108747933342,
   -1181.8262922954993,
   -7326.155080903281,
   -12.59453816435013,
   1973.8721120871414,
   -1155.9665072065313,
   2532.005633505175,
   -2220.690395050448,
   -27488.952251952524,
   -1434.3188931416173,
   3392.66079046964,
   -4282.008909821671,
   -3437.4419044929914,
   651.8864909381639
  ],
  [
   2426.438797801772,
   1285.858634724406,
   838.9476628572062,
   -3150.0547771522392,
   -4422.156143907227,
   -12018.281338320861,
   -5363.617409938183,
   -7259.385236214443,
   -17828.97671752413,
   3258.412135535698,
   16538.417326196457,
   2205.246763772647,
   -11809.502459591982,
   -2486.497976417377,
   1442.7870043087225,
   -16549.6509466721
  ],
  [
   5457.0328502816255,
   18877.764123182293,
   8329.736326626235,
   1817.9324165091934,
   12965.173492271866,
   38355.104224024886,
   -2365.3330873875025,
   29398.428675339503,
   13932.07284503807,
   8020.584236615953,
   35958.97974807424,
   1369.4847652852902,
   41267.561104464905,
   9616.420813872819,
   5095.588201795034,
   31761.77599385281
  ],
  [
   -6129.2985681449045,
   -6690.710193911104,
   -11546.391808374578,
   -1336.3200890438916,
   -5907.177282109466,
   -14830.963794882284,
   547.4793420671199,
   -14764.387092569954,
   2446.031470091182,
   -2555.936739238252,
   -8162.847596379964,
   575.6687676484108,
   -29196.19561254374,
   -8410.527946734648,
   -2021.0428551669977,
   -15462.874242345559
  ],
  [
   1443.1330771539374,
   -7653.48228776522,
   495.50032672163684,
   -3078.061373501315,
   -7494.472969367163,
   -35388.48710842304,
   -3209.2231721634107,
   -22818.74657414197,
   -2986.467934216991,
   -2148.995453107917,
   2416.793553562897,
   -2465.66072051528,
   -42532.93216642554,
   -1038.5983452868318,
   665.5830384036702,
   -21339.198892372697
  ],
  [
   5848.712367698334,
   7015.6346225326615,
   6609.729074824077,
   96.19731118018565,
   -3597.7272472766263,
   -9201.270430550072,
   -4694.3107103387,
   -5797.857234902357,
   12609.519360629005,
   4571.892258469125,
   -14639.86031371871,
   -451.76122611944106,
   -676.0786927269876,
   5226.915465837139,
   12095.037771175643,
   -11569.275384113173
  ],
  [
   13146.822673597107,
   25006.979567198596,
   14681.219187914598,
   3540.877941327314,
   12618.105616373261,
   29375.528623982136,
   -6012.172906159249,
   14274.894383614168,
   24690.113559362733,
   10229.249975731525,
   2160.9154855699157,
   4066.4913924228867,
   34988.45175712386,
   11071.61138779662,
   24125.9176707863,
   12973.384791663288
  ],
  [
   351.8627707713017,
   5487.623993255574,
   1627.087179131379,
   -759.513455211369,
   -3484.6949809420603,
   19199.301083600272,
   720.0700152537441,
   9487.20097429026,
   12638.675214400706,
   -2079.3554257821042,
   -89.65863392430839,
   -455.7663142909679,
   22240.233754041223,
   244.76074646835377,
   -78.32672541511049,
   11758.72664351384
  ]
 ],