{
 "input_nodes": 12,
 "hidden_nodes": 16,
 "output_nodes": 20,
 "epochs": 1000,
 "lr": 0.30000000000000004,
 "output": 0,
 "epsilon": 0.01,
 "synapse0": [
  [
   -1805.5719885774563,
   2798.574954021487,
   8505.037050008117,
   5140.823860675104,
   -257.2979684272663,
   2590.938317403529,
   16169.053632661673,
   1864.2033773753271,
   -3585.59664573074,
   -10243.575052913033,
   1669.2754044514227,
   -13411.757117657959,
   1215.1811471127437,
   -10957.93266345992,
   -4654.02744634945,
   -4321.277341885609
  ],
  [
   -2150.9536109787764,
   -6548.484874064202,
   -29540.589618334212,
   -8698.186289849207,
   769.7748128598861,
   -17975.330667261936,
   -14143.7223254478,
   -8932.399495237467,
   -3655.8946227856754,
   -4469.770830533169,
   -15863.73377197151,
   5683.567454810738,
   -14858.371783018409,
   -3509.1149266332604,
   20.66658133382622,
   -5373.307070941367
  ],
  [
   2680.4329696652517,
   3737.6826850676453,
   -24753.832173086652,
   2744.574548732775,
   -6328.5855591686295,
   5326.722577684747,
   2513.319098640753,
   1412.079739859118,
   4876.034816343137,
   -5859.286151374033,
   -11356.47735316681,
   -6637.682862104861,
   -11868.581275006312,
   -2529.9443594568847,
   -3867.9909716922243,
   4888.219664854003
  ],
  [
   5077.4095997291515,
   1672.9282143912055,
   11466.230734231214,
   10109.705429226831,
   5850.061811924254,
   -1051.59300231474,
   3258.3209136073287,
   3474.0018933540714,
   5322.326270507065,
   -26688.37260862478,
   -11156.226394550953,
   -3846.840080069549,
   -5789.797438407593,
   -7122.197239932349,
   455.63671397100376,
   2423.527997057052
  ],
  [
   5330.893108564601,
   -236.9185033309995,
   2117.1804268107735,
   1378.1977440208796,
   6608.617495388909,
   -3146.502867456175,
   -9137.707930054581,
   7935.018427137299,
   1872.417939524849,
   -615.6303357108952,
   -11643.194036803194,
   -729.1564548075909,
   -16771.74259159341,
   602.2485010589518,
   -1602.7926187180049,
   1819.6649226489803
  ],
  [
   11251.352209170449,
   3089.4070020920776,
   -22460.00879318212,
   -2227.49630717821,
   6444.3716609814155,
   -7188.784732752284,
   -13720.524470838322,
   2469.2798750334246,
   5760.754577102273,
   -15943.34132546007,
   -14381.39281870369,
   11587.527057178799,
   -7314.85224382571,
   -7883.2784145540345,
   5615.558906972599,
   5383.285613452623
  ],
  [
   4370.435416636136,
   -563.5784963799525,
   -47655.25352622853,
   -1607.7874405533094,
   1340.879520089142,
   -18382.583581932886,
   -3037.0404234476364,
   -1939.625174515959,
   -3807.9719895608464,
   -18654.494793689242,
   -5300.753173999482,
   878.5336755735941,
   -5969.835829285627,
   -21291.84582587852,
   -1536.0895133454715,
   -1226.8794539170233
  ],
  [
   -10501.451583036045,
   -24.61233751829815,
   9017.61682655983,
   -3059.700773484999,
   -7415.96729304739,
   19305.530104553283,
   9866.692055903257,
   -6326.988769916288,
   -6985.731900304693,
   -1167.3242520505523,
   -15315.21744270591,
   -10138.368329149405,
   -19508.37740964218,
   -4867.082986167439,
   1019.5048835895014,
   -7574.618578058277
  ],
  [
   10339.374349891337,
   2415.135083094421,
   -5402.121163177775,
   -1132.678480959388,
   4713.566448118874,
   -11151.417985563212,
   -9606.241727625884,
   4326.019208711278,
   2877.7510164335,
   -12668.038247426934,
   -7803.9836307976975,
   5002.703092280218,
   -4649.787178693413,
   -9893.500019208625,
   621.0076063509399,
   5048.149064988242
  ],
  [
   -4838.302315696792,
   -761.6107931686377,
   -8329.285722940587,
   -2472.0448924290463,
   -1534.1000477003647,
   -26656.19884877903,
   -3242.975226400701,
   204.0638750495818,
   -1543.340512531336,
   -17399.734067186546,
   -8851.481294840545,
   -9887.163203007955,
   -6187.9514619859265,
   -16925.609618148,
   -1397.8120375416452,
   -1551.7739826840423
  ],
  [
   -8464.19138022743,
   -4860.6554382462855,
   -39083.612121925,
   -9026.247437546725,
   -8716.695448366549,
   -19082.203029739667,
   -210.3002133779568,
   -11238.361022678844,
   -8153.105349745056,
   -11126.576278124163,
   -25148.701014343384,
   -5902.586336229677,
   -27911.096680903796,
   -12944.905894483005,
   -4236.359752639933,
   -11786.786583356674
  ],
  [
   2983.664010275778,
   -224.58675968008419,
   23756.380493784785,
   1579.477445428974,
   -540.625875601878,
   -33163.77718927451,
   -11218.21707033612,
   3553.989866004592,
   6536.538160720288,
   -9509.589490918277,
   -7088.946766839064,
   7417.945806999751,
   -7876.3702792714375,
   1728.825116204117,
   -4830.526998591109,
   4195.513867195305
  ]
 ],