{
 "input_nodes": 12,
 "hidden_nodes": 16,
 "output_nodes": 20,
 "epochs": 1000,
 "lr": 0.7000000000000002,
 "output": 0,
 "epsilon": 0.01,
 "synapse0": [
  [
   -4381.2487030740685,
   14.477027245719079,
   -8155.550505732757,
   -4163.747846877837,
   219.4632080130712,
   476.6091703234496,
   -5699.256527716054,
   -3280.385858540887,
   -5021.007864373136,
   1459.4650635562982,
   -1267.5712785403757,
   90.27540786365512,
   -3352.912912874982,
   -6813.422762185376,
   -1255.7783546770102,
   1104.9221499239184
  ],
  [
   5009.902591648933,
   -2038.799077998403,
   2751.044364577713,
   2454.584679554585,
   -1449.8777279686383,
   -1219.7294616290665,
   4741.758234739059,
   3057.4441908401163,
   4197.452814665906,
   -3872.044642169805,
   14.146915136584296,
   -2448.451361084761,
   262.6677966310705,
   4306.21570457964,
   -558.7355922541973,
   -3562.590894469325
  ],
  [
   -1954.9190328748105,
   -608.9426541568067,
   -11144.701728184746,
   -2342.1398534734503,
   1434.6059853995037,
   2223.652265857245,
   4272.969823142506,
   -2674.569764804534,
   1787.7871790371296,
   -3050.107261181309,
   2658.116789053641,
   987.1334456724132,
   -2576.258652597186,
   -5796.686817412689,
   -517.8960709570831,
   -161.5014379003529
  ],
  [
   -4470.172184858414,
   -401.41704554785997,
   13220.853933229215,
   -2040.9463598175043,
   1255.765854978795,
   2857.8274432251583,
   1577.219927098292,
   -476.44423861080634,
   -2178.900233974198,
   -1584.820082781807,
   -2769.2979195864823,
   -1971.9049875927565,
   9220.31837423779,
   -266.8435349293405,
   -8022.933284289211,
   -287.77305634351825
  ],
  [
   -1125.9600763106662,
   480.8118498081696,
   1498.4386444759546,
   -2534.4103953265485,
   -1324.7721731186257,
   1720.520913063681,
   -1748.3769925088948,
   -658.2875756786925,
   2228.1216586308046,
   -186.10327796984052,
   1529.0309498402237,
   2757.1084619307962,
   3626.9820256070475,
   -2375.225227398589,
   2992.213579524958,
   -1388.9511116573647
  ],
  [
   2512.5365119765343,
   961.8933933802085,
   -5468.540254354039,
   -1077.2844295624127,
   218.38556939774878,
   114.20487569652589,
   -28.604678538377403,
   -2397.686682886647,
   2093.7683454468233,
   -1219.2129007015058,
   173.18200612298938,
   2112.916916848206,
   -6053.306779599023,
   -708.1862943871722,
   -4574.324424125508,
   -177.7364992294872
  ],
  [
   -5738.332872117669,
   178.3257708180283,
   -4926.611944189437,
   2365.3738541243574,
   305.5125977971583,
   -449.95997429105086,
   -59.53362868263653,
   -443.13236849359663,
   -2984.239408742167,
   -1911.7242951386681,
   -168.86009452384442,
   -3280.8425063568675,
   -2651.32151077292,
   -753.094077602633,
   1325.0707118827056,
   341.9777995280251
  ],
  [
   -5638.325486984787,
   -183.948748849269,
   -20887.97032807479,
   183.69910665196898,
   -1281.8515285208414,
   -2268.302955791134,
   -4619.983924311361,
   -2140.7536890941506,
   -7429.627105073403,
   507.8442152522925,
   -2891.250061031763,
   -4127.021911864333,
   -5418.715450909304,
   -8306.73272813065,
   -1370.2821676519886,
   -1064.8558388735712
  ],
  [
   -385.9847779673462,
   -440.9952011121101,
   -9380.251145161035,
   -2580.8451772430726,
   -399.38203980111444,
   153.8536672105041,
   -4175.558422981508,
   766.780338222371,
   -1703.5216454144636,
   -1079.0338043435033,
   -461.4971447742256,
   -2190.7398072593173,
   -8129.391708377971,
   -405.5939047820228,
   839.5783002925594,
   -143.21602626542682
  ],
  [
   -1012.4330180795573,
   -502.83072504130865,
   2361.899595777479,
   1512.3025955204469,
   -90.70195495693683,
   -56.612391224751185,
   -4008.8745270745117,
   184.02071224707404,
   -1260.5612371784018,
   -382.5180442712755,
   1704.583339389356,
   -743.2603176068209,
   -12657.86156847839,
   466.56319170758184,
   -802.0894724986123,
   484.5402921982184
  ],
  [
   -8760.819548688789,
   -1518.9922818770617,
   -12293.488844871083,
   -2857.6232854229906,
   -2230.4197593338345,
   -3519.8571875673956,
   -11288.801773381409,
   -8544.982899083116,
   -6552.501835468317,
   5667.782841629836,
   1635.8195872735391,
   -1786.0856995130148,
   -12957.865253198112,
   -11363.304031280093,
   -2792.8231443079358,
   241.03146385012656
  ],
  [
   -1436.1409300071853,
   2179.9836485262726,
   -466.73908848955705,
   -1248.021341037449,
   1341.2942348795978,
   318.09091304018176,
   -200.9149232075328,
   1634.724055640522,
   1997.6753137265905,
   -908.6572339624071,
   -4730.784612685438,
   7169.233470377111,
   12229.907427938762,
   1099.5663424938305,
   647.0839996394456,
   4.424346311524818
  ]
 ],