{
 "input_nodes": 12,
 "hidden_nodes": 16,
 "output_nodes": 20,
 "epochs": 100000,
 "lr": 0.7000000000000002,
 "output": 0,
 "epsilon": 0.01,
 "synapse0": [
  [
   83699.19600823312,
   118972.29494887037,
   37841.04638853252,
   -817253.814319926,
   -28820.84994416607,
   -57816.15148648121,
   -1578107.0017784997,
   123727.9023979215,
   -176919.59924423858,
   -681491.1937748196,
   -503566.79344098264,
   -957788.7582861871,
   -323629.2782464564,
   333163.0284934398,
   -670813.872591143,
   -482215.3415989008
  ],
  [
   -3156.378881572622,
   -145938.44180744266,
   394816.22945352335,
   736335.2564570202,
   -237381.8856744088,
   -5104.480041620716,
   755226.5146662081,
   18954.986647235153,
   315214.29800563055,
   480718.7539376361,
   293830.6413470308,
   501768.85889584594,
   98789.74854347903,
   -386353.37769080355,
   397640.9339588496,
   60742.96434573091
  ],
  [
   -127736.52197911282,
   -319768.413976734,
   -69184.12854727363,
   -644168.770637297,
   -1060975.0260865018,
   -239866.83938604617,
   -1414583.332418862,
   -907790.0895737299,
   -97019.69889281818,
   -1363251.8049962965,
   -700940.7643962397,
   -1005465.6397303842,
   -679415.4291133638,
   -427489.1294752225,
   -678700.5947804096,
   -984285.8799482724
  ],
  [
   -7391.716585821803,
   -48204.35797200042,
   30797.762864289016,
   -325986.5075416801,
   -308048.1260059615,
   27394.27182455631,
   229395.06881361344,
   -91085.09387839024,
   -210066.38716432164,
   -693436.8037591703,
   77822.26554186894,
   155988.4741480555,
   -393098.46676315437,
   -195655.44300833132,
   237946.76016719674,
   328888.4850905677
  ],
  [
   24803.215646377193,
   -108866.9702621155,
   -194578.18299825225,
   -150502.0555064106,
   -1098246.5088506169,
   -10633.387551635822,
   -459269.2808684785,
   -380081.04654402134,
   -319284.3078972617,
   -42705.17118584008,
   4940.605616829415,
   -349738.4148524586,
   116327.09786303055,
   -316772.5905640875,
   -83655.93399424742,
   -33841.59232098696
  ],
  [
   23569.165138993932,
   -1590.8349801413399,
   183327.12053003866,
   21387.624392248024,
   259533.8418864873,
   13475.672060894964,
   -252479.67390117096,
   35982.60166580505,
   186368.69632320356,
   -148327.5039122273,
   28004.379135268788,
   14658.874390179322,
   -136258.9323113891,
   56759.72437639539,
   -5475.627989488045,
   -146595.87862555328
  ],
  [
   33238.529898632645,
   -251032.73925350216,
   -163115.34441164997,
   -94976.11064725409,
   -282702.70997381996,
   -197219.13861233697,
   111965.45020264332,
   -647556.2341421887,
   -100139.37757480238,
   -703965.3033476284,
   -328214.3545964941,
   -78192.7432958303,
   -337245.8252628706,
   -338949.27078659204,
   -174988.9199822709,
   -377992.7432451718
  ],
  [
   9963.91736052114,
   -166639.17167138006,
   54507.4952733173,
   -32680.367813630393,
   -740778.6656473174,
   -136323.44240274667,
   -563266.1443893409,
   -273627.2633507217,
   -68799.67024613815,
   69513.7955693834,
   -82063.18656048515,
   -399848.8859068483,
   -30198.155644310238,
   -288204.23442108894,
   -159482.90219198048,
   90411.71073724807
  ],
  [
   14025.245483045977,
   -12401.084032801728,
   154934.63545813467,
   -67888.87131983717,
   80498.39553176388,
   -101138.49166940479,
   -197225.90810104192,
   81583.52605104711,
   121760.50681660668,
   -283990.97592137725,
   -296065.05610098556,
   -219526.34456232516,
   -291004.9172707808,
   -34864.490880336016,
   -167122.9989779249,
   -211913.55800465654
  ],
  [
   50799.3935462819,
   -205028.370817244,
   -294087.5811102597,
   -150185.14948371862,
   -422919.40919515677,
   -270142.6720417147,
   79738.09541946495,
   -531270.403877418,
   -126769.55629041482,
   -656177.3303514853,
   -351001.6570696631,
   -112442.33769618758,
   -292254.9497619375,
   -285197.7018385273,
   -182333.1525379568,
   -469442.3182433472
  ],
  [
   16667.514065185056,
   -8496.12256431818,
   81110.41807290485,
   -254812.053601649,
   -33227.76807081672,
   -141791.08331541877,
   -353074.24015545496,
   -154403.83895772774,
   25137.52828665803,
   -317192.7408885816,
   -215244.601736176,
   -304974.71883211785,
   -101165.96274547801,
   7652.583638622483,
   -316345.8172201392,
   -283662.20391266985
  ],
  [
   -4564.876520689239,
   -300272.2168663487,
   -337706.1367603023,
   280346.4603792319,
   -1740031.898934894,
   -123884.12260107498,
   -228448.61872409482,
   -541724.3870634999,
   -175161.28371401987,
   99783.03091506619,
   82633.37653362838,
   -146541.338344919,
   149933.29249750782,
   -663347.7560021087,
   75568.61075070742,
   -182903.21138602615
  ]
 ],