{
 "input_nodes": 12,
 "hidden_nodes": 16,
 "output_nodes": 20,
 "epochs": 1000,
 "lr": 0.8000000000000003,
 "output": 0,
 "epsilon": 0.01,
 "synapse0": [
  [
   1563.8559487634914,
   -822.14223794781,
   -395.69676008838155,
   263.66812303919596,
   812.2002185393578,
   1028.4578863530094,
   -122.45820957477822,
   -505.37793706169373,
   -422.0142440334327,
   -243.5964234423899,
   -59.969801491491445,
   401.21791308649983,
   340.3983870817977,
   263.2185776345394,
   -588.1506642199082,
   799.1678876369657
  ],
  [
   -2102.351672703676,
   365.2207412670093,
   -30.36889678146804,
   169.89661427999212,
   1019.653560141862,
   16.576566753562183,
   107.88961097755615,
   -152.36330406413055,
   -678.785825964413,
   -3.867877536931073,
   -432.9908301327509,
   -925.1118534431065,
   -350.22478715826287,
   468.4857656564765,
   -108.7083590873233,
   867.20866248152
  ],
  [
   -219.99578782046004,
   222.9437507831875,
   -620.8822214347355,
   -469.22018545572774,
   -1787.9772305786141,
   -114.7765416550194,
   -898.4636739956045,
   -111.2365768590195,
   900.9295552754304,
   928.1156645171502,
   -158.53261046987046,
   -276.46459365493047,
   -1578.591324486516,
   -533.3492452016525,
   18.840174901454812,
   -2335.0724586373713
  ],
  [
   457.61334435250234,
   -7.286746977852805,
   220.86173043120766,
   288.9028845890375,
   -280.35157786779934,
   -49.64473023005948,
   172.56865441351215,
   -1371.6503750832985,
   -16.304347667218348,
   605.4014019860649,
   -21.17937326109086,
   1229.6857796543138,
   -1095.5561429744075,
   -323.84531176655247,
   -243.0541801150818,
   -1248.9602435296367
  ],
  [
   -394.96988817111577,
   566.1162543789064,
   213.8440314267251,
   -14.463601607109206,
   52.22086759870604,
   1241.9029155314115,
   -685.3630606823275,
   -375.1639334682059,
   190.9825074138326,
   293.04913483135476,
   342.0838292005179,
   302.79851676936704,
   64.68988430189329,
   -3.059351327922661,
   -907.2295982815667,
   827.6501301450428
  ],
  [
   46.70440873714891,
   492.3319843804358,
   73.24778852361916,
   -139.2686886113283,
   80.53781057219362,
   960.1794986349192,
   1007.4098906171134,
   -1498.6940915961532,
   352.09771238121584,
   960.0878344937846,
   341.5008727485984,
   472.4776413345471,
   -119.87425755866725,
   13.51812514346815,
   381.3536977634183,
   169.32226542863484
  ],
  [
   -677.7465378616325,
   1047.4371099701107,
   -122.36086601186345,
   -929.7792352174893,
   -539.9530465325553,
   -253.1740345868161,
   9.034491891682997,
   515.9738796181748,
   485.47900825396795,
   -149.70534074801853,
   -73.70235445527544,
   -712.1298771935934,
   -143.38819566548116,
   -458.6087197452768,
   936.0944565814605,
   -781.4840709671266
  ],
  [
   -600.8630028766513,
   90.30027298803303,
   -98.28316086401504,
   -152.9302288646955,
   -906.8022423224339,
   -2583.830675695415,
   -1137.0603552710784,
   -972.48848042359,
   94.43906360546266,
   -266.52245961068866,
   566.613781477278,
   -1258.2062626330282,
   161.7430258312505,
   -840.8539445929132,
   22.93069964827088,
   -2372.648748273222
  ],
  [
   431.7664127552745,
   -641.52773206917,
   -427.95049357111657,
   421.026971178942,
   545.7699474026678,
   1820.6214239975136,
   139.23564868305488,
   -874.8006517229812,
   186.40117096711845,
   -315.73823551264684,
   -211.02226946569598,
   -708.8932583773455,
   -370.5733219417162,
   1367.8957518740378,
   -341.86622966726964,
   2007.572023128026
  ],
  [
   1107.3999873656505,
   -895.9660494567868,
   77.12280011601905,
   649.8196525443691,
   113.6202215419399,
   326.93069547648315,
   -431.2795919153108,
   278.6198296175491,
   -717.688837729255,
   -291.54408105370374,
   -187.46831714538754,
   479.49018460787,
   -225.27076820155526,
   -429.6444490771284,
   -1025.7867584696219,
   700.9101651510906
  ],
  [
   -748.5107345321738,
   -457.24417832116467,
   39.34031031665095,
   -371.67567820026983,
   -272.7537294041,
   -2110.457610328909,
   -391.1928923136639,
   320.83154671214874,
   -449.7854793196327,
   27.39105583531032,
   -208.77436026399863,
   -844.682261476151,
   409.12565261932275,
   -544.852618508205,
   45.760696866983565,
   -792.620019976071
  ],
  [
   45.47122550501605,
   -1351.9044043686542,
   -1265.8561122958477,
   -987.9749358051515,
   -1587.6731704127924,
   -2356.453568906825,
   1318.204615819904,
   351.472448945799,
   218.11003901179083,
   -1193.6697594321934,
   346.1894074995842,
   -976.5113097584458,
   890.4464618110072,
   -153.9023299987586,
   158.9968850842788,
   -1510.0809650951155
  ]
 ],