{
 "input_nodes": 12,
 "hidden_nodes": 16,
 "output_nodes": 20,
 "epochs": 1000,
 "lr": 0.10000000000000007,
 "output": 0,
 "epsilon": 0.01,
 "synapse0": [
  [
   6990.228967158078,
   -1989.218109975789,
   131.36875831824094,
   2500.2401883803423,
   3327.4224462604134,
   5632.456898852751,
   1120.785589716688,
   6542.593245478145,
   -1144.0380030461984,
   203.49184362856604,
   -3137.939644260767,
   -109.1486964569454,
   756.2010134049569,
   6500.254844428709,
   897.8776276237638,
   4302.438589739212
  ],
  [
   -14828.62773359571,
   541.808986617403,
   -2855.8827199280363,
   -519.3765364560833,
   2516.9261797271024,
   -6131.14280945482,
   -1063.8024165366244,
   -6490.158097180574,
   -1186.9795307916324,
   709.611474268853,
   2030.382341792017,
   -1375.7300344922628,
   -1484.407689599042,
   -2700.261471742578,
   -3889.393983109803,
   1414.8042548393462
  ],
  [
   4026.751598857347,
   2217.4596127394925,
   -8160.209582711199,
   -6442.1278556499165,
   -8682.470040020446,
   1281.2587793709213,
   -2284.832705224957,
   -6734.251514243232,
   974.4284545094549,
   2036.182035176884,
   -8262.808989094121,
   3085.0904751864905,
   -7798.138242535079,
   -7061.879378640853,
   2257.3277238630953,
   -9101.98149722231
  ],
  [
   -2389.5900397348105,
   337.2191433335918,
   -89.54245662803115,
   4930.323847562308,
   1091.3239497757374,
   -4950.356571069698,
   -350.613760961163,
   5465.870724063132,
   -408.62330690055575,
   2493.209314388605,
   -1455.0216121426608,
   457.91272151468115,
   -1523.7822318763633,
   -1355.3448803847568,
   776.9169467703425,
   -535.4618711506466
  ],
  [
   -1317.0066913264748,
   1476.1756972286514,
   -5989.613742874863,
   -1491.2647816475524,
   -2620.9198764500065,
   3099.450058320282,
   -878.2524327122999,
   -4588.746088883707,
   635.2250450625614,
   587.5194757917692,
   -5609.741854870281,
   1858.0479813763443,
   758.2994493192822,
   -730.9890384238136,
   -1590.8140318659268,
   1832.4729029267849
  ],
  [
   2371.915964458077,
   1537.7014035682928,
   -3613.6918257300586,
   597.2170291580179,
   400.0653372461869,
   1046.7140130705027,
   2248.9273158387055,
   631.6335071528339,
   1436.1065083204924,
   3927.6092616343485,
   850.1861703261217,
   782.4841953558769,
   -2561.2828269240676,
   987.9241450028259,
   -1449.211054919572,
   -1226.9200375281584
  ],
  [
   -124.04762910258239,
   1089.9202748230807,
   777.687249316659,
   -2224.577245648967,
   -1054.0708344866528,
   734.6092682867919,
   558.631463864335,
   -4786.628518183726,
   313.94913115893496,
   -2658.273965410983,
   1721.2525586472966,
   2407.998201818728,
   -2059.2708088751265,
   709.6822049516394,
   -191.17736769724414,
   -4485.229496447186
  ],
  [
   -1030.1584877794182,
   2111.8565668063957,
   -14015.650330249395,
   -3368.598333667864,
   -7510.271299720128,
   -5045.896714295122,
   -283.031105040303,
   -7007.526619588691,
   744.6407504449687,
   -1293.299470449524,
   -5759.527119182638,
   -223.83453661283284,
   -976.816720657155,
   -11910.496521297464,
   1376.3360990429453,
   -13565.685675343628
  ],
  [
   -1784.7245511330952,
   -3822.579658226185,
   1583.0060458006105,
   -2117.459374320702,
   6666.227388850955,
   451.1928146816825,
   1106.4059443491697,
   -3801.704918262282,
   980.6290622863027,
   860.310466532553,
   -5295.8677908431355,
   -1272.2142317910946,
   2323.6013401172295,
   10407.450924560908,
   -1104.0329384031065,
   13494.674600607459
  ],
  [
   746.3437229371945,
   -812.0570721466504,
   -7233.017519270579,
   1985.618537051723,
   -411.0997446332466,
   6000.245340621761,
   -1525.0545264100494,
   -438.8514079947284,
   -1813.6561102513806,
   -398.0017340412004,
   -5354.611521121905,
   -1669.676767042675,
   -2064.7626370951475,
   4209.006248322694,
   -1158.2098557233937,
   1667.8356020289182
  ],
  [
   -3077.883635108998,
   -325.96821100715954,
   2396.761470685015,
   -353.13242092696345,
   -608.9019931907166,
   -5739.387105685487,
   -1043.1427350301271,
   4871.388941007136,
   -865.7556373162658,
   -1172.602268475499,
   1857.387910382565,
   -1177.9671358830612,
   1.6998596295233195,
   -4267.0214171111975,
   464.3774359438278,
   -2262.0562686064095
  ],
  [
   -3235.599576515105,
   -931.419509312077,
   -1202.7564311930068,
   -5876.923289982516,
   -6227.488521310869,
   -6134.8452061407925,
   2441.599680591797,
   -8035.530599781347,
   2353.907745292495,
   -5251.848752687655,
   -5073.77311492694,
   -1250.9810121452892,
   2915.192930922451,
   -5562.725277670322,
   1297.704951945859,
   -2994.821551366185
  ]
 ],