{
 "input_nodes": 12,
 "hidden_nodes": 16,
 "output_nodes": 20,
 "epochs": 1000,
 "lr": 0.5,
 "output": 0,
 "epsilon": 0.01,
 "synapse0": [
  [
   -3879.2823064779664,
   -4731.8902770488485,
   -8772.872200045986,
   -840.9579789334357,
   2831.803897042064,
   2165.9483549565202,
   -377.4307304329774,
   -6893.422368121227,
   854.6133646903355,
   503.62280815486037,
   -17555.28447207532,
   -9403.231396788684,
   -3859.098035616166,
   -3339.651232296291,
   -8618.868376544355,
   100.34938624169239
  ],
  [
   -1497.5227443602603,
   2164.7872482570733,
   -157.26700212147048,
   625.0910152422077,
   -3473.915800314743,
   -1882.4762069460808,
   -2996.791969618531,
   6185.313679473423,
   -1453.7594854095091,
   -2002.9243782769454,
   2821.120891003508,
   4306.097144006501,
   1700.245113071636,
   1437.426481426908,
   2993.8081858324176,
   -412.93520891732635
  ],
  [
   -7606.328341097364,
   -4360.0144878549345,
   -9949.772217941296,
   -4501.938293391553,
   7084.605448769464,
   3530.1091238173804,
   -1787.7809297781253,
   -1813.818902276325,
   3169.5581754667614,
   -1975.2306421423239,
   -20867.402393896427,
   -7088.343869453669,
   -3662.4761834458013,
   -665.1393398994204,
   -5085.3193705073445,
   -356.5684370305911
  ],
  [
   -2873.1571239172545,
   -1262.23103664941,
   -1441.0359905984571,
   -1399.6613758967094,
   1143.8349484845942,
   225.620609633743,
   401.2495701169928,
   11954.602952269235,
   119.53648902282436,
   -8137.406024239505,
   -18115.030363016645,
   21363.319905875233,
   -1611.1397028405643,
   -1088.1538245036495,
   5423.556615321081,
   481.1059911513775
  ],
  [
   -5246.9736413973,
   1321.5543328354188,
   -8378.261028303617,
   -4846.983357070049,
   2698.5905385293763,
   1860.5825117842091,
   545.6142802710367,
   -14593.10181795345,
   -3667.0387074797877,
   -4675.40866474779,
   -23430.91342717179,
   -17022.774344933565,
   -7230.593817665862,
   76.06013559086507,
   -12433.655459352267,
   -1669.866929108673
  ],
  [
   1334.103783775293,
   -1612.6473763656536,
   -972.4396141585928,
   1761.369546939843,
   -2801.9841708985978,
   -711.2474328154299,
   -208.2237842975256,
   -1091.7264497140402,
   -3875.7239350852756,
   -1359.075879324807,
   -959.2923814744722,
   5888.179191610216,
   3279.7560914983023,
   381.6140030572894,
   1501.9898215201297,
   -90.00782719192405
  ],
  [
   3112.072376939723,
   2165.912876704269,
   -8828.191734796399,
   -2392.069600706127,
   -1042.1740220367028,
   2969.8020239249463,
   1477.552650333327,
   -9823.627490465231,
   -2907.3365165357754,
   1719.9080914755098,
   7756.870544606401,
   -24852.248275885537,
   2295.241071449982,
   1595.5520202004514,
   -13660.488908724354,
   890.0382393506952
  ],
  [
   -4596.9279276224015,
   -311.1377515893577,
   179.72122299066152,
   4749.417020281627,
   -2844.3471109386833,
   -2760.254901098533,
   -641.7119319544747,
   -10898.121413446539,
   1697.2456878366556,
   7713.542766987801,
   6301.349265719826,
   -19438.55707199559,
   -3639.8507698841827,
   -1679.2570579869187,
   -5950.23971713274,
   629.3186978476851
  ],
  [
   -851.1196649925357,
   -1082.699131254602,
   -299.3158815079103,
   -750.599288810105,
   -4370.029506300258,
   -1763.8911558775922,
   1300.502213095926,
   -6062.779128704631,
   446.7810801408809,
   1377.7062973672223,
   9593.016074702653,
   -13055.384959025158,
   505.09772134497535,
   237.7989709155995,
   -1285.4345575978807,
   -88.2907670272883
  ],
  [
   -3207.661477942707,
   34.08260567288325,
   -7578.598425199792,
   2485.1624403215114,
   1658.2489262804736,
   2413.1771573161427,
   -53.20086069667964,
   -10639.172453266814,
   1828.2854704758006,
   2614.147988220172,
   -18857.69120285041,
   -15328.790101143308,
   -1852.3746034738347,
   1246.0739461651817,
   -8354.942383440082,
   -855.5570803645061
  ],
  [
   -771.9389215363592,
   1036.4161758648613,
   -15503.306121704818,
   -7005.613685868954,
   -442.9961828683074,
   -741.1794137445943,
   -312.89085488292454,
   -18336.920254727433,
   -6840.628225322806,
   -9104.566778907196,
   -17751.698211149112,
   -26804.587382984846,
   -2279.4007818656787,
   -3819.4622583450882,
   -24449.67947804226,
   -1456.9975977538265
  ],
  [
   947.2473094369436,
   70.67240907854183,
   -10213.802194946362,
   -3920.1653077865312,
   -3717.2923823222613,
   948.8507584110636,
   2330.5621312619214,
   -18028.341970475114,
   1302.0608280724193,
   1508.5559702867815,
   -8186.085294490499,
   -29461.836118356383,
   2323.666241482549,
   -757.7428474969768,
   -11543.125108066348,
   -2377.8834932015257
  ]
 ],