{
 "input_nodes": 12,
 "hidden_nodes": 16,
 "output_nodes": 20,
 "epochs": 1000,
 "lr": 0.7000000000000002,
 "output": 0,
 "epsilon": 0.01,
 "synapse0": [
  [
   -360.6879368573222,
   -11248.073430325403,
   -11305.599740349584,
   -12313.191560122297,
   7094.037940764046,
   1551.4868658108012,
   -194.73779182941541,
   -18068.75939835987,
   -11292.969396658173,
   217.4877604863782,
   -16908.340673814913,
   -26353.92748150836,
   -8545.300526085448,
   -7751.456335768031,
   -19900.925023775693,
   -23036.645802435407
  ],
  [
   -4924.78091128124,
   8687.685846788152,
   -5294.949241439847,
   7350.203420196997,
   -10726.415608501558,
   -5941.160778899521,
   -6242.347035362643,
   13587.654740389991,
   7193.813492075838,
   -3624.567042710129,
   -18069.6346657381,
   11866.460184946174,
   2125.6855767757875,
   1002.3618813051664,
   7264.904853442032,
   2312.732978500841
  ],
  [
   -10559.470319734894,
   -5852.380567067765,
   -22019.817081144825,
   13046.938565591196,
   9354.966852027615,
   5364.055049364967,
   -3249.991195587093,
   -4982.388507001827,
   22982.058903662524,
   -4630.236023347797,
   -40215.72426651077,
   -14734.333312124594,
   -3348.5777536402748,
   -2386.7074089161133,
   -12236.302287498162,
   631.4015416497895
  ],
  [
   -778.1876686771634,
   -1497.4852176942475,
   -4949.406352148128,
   11402.476162502819,
   1845.3341550162743,
   1793.0756543991124,
   1652.9009334991422,
   43428.26302014559,
   -3054.9448367834825,
   -9266.162068328314,
   -51224.680067314104,
   37703.745722068605,
   -8794.05171550822,
   799.1599163207356,
   8740.323678183944,
   -4330.195071329531
  ],
  [
   -13631.66470555857,
   3051.1813775618543,
   -17044.275795880578,
   -27533.83922794694,
   -1804.0076608745424,
   5191.553445868653,
   2889.3913529478746,
   -37305.34641228126,
   -5935.067333765517,
   -6195.922369300736,
   -88073.40651632613,
   -34510.90768297289,
   -21224.891748259906,
   3451.764735461104,
   -22830.226224697188,
   -33637.988266560336
  ],
  [
   4855.1283312637715,
   -880.5962302959862,
   -3276.8416551143864,
   -18735.47808325469,
   -6355.777157027866,
   1368.587828837804,
   2905.0197673807647,
   -23272.966187003665,
   -9108.210439718243,
   -2509.6807671739984,
   -25822.5428185109,
   -9278.056010002483,
   1588.5302890979408,
   9515.38435054514,
   -7410.195481768532,
   -29719.014250230124
  ],
  [
   8290.925371043162,
   3851.2501217841236,
   -19412.049678371975,
   -16601.845996236934,
   829.3291037311228,
   4328.768186098259,
   2560.487773527075,
   -33119.98442796696,
   5553.601229818484,
   1836.631621759717,
   41115.65949143485,
   -52518.99552223315,
   2529.3922681807276,
   -6293.9038912787455,
   -29418.227889150603,
   -23540.870495289168
  ],
  [
   -6270.328660967573,
   -4370.42276018872,
   -1077.7484444293802,
   -14855.50951653983,
   1998.5228073107348,
   -4497.18674141207,
   -5152.597407463108,
   -22458.005614596175,
   -11370.628388635623,
   9794.120740575203,
   25634.697933278923,
   -31712.197022979693,
   -5719.220248558798,
   -5777.024989490591,
   -6680.687198716564,
   -11443.897560460868
  ],
  [
   456.21966592681184,
   -3868.2003727632987,
   -820.6768383493367,
   -16504.516050398015,
   -3696.4309042356936,
   -473.7735430301007,
   2230.8851790160247,
   -24898.829666947015,
   -6784.358495335012,
   4164.019804466274,
   36322.86720795219,
   -27503.495477742177,
   7601.162135155811,
   377.10116442257583,
   743.2678442865364,
   -12428.4544315279
  ],
  [
   -6032.198375550336,
   -1378.9910636608752,
   -15711.818121456463,
   -11873.85146533799,
   2880.5773640039797,
   2956.7623144952677,
   -2479.931774387423,
   -20039.63154814811,
   -2510.711941984066,
   3761.899824229479,
   -62282.01235831729,
   -28015.47831709557,
   -8273.956919913398,
   2286.0417021017006,
   -14409.623783714416,
   -21155.01879050651
  ],
  [
   3615.1437906048695,
   531.1323796693127,
   -35828.19441906938,
   -31528.19343469197,
   -2285.6560232188735,
   -3575.289820464369,
   -672.3209822777314,
   -57390.970224398654,
   -23143.931477179834,
   -11769.694460771441,
   -43674.76729553102,
   -77923.93126019742,
   -9459.464705071026,
   -21466.12595172279,
   -64198.13637457861,
   -66815.53104132583
  ],
  [
   328.5594568481918,
   -625.2206098016596,
   -18613.35110956042,
   -16027.003590497543,
   -6074.27248756707,
   1464.8179886550774,
   7164.626639644696,
   -50716.96077718855,
   -6454.185907849181,
   2654.5198714007306,
   -7943.861691996515,
   -57561.98435897352,
   7618.729647763674,
   -2354.9076925862464,
   -21471.769987922813,
   -20842.139674642884
  ]
 ],