{
 "input_nodes": 12,
 "hidden_nodes": 16,
 "output_nodes": 20,
 "epochs": 1000,
 "lr": 0.4,
 "output": 0,
 "epsilon": 0.01,
 "synapse0": [
  [
   -650.1291516220193,
   -11520.629172036113,
   -11820.11875441876,
   -13578.39738135825,
   7441.199529899146,
   1095.5777467924586,
   662.6906398182672,
   -18018.467427887335,
   -13245.085327824361,
   303.0324890384576,
   -15789.345087946884,
   -27465.05670216463,
   -9025.692218145869,
   -8503.677832951722,
   -20596.02432328859,
   -25173.863253821677
  ],
  [
   -5385.63736665562,
   8882.557308410307,
   -6056.705306827953,
   6946.433717083262,
   -11339.64619818851,
   -6490.501826138466,
   -7743.862884009986,
   11094.618740596174,
   8302.58601406565,
   -4005.300393996834,
   -21419.37014120629,
   9468.964995081918,
   3174.0731633163055,
   638.8171110949351,
   5819.5729522017,
   450.6566738635118
  ],
  [
   -10658.66611586424,
   -6117.090313333384,
   -23688.881862124224,
   13832.243261795016,
   9913.386148566118,
   5624.7518319503315,
   -3434.132813424169,
   -6668.468364736685,
   26156.050110087803,
   -4943.98837556594,
   -42945.10256138429,
   -16512.33136465155,
   -2732.914967561648,
   -2708.3667019046693,
   -13636.912813380539,
   -362.7337483020527
  ],
  [
   -969.901989306076,
   -1473.4954526781426,
   -5635.488962056729,
   14928.749096141126,
   2562.1916891607716,
   2481.84924595453,
   2931.03332929869,
   46517.930188413346,
   -2252.232387221483,
   -9311.835554846968,
   -56788.59052929242,
   37903.208155063556,
   -9191.420718662463,
   1492.2933764242055,
   8717.715528175413,
   -5354.434539373902
  ],
  [
   -13216.242769875218,
   3097.989873020277,
   -17142.5144562239,
   -26561.409382361475,
   -1758.6870473714612,
   7665.886472309666,
   4416.330086882438,
   -39079.57998763345,
   -4712.6619146107,
   -5560.329662313208,
   -92832.02285501287,
   -36591.975748197845,
   -20966.968550450198,
   5818.765064979772,
   -23522.289093466352,
   -36377.012571590276
  ],
  [
   4344.647461439307,
   -740.531616602698,
   -3205.4327439284984,
   -22649.610059351835,
   -7232.961087017496,
   1905.9613834513711,
   2868.0875111491937,
   -28128.214295020254,
   -11450.268998275642,
   -3043.118148367287,
   -28740.511794934395,
   -13344.69129839833,
   2553.213144793631,
   10092.644791843139,
   -9571.152435349562,
   -34339.88240359756
  ],
  [
   9073.913882793457,
   3991.3527861399307,
   -21338.2811222194,
   -18856.168572685234,
   1222.5274566521673,
   4272.326388492586,
   2038.0639716348298,
   -36607.58398258584,
   6516.243242133553,
   2699.3383077809935,
   42722.847980178194,
   -56449.13425656352,
   3175.964387589121,
   -7203.835835666455,
   -31785.484551757563,
   -27090.435769186905
  ],
  [
   -7429.760546738327,
   -4316.864945636722,
   -2434.1768297045323,
   -22969.715330733212,
   1067.3860462370617,
   -7452.862500976013,
   -7859.494562973976,
   -27845.708568039554,
   -15163.513072783508,
   9406.952321169108,
   27951.531918607838,
   -36883.92396064046,
   -4507.16846569148,
   -9588.460320716382,
   -9272.484147546096,
   -17048.39107345885
  ],
  [
   949.793610177903,
   -4217.755055568494,
   -1264.5714589310148,
   -22611.104989444764,
   -4437.698392073727,
   -1064.7418298490797,
   1306.9377453144011,
   -28134.403829085622,
   -10597.61565831605,
   4489.991280793338,
   41914.80179228036,
   -28885.579287525212,
   6506.651227603192,
   -417.58938285945203,
   973.631167146907,
   -14408.95402135094
  ],
  [
   -7319.149197875855,
   -1328.929705811683,
   -16911.929861410314,
   -14938.093389492875,
   2770.7280690447037,
   2366.0446113700905,
   -2430.990707724043,
   -23833.295717117657,
   -3116.833979026585,
   4001.797541175281,
   -66829.4752159924,
   -32103.312722916555,
   -6858.108539030118,
   650.3825950360165,
   -16779.821531993137,
   -25257.109715637034
  ],
  [
   1868.2360702865626,
   754.5455106255707,
   -38690.47574516322,
   -36447.58835922856,
   -3000.4933287053104,
   -5445.3084828228375,
   -743.6439806483861,
   -62459.43711292274,
   -25854.500515170814,
   -12060.500152879651,
   -45337.666192566234,
   -84441.6861321081,
   -8992.676468836318,
   -24213.50997691841,
   -68772.3724256376,
   -74812.62264491884
  ],
  [
   -405.6697620903201,
   -842.5617535662227,
   -19505.78723481464,
   -20595.029751499507,
   -6401.497811184477,
   2499.4012431800875,
   8842.937333380638,
   -56008.024853292205,
   -7884.530083413018,
   3266.9507834771707,
   -4457.226895880601,
   -60260.43740127025,
   7468.498191169448,
   -2284.037816560213,
   -22194.889694189416,
   -23501.973846932
  ]
 ],