{
 "input_nodes": 12,
 "hidden_nodes": 16,
 "output_nodes": 20,
 "epochs": 1000,
 "lr": 0.7000000000000002,
 "output": 0,
 "epsilon": 0.01,
 "synapse0": [
  [
   -786.0412692503886,
   -10793.041485745893,
   -10419.604484118663,
   -11246.267944713396,
   6569.4031265749245,
   1864.2527659793657,
   -371.08476236331563,
   -18659.202069941453,
   -10802.376882487362,
   379.77737365587626,
   -16572.754938916456,
   -25200.309268721878,
   -8316.79178478956,
   -7535.59866751095,
   -18909.81910346544,
   -21003.35064786513
  ],
  [
   -4665.681762298513,
   8511.504770407026,
   -4742.682299811011,
   6168.789403343403,
   -10456.466368588422,
   -5985.593604136698,
   -5889.628021980987,
   15090.438600501104,
   5814.245231529806,
   -3630.379606270717,
   -15528.93568080196,
   12953.099919619905,
   1403.7110537938565,
   678.3788898771147,
   8097.251228128146,
   2717.750693103503
  ],
  [
   -10474.858722770494,
   -5569.739984141654,
   -20275.14782991332,
   11484.382051178223,
   9063.351624980856,
   5154.164833945956,
   -2867.435242533254,
   -2453.204638903317,
   19955.877157485127,
   -4239.3884316285175,
   -37447.697610745876,
   -12321.125075276586,
   -4535.432099729857,
   -2248.6627104901886,
   -10475.232746048543,
   2175.377656498164
  ],
  [
   -1481.6118037579608,
   -1511.095605111511,
   -4626.0565683411,
   6496.377134265466,
   1053.7997264210255,
   1445.0825509776137,
   1300.144185259334,
   37612.46553646038,
   -4732.376196621793,
   -8761.528584799415,
   -47940.20580887427,
   35163.15846591199,
   -8198.656537423287,
   -427.6065335789232,
   8260.652174648952,
   -6132.895733708203
  ],
  [
   -13470.316286645975,
   2717.734504286904,
   -16024.537682956461,
   -25553.447876954917,
   -1006.5477097969338,
   4719.225316983932,
   2473.146981555065,
   -34342.848345024846,
   -6333.185019975163,
   -6481.430882920285,
   -82262.96672650559,
   -32034.81562768422,
   -20323.836635557127,
   2743.158793775482,
   -21386.811993011164,
   -30219.209053650786
  ],
  [
   5011.329797170528,
   -630.6334980108047,
   -3406.4857001730097,
   -14303.048617938546,
   -5864.355414246894,
   795.624215741536,
   2804.9687766299257,
   -19230.012627968532,
   -8346.963376063428,
   -2652.3176740400154,
   -23556.303494386204,
   -5910.863864350827,
   939.0703150891902,
   8815.514395483518,
   -5660.584210459341,
   -26641.714973704504
  ],
  [
   7934.975315181854,
   3836.7995202408742,
   -17434.67867731452,
   -15474.348031860036,
   334.6102856993916,
   4302.449718817869,
   2394.7602891243837,
   -29857.170175887324,
   4222.162374496317,
   1640.0369921674105,
   40608.6102185402,
   -48792.9760730082,
   1619.6965245479078,
   -5813.998094588402,
   -27149.786769207956,
   -19889.101115452188
  ],
  [
   -6346.297976498411,
   -4462.800524948259,
   -621.7938300657169,
   -10074.072658818826,
   2062.066143376789,
   -3858.3658350704873,
   -4525.210669589365,
   -19395.458998377533,
   -9743.652757895441,
   9937.468204038863,
   21884.58536880516,
   -28586.002312025368,
   -7220.5964701330995,
   -4905.583286007571,
   -5167.964472542226,
   -8575.164254457326
  ],
  [
   -616.7999258535827,
   -3396.1199116714065,
   -449.7067831302036,
   -16338.87138420115,
   -3452.7079240501816,
   -875.1366657390779,
   2665.408952713609,
   -23898.783282018838,
   -5759.722905390474,
   4066.2123773229105,
   34030.19791192848,
   -27223.051460794853,
   7325.075690836048,
   126.67286567901826,
   509.37671414943037,
   -12348.09048735764
  ],
  [
   -5481.243489670857,
   -1591.8618702088743,
   -14683.476736209017,
   -8987.742841267747,
   2951.5651741558304,
   3606.510872514525,
   -2022.6421002378731,
   -17917.097662805118,
   -2444.957687035142,
   3780.934658361313,
   -58523.12169392553,
   -25525.005143552167,
   -8570.034194462543,
   2982.681365556792,
   -12815.82366006767,
   -18591.77333368518
  ],
  [
   3779.7076640756936,
   587.6352316064248,
   -32795.36837409273,
   -28335.975624294322,
   -2407.7051097171093,
   -2892.1325741847363,
   -604.1107076079877,
   -53402.905895480304,
   -23305.343370865026,
   -11628.927673415361,
   -39485.738568148976,
   -71946.18269593449,
   -9679.62488721229,
   -20652.43293577764,
   -59708.745029095815,
   -59991.5976007976
  ],
  [
   204.33844280845713,
   -402.7125504368238,
   -17443.425131814765,
   -15795.723365103437,
   -5879.181862300933,
   950.852861913024,
   6723.482353237097,
   -46779.167926727765,
   -7682.162103592282,
   2226.203063253542,
   -7648.896823743191,
   -54868.28835595688,
   5859.537846206984,
   -2883.7189431650227,
   -20258.121137775717,
   -18918.768386331674
  ]
 ],