{
 "input_nodes": 12,
 "hidden_nodes": 16,
 "output_nodes": 20,
 "epochs": 1000,
 "lr": 0.7000000000000002,
 "output": 0,
 "epsilon": 0.01,
 "synapse0": [
  [
   -1193.4728521338507,
   -9818.756178352955,
   -10157.479477292418,
   -7242.170490719761,
   5452.179427969567,
   2197.8519465428426,
   -644.5885977523229,
   -19068.065886502634,
   -8086.991272480208,
   842.7957031350105,
   -19805.32671435925,
   -23013.730600702,
   -7437.617139220228,
   -6757.448652975275,
   -17336.941616887434,
   -17071.84383268697
  ],
  [
   -3945.9166039249308,
   7598.519168897864,
   -3095.8978310350567,
   5657.704710576791,
   -9320.017185217588,
   -5674.139715863012,
   -5090.535009468881,
   17336.92014829507,
   3576.2013499872664,
   -3611.064125178822,
   -8422.985471113607,
   15123.633203552678,
   2943.039747303905,
   383.0470243454118,
   9413.247608417068,
   4736.997575488948
  ],
  [
   -10320.03069203974,
   -4773.791180821558,
   -17554.45488650901,
   7290.284089122017,
   8395.732786124989,
   4629.113876631933,
   -2159.983736278793,
   281.1199020677123,
   13644.280050084219,
   -3852.095398084037,
   -32285.952632675555,
   -9230.998779138517,
   -6919.761978792686,
   -1707.8245831855531,
   -7943.529715244253,
   2950.100056205305
  ],
  [
   -1888.6647005692844,
   -1454.604510139031,
   -3517.552274376681,
   4573.865053589183,
   227.25069735923552,
   920.388134546235,
   1571.2906796371774,
   30312.434560110127,
   -4726.071570068022,
   -8057.17759273974,
   -39792.64028064887,
   33826.7673797234,
   -4033.4546598084844,
   -1068.838750657319,
   8855.076583937856,
   -4882.302215102004
  ],
  [
   -12216.264057988436,
   1539.094978394887,
   -14812.751072812443,
   -19094.214838770746,
   998.5256684446432,
   4956.65562642924,
   2625.149265630585,
   -29060.124129007283,
   -8455.524415825217,
   -6360.945169802651,
   -72409.96122857466,
   -27617.06791551979,
   -14470.307018852394,
   2537.361026945505,
   -19163.540977355227,
   -23724.04400265249
  ],
  [
   6942.793110059737,
   -559.4235643272077,
   -3132.2842197671043,
   -4597.861468373851,
   -4123.996340683261,
   -16.837390034288262,
   2053.208916282657,
   -11058.120898025494,
   -5252.98179058898,
   -2407.721813719803,
   -17376.32592194648,
   804.7612039833543,
   3226.7064303435313,
   8088.924899560489,
   -2090.3796980439465,
   -18624.161963908355
  ],
  [
   6651.042283813882,
   3638.9029823890446,
   -13941.60556960461,
   -10408.47339066953,
   -782.2138040538298,
   3860.3821148562124,
   2040.298923332752,
   -22456.596620751276,
   3738.917478683452,
   1256.9126208408109,
   37032.39454669447,
   -40884.798957560204,
   616.0881850933462,
   -4902.277485495948,
   -22223.26954652531,
   -11442.09778076964
  ],
  [
   -7040.237545227889,
   -4458.45784652285,
   475.1583614213,
   -2820.2522223111837,
   1214.3294031734374,
   -3412.2116370478175,
   -4349.3031631717395,
   -15806.843352112424,
   -5057.1989472981395,
   9471.22325555516,
   16668.441355119718,
   -24422.236144174425,
   -7803.39696522269,
   -4064.694328493702,
   -3779.9929762584393,
   -3249.7577024858992
  ],
  [
   -3543.710470960262,
   -2499.8304319379063,
   -616.9712666167466,
   -11773.600166771757,
   -4755.390488020537,
   -1647.5901851884955,
   2378.1751344231584,
   -22259.62078997002,
   -2491.728559820617,
   2978.7801368425135,
   22996.898169178985,
   -26267.71902904591,
   3341.380016623511,
   -659.5971798673954,
   -768.9402063737414,
   -10989.509464658991
  ],
  [
   -5338.4456024230185,
   -1668.0138312752717,
   -13032.685262292212,
   -2137.6645287339597,
   2481.8020755232355,
   3477.6477336358075,
   -1330.762374579333,
   -15562.287954506412,
   -688.1123448561851,
   3835.6592403456957,
   -51364.02913844334,
   -21145.82152827153,
   -5092.221331387502,
   3712.3132628299145,
   -9882.940751367607,
   -13107.797681152488
  ],
  [
   4197.548495896736,
   640.8477184650498,
   -28193.50033984772,
   -19351.24719023669,
   -2630.1355955840436,
   -2679.7229937406278,
   -1114.2167651665316,
   -47419.17303664454,
   -19926.99784608076,
   -10953.001307645509,
   -36378.826988985325,
   -61511.95643038859,
   -7626.004300460049,
   -19008.988586724696,
   -51967.045469429046,
   -45946.1735109316
  ],
  [
   630.468662762863,
   -403.5498031409718,
   -15289.804909777722,
   -9495.738154480678,
   -5020.628503532808,
   1168.160249556117,
   5899.427237984881,
   -37414.76021852057,
   -4271.347957333914,
   1744.2981291912336,
   -11576.0097703368,
   -48192.01719072722,
   2992.3036345162554,
   -2710.1899493275605,
   -17507.05756152598,
   -11687.372089618579
  ]
 ],