{
 "input_nodes": 12,
 "hidden_nodes": 16,
 "output_nodes": 20,
 "epochs": 1000,
 "lr": 0.7000000000000002,
 "output": 0,
 "epsilon": 0.01,
 "synapse0": [
  [
   -3325.903415746923,
   -4673.467695402655,
   -6616.495379631681,
   -1853.829720897503,
   1703.4933889498925,
   1113.802568583483,
   -235.71581046223233,
   -1417.3719090643924,
   1554.5460170657432,
   190.82982815792215,
   -10682.983808687488,
   -5862.284059897069,
   -2962.291304388136,
   -1505.7784406209114,
   -5717.010939345174,
   1304.8174225718585
  ],
  [
   236.48021877986656,
   2368.413959588724,
   605.5524296848287,
   1083.0479682345804,
   -2438.808011150876,
   -1567.682183218693,
   -1861.0628916186895,
   -167.73940009317175,
   -1930.0135323595307,
   -2013.7897251412471,
   2395.4230388659535,
   -1554.2443146725689,
   978.0237607973812,
   436.0302881989504,
   423.4029564412618,
   -1430.0939310034541
  ],
  [
   -3173.2595386720996,
   -4230.052403881119,
   -5432.336432513298,
   -3483.331497220101,
   5686.61603872086,
   2912.0861617420574,
   -1161.168916314994,
   -1679.765891934704,
   1958.6338411885722,
   -3605.129168296746,
   -12399.21924523347,
   -4789.913213108554,
   -2538.7553078192227,
   -263.36931668992133,
   -4208.462634572319,
   1191.7888863196192
  ],
  [
   38.56093513699009,
   -1448.4772369784712,
   -568.8911615051275,
   -2402.2924436363446,
   1539.417157594811,
   20.97370565228496,
   615.5010380789371,
   5292.41113558349,
   -1574.4935796590094,
   -6086.703873486367,
   -7377.573072411919,
   10120.760448131588,
   -1540.4393314227118,
   -287.944362861967,
   2779.243632760471,
   -579.5626358379451
  ],
  [
   -4024.1287988755603,
   -580.2772910726655,
   -5921.3016430334255,
   -3663.7006017217386,
   2487.546838660366,
   776.942228792705,
   446.75812666878005,
   -7737.867003358026,
   -2257.617582993887,
   -938.6118657975279,
   -14982.56365327612,
   -9203.315903182052,
   -7137.698992772657,
   139.41220279132966,
   -6436.231968648721,
   -601.8853645685606
  ],
  [
   781.9492373371588,
   -291.5587363179738,
   -414.28447529318305,
   1644.6737094082187,
   -1919.2384082244314,
   -614.5870215097304,
   -51.451762055750905,
   -1357.31546553861,
   -2308.7414261500844,
   -307.4632750942194,
   -1226.5526034046945,
   -373.8054474527695,
   1752.3347177116354,
   151.7788441521847,
   -1694.2758773382914,
   -1319.5423918935514
  ],
  [
   -281.4629417724924,
   -463.47395556397987,
   -4123.156284361009,
   -833.7536774041512,
   -1204.5311119106993,
   865.2399969180344,
   338.9732481477964,
   -1835.502936044176,
   -2977.217111546541,
   301.8291071518211,
   555.6118392464948,
   -10155.52584607489,
   1138.7825832108012,
   873.8545125757876,
   -6512.1997361557105,
   1999.2255160196805
  ],
  [
   -1996.0278354612637,
   -716.542088034191,
   -157.6012291550934,
   2317.2402306704953,
   -1682.537054338457,
   -1541.2340151413123,
   -38.03064262873904,
   -7636.033419375619,
   1674.5989644580322,
   3757.8446032143206,
   2490.6662047808636,
   -13929.089983811176,
   -1529.7430406086062,
   -916.029465354197,
   -6364.708584075843,
   71.78475041817077
  ],
  [
   -436.30340974809394,
   -1556.3930934194173,
   -586.6690345685906,
   -296.31621560377965,
   -3082.414105386613,
   -714.4796399511155,
   -14.877724057996469,
   -2945.703118006229,
   -673.5003912544303,
   554.3672689051763,
   2674.800588767653,
   -7682.956589604887,
   1189.8061797466708,
   175.59332829830666,
   -2520.5922614055175,
   -626.7605103847422
  ],
  [
   -1685.4790998828698,
   -550.3364437502203,
   -4047.845079523903,
   1433.6115744873598,
   181.0173181850372,
   50.743150398802825,
   456.4912710922845,
   -5271.24852506149,
   1917.8863228678808,
   965.9705236569874,
   -10358.619372069283,
   -9716.00024905377,
   -2037.0590165204196,
   559.476572088409,
   -5309.32301632134,
   -538.056791828075
  ],
  [
   -2822.171950475879,
   -291.32526399623066,
   -9927.638214417277,
   -7279.903273787324,
   -954.4829498024144,
   -1097.5057242282242,
   414.1199651728655,
   -6765.1558518352695,
   -4393.426526210594,
   -7973.0168797846645,
   -11346.914119243727,
   -14505.43994535289,
   -2374.168524171365,
   -1284.7738118032944,
   -14408.318390913559,
   -217.13846545745628
  ],
  [
   -582.9778595998451,
   -693.8287708755869,
   -5405.751925106943,
   -2596.4076549069837,
   -3440.983171798787,
   125.893996842906,
   844.2099417386996,
   -6242.930109573875,
   1219.3716216767887,
   733.0802490345261,
   -6309.281033450812,
   -11477.306811932891,
   1282.5486891351206,
   -86.3744870144706,
   -4888.02447486841,
   -661.6486092497735
  ]
 ],