{
 "input_nodes": 12,
 "hidden_nodes": 16,
 "output_nodes": 20,
 "epochs": 1000,
 "lr": 0.9000000000000004,
 "output": 0,
 "epsilon": 0.01,
 "synapse0": [
  [
   -696.4067841357289,
   -9105.34794358024,
   1409.0288880655878,
   -456.5321437977604,
   -1728.5173503451836,
   1637.8458136853412,
   -2373.381124507019,
   1003.3021161738941,
   603.1778809612441,
   3194.9283529524077,
   -4724.98083443021,
   -266.9811331269012,
   -4265.293925183987,
   -4248.555573651211,
   2537.493020899925,
   -3362.3524625579284
  ],
  [
   443.8850705476368,
   7665.117448741708,
   -5973.883686528893,
   -4847.895293308551,
   -5553.441853812039,
   -1548.6277512915365,
   -62.642290320849064,
   -1675.5703795336435,
   -2094.0208284930172,
   -7361.671325014288,
   -1874.9900232314149,
   -359.7043188326869,
   -3555.806628559678,
   -1371.1669616924407,
   -6427.7265205611175,
   -2391.800016105696
  ],
  [
   13365.601700052055,
   4669.767974922084,
   11460.029860160352,
   5912.547102129833,
   -5660.1183042405155,
   5635.386467985895,
   929.1208418411558,
   673.0319721728102,
   517.3004739174256,
   2914.28213916914,
   4752.207239350532,
   -1724.5879152454831,
   -1557.9652651245349,
   120.07841957075063,
   16063.46052983461,
   5442.411188405703
  ],
  [
   -11029.409452502914,
   -9091.079105583816,
   4570.736183829438,
   -921.802782498865,
   -7877.121772004766,
   -2576.917722947367,
   -2069.3197086056875,
   1197.6902523195174,
   -3231.6360948263496,
   3071.5712218176704,
   -8148.439749103117,
   -1873.8943375300064,
   -14484.124843769943,
   -8485.851470389041,
   -10473.838642257158,
   7144.444211785737
  ],
  [
   -5686.657604016824,
   -15375.812903506672,
   3987.5392663179164,
   2537.1411301868966,
   -3134.685377163251,
   1273.6104149368778,
   -1886.0968508854075,
   60.309812532323,
   -1173.708946782778,
   1441.5475475665178,
   -9097.457825027286,
   -2659.10357486213,
   -7947.975386200054,
   -5544.991819250762,
   -9636.991225102713,
   5880.76123750864
  ],
  [
   -2155.349943385334,
   -3510.67026809955,
   7824.628900785088,
   4989.954560881661,
   -4851.300788051693,
   -335.1711124251572,
   453.9253972415582,
   -1030.6292854711496,
   -2115.4556645215575,
   802.1168014272857,
   5909.808107010846,
   -1493.5264857562265,
   -10109.424178617332,
   2729.961292962753,
   -5422.659483484317,
   3870.4681171558786
  ],
  [
   -2916.5784163644607,
   737.8465507121381,
   -7713.113681445917,
   -3217.0056572704807,
   -6864.202386663409,
   -1808.4709015465787,
   -772.4895949186882,
   -766.7865583447506,
   -136.74752674587853,
   -3746.159162286983,
   -17802.654261424905,
   492.76815840152415,
   -1999.3977185041365,
   -10404.394814882922,
   733.8896849824421,
   -8594.206198509213
  ],
  [
   -4512.684600975756,
   3303.4777558694323,
   -3202.3444181187956,
   -16147.130408166233,
   -10733.772235830613,
   -1589.3266192525248,
   -4206.431632262621,
   361.7623511192601,
   -4020.5527662626037,
   -6217.007467483035,
   -7751.919780411968,
   1189.4691714780454,
   -9584.597189387685,
   -6286.52834893465,
   274.41484688821134,
   -10959.906716246765
  ],
  [
   2674.780273718134,
   -317.6240734831072,
   5960.486991222469,
   -15443.002900845953,
   -2554.044312739516,
   -1359.4447234592405,
   2588.077336661332,
   318.05490380664065,
   -3630.194177126519,
   -359.78404385164094,
   -12522.830792046645,
   1753.8456485646057,
   1041.9768126829072,
   -3205.434940445183,
   624.727296173395,
   -2677.0863059076637
  ],
  [
   3089.319699368296,
   -7780.6226522432535,
   -2632.742212474116,
   4453.747189683035,
   -5679.5301740532195,
   360.9675012548503,
   -456.5702523806456,
   -449.1686443284512,
   -1860.1441334654241,
   -1619.5264747039712,
   4668.722322147818,
   -1826.2093490313823,
   -8392.276997665076,
   2837.5949063376556,
   1843.72961302517,
   -1619.9355044157896
  ],
  [
   -6276.377835903326,
   809.3102437472859,
   -20113.409784915268,
   -8273.001515373471,
   -6425.4341551805055,
   -4457.859505584505,
   2890.2966825368903,
   -2761.088277396457,
   -5166.515695640883,
   -7077.834781291869,
   -8249.864091388716,
   -1119.2560134279474,
   -10485.824162358227,
   -2790.2610125014726,
   -10323.289230981834,
   -12818.94970669723
  ],
  [
   -9522.377172803517,
   51.9053318225562,
   209.6482955123123,
   7292.670575651971,
   -4812.221931401485,
   -3598.346026766018,
   2057.0724119584447,
   2890.593336063745,
   -1026.2590768335438,
   -472.48425516478096,
   -1881.6223316746523,
   2496.8922551298574,
   -3710.232728058216,
   -7811.738025900223,
   -3755.7908098976695,
   4050.430349799816
  ]
 ],