{
 "input_nodes": 12,
 "hidden_nodes": 16,
 "output_nodes": 20,
 "epochs": 1000,
 "lr": 0.55,
 "output": 0,
 "epsilon": 0.01,
 "synapse0": [
  [
   -1158.3517356740408,
   -9792.182914092575,
   901.7065430003687,
   -92.11137731451178,
   -1341.6371479544766,
   1268.4859618118244,
   -2645.6692146170053,
   1256.396401106262,
   618.733603554059,
   3423.5752856791914,
   -4157.450675293834,
   -476.55749071943677,
   -4168.928497597642,
   -3840.7497336869365,
   2417.187356495623,
   -3604.7209602773332
  ],
  [
   -101.67683606769829,
   6945.547411551505,
   -5675.305704699052,
   -4596.372591959178,
   -5301.242829284249,
   -1517.4265904631582,
   304.45432839477354,
   -2198.687694017017,
   -2009.037322336651,
   -6780.33266090336,
   -2762.0720057781186,
   92.67234686494247,
   -2969.484452492255,
   -1856.0820347912518,
   -6555.287231635767,
   -1899.207870809976
  ],
  [
   10262.625389059245,
   2435.0977818869524,
   10816.649538979853,
   5598.679959784154,
   -4947.907495527907,
   5084.805659750369,
   788.7287566614941,
   1146.0522975875945,
   388.74164492413945,
   3553.3456258812125,
   3264.9204762502236,
   -2150.2692975151003,
   -1734.45348999346,
   -380.9415016650528,
   15609.336442734288,
   5257.005361016952
  ],
  [
   -8159.846378100883,
   -7680.2164365535755,
   4293.89873414657,
   -1686.9129052053934,
   -6981.600335842684,
   -1802.138739551304,
   -2085.641558817865,
   1319.189114335147,
   -2835.1200886349798,
   2314.6913111402655,
   -6783.139297414709,
   -2039.4378206197046,
   -12798.78466370218,
   -7040.496408038185,
   -9820.986497901386,
   5435.773362810853
  ],
  [
   -7061.95108017437,
   -16111.789206568537,
   3783.1477458262734,
   2131.2883105734204,
   -2661.282668416551,
   1221.7898141547657,
   -1886.17067083953,
   502.4386663948859,
   -1086.5559947209294,
   1755.196284149126,
   -10002.846903658174,
   -2615.5942768521136,
   -7398.246131283153,
   -6279.452906836319,
   -9887.93692159514,
   5500.678489289447
  ],
  [
   -1568.9597633372803,
   -2580.8897887102485,
   7666.858517516478,
   4604.2225419188435,
   -4249.761749052308,
   59.808229555466035,
   676.5136496458151,
   -672.6859497068778,
   -1882.0979527510367,
   411.5298040522826,
   4568.059050058552,
   -1686.362030666373,
   -8289.28296243683,
   2040.3888283234385,
   -5220.01839862302,
   3164.1133578179906
  ],
  [
   -5734.1851746962175,
   -444.9791135944044,
   -8270.69289144941,
   -1920.4435188660393,
   -6700.447402797965,
   -1905.9772733764948,
   -977.9650992259968,
   -926.8823808271513,
   -187.1017147223348,
   -3133.935110598467,
   -15936.364664715074,
   871.7115391041319,
   -2654.198441173494,
   -10288.785172795517,
   426.4059414138961,
   -8388.90749484581
  ],
  [
   -5165.808295516475,
   2195.5183750896085,
   -3571.520033295668,
   -15715.787193382805,
   -9807.174832447385,
   -2171.690344855151,
   -3960.656809457604,
   -215.61824076933175,
   -3680.3314181486976,
   -4943.148173238177,
   -6749.031907415909,
   1624.148190378288,
   -8788.115046007715,
   -5816.127977460801,
   300.6583822067998,
   -10036.223392382226
  ],
  [
   2725.862995897711,
   -575.1780476498694,
   5705.411096644616,
   -14677.64466724253,
   -2208.6369703849196,
   -1304.6869394797445,
   1970.9612544740608,
   379.24883369330627,
   -3348.5857132211763,
   553.5662514247497,
   -9746.583404068591,
   1725.0592110257403,
   481.53972326930244,
   -2015.9033270150085,
   617.2570570048524,
   -3052.2591273529883
  ],
  [
   3296.6908083574326,
   -7068.532528110567,
   -2638.134491950315,
   3040.8908435186654,
   -5147.793363040537,
   806.295590667288,
   -535.1057461024404,
   -548.0733526412783,
   -1489.5444304729574,
   -2056.3495945280506,
   2824.105994292786,
   -1958.964300152136,
   -7093.973957916095,
   1583.2413239078005,
   2051.8007541824377,
   -2161.7486176365555
  ],
  [
   -6785.994715838744,
   -437.0615406623724,
   -20296.23838232176,
   -7075.936690023948,
   -5563.299115884076,
   -5250.268522609886,
   2560.792036595512,
   -2957.1364000859053,
   -4604.071297331287,
   -5857.65966372725,
   -8185.440997907617,
   -1094.6878823377467,
   -9698.083182765422,
   -3346.7260653607386,
   -10686.194704670203,
   -12133.47032302079
  ],
  [
   -8428.682751696933,
   -334.4240387901105,
   11.66682291992247,
   5517.276778502616,
   -4569.52424984544,
   -2642.667454694672,
   1480.9474888027387,
   2876.5621088979997,
   -932.3691988695828,
   -175.58073281328458,
   -2659.769260359472,
   2410.1966952337393,
   -3913.6048365075726,
   -7728.85853073905,
   -3742.523943445365,
   2871.062350952875
  ]
 ],