{
 "input_nodes": 12,
 "hidden_nodes": 16,
 "output_nodes": 20,
 "epochs": 1000,
 "lr": 0.7000000000000002,
 "output": 0,
 "epsilon": 0.01,
 "synapse0": [
  [
   9.208708408166142,
   26.81787201143158,
   -3.782206253432571,
   -13.10201324686454,
   -80.4658648000799,
   -76.94500333902012,
   -80.6591295688872,
   -72.41233324655764,
   19.23175791442284,
   -16.353960271543432,
   83.6983042727939,
   6.94081489199063,
   53.639990622813215,
   -52.58566901703922,
   -72.43482319496285,
   -141.5082656804832
  ],
  [
   -14.89453356172725,
   -13.617817877350188,
   -38.94864572320279,
   22.72650459332409,
   49.335851436729406,
   41.835848255017126,
   65.51975178027008,
   59.220815107703935,
   -12.436667699985955,
   13.087332442084707,
   -85.40388801859226,
   -1.3766732783525546,
   -63.96770620667474,
   35.40118877493765,
   36.751648755957824,
   79.09330474884612
  ],
  [
   16.95554667582455,
   40.19410780941885,
   -29.475388632139186,
   -6.705012767804133,
   18.500218131216936,
   13.525022007789335,
   -9.78950113173361,
   39.04745955610339,
   -26.391838905203077,
   19.63370356886752,
   -58.97028421777672,
   -33.0508588405447,
   -45.232556079094635,
   21.9929312432933,
   42.19696632779787,
   55.54712802501831
  ],
  [
   -83.5986756304632,
   -59.88202187939008,
   30.623798462361844,
   -19.151754623250593,
   -43.69613257747142,
   -33.76020729481126,
   43.01723176180531,
   -63.40849959380044,
   32.24291323880509,
   -27.604375630094697,
   -12.322143934689217,
   49.33123948596834,
   32.308007723243605,
   1.2327437911780224,
   -94.01993207049378,
   -80.21984464898235
  ],
  [
   -43.672886061662474,
   -5.609084776455859,
   68.52389563920315,
   32.345092764858904,
   42.74331431994572,
   -61.38188539996122,
   -33.95702341381815,
   64.7321727023936,
   48.406429973180046,
   15.097433593706365,
   -24.22687917438778,
   -3.7145287803661984,
   -9.49933307914194,
   -160.93770098446697,
   33.00797215053859,
   -49.80137460690894
  ],
  [
   8.505740455713326,
   23.735014385568178,
   48.886883197010704,
   -21.17397673798024,
   -16.60470878594975,
   -7.813053436744741,
   -115.22401975175084,
   24.892840696263374,
   -131.27401730582307,
   16.59093808310919,
   -112.28524702524295,
   -62.05896886670031,
   -52.95244008680887,
   1.157169978197025,
   68.14146308232901,
   -22.43469852129533
  ],
  [
   -2.749394480578387,
   -36.79363021135176,
   28.488028149060266,
   68.2600643206404,
   11.507468540092018,
   3.0306469350189498,
   2.8057819866228475,
   -7.190056980767923,
   -41.844630620373245,
   -6.455604657370942,
   -86.68667046278014,
   -49.9445784736464,
   0.23376867899555376,
   -97.65656681850137,
   22.45270441540841,
   -60.80887153604359
  ],
  [
   -19.070279807207086,
   -21.02260074595387,
   1.3144572148182352,
   -3.930211686547888,
   -6.2880188668090415,
   51.475883479464635,
   -0.0011264083293385657,
   -42.22186415834686,
   -144.8484088493396,
   -21.067339192896018,
   -144.71743262817333,
   -38.827987174858286,
   -8.073343755454324,
   40.0316631861462,
   -34.27662760389384,
   -57.6838045515654
  ],
  [
   35.64703222417354,
   -3.5670851190601587,
   -123.85599769651485,
   26.618071587638653,
   -40.14372411822006,
   -15.849494306856796,
   31.76698466013278,
   -39.88914505977659,
   4.510642923143088,
   -28.19150443497392,
   121.24021929775876,
   32.01842989998459,
   -23.72587887907677,
   86.63901430565467,
   -56.304679484895786,
   -33.56402264931335
  ],
  [
   -82.58047974521277,
   -24.61560436201337,
   68.17521070599064,
   -42.472325636327454,
   -27.153923837677915,
   -37.0273293995568,
   1.8962688782715404,
   -54.50606001672464,
   -123.85664424912122,
   -28.71315226806009,
   -105.09213202330841,
   -69.79450248467568,
   -62.830849441549375,
   62.50990364684137,
   -24.198211527139268,
   -4.420050284030786
  ],
  [
   12.252899347299428,
   58.336529369378084,
   -22.57446568911955,
   -23.71596737486893,
   -6.41002560145912,
   -58.786317924031444,
   -93.54160891007282,
   25.33562264725691,
   30.90260516569246,
   -21.063507194130025,
   162.42992766881397,
   7.614243134516119,
   -28.88369878713969,
   -2.007668161479891,
   37.661986916114685,
   -48.77691866114312
  ],
  [
   59.79194061685209,
   -7.148064607405628,
   -19.260684659532064,
   -11.701112347183708,
   -40.10089024597648,
   -15.356400513300967,
   -50.12657293136947,
   28.193238813223683,
   -31.02814583526609,
   63.0129511616729,
   -69.19360114554907,
   16.164586925438737,
   1.444255722739222,
   -16.269825940297313,
   29.800508134124044,
   25.22050881342457
  ]
 ],