{
 "input_nodes": 12,
 "hidden_nodes": 16,
 "output_nodes": 20,
 "epochs": 1000,
 "lr": 0.8500000000000003,
 "output": 0,
 "epsilon": 0.01,
 "synapse0": [
  [
   10.122503014761664,
   23.02547599471386,
   -3.7779181390144436,
   -12.188010771013325,
   -66.18012861819126,
   -53.235513756143966,
   -66.94008752103697,
   -69.56499747097953,
   17.776654007192978,
   -19.251108825665508,
   73.71070639881712,
   4.20452008949002,
   49.5410008877307,
   -42.0003821797754,
   -63.18900728763969,
   -126.09842359084966
  ],
  [
   -14.131022987041385,
   -16.28082109346311,
   -30.68160691834222,
   17.979970746599502,
   42.898909815894264,
   27.611152058040318,
   54.60633812248519,
   54.394579073152556,
   -15.776851261581427,
   11.23724973259281,
   -67.47487049356036,
   0.7681198928281863,
   -55.29764208564242,
   31.5989137632181,
   30.49207742600206,
   68.99696693163946
  ],
  [
   4.521345476355794,
   30.620247989289286,
   -18.517429854300435,
   -12.223289729904144,
   15.818265174700237,
   -2.972479768737478,
   -16.660518124007645,
   36.33777346803619,
   -29.062252817906984,
   11.998416862609405,
   -40.80435366038788,
   -26.871005150903684,
   -32.23356395412513,
   22.606979733328725,
   28.85674837285534,
   42.812810551682965
  ],
  [
   -55.66754443040441,
   -50.11367819996851,
   23.460834112851185,
   -11.116509866274171,
   -35.61669962979897,
   -15.66309170050051,
   51.930722617048005,
   -63.80415589519823,
   36.36151861846127,
   -22.6983389209155,
   -6.543752177892378,
   42.00374242896471,
   23.651778748062792,
   -8.39142694748006,
   -70.51626242886361,
   -58.32860595829552
  ],
  [
   -36.83667586000291,
   -16.329193155460505,
   50.374066103720764,
   23.10130424505129,
   38.58947451877514,
   -46.45253194935269,
   -19.15629920723994,
   56.22627410374488,
   43.18776382292092,
   13.762422613766251,
   -15.052055783211447,
   2.5848187060573844,
   -0.04092014830275912,
   -132.9881942925886,
   26.941543544808972,
   -54.11817024532722
  ],
  [
   6.700521264922776,
   9.471021073745336,
   44.472310640083315,
   -16.76352032140921,
   -8.45144901463263,
   -0.09070741294038566,
   -82.3453182885355,
   19.647588101091326,
   -117.21282423186516,
   10.514046009621362,
   -91.30665632865933,
   -56.87221945918412,
   -49.189617903241576,
   -0.7533604686347747,
   68.0082214164537,
   -10.335047600230235
  ],
  [
   -6.352476879166164,
   -33.47695014367321,
   29.425488721743584,
   55.886873323382346,
   12.499762476960978,
   3.06384893696911,
   -7.812829804826225,
   -3.7155878064476204,
   -42.73684246075838,
   -9.333463110570793,
   -68.79947271364577,
   -46.91922852105235,
   3.7293633908591226,
   -83.28978777788512,
   15.7519886859991,
   -68.13208167717927
  ],
  [
   -8.318724325431628,
   -24.759946627423464,
   0.6867079475210339,
   -2.924191654278008,
   -7.159326421315205,
   48.42609997555382,
   14.133102961751268,
   -47.65746173578481,
   -135.04677737026773,
   -18.429506154918773,
   -116.82083809393357,
   -37.63517982837706,
   -10.470885786610962,
   31.29744207368406,
   -26.12294179950969,
   -43.560029811961584
  ],
  [
   41.543186471803786,
   3.886846121545383,
   -106.72905512390052,
   28.40631138089287,
   -32.61066003571311,
   1.0671198761889265,
   16.696383108620324,
   -35.74041494025765,
   -4.82379125761916,
   -24.39567887639192,
   90.53569195368635,
   22.722052122741886,
   -27.53457317322373,
   84.6133679602336,
   -48.05613875982077,
   -30.103663980169415
  ],
  [
   -51.63955669834564,
   -17.61569510633378,
   56.861607683072585,
   -34.90635068378792,
   -26.59852346785522,
   -25.121756934351314,
   5.537964624001216,
   -55.80374658547095,
   -111.08794020837102,
   -26.20569056751182,
   -87.18555240326153,
   -64.99074069450093,
   -50.189710544399304,
   48.73849261572572,
   -13.013427962886892,
   -2.207348134192185
  ],
  [
   5.87390570378617,
   55.8488700790241,
   -16.254204143287517,
   -15.81320320850852,
   -2.238507888923691,
   -49.38953090422694,
   -90.84529242725584,
   25.57358479786628,
   20.24590193143524,
   -21.21670510071846,
   131.0065509797139,
   4.049907168329488,
   -27.721773308053084,
   10.854364635895395,
   24.625961328549515,
   -51.018800632920275
  ],
  [
   44.681336820043896,
   -19.543332728482817,
   -6.293693059738028,
   -18.704074502499825,
   -30.573058956454574,
   -18.888444600862133,
   -39.26826787112482,
   24.403503155577532,
   -29.28985584991663,
   52.40106718909801,
   -47.51181675077115,
   15.248601319909449,
   2.6332817070783667,
   -18.698410502955223,
   28.259746447437294,
   29.890802658817098
  ]
 ],