{
 "input_nodes": 12,
 "hidden_nodes": 16,
 "output_nodes": 20,
 "epochs": 1000,
 "lr": 0.5,
 "output": 0,
 "epsilon": 0.01,
 "synapse0": [
  [
   8.084304267165319,
   31.05927701844602,
   -0.11997314144907782,
   -9.796150366718075,
   -93.9000143972002,
   -110.01179574937657,
   -99.84727673306259,
   -70.6556056925154,
   26.459592903016592,
   -10.28225879511671,
   94.23786141231092,
   12.88524641277105,
   59.45567192447061,
   -69.8296509435444,
   -84.59536936347303,
   -160.81639652610525
  ],
  [
   -16.73213997875613,
   -15.621553351836374,
   -47.21198651628317,
   21.34559458105898,
   54.37179487047351,
   59.55321369789999,
   80.06482098649096,
   59.57869946912624,
   -14.936236020142095,
   8.959837566377782,
   -100.34917605507985,
   -6.598560940004932,
   -72.72712967192948,
   42.62926939034406,
   46.76770122833642,
   94.80131891764917
  ],
  [
   30.018389000744335,
   46.761010209965825,
   -42.36531221641141,
   -10.026204826694686,
   15.364978598437887,
   34.325219181948576,
   1.470166884062452,
   36.57089160432778,
   -23.25090062785782,
   21.873960158161463,
   -77.32155350595488,
   -37.60515873515197,
   -53.564548191820215,
   23.66490606238468,
   54.17223366697105,
   70.28922743407561
  ],
  [
   -118.93882455141495,
   -71.73078429418726,
   47.86603808196458,
   -19.233490853802486,
   -39.6802179443477,
   -54.35973419747589,
   30.205339227995825,
   -58.5538069211369,
   25.112335414965656,
   -33.92438862947945,
   -25.895745998963545,
   49.301674326051675,
   34.427926166021216,
   8.056503615189422,
   -113.3224833236668,
   -99.96592581619566
  ],
  [
   -50.548407982065335,
   -0.6774433736312154,
   90.90098384992523,
   30.111109629261495,
   41.79258043994641,
   -83.28966052952951,
   -54.0023953982681,
   69.33426817738552,
   52.59369949391714,
   14.150373169200739,
   -18.392900020504868,
   -7.7487007632481335,
   -15.893616554229682,
   -190.61040661244712,
   38.585511177208424,
   -49.13431260249635
  ],
  [
   2.7419745829996374,
   31.527095267837293,
   60.97986708531956,
   -27.785675494508137,
   -23.11830401543314,
   -26.732024900394244,
   -149.3921506679262,
   35.34021730534544,
   -134.68564756190327,
   23.865018454210233,
   -120.91020670353035,
   -62.06665960392804,
   -57.50570101552894,
   -8.830740959310694,
   64.83110569252824,
   -34.13274905011025
  ],
  [
   -0.43706241344638913,
   -41.036391280901135,
   28.748688422997112,
   78.23425983959277,
   9.313446627837129,
   -4.387887877254821,
   9.561535483804617,
   -9.211029139931725,
   -45.46932107088285,
   -6.509161460614617,
   -93.73742558072163,
   -53.7437946832557,
   -4.57313289916061,
   -108.5769226081013,
   31.34967426314581,
   -54.640326307655315
  ],
  [
   -35.08363198437778,
   -22.044150136450412,
   -3.7462894711746055,
   -3.2343511043590567,
   2.500038110012318,
   57.39254883210657,
   -24.214266942356236,
   -27.664403510697774,
   -148.14272294258882,
   -22.378331660227182,
   -181.8709630436858,
   -33.015282230321446,
   -3.2026811841343017,
   49.86449516182991,
   -42.55819022596477,
   -80.06858999603891
  ],
  [
   40.05058555337532,
   -7.977597866289116,
   -149.4614552236937,
   36.02009020278895,
   -47.304586634008075,
   -36.40195105773217,
   44.345989220756664,
   -39.089358417198426,
   8.059330253972272,
   -26.90508474411514,
   151.07634149608842,
   40.72918077742108,
   -18.661065663154666,
   88.18355536013252,
   -60.125705564724505,
   -34.16587246079577
  ],
  [
   -115.6993854602144,
   -40.23245868046564,
   72.36151526030737,
   -47.64200688954932,
   -20.466009575112622,
   -39.90130944994682,
   3.121728171946516,
   -47.322295489674914,
   -131.95893404853987,
   -32.973646910291635,
   -125.48035437449872,
   -70.04864171479866,
   -70.73329067464059,
   82.33338121438052,
   -30.924416050741986,
   -2.008842288921162
  ],
  [
   35.154544648394356,
   79.16047505016073,
   -29.331875107323967,
   -25.355455711003966,
   -15.116974056627392,
   -73.57728630100621,
   -115.33973468732776,
   25.744498151805267,
   30.415104992035452,
   -15.61378297891083,
   167.01288140916202,
   3.3134225134914805,
   -26.759512943830828,
   -23.67319141573989,
   42.606518312925665,
   -63.0823690322141
  ],
  [
   78.32621868871583,
   2.73345944210833,
   -28.47049485251454,
   -11.01991101039389,
   -53.91582503125884,
   -14.250703160725259,
   -59.11008920484712,
   28.18704352804122,
   -30.851862945812382,
   73.83636590506451,
   -84.23690654991816,
   17.103255133507165,
   -1.453415859289734,
   -18.259503313813997,
   30.839224089816526,
   22.867927238040988
  ]
 ],