{
 "input_nodes": 12,
 "hidden_nodes": 16,
 "output_nodes": 20,
 "epochs": 1000,
 "lr": 0.5,
 "output": 0,
 "epsilon": 0.01,
 "synapse0": [
  [
   -19251.076934520133,
   -34421.654571433915,
   -52316.55798071775,
   -13731.911804370267,
   -6941.969936709162,
   -94939.92185110007,
   -29798.885217014475,
   -30858.315750765458,
   -53532.73841462822,
   21483.045848693586,
   -58119.50336318995,
   -84806.751943619,
   -27487.012475213636,
   -8042.732697218258,
   -20817.115049307766,
   -25463.46463517327
  ],
  [
   3717.698339854006,
   21115.27092716421,
   66351.07810255517,
   11040.863792399665,
   4704.420211413063,
   97078.91702616784,
   15535.759848152156,
   43327.09930462096,
   33833.83144421612,
   16435.959905594536,
   31175.687866213695,
   72574.3962631514,
   17851.330053657093,
   2610.318878642386,
   8040.4119866446335,
   19379.955895682102
  ],
  [
   -62458.02754036416,
   -91398.06900985443,
   -66573.21278898646,
   -31671.268429864747,
   -28511.00500892284,
   -122061.11882581624,
   -63074.629030187265,
   -77415.09168604063,
   -114608.36250730998,
   -7407.175372034445,
   -149618.711664028,
   -123774.15687983084,
   -71689.18843646275,
   -22465.907875191373,
   -46667.88079197067,
   -74269.30478265307
  ],
  [
   -57255.11619061133,
   -61033.56524724871,
   -4705.554017732963,
   -17703.596913828103,
   -10345.950727846592,
   -31301.805253904997,
   -38579.59060223447,
   -21587.40489357539,
   -80039.74667388057,
   -3680.783519310392,
   -103037.09902944833,
   -62993.695338235695,
   -39484.10745804452,
   -16024.828424567,
   -39111.25827496003,
   -35158.75267853831
  ],
  [
   -28315.22827532288,
   -26749.920535345474,
   3564.7790015981104,
   -6545.8586507419805,
   -8169.329757934722,
   -32712.078494715413,
   -26100.739936815295,
   -11899.340863816884,
   -39501.37640326926,
   -6529.415417090344,
   -46055.01799539727,
   -27679.10821238089,
   -18186.405656279356,
   -7267.825179014269,
   -9152.173717517504,
   -17856.48352878168
  ],
  [
   -12839.314240249632,
   -15661.611130571657,
   3309.196246087878,
   -4624.130929370022,
   -6954.264233262683,
   9392.956558236214,
   -3190.309922865327,
   -13196.342036262982,
   -21761.135969512172,
   -12416.933294385508,
   -23216.38624969453,
   -6568.016953477713,
   -18024.844584819002,
   -4682.792831076681,
   -10232.199426970528,
   -9729.234446010045
  ],
  [
   -706.18510230367,
   -7237.379231411128,
   2091.7590358485613,
   -2279.3297604155696,
   -4502.074499179259,
   -26391.575169166448,
   -2041.8750223016398,
   -6078.491084299598,
   -3686.390768850517,
   3732.257473398219,
   -5288.489357694547,
   -10342.625364899919,
   -10020.10628806709,
   -3476.698547071611,
   -5670.427821857985,
   -9417.275806855036
  ],
  [
   -9778.412479076485,
   -14514.935825472123,
   -476.2213656036602,
   -5841.896223312197,
   -7378.63907530749,
   7087.5938682965,
   -19468.274281614227,
   -15172.524113392792,
   -31653.98574118892,
   8939.110291875171,
   -23805.48566010062,
   -16203.616897599564,
   -11652.802986070757,
   -3015.8306322484746,
   734.7460127447424,
   -11433.060453688035
  ],
  [
   -15053.159257828394,
   -19348.029865175253,
   2839.957434938583,
   -4577.214095648254,
   -70.78210160447638,
   -16062.98367170882,
   -9153.865001531758,
   8324.895145552657,
   -16105.611253437804,
   -9063.772905798523,
   -27569.827829079444,
   -24463.27356616409,
   -12725.090990249415,
   -5908.982444043026,
   -19297.21032392763,
   -5259.813042588486
  ],
  [
   19143.672266198588,
   16123.04024436001,
   -1199.1764826072774,
   6567.318909871372,
   6401.381485418787,
   -2740.1092141555127,
   3083.3362084962564,
   17655.662951317285,
   22902.91654689537,
   6044.99071216585,
   25389.496266774626,
   -843.2726782507704,
   10983.155653219015,
   3282.7738318868364,
   4546.662156600272,
   13136.399090875073
  ],
  [
   -23811.610208793925,
   -22341.321793426523,
   -72019.33231159938,
   -14820.166672401527,
   -3148.8200951510703,
   -104425.56759607767,
   -1882.4294976566516,
   -49597.05501354764,
   -33703.10006631574,
   -3869.589354923983,
   -37936.27037202883,
   -40789.80271679142,
   -17064.361759054736,
   -1075.001326090742,
   -11880.614921331236,
   -18544.441026367178
  ],
  [
   16738.997260213484,
   20171.80463049605,
   -16135.201366946847,
   5350.971102650903,
   432.51757592457113,
   -278.0879613197828,
   18828.48076994015,
   3547.293226640959,
   25691.02065545108,
   1674.8372489422902,
   33016.836612926934,
   13628.756122008906,
   9143.327225605573,
   5014.422438030204,
   10393.674396197051,
   9388.284391298854
  ]
 ],