{
 "input_nodes": 12,
 "hidden_nodes": 16,
 "output_nodes": 20,
 "epochs": 1000,
 "lr": 0.55,
 "output": 0,
 "epsilon": 0.01,
 "synapse0": [
  [
   -13482.495559564111,
   -25070.09397248392,
   -26000.420482184894,
   -9985.491573788522,
   -5265.869011803527,
   -57367.03932656978,
   -21438.520802625135,
   -16455.454990548766,
   -38160.53450831103,
   13333.885153090905,
   -41920.35387828841,
   -55295.12807057141,
   -20271.72457273472,
   -6031.936477335754,
   -15609.616292493654,
   -18112.24113493969
  ],
  [
   4644.307223591327,
   15585.880413284765,
   31467.91969925124,
   7912.6674916150805,
   3463.8009943311426,
   64191.65725714723,
   11198.62364728749,
   25783.499080148908,
   26477.53050308896,
   9414.960464049564,
   24504.43028456102,
   45748.181349681276,
   12737.857723194615,
   1828.2420506342492,
   6226.7772134525785,
   13898.765859909076
  ],
  [
   -40731.02132113222,
   -62148.093441081444,
   -31668.6105429842,
   -21873.750899578463,
   -19614.44460329707,
   -72957.06387311821,
   -43384.33785305913,
   -50046.42807268508,
   -69050.92606384335,
   -4280.8161630485965,
   -96150.227287836,
   -76282.13781705577,
   -49478.41965175626,
   -15531.317602486306,
   -32347.063118899114,
   -50898.47402152646
  ],
  [
   -32825.675677666426,
   -39500.107558551,
   -3624.93959409447,
   -11843.13993522792,
   -6808.1136570845765,
   -9775.570625884939,
   -25621.211202084152,
   -15837.468965239033,
   -40981.8215827397,
   -1842.974823104715,
   -60351.61147992311,
   -32497.87633027463,
   -26538.434503446497,
   -10765.344736234832,
   -26859.59056059783,
   -21660.159538625758
  ],
  [
   -15208.672481481575,
   -18745.10669050884,
   550.7945319499944,
   -4754.521609854315,
   -6129.8156215970685,
   -12890.710925125271,
   -18494.892580512478,
   -10623.349900884177,
   -22658.567956918712,
   -3751.5017367679043,
   -29905.684257267647,
   -18494.923241369364,
   -13699.772189659092,
   -5364.517301211474,
   -7216.288745225027,
   -12360.031198902923
  ],
  [
   -7219.453600416847,
   -11163.780996405814,
   805.8356819590551,
   -3261.1415012691805,
   -5234.458609936133,
   5608.79517630792,
   -2538.9421723056184,
   -13274.307370582615,
   -11724.02791959282,
   -7604.369731528362,
   -13990.953990067108,
   -3268.002942454834,
   -13586.974836686832,
   -3731.507190829365,
   -7736.1092225577695,
   -6911.939276790841
  ],
  [
   -1330.5854459889392,
   -4677.494297776611,
   17.440506576086626,
   -1471.3506460471979,
   -3103.486278651514,
   -11818.659821316565,
   -814.7674350444015,
   -1224.6198078074556,
   -2683.9904998507836,
   2440.203233891229,
   -2609.864433473802,
   -6842.271565706071,
   -6691.63698159857,
   -2372.779772100815,
   -3541.772739416146,
   -6759.006372392717
  ],
  [
   -3000.3521882764753,
   -8398.85934219842,
   2992.5199988164563,
   -3865.764746709621,
   -4756.240389564691,
   3914.358908021329,
   -12905.537393009652,
   -11358.234502289577,
   -15730.294213700736,
   4196.268816760136,
   -12299.890518184942,
   -10450.097303312668,
   -7415.0279694695,
   -1852.3576634985034,
   702.1239730267355,
   -6597.137269528166
  ],
  [
   -11319.746483308196,
   -14264.467701010079,
   3806.1307113222715,
   -3360.2282476281134,
   64.2539824090199,
   -3421.285441543531,
   -6916.102868594343,
   10941.413929015878,
   -9881.996350916384,
   -5732.397438747147,
   -19334.185280859034,
   -12465.380431629308,
   -9092.669477707379,
   -4661.4351472615135,
   -13907.58933166875,
   -3171.9929242269627
  ],
  [
   10116.910712824912,
   10461.251554602768,
   277.11206386946003,
   4211.673646226359,
   4426.512830318499,
   -1815.751381977181,
   1937.9200678579152,
   18442.112121784492,
   9656.629083342332,
   5406.41261904531,
   13892.87161302199,
   -2702.05181443808,
   7702.144122450752,
   2166.321970279286,
   3601.609388412686,
   8609.115397341535
  ],
  [
   -12500.969929778134,
   -15726.069290411946,
   -38811.175516504314,
   -10135.74153392121,
   -2274.67282481636,
   -70296.38029173083,
   -2491.413616499645,
   -41596.9155935713,
   -19951.717758159357,
   -3466.7635158056964,
   -25821.675433807024,
   -21288.860114999738,
   -12431.460512859057,
   -1362.5845551043515,
   -8918.108053970729,
   -11930.331727863675
  ],
  [
   8708.59684036416,
   14023.66301545361,
   -10884.402973305077,
   4132.405810299971,
   511.84629765467395,
   -1269.5973400788844,
   13824.106217388948,
   3669.3743962731933,
   14646.640206059572,
   1468.5449187868815,
   21411.359573450267,
   12317.765090598763,
   7119.516279664312,
   3795.381946418774,
   7508.537827860023,
   6207.017988262661
  ]
 ],