{
 "input_nodes": 12,
 "hidden_nodes": 16,
 "output_nodes": 20,
 "epochs": 1000,
 "lr": 0.6000000000000001,
 "output": 0,
 "epsilon": 0.01,
 "synapse0": [
  [
   -10283.122911149121,
   -19702.226415607234,
   -17724.703341191893,
   -7965.867230001043,
   -4265.284556630896,
   -42333.209141843945,
   -16976.002028971834,
   -11959.142558898764,
   -29558.186100341827,
   9259.511552971919,
   -32529.187299716814,
   -39830.74142203299,
   -16119.25396668088,
   -4814.577377098969,
   -12336.605032392403,
   -14069.39770400763
  ],
  [
   4092.4023730550202,
   11990.076587969706,
   19694.270980864938,
   6155.479075423814,
   2805.3194687565397,
   48668.82406798803,
   8394.88196577211,
   17986.33276074706,
   21583.45718778599,
   6749.762360171902,
   19397.08581131319,
   32293.71169692885,
   9992.164083432799,
   1206.9060405474152,
   4879.093501967375,
   10713.034991957631
  ],
  [
   -31011.03620359071,
   -48454.990781108354,
   -19581.531844768037,
   -17151.281184340372,
   -15355.52885383735,
   -51897.383721636,
   -34498.768692760976,
   -39028.41441941059,
   -48184.12186543171,
   -2755.6769445634986,
   -71298.40128778256,
   -54401.26762354487,
   -38814.6308833384,
   -12460.232859811182,
   -25336.93641091575,
   -39803.66646510676
  ],
  [
   -23174.053014094414,
   -30882.775135092037,
   -3086.239735206492,
   -9561.572854738832,
   -5581.596379317782,
   -4937.302587653912,
   -20611.539742842062,
   -13755.8417714892,
   -25328.162758037255,
   -897.6431905770528,
   -42957.62805643525,
   -21443.393356293018,
   -21359.659877989896,
   -8834.416311772644,
   -21377.03715874125,
   -16470.121479665584
  ],
  [
   -9391.420750801815,
   -14627.603323063246,
   -1919.875547282561,
   -3954.374234183887,
   -5040.302475955286,
   -8248.613829757382,
   -14732.295888584687,
   -10785.47593276933,
   -14503.953668113938,
   -2533.41868515008,
   -21469.20222749257,
   -14336.916027467938,
   -11133.940269027104,
   -4363.184661607603,
   -5630.157530392451,
   -9651.629011039506
  ],
  [
   -6098.8051370621715,
   -9317.93081651453,
   728.2572639145994,
   -2699.1070802829895,
   -4198.4115824146065,
   3795.11611769647,
   -2639.4987472290304,
   -10843.804252056669,
   -7694.5196491382485,
   -5377.238156773399,
   -10604.009796134787,
   -642.1247621885947,
   -10888.9937313645,
   -3275.9049603205954,
   -6265.57034191679,
   -5728.56537885698
  ],
  [
   -2142.6077884965753,
   -3958.092786355067,
   -369.1370790842092,
   -1167.2307329779208,
   -2366.793841733957,
   -6695.078876368227,
   -825.4358478949027,
   -1451.8550426565741,
   -2946.175828736307,
   1812.9980867504607,
   -2571.5302165038242,
   -5815.5953824562475,
   -5153.931163515067,
   -2009.5143779023101,
   -2782.142798046017,
   -5718.014103384523
  ],
  [
   -1571.326375456017,
   -6909.177569674516,
   4522.475822648247,
   -3343.4879537771003,
   -3920.522270383778,
   1809.8222232261332,
   -10413.391483558426,
   -9555.908596611645,
   -10839.991882122229,
   2455.369706920085,
   -9702.377568796632,
   -7251.566301621911,
   -6335.766179542396,
   -1738.7362164950662,
   63.53146869330954,
   -5338.354929016008
  ],
  [
   -8680.128143165774,
   -11978.810456321497,
   2283.772209602957,
   -2898.3600963341305,
   -22.471428665212485,
   -88.02700972024134,
   -6379.028471621578,
   7798.535154730658,
   -6672.832817767786,
   -3890.199139509688,
   -15475.031745581655,
   -9255.504067886044,
   -7550.870333604826,
   -4108.591135717471,
   -11324.105980464765,
   -2469.405755232222
  ],
  [
   7473.304518525993,
   8504.39358384973,
   368.8953634445958,
   3395.5703281193737,
   3737.586180002334,
   -1275.9805369844269,
   1827.759747746944,
   15489.637744588923,
   5528.15011920298,
   4324.8598135589045,
   9938.46620568102,
   -2167.9818778791882,
   6519.487652931653,
   1806.4883675007193,
   3049.9972700569433,
   7108.190953725425
  ],
  [
   -7854.916582087553,
   -12541.749263668496,
   -27231.10523223197,
   -8019.272858377968,
   -1981.1379784243184,
   -55655.56058032427,
   -3082.878206738836,
   -32353.585922941707,
   -14131.234251605192,
   -3081.4320655148836,
   -19991.633346088456,
   -15150.27485469489,
   -10003.569703002651,
   -1396.0748551358738,
   -6782.424978583637,
   -8960.53826798198
  ],
  [
   5112.869563481386,
   10987.267399688999,
   -8815.664256903648,
   3485.4963703553026,
   466.29017451575896,
   -2383.8420601931584,
   11179.224969831766,
   3083.2857762900526,
   9003.587309038478,
   1191.066433065437,
   15901.63752031306,
   9797.102672295512,
   5987.337112152268,
   3205.961581968151,
   6272.075484310041,
   4528.623828324852
  ]
 ],