{
 "input_nodes": 12,
 "hidden_nodes": 16,
 "output_nodes": 20,
 "epochs": 1000,
 "lr": 0.7000000000000002,
 "output": 0,
 "epsilon": 0.01,
 "synapse0": [
  [
   2117.3175520897667,
   -2790.877562018388,
   1751.3803451368206,
   1468.4593568598216,
   -922.3482996321042,
   -1436.5743455357292,
   657.1621077097296,
   -7182.979043998195,
   -5526.8138057256365,
   -306.7257902072125,
   3774.7475237725475,
   -2678.8023296618653,
   -2933.943309211079,
   -3529.171745171607,
   -5186.27960125188,
   2284.8930683858803
  ],
  [
   3124.375383393335,
   6957.624468699754,
   3241.4594217962335,
   6724.940488634516,
   8867.666939270675,
   2106.427481468638,
   5576.586180375161,
   3701.7920755751443,
   3532.204198218663,
   -1733.0779041098672,
   3310.968038066367,
   -1961.032638301845,
   9049.158477285699,
   888.8361997254078,
   895.5180772356196,
   990.0135815357307
  ],
  [
   -5823.368236059726,
   -895.9284263547731,
   -9926.922891650021,
   2171.168421236573,
   -2631.810713335892,
   -1756.9354909939195,
   261.5637895311321,
   157.52999286747118,
   -4508.332453395132,
   3616.996772530661,
   -4853.437165972779,
   3542.7416114979937,
   -6425.007712069461,
   2354.5362214739716,
   -1102.4732577721215,
   -877.9380847664552
  ],
  [
   -7735.9162307586475,
   -12215.907369735165,
   -3145.7469686145214,
   -1563.5134517284619,
   -3485.9538908082163,
   5019.589348099142,
   -1410.4981609899712,
   1676.6785317741185,
   -11919.841270620673,
   -1231.0994124695503,
   370.62619942201667,
   4425.73697960173,
   -12664.566704493818,
   509.4702899739735,
   -2473.3703882912387,
   582.7971657342839
  ],
  [
   -7110.555462709871,
   1393.5143892618676,
   -5322.267843303799,
   -12179.122940395748,
   -7543.248092957286,
   -4131.821119555437,
   -6498.635248978604,
   -7761.863393595931,
   3836.4081238382555,
   677.8526539376273,
   -4691.362006410226,
   -5198.423048594387,
   246.30254718812762,
   -1543.945870230522,
   223.40976749640606,
   -815.7213301125679
  ],
  [
   -7270.574605945027,
   -3544.5357440472294,
   -12587.270769193188,
   -11693.839705610657,
   -2133.003509065059,
   -7245.69499203554,
   -11181.884459097248,
   -9579.163302418672,
   -6931.570179967119,
   343.97038109991274,
   -2906.1737204305755,
   -5038.186378443964,
   -4793.126948672158,
   -3712.363878735081,
   -12052.677504629664,
   -1510.0782851174565
  ],
  [
   3120.3639514361216,
   9667.668176348647,
   -3307.0244136974507,
   5397.286365426929,
   950.5537402762652,
   2141.0206796028583,
   5102.2891628457,
   1214.4592099403758,
   6100.258867846459,
   -63.98198321205455,
   390.75131711532214,
   719.5308475138119,
   8103.283364633589,
   1833.279633625641,
   3167.186000974153,
   541.8411075574522
  ],
  [
   4281.873694526275,
   -2682.7456832662533,
   -2538.913765342836,
   8924.835534597838,
   5745.527550126235,
   2615.1976639139266,
   5432.276400234422,
   8422.287481246782,
   1781.7345006248258,
   -1056.572906929745,
   2079.7918176889307,
   6545.28171443778,
   -1950.8361194391046,
   -806.5449654519002,
   727.2600385854294,
   314.4890972652398
  ],
  [
   -6308.14503462937,
   -4411.162256931724,
   -3749.9985834444033,
   -10476.571220292737,
   -4236.678825929218,
   -6208.017936589208,
   -9306.06529332379,
   -10522.85686775869,
   -13302.01272611605,
   -8.196631764742905,
   -932.1105667585763,
   -7234.3689055076275,
   -5886.143377968973,
   -3274.0063052596042,
   -10889.141710574024,
   -764.2599193355555
  ],
  [
   3468.3761311377452,
   5314.378150098518,
   8295.62221051982,
   11108.352702383236,
   4802.312374787566,
   -64.04439936885223,
   6469.237201795029,
   6005.107171663131,
   6561.327236833726,
   9.108876986441565,
   1248.6846452877342,
   -654.0185086175021,
   4981.55003438903,
   1286.7830929607187,
   1835.110406108181,
   1507.042985686459
  ],
  [
   -2901.151730451416,
   -4080.6875125366405,
   -3146.7828291372575,
   -8015.0637468454515,
   -5334.274385866966,
   -1285.8756808437313,
   -4073.905486370072,
   -5060.902859427472,
   -8101.206420428375,
   -3088.75761717158,
   1179.9908793368993,
   -3239.558793791746,
   -10463.465094999692,
   -3294.367738869573,
   -2541.2507296420963,
   -1157.8782695648017
  ],
  [
   8412.068460568953,
   7135.11369761312,
   3374.241770406557,
   8217.647655795461,
   4799.000734168056,
   1424.7971188148604,
   6792.201703659343,
   554.2686624728495,
   9268.940244076439,
   -123.82995039967543,
   3625.5737722289864,
   2081.3341969086814,
   2648.317046430696,
   80.23830843639402,
   6771.313836201092,
   1279.522654944247
  ]
 ],