{
 "input_nodes": 12,
 "hidden_nodes": 16,
 "output_nodes": 20,
 "epochs": 1000,
 "lr": 0.7000000000000002,
 "output": 0,
 "epsilon": 0.01,
 "synapse0": [
  [
   1106.063331236291,
   -8774.07632715514,
   -6498.169624601957,
   -1319.2091088979043,
   -4906.8901024037295,
   -981.1775508746332,
   -5822.031047824386,
   -6475.079988113498,
   -8266.551687263998,
   -717.374115862851,
   2783.13470606814,
   -5200.1374129150945,
   -3863.449757709827,
   -7528.4170552018495,
   -5329.843263151171,
   1221.4210575169209
  ],
  [
   2927.787413156281,
   11662.957902326105,
   8128.340420251739,
   8933.009320612153,
   11785.810210008078,
   1578.1275408393667,
   9766.009094365041,
   3886.507545277211,
   2251.32909740053,
   -1194.6002635114012,
   7131.649412832984,
   -1406.8855795879338,
   13075.166814830875,
   5034.073019761639,
   1174.4864200130587,
   3647.4609797809167
  ],
  [
   -12829.799191443808,
   -3122.109958392461,
   -10483.772935916799,
   1453.5755243484834,
   -3272.8793627837745,
   911.2673464897875,
   3669.85620335336,
   -614.2202265348105,
   -6375.510488233832,
   5292.852344228565,
   -5241.719295615602,
   6169.142529201612,
   -6686.818646951865,
   6378.060671887021,
   -3147.412736096607,
   -1762.4601375758905
  ],
  [
   -8269.458688635306,
   -19554.57571594527,
   -7428.033474210349,
   -6100.417986432568,
   -6246.2637307886735,
   6582.405770635606,
   -10471.410128270798,
   3371.276465977058,
   -12625.029741611532,
   783.1354079171546,
   -2213.6793373821383,
   5016.683988796837,
   -13296.751499818678,
   -1654.0451906306544,
   -5700.902384080026,
   -353.7616268484371
  ],
  [
   -10309.26360802334,
   -879.4031982943101,
   -6774.836447947298,
   -19564.051431066655,
   -11555.490704291522,
   -4822.962080696355,
   -10179.660152412827,
   -7536.05868608278,
   5487.338217798376,
   791.4022769996564,
   -7121.61849713462,
   -11252.985851020092,
   -350.8843259777461,
   -3848.990350125676,
   1329.2316787338852,
   -2249.190204450923
  ],
  [
   -8664.727540203568,
   -6668.214125844099,
   -34322.96273625063,
   -18109.556775555026,
   -2667.378751740772,
   -8613.525409114725,
   -15658.0212972335,
   -10608.192093028341,
   -10566.432915661178,
   296.3356122194258,
   -2885.359166832316,
   -4313.087087727424,
   -6162.1936386271955,
   -5647.73748420183,
   -4676.0304009007305,
   -6540.21152358978
  ],
  [
   360.9373648044772,
   14597.608219950882,
   -2188.0731536313906,
   9141.67554724275,
   3662.3399895587977,
   3978.9920092640364,
   11532.379863576134,
   -705.465363436269,
   6296.66395411296,
   1629.5924278584512,
   1682.881484436143,
   3012.5558043703854,
   12407.853346648862,
   2653.069130068179,
   3145.597035332956,
   3650.9555262829754
  ],
  [
   2360.3364474059485,
   -7152.900626094423,
   -20.744572274673022,
   8664.423000394596,
   5477.451971014023,
   4196.405433969586,
   9012.15484930913,
   10893.959369440608,
   2049.7524738089605,
   -2435.7257141836208,
   4338.881955184997,
   9627.912287880335,
   -6151.644284062889,
   3673.6211166938574,
   3981.2250740444106,
   1317.2356898090823
  ],
  [
   -5353.9220050004915,
   -5152.094481919999,
   -13814.134374585072,
   -12957.194604795812,
   -5534.899139362224,
   -7452.287070070649,
   -16947.600123085478,
   -9008.203787213833,
   -20060.892174352237,
   296.19164650824354,
   105.79327858307107,
   -9165.577685514028,
   -2685.7772394192325,
   -9130.701899348953,
   -9590.411916362567,
   -3428.8698066005363
  ],
  [
   4136.822420571888,
   6377.156541707704,
   17339.452384875134,
   13177.182691975555,
   5661.62671111089,
   1223.7650314927926,
   11897.849579782207,
   6961.556661168173,
   9343.095298266095,
   -1938.6255845317157,
   3103.403325356066,
   130.1505707831521,
   5005.503216671909,
   4947.797811322171,
   1420.8809186656842,
   5319.410437331449
  ],
  [
   -3397.432171489333,
   -10493.202586226398,
   -14066.110082962507,
   -11317.293817384489,
   -9066.769187067795,
   -1547.1420725730645,
   -10837.639455912707,
   -4012.2745705152183,
   -7840.696332001914,
   -5854.067233926649,
   45.92208478729249,
   -5393.001084609911,
   -13743.902974200373,
   -6466.473265373435,
   -3172.72705594174,
   -5054.551754316445
  ],
  [
   11326.660846550463,
   10460.979361115167,
   5343.634822458292,
   8165.09284142936,
   6936.801543209344,
   4602.86724402483,
   12454.06348083246,
   2594.7244937182645,
   12605.633251481157,
   1283.985246891833,
   6406.438814348714,
   42.65307501723653,
   986.7017596296475,
   1366.2185195373158,
   7863.711904110104,
   7950.436534341246
  ]
 ],