{
 "input_nodes": 12,
 "hidden_nodes": 16,
 "output_nodes": 20,
 "epochs": 1000,
 "lr": 0.5,
 "output": 0,
 "epsilon": 0.01,
 "synapse0": [
  [
   1550.8174687528954,
   -4622.300675915344,
   3233.1827892177234,
   703.9989571390863,
   -1756.6163866501265,
   -919.7465799970887,
   -701.0173991108044,
   -6635.159917907531,
   -5246.844743184608,
   -1023.7119274873752,
   2061.832919660571,
   -2721.6355476398544,
   -3561.1387571002356,
   -3197.3701664463147,
   -3672.5999796302945,
   1375.0323339078539
  ],
  [
   3578.190921557365,
   7222.581630346382,
   2987.630957243729,
   6523.885904848201,
   9025.752722714351,
   2256.5465956674593,
   6001.921682588632,
   3519.773610987001,
   3493.3762024302036,
   -1519.7055329340046,
   3267.662912596211,
   -993.9434557950655,
   9073.912952513325,
   1239.311907693959,
   644.2702819663923,
   893.4057750295093
  ],
  [
   -5025.127316883771,
   -1669.2835864066703,
   -9020.979161565225,
   2595.010827258726,
   -2958.3815371559517,
   -1285.432952334292,
   -575.0414526644922,
   539.5370966131856,
   -3590.364644780899,
   3323.0832212923083,
   -3736.408782648497,
   1723.110633516176,
   -6710.807726938177,
   633.3802007371839,
   328.8172722761492,
   -964.1392247085329
  ],
  [
   -7074.773003741105,
   -11876.533397409376,
   -2181.046062451674,
   -1315.8033111952502,
   -3583.2019788795064,
   4033.3224112692496,
   -965.6930728474822,
   2945.1981921221986,
   -11958.216438315889,
   -67.71867323871328,
   -133.3466685737132,
   3696.903105492568,
   -13565.34854921446,
   879.9242329251157,
   -1420.7307894967923,
   602.9733638504104
  ],
  [
   -5473.707014259925,
   -849.5471016159663,
   -4904.1905637289765,
   -12354.46669096515,
   -7236.35915627735,
   -3435.5377059455113,
   -6581.930840181215,
   -7457.0616898729895,
   2714.3342979915255,
   235.93796169247915,
   -3763.4053312429155,
   -4241.659862271242,
   466.2125649777913,
   -1405.202413042111,
   481.799018888346,
   -592.223912029394
  ],
  [
   -7840.352948692228,
   -5279.5717828568495,
   -7680.324416426511,
   -10801.765806147187,
   -2641.250408839012,
   -5295.755868663376,
   -11279.98863882984,
   -9746.593033772126,
   -6698.723436396194,
   1006.5328710484928,
   -4651.119063080534,
   -5326.518006558704,
   -5558.562342265416,
   -2839.357453849242,
   -9420.558681343222,
   -830.9627261221901
  ],
  [
   2903.194960102718,
   10140.836550916056,
   -3238.8563690599563,
   5425.25725080127,
   1017.6195216494998,
   1998.7343347155677,
   5197.049190022959,
   1340.9834855547867,
   5934.097869926846,
   -86.67684530968542,
   986.9168372101105,
   1491.8223086268865,
   9298.321051910523,
   2034.5477728921448,
   2059.913658237603,
   126.66923465087473
  ],
  [
   4182.533919855904,
   -2299.0841850742577,
   -1907.3051859185823,
   9264.996577526805,
   5546.494866854622,
   3621.4591884374654,
   5348.285375697107,
   7321.1569017768725,
   2920.1883311572024,
   -847.4719674343659,
   2872.232214896013,
   5038.942602792681,
   -2476.914385026161,
   -1108.9928880805294,
   1762.2035186620071,
   170.15415964793763
  ],
  [
   -6624.098848733566,
   -5105.867230687717,
   -954.7585823109333,
   -10459.773244282456,
   -4509.621173914508,
   -5710.4600366781015,
   -9330.216792225652,
   -10229.197280014998,
   -13055.512578397138,
   -220.78857461733358,
   -2970.131340234039,
   -6346.727380095387,
   -6472.187961542541,
   -2272.3522783986446,
   -9271.266779389072,
   -545.6764396184769
  ],
  [
   5412.910480293289,
   5108.29852663077,
   6199.837720519543,
   11080.682127274682,
   5084.465154962306,
   1127.4679943051794,
   6827.895451211572,
   4701.7849365138845,
   6356.576273503283,
   156.2462541131042,
   2460.3792153577488,
   -107.90690407096662,
   3718.227234075984,
   1251.5206304412034,
   2833.7169781396233,
   839.6857827282728
  ],
  [
   -3194.6779156131383,
   -4988.475349777412,
   -400.1639225081619,
   -7594.51201901745,
   -5139.257464438277,
   -1457.3426605532059,
   -3935.5825655871054,
   -4651.613448944993,
   -8157.891938865164,
   -3016.7579637561284,
   1034.6945227316335,
   -2784.077455095803,
   -9144.687527729528,
   -2498.0979565629245,
   -1971.9628748639714,
   -423.6220907077481
  ],
  [
   7738.567840451043,
   7732.5535312489155,
   3961.8501263878525,
   8432.751402126096,
   4923.245396939943,
   937.1159365319286,
   7490.483654371151,
   1376.431240048161,
   8598.416829400363,
   545.1372801286052,
   3918.438609858324,
   2741.0399872193193,
   4842.281977474081,
   501.6988336121532,
   4973.28962437442,
   1324.4883405923051
  ]
 ],