{
 "input_nodes": 12,
 "hidden_nodes": 16,
 "output_nodes": 20,
 "epochs": 1000,
 "lr": 0.7000000000000002,
 "output": 0,
 "epsilon": 0.01,
 "synapse0": [
  [
   2531.178962640944,
   -6813.471776016218,
   -6449.758783049074,
   1353.1089575990668,
   -2768.8497224370694,
   -1109.937074176943,
   -4975.6928810169775,
   -6616.972341103456,
   -7937.609716673336,
   -568.0362216005117,
   3662.1239598978786,
   -3433.652510581721,
   -3028.4600724696857,
   -6279.741959832846,
   -5455.891514114841,
   2191.662998705001
  ],
  [
   1699.3958898661772,
   10007.278656843037,
   7715.437293423053,
   6294.014029383065,
   9889.150945233028,
   1228.0224207335998,
   8431.308313248608,
   3396.0937072811316,
   1755.4680368326528,
   -1283.6559898225962,
   5484.939864299233,
   -2823.092880439859,
   12270.604248121841,
   4030.3824311769595,
   1087.339617593104,
   2088.662737050363
  ],
  [
   -12070.526186350657,
   -2884.30759992893,
   -10819.327044000545,
   1573.7768349562425,
   -3262.6268407083476,
   -9.786163141880351,
   2858.2797565072174,
   625.7697988007932,
   -6586.3527018922805,
   5046.703271880667,
   -4884.185672449305,
   6153.844748527475,
   -6361.404973751442,
   5637.4223699872,
   -3966.2983959342414,
   -1766.5520094259407
  ],
  [
   -8960.078735899566,
   -17223.472338097192,
   -7942.484083319951,
   -4445.4395527555625,
   -4729.943528495871,
   6612.411394983586,
   -8309.122162547916,
   3315.7063834727537,
   -13889.043131380371,
   667.6895647560485,
   -1195.70569509264,
   5006.247685870672,
   -11512.025354272628,
   -512.2296919480847,
   -4886.988499945255,
   508.8046694165843
  ],
  [
   -9511.907898338764,
   558.0695350349235,
   -6141.617309514872,
   -16649.646976992804,
   -10059.375601523645,
   -4424.917137955635,
   -9340.301780574744,
   -7818.255475494139,
   5026.351154646355,
   863.6563897978369,
   -6252.010041946137,
   -9619.013087077023,
   740.3488988770239,
   -2247.6081188842704,
   2036.858045334494,
   -1486.8458666790648
  ],
  [
   -8085.340555313837,
   -6593.108611795652,
   -33817.97029354601,
   -17946.45195953635,
   -2435.7230756314775,
   -8306.040672796544,
   -15578.12102503595,
   -11030.51775909284,
   -9699.291550428276,
   56.97101990511723,
   -3087.5051239329373,
   -4308.840626146639,
   -6334.100318452914,
   -4578.050505106799,
   -5209.003932509621,
   -5964.673388465364
  ],
  [
   594.3700867504552,
   12278.937684651979,
   -1897.802662174997,
   8325.9982377461,
   2675.908273150917,
   3315.392700779596,
   8932.518202506968,
   -551.1585000877504,
   5962.761277958005,
   1372.0023224538727,
   928.6137608147492,
   2544.560748952824,
   11514.900962225889,
   2175.685165942925,
   2891.0169495530786,
   2081.971568009724
  ],
  [
   1550.1652687024543,
   -5935.070953493472,
   -1747.5903353666672,
   7173.041921789671,
   5365.942013653275,
   3259.70271702422,
   9156.038689884097,
   10431.477573134503,
   1831.2673440949748,
   -2100.270907911273,
   3297.675085044858,
   8924.31600870732,
   -5850.132550839246,
   2909.611689217363,
   3159.165212271608,
   1085.7064836537772
  ],
  [
   -4871.219736280842,
   -4771.958131306137,
   -13308.174312278918,
   -12470.849306902033,
   -4977.298066201543,
   -7002.514672314397,
   -16372.972100553126,
   -9450.052817278602,
   -19349.749723197423,
   241.43705656821263,
   207.8278784524622,
   -8741.579225413048,
   -2728.596700604529,
   -8023.678862805139,
   -9615.824880969425,
   -2682.106028442113
  ],
  [
   3624.062506451093,
   5392.170747438468,
   16234.038421920639,
   11597.263121625128,
   4731.772741818503,
   -360.65077206390526,
   9433.96402630217,
   6875.130314003348,
   8362.761497909734,
   -1843.985409005099,
   1665.7781381654208,
   -649.0649746370888,
   4616.095359001123,
   3441.543322080282,
   727.4557300143867,
   3320.5545404293116
  ],
  [
   -2227.433441304453,
   -8752.271263636787,
   -13138.587593283504,
   -8833.388111995782,
   -7706.45287676709,
   -973.0292864351227,
   -10638.537049360377,
   -3859.089431894866,
   -8922.104180039345,
   -6032.521225377324,
   1180.6516123930728,
   -4569.244223410699,
   -12338.943935592055,
   -4747.495016217893,
   -1858.4937721098343,
   -4276.337627572194
  ],
  [
   10723.019138817603,
   9316.14739350662,
   5439.244386282819,
   8487.678705960936,
   5900.476955072058,
   3703.8881103026665,
   9584.846301531177,
   1416.4359492965593,
   11263.450356076784,
   1361.1756908211562,
   5158.2630405456,
   451.87064317697474,
   595.6921473047578,
   827.2912010872876,
   7999.842443767373,
   5571.809824652304
  ]
 ],