{
 "input_nodes": 12,
 "hidden_nodes": 16,
 "output_nodes": 20,
 "epochs": 1000,
 "lr": 0.9000000000000004,
 "output": 0,
 "epsilon": 0.01,
 "synapse0": [
  [
   37118.554783419284,
   -324295.6820790056,
   -320966.044577352,
   -1686.3145129168786,
   -273840.1129015196,
   -654926.5953895191,
   -585423.5985352038,
   -313763.75033859705,
   -312264.1442918791,
   -446726.8174385009,
   -523132.1322949443,
   -320011.29526811006,
   -406976.6687442265,
   -479302.04666261334,
   -205944.82861599347,
   -531094.9102321606
  ],
  [
   55718.961228749715,
   263371.0102362297,
   360443.3000781998,
   -27352.96845345325,
   575176.0488697666,
   666403.976566044,
   458557.1377762652,
   59447.90674832594,
   185345.50421266342,
   247814.72915699496,
   295465.96974283725,
   203013.01891299317,
   387255.9767773678,
   403533.8383240448,
   271197.90185560624,
   270446.6079500567
  ],
  [
   -102299.38305377885,
   27089.406671060704,
   -154895.13979383715,
   -660103.4380576083,
   -1038488.4259651079,
   -125313.63078455228,
   9684.243280786159,
   453803.0465754663,
   -143035.82809008364,
   -82313.60224493803,
   563740.2587844396,
   -153537.05922302871,
   17917.01305374554,
   -21314.544424204727,
   47881.91842218641,
   55298.540807936806
  ],
  [
   114765.9582379797,
   -493521.831973902,
   -256133.24274211054,
   -142944.93183485797,
   -71622.53814743315,
   -223520.36160839366,
   -381963.4709209048,
   331045.31674179086,
   -215312.75075608207,
   -353761.79930186423,
   385649.4774024848,
   -127405.53660681043,
   -356331.6906268622,
   -5556.008958239983,
   -207445.67553858762,
   -25542.259715487166
  ],
  [
   -24135.902032061935,
   -112011.51679380819,
   -111010.7309669989,
   -288974.0209901823,
   44606.58119063359,
   58988.98342610533,
   35969.98462428398,
   -393239.0670230166,
   -117166.35481384401,
   -199337.83769352172,
   -5405.780760456759,
   -154459.11239453667,
   -127170.9688550463,
   77919.71925539945,
   -63646.7091508721,
   -182421.02239624507
  ],
  [
   65496.030755917745,
   88404.41930155075,
   181154.86462258545,
   277385.6249278797,
   216752.61346520888,
   -53111.10977638434,
   -244279.6499460953,
   71393.37755479521,
   131975.4766104177,
   36394.75787853889,
   -273621.4833425568,
   18905.347125041375,
   213613.75323425155,
   -341106.83664589183,
   39286.662821440084,
   -129506.3863851858
  ],
  [
   40452.834616297936,
   57751.22275805305,
   -83823.66915171397,
   -141146.17557647702,
   -200821.62217830145,
   -168183.13467025908,
   -33167.62016939152,
   211870.11485758083,
   75576.76699951467,
   -99762.84082769629,
   47072.36362122682,
   104446.61259071826,
   28541.967448576645,
   -120761.94148548767,
   -157924.77027880427,
   -39211.4040060559
  ],
  [
   5033.650875258663,
   -45604.02252344028,
   -58072.47668753868,
   -448785.76432208606,
   -185012.87984884754,
   -146759.68454110436,
   -100394.36377598351,
   -555908.9258844886,
   -4622.313253322133,
   -161239.9204663969,
   -461927.9078030234,
   13740.834612220999,
   -115728.72016938293,
   -163338.40261160437,
   -38865.89961681355,
   -273264.84380931215
  ],
  [
   87748.5357679973,
   -143542.28065302497,
   32103.32865479726,
   258770.11880972268,
   97899.76549325766,
   -267576.74095409876,
   -402501.2844106059,
   96479.2442964233,
   -78248.19705788932,
   -155612.2820608155,
   -281848.9665393312,
   -59683.68488869265,
   -42625.901772351106,
   -341739.88448608026,
   -63465.825709018594,
   -189442.72372508823
  ],
  [
   -20591.4723495096,
   -121614.51775694528,
   -325172.41409702937,
   -358472.494900729,
   -342897.02481040545,
   -388797.10014027654,
   -376062.69078325504,
   -511980.31173348875,
   -368226.1167394709,
   -402134.06202866527,
   -373143.2786874336,
   -110879.34103445911,
   -325991.0521936875,
   -231935.91441461036,
   -199179.4680065272,
   -456953.96616538474
  ],
  [
   108126.16573580119,
   -243908.70297567817,
   -118600.24875043867,
   -21399.241060274257,
   -70135.92289801821,
   -219441.33172573248,
   -192702.0223470813,
   250525.44728317563,
   -29317.673562248754,
   -170540.89240498308,
   254328.43190283008,
   10800.815364677925,
   -306562.55417617556,
   -134700.93408627162,
   -255463.74379548838,
   57115.30468992639
  ],
  [
   -10603.116393534561,
   175060.57690776378,
   76398.33198242538,
   -417230.88028546283,
   39666.55870547393,
   192091.66077357926,
   93055.95776363924,
   -352137.1971838579,
   -30522.605280097458,
   -59162.091607635615,
   -316378.2166712199,
   71925.00114840335,
   344378.788359741,
   -167822.99276771693,
   288806.00079883257,
   -197142.95706439612
  ]
 ],