{
 "input_nodes": 12,
 "hidden_nodes": 16,
 "output_nodes": 20,
 "epochs": 100000,
 "lr": 0.30000000000000004,
 "output": 0,
 "epsilon": 0.01,
 "synapse0": [
  [
   -33859.69602144539,
   194267.2776761345,
   -59362.644636274235,
   -185700.22694320502,
   -186517.19786977995,
   154843.5032219283,
   -90144.38964691966,
   -108751.50030644797,
   -75883.45982774632,
   -66013.16672889085,
   232852.9006108624,
   110590.73402511598,
   -17905.189838968585,
   -16045.5523971725,
   -32728.770465139834,
   70927.6742724383
  ],
  [
   46377.70333984205,
   -57970.10406179121,
   127511.21339710138,
   88690.96510871121,
   230753.83625110128,
   -31826.037569631153,
   340804.4573709726,
   176137.1688019914,
   92260.16904099827,
   136085.92227741907,
   -66418.76208614024,
   8034.0260911497435,
   94157.03451775803,
   78901.36305293911,
   89450.5345583179,
   -21138.801970299988
  ],
  [
   -71468.16132027439,
   136801.69886873965,
   -180574.61243240492,
   -135350.83583170277,
   -654935.0608851379,
   -355629.3260250089,
   -810745.9631188593,
   -622637.8683269854,
   -453895.5792276809,
   -4764.603967518444,
   -635834.9957835812,
   -36305.51082417271,
   -19068.67429274001,
   -54656.00970260124,
   -30847.979231172652,
   48175.63658843589
  ],
  [
   -55178.396044895984,
   -151648.15120838681,
   -89972.27064993723,
   -130443.20530718564,
   122027.29217648662,
   80380.14113522158,
   50855.87015587064,
   108544.44241619529,
   -58115.87852961605,
   -29618.89597879123,
   188076.49097784175,
   74789.52705773478,
   -124349.5955733358,
   -41587.79994995922,
   -37380.31508533983,
   -32725.479930753136
  ],
  [
   -11669.653009381638,
   -94441.22036971044,
   -270661.4438073823,
   -85979.2427860875,
   -306870.10751737974,
   90196.59513575361,
   -250642.116086114,
   -200615.46825066063,
   -411048.37353379745,
   -54605.514819479904,
   38968.77943544749,
   4803.557274063069,
   -38263.57930704475,
   -5429.682407143433,
   -19175.11319683454,
   -25194.1825010331
  ],
  [
   47773.63570317018,
   -5914.730979628284,
   114879.95118233818,
   -57781.95195611224,
   86016.17682476439,
   47645.86186879687,
   46894.56143972256,
   -107521.80288354876,
   -992.3167665247261,
   -78592.28593525403,
   109798.34668307194,
   -48160.655603562125,
   62537.72253665164,
   -15283.401401977757,
   -8503.22070935441,
   16111.436756537816
  ],
  [
   -90502.1708021911,
   38415.60128315132,
   99530.2163622155,
   -17526.662256570395,
   -89623.0482147654,
   -150949.5245381875,
   17662.983593802157,
   -82496.16268610008,
   44620.81970139321,
   9294.519927386908,
   -78807.02105432015,
   -22632.782138422634,
   -75761.58554154592,
   -25205.117777080988,
   -1096.4159799599397,
   6870.4931133831715
  ],
  [
   109547.81484805382,
   -104459.29969071172,
   106097.06086609144,
   45378.733563481146,
   -30027.85664732604,
   -40700.98393435035,
   -114989.76079940237,
   -36643.53536339474,
   94440.35781804768,
   120982.43679150895,
   -3744.5715027342267,
   140041.94004659087,
   38818.31225672262,
   45297.88074723571,
   -30239.657554296384,
   -8811.776940562186
  ],
  [
   -45859.40232780705,
   -63905.79589610214,
   30719.82082892988,
   -46345.04320980426,
   6981.55015780255,
   -108193.45001546065,
   -107127.32818497668,
   -106988.67059958709,
   -70708.12110120965,
   -171839.60843280435,
   75577.32793700798,
   -210501.5300397735,
   -70205.2679035791,
   -71896.98715897943,
   -18258.431353447155,
   -1589.5641522776903
  ],
  [
   -102317.15519381998,
   55376.111574127404,
   58573.47691546561,
   -40424.614216890375,
   -107670.0241300924,
   -83726.22015268156,
   -30582.074125804837,
   -126095.02127952204,
   -98754.1516806359,
   -71836.09356806362,
   -28912.26732546519,
   -48632.346382311225,
   -49493.44532408699,
   -65062.163117239426,
   10187.087763489606,
   -21947.661163167726
  ],
  [
   79792.12540100231,
   -110461.13614712945,
   -20203.923545268688,
   -38609.261227896575,
   -150715.77739692648,
   -64891.98666504427,
   -340958.5635929686,
   -252016.87925898944,
   -37365.37091405294,
   -61582.55959523541,
   103328.12225669344,
   13507.624229188294,
   -48422.38490106965,
   -31199.549407249644,
   -49866.55108890983,
   28024.048459226935
  ],
  [
   21773.479832119436,
   -108516.51378341542,
   -131838.2606326811,
   -59515.01082338852,
   -66367.54622813547,
   175156.8869174593,
   110514.10378951831,
   4680.993668721865,
   -86468.1722863162,
   152959.79906092252,
   -239303.88786688168,
   128812.30390789629,
   44382.304411190154,
   103223.30295243081,
   -36418.68724954394,
   -35580.22948343393
  ]
 ],