{
 "input_nodes": 12,
 "hidden_nodes": 16,
 "output_nodes": 20,
 "epochs": 1000,
 "lr": 0.20000000000000007,
 "output": 0,
 "epsilon": 0.01,
 "synapse0": [
  [
   -209.03353839667517,
   -962.4605548490697,
   -14.953753091357365,
   -1003.8122753197176,
   -1465.606964109155,
   -1374.557641350069,
   -93.30996082590714,
   2.3436867793441962,
   -499.2484765818298,
   -1176.8314784331315,
   -756.9086117424703,
   -417.45086331393816,
   102.06128252839693,
   -419.68873011804084,
   -288.8842869093122,
   -516.0952591429553
  ],
  [
   464.91684248623204,
   425.4968373571506,
   -41.430563753625485,
   500.572798796111,
   679.0551669489425,
   975.6298854027086,
   -35.05474434512433,
   189.5636096088903,
   208.94428459563133,
   623.2397715516074,
   812.1191659114578,
   -158.22351922621544,
   -189.61596764222762,
   706.9356164853936,
   963.8404918207184,
   251.13636728598306
  ],
  [
   -367.2611558927374,
   205.40682459380187,
   -26.164258751760386,
   475.8504569718505,
   -408.0276811748512,
   -721.2180726914343,
   -272.0434349096248,
   79.3762820161988,
   -919.8889640780187,
   -929.2117099338464,
   236.41535555224425,
   282.0750578559482,
   195.94996268140187,
   167.67243232911807,
   -1203.0858598548336,
   181.2653197288419
  ],
  [
   -153.33713741881263,
   -2416.808237279439,
   -174.5995112863367,
   -1079.1752944457637,
   -1391.0352509723928,
   -1211.3318960362753,
   -897.481303570753,
   -123.50925666089468,
   -453.64128027991023,
   -19.23046523357976,
   -1354.1212030574723,
   291.3482546167422,
   -164.01352403332498,
   -138.42572326793245,
   62.33007789216007,
   -796.621489782697
  ],
  [
   -604.8239545299715,
   -1073.9171388784466,
   174.73355220974898,
   -1150.8829277489283,
   -64.77403081973257,
   -754.7643853644535,
   33.52025577853693,
   -264.2830293741321,
   687.2629642788976,
   920.4834970746817,
   -999.8829495131072,
   -31.069121775165286,
   66.48160122834773,
   -439.66992482614165,
   -66.3379488946249,
   -239.99782998382517
  ],
  [
   -972.3329315777468,
   -1000.4447148919146,
   208.45530149192825,
   -1102.177545844008,
   -2324.1716573858494,
   -671.2180181096238,
   -869.3513392719885,
   -90.29545710170163,
   -603.1732475937589,
   -1257.4706839833057,
   -1361.9353213749662,
   29.606850653686323,
   -84.1632739976226,
   -339.1685684924444,
   111.42371592991391,
   -856.2166522490384
  ],
  [
   -542.7099314524432,
   351.83002804619144,
   109.85097157853032,
   -614.2487009104474,
   -810.8011993596177,
   -166.10152290489847,
   -1136.1068045685977,
   -115.36843347500503,
   -1153.101367017746,
   -461.7323929202623,
   -1416.677872247483,
   9.470996382850316,
   -384.3427555832223,
   20.878812044312077,
   -264.6857144065345,
   -145.17584499591135
  ],
  [
   -620.2676707630927,
   -877.0167443760478,
   -14.2313278216695,
   -649.6757625862621,
   -687.6499598326891,
   -637.8868825780869,
   -676.055217677503,
   -78.50924382126553,
   -751.6105217968125,
   -466.41354597577583,
   -604.395221954689,
   -302.57707751023344,
   66.95053566892959,
   -421.68756352986435,
   361.8404605680213,
   -204.8280036640561
  ],
  [
   -1695.9499461340406,
   -2891.454341827969,
   92.91841230275146,
   -2058.001643231086,
   -3479.3178810775116,
   -1494.7288599350472,
   -1453.0316530936232,
   -275.9542561931666,
   -1073.2693551989682,
   -1743.1462376608376,
   -2150.852716683569,
   -91.1669105467894,
   394.40048014523825,
   158.74703587729155,
   177.39752024000663,
   -830.3316562310752
  ],
  [
   750.2767712272158,
   -186.57868478786074,
   -90.58950515838193,
   242.65970829461918,
   -596.4538247861855,
   -176.48822777578974,
   14.289534142347488,
   -16.62565237578813,
   -122.01962939418384,
   945.3696436890075,
   1044.2934598836596,
   69.47214577010176,
   61.03429504131548,
   -482.54249096849986,
   551.8826163988344,
   -603.1311772043279
  ],
  [
   -1151.3888412204055,
   -2414.6216971559916,
   -266.2937578137326,
   -1914.1026157085812,
   -2854.3713397820698,
   -1996.0722077685637,
   -1446.5752219298063,
   282.470862431968,
   -1370.1713112439104,
   -1224.3869933999206,
   -2050.8034301158236,
   226.72950787653545,
   -212.74144519884447,
   -637.1867845529775,
   -630.4262881275059,
   -1024.2624572705583
  ],
  [
   453.2859591860482,
   -30.10165081496233,
   227.32222719903925,
   -343.2384719673437,
   -159.32288146697041,
   -352.97928418954706,
   202.83621689348152,
   132.10242061554152,
   -43.85669001533961,
   -173.4357016621891,
   612.7326129528277,
   222.26509833955757,
   -469.59101301479484,
   -172.70155682947043,
   -230.92614975943616,
   -31.645632623710405
  ]
 ],