{
 "input_nodes": 12,
 "hidden_nodes": 16,
 "output_nodes": 20,
 "epochs": 1000,
 "lr": 0.30000000000000004,
 "output": 0,
 "epsilon": 0.01,
 "synapse0": [
  [
   -397.3079594908928,
   -4641.585336996207,
   1571.2911083862482,
   -2725.5959626751624,
   -7793.383613617516,
   -1092.4061274007493,
   6269.239635954774,
   -991.5778966191912,
   7160.396553735375,
   -3779.02121131607,
   -1303.2452964362492,
   -57.446673340470056,
   -6310.306352938655,
   -1002.905944321371,
   -6251.636304225635,
   869.4121881832751
  ],
  [
   875.8108136059363,
   4313.140633305382,
   -4987.786600250348,
   6908.800187146238,
   7932.7989297465965,
   -291.59017166448933,
   -4836.723226265467,
   1095.0080970756399,
   -6614.15239501476,
   3789.2777018581305,
   884.438932778435,
   -2225.504381950671,
   9066.369667136145,
   -112.19755132030993,
   7727.267518153586,
   -91.85083950901355
  ],
  [
   -774.969261337401,
   -8874.578471044319,
   5357.253658384749,
   -71.25076818880133,
   -2627.805133186251,
   2361.5962316606697,
   4148.346788016942,
   3217.2966736238577,
   13430.230461131407,
   -2188.6064052489633,
   -4936.453633145771,
   -638.640095862812,
   -4260.645528594357,
   -5481.1660069415375,
   -9235.285512653014,
   291.050817002307
  ],
  [
   1487.4397184701438,
   5335.098024507741,
   2177.3554359238187,
   5961.841471811779,
   -503.5179425715161,
   2754.8393041955046,
   -18975.040150063167,
   1110.8382407828053,
   -8161.149156428393,
   -1902.617022401202,
   -6256.51194592845,
   1165.5965217509306,
   -4136.697581570012,
   -2070.4515456922636,
   -6051.693931880736,
   -6384.1504898974645
  ],
  [
   -1893.4388555440285,
   10093.777378732932,
   205.5043849544106,
   -2519.906448991908,
   1406.6008054993852,
   -1339.357687897663,
   -12564.441376377978,
   -6278.262382225988,
   -3210.9779497672826,
   8065.857822741766,
   273.23022476936745,
   779.4932043356447,
   -2984.6685307638363,
   23.012674254538958,
   -4751.137238299474,
   543.9286816546576
  ],
  [
   -5596.300895601289,
   -7411.904903773599,
   -28.363347190409623,
   -5287.121060570189,
   -529.348364573474,
   -1201.9676400678825,
   -2895.71435694632,
   -1739.326494277388,
   -13011.166402496747,
   -1129.041770026846,
   -223.97872216424764,
   1266.1106233524567,
   1749.3294573653914,
   -70.56577629489469,
   3937.9424496208812,
   315.01938529184315
  ],
  [
   -2417.374649171994,
   -4990.233146919548,
   -653.1352321817263,
   -3418.507198918384,
   -1202.7605499686147,
   -7089.7589682813605,
   -9451.756410308191,
   -4760.240414027488,
   -18802.4346225256,
   -1387.6083625681185,
   -1988.9793100362244,
   -195.80939403931436,
   2201.949388391784,
   -6312.448081880454,
   -861.0789263114842,
   -316.9684397284123
  ],
  [
   -4238.076292284395,
   -5356.523916409222,
   -3939.203179896788,
   -4092.3492514973395,
   -4470.679938352989,
   -13299.701833412826,
   -86.29019618733585,
   1261.0670193419937,
   -9958.185128817193,
   80.95576894549392,
   2846.9002292799714,
   -104.15950822905185,
   -382.31483586664666,
   -3958.214247747628,
   1527.7626729116248,
   796.4351936180153
  ],
  [
   -10280.859120124433,
   -7345.911685296059,
   -5170.441798712539,
   -7079.93389216941,
   -531.1181601340179,
   -16832.28059825162,
   -10378.4434923533,
   -4021.69680548313,
   -16101.015306479998,
   -8248.610522571096,
   -241.30538863330824,
   1880.172387960284,
   -1657.2040349323913,
   -3848.962930255314,
   -9045.592402360615,
   1881.7807113212332
  ],
  [
   -194.45719770486377,
   9199.243244660209,
   -346.2932902729041,
   6102.775508890594,
   289.9703102182565,
   5834.372437308763,
   214.28030405074819,
   2739.0878357780766,
   -11912.721634288859,
   4400.784145393474,
   2888.4231751528305,
   -404.45452226441694,
   432.2350077753689,
   -1805.12361766343,
   3608.098963301898,
   -549.5484523549233
  ],
  [
   4193.283234212528,
   -10663.042126986624,
   788.6162307999588,
   -4838.580434823206,
   -9896.90919434224,
   -12729.082766599515,
   -939.7539797237341,
   4183.093263394304,
   -20615.08065011861,
   -9761.853898340669,
   -6585.80115080497,
   -319.007588558663,
   -7837.604627142889,
   -4930.610907699414,
   -8233.71845408525,
   -5764.478776964394
  ],
  [
   9433.239559565844,
   3143.544188748932,
   3686.2203616480856,
   -2518.9617912797967,
   -3888.7200892572723,
   -7290.151746544709,
   2870.8928829806932,
   -4279.467431335382,
   -4405.8611905897205,
   -578.9590198095983,
   1309.8534789598193,
   -501.8764650721598,
   -3969.7879246397792,
   -1280.0848940015896,
   -1161.0167934739206,
   -2550.540704550771
  ]
 ],