{
 "input_nodes": 12,
 "hidden_nodes": 16,
 "output_nodes": 20,
 "epochs": 1000,
 "lr": 0.5,
 "output": 0,
 "epsilon": 0.01,
 "synapse0": [
  [
   -128.23056280537864,
   -4246.703448745288,
   1588.4774936548831,
   -2535.7446232037164,
   -7484.973136931186,
   -446.1172825668798,
   7244.716345543358,
   -1243.9114750420817,
   8318.446624050572,
   -3575.078214198424,
   -1175.6343170883392,
   -0.006560264550908523,
   -6249.069471660564,
   -1464.1439742798123,
   -5806.872006626952,
   665.2351380613495
  ],
  [
   489.0012070121385,
   4274.8220577031,
   -5149.857221488204,
   6820.127376383894,
   7752.9170679389545,
   -1261.072361805056,
   -6200.210321251086,
   1420.3900064988618,
   -8904.00523447716,
   3627.4644603558236,
   1074.899221054557,
   -2258.8028602342083,
   9271.710828047115,
   -1213.6262360578069,
   7332.252663570502,
   324.10463617911745
  ],
  [
   -1106.1824910224946,
   -8637.885909811093,
   5610.90288959405,
   -24.2636017837023,
   -2823.80781074838,
   3000.1542623883206,
   4103.608229027437,
   3172.096428746098,
   15435.447785610148,
   -1964.5323363527718,
   -5016.535458413064,
   -763.8569706474004,
   -3534.9132238726365,
   -7233.910260035317,
   -10168.122530194738,
   624.8326144217632
  ],
  [
   1328.5392383723795,
   6287.425989869539,
   2802.4597729546786,
   6179.12638816114,
   -470.97891279249103,
   2902.4816403152054,
   -23010.086513468385,
   1624.5340275614321,
   -8327.460072634745,
   -2264.457288303711,
   -5928.260603323242,
   1066.9552656705864,
   -4146.6386285539675,
   -4450.761331331405,
   -7598.403896791714,
   -5997.108824042152
  ],
  [
   -2483.1666495123995,
   11058.682467607849,
   277.39287296587156,
   -1901.2180756976725,
   745.9573785732491,
   -1566.798903444395,
   -14252.743015447597,
   -6361.300372840771,
   -3571.572105121189,
   7595.943655219252,
   413.0062732773639,
   780.3230836913286,
   -2929.37486626576,
   -1845.4101205431407,
   -5362.403649525664,
   -412.0323021464733
  ],
  [
   -5966.6148573469645,
   -7288.620525365167,
   29.494431420827713,
   -5309.867732634872,
   -133.3470348891532,
   -1644.806127433803,
   -3452.9928167301437,
   -1908.462583681549,
   -15730.747606500163,
   -1600.1817794524777,
   -12.24856175986031,
   1462.6760239858104,
   1333.7521501000426,
   1129.9931976047108,
   5180.985851917588,
   610.9757124864685
  ],
  [
   -2259.529295545552,
   -5125.276673895343,
   -837.4562729026674,
   -3226.760130763252,
   -1315.74801999398,
   -7664.412766652446,
   -10270.91325947629,
   -4655.189863271794,
   -21083.350609449946,
   -1337.6897335290607,
   -1536.0236564919428,
   -9.339621827495346,
   2665.173819279652,
   -8658.710102295345,
   -1225.2005921961138,
   158.90496426262695
  ],
  [
   -4304.60821203751,
   -5987.604436486735,
   -4011.6165032866043,
   -4436.693121554705,
   -4193.228157366739,
   -14039.201317557905,
   1407.2057816714293,
   1115.5853307435723,
   -10921.742620591458,
   447.3619851909265,
   2831.945091059108,
   57.463330593998165,
   -134.4140644476682,
   -4127.805264419046,
   2342.066774498208,
   1196.7280085204113
  ],
  [
   -10603.178527836086,
   -7489.17217180526,
   -5402.0989025730805,
   -7214.006660934941,
   305.14579310349103,
   -17848.233312133747,
   -11064.692040134025,
   -3566.2059261988798,
   -18295.158527175736,
   -8830.311960602256,
   -13.307039162006232,
   2064.1664814737437,
   -2690.792758023774,
   -3790.639899031378,
   -8437.337607107294,
   3009.9907337976933
  ],
  [
   137.66197816472476,
   9165.72323315115,
   25.89173130807354,
   5533.703297968033,
   527.9551269479465,
   5953.8202961236975,
   533.6041173538758,
   2858.80895844247,
   -13439.086099946639,
   5171.469279490106,
   2735.6532737919733,
   -774.5421899548141,
   1238.6161853756648,
   -3393.442794917877,
   3126.8605930579556,
   -884.9416586530392
  ],
  [
   4170.736101371714,
   -11079.309836456912,
   681.509163540877,
   -4874.27952852172,
   -10180.128390862914,
   -13457.990281977918,
   73.73463970959655,
   4005.4306925055157,
   -22447.84004717857,
   -9888.383809460132,
   -6551.6094870731185,
   -300.4406173685043,
   -7608.2171237533685,
   -6715.416812561661,
   -8837.169000841028,
   -6525.203150231464
  ],
  [
   9397.318880079867,
   3625.082902314998,
   3650.6411596174285,
   -1819.4124911115002,
   -4444.444902231498,
   -8230.816184677624,
   2299.017875559091,
   -4591.368382376123,
   -7310.809773977379,
   -474.80516133425743,
   1110.457785534474,
   -13.58714676404386,
   -4727.743565680362,
   -1660.5548007676084,
   -1143.9233793616522,
   -4471.441849663232
  ]
 ],