{
 "input_nodes": 12,
 "hidden_nodes": 16,
 "output_nodes": 20,
 "epochs": 1000,
 "lr": 0.7000000000000002,
 "output": 0,
 "epsilon": 0.01,
 "synapse0": [
  [
   -991.2170132412562,
   -870.3477264405332,
   -86.4524535431459,
   450.6986738048965,
   -6170.607750022741,
   -1827.4407634650831,
   1466.8079791495547,
   37.040019639967674,
   485.413979486365,
   -1036.035542671576,
   -1244.1854491788988,
   -620.727475613186,
   -246.28629637070438,
   -462.05244869915924,
   -3954.7875810684154,
   -1113.5702198401902
  ],
  [
   1428.9261426013225,
   -365.4385563540892,
   -445.3264626483514,
   -220.6046781017428,
   3904.919643614766,
   1647.217786762934,
   -1521.1564683880824,
   733.2422430460408,
   -431.5210131205603,
   1008.3170923823161,
   859.019161638307,
   -677.7815495488765,
   730.1558652222083,
   2694.5840204719157,
   5580.47584001662,
   1294.2993332472872
  ],
  [
   -3678.7476339368186,
   -585.5864909497407,
   464.28108338140987,
   1382.7862295415775,
   -2637.5986430417697,
   -1444.9138437213123,
   124.73983600115692,
   1229.732844216853,
   312.48935655294355,
   -2624.208730643608,
   -2230.252913038187,
   613.1748091150162,
   -1462.0976700365745,
   -996.6102742757649,
   -8525.040349152232,
   1263.7713528227916
  ],
  [
   -900.3856958695767,
   -1781.4505955645975,
   -456.7043896187388,
   1139.7877859472826,
   186.0138854119522,
   -412.14500417059156,
   -3671.7217805962614,
   -699.3839167741507,
   -4487.894840616954,
   -178.2285321582021,
   -1224.8275153952495,
   514.3724880859666,
   -1042.634483365286,
   528.4568576707595,
   2872.915636282958,
   -1103.466429731749
  ],
  [
   1568.8862618263627,
   -3279.887346158448,
   332.37204539919526,
   -3973.439875195328,
   1281.8568000872701,
   -685.4610395550402,
   -1040.7872343164465,
   -2973.8747311715174,
   -424.6627476739073,
   2410.605839993859,
   800.3349567309643,
   159.07296608396064,
   -1279.6605686317184,
   -682.3861872001427,
   -1852.897499716613,
   -219.7392967644911
  ],
  [
   -2489.1353680690363,
   -3369.7027358043247,
   137.29359308407004,
   -3372.7172212603023,
   -3332.7369116468217,
   -1325.374942176099,
   -2436.094193423946,
   -517.7886867282995,
   -1582.3841489629174,
   -764.5750421217346,
   -1633.3449189503478,
   271.7047011372765,
   -303.4840105410077,
   -1383.7718391902074,
   -1266.727481974392,
   -1550.0679492406898
  ],
  [
   -1925.9948224430077,
   -3209.0737352765573,
   577.4943637842752,
   -6847.1120726257695,
   1140.3147918938603,
   -3564.7741222991476,
   -4260.571274525912,
   -1265.0401034366257,
   -7981.382511830873,
   -1197.120228260248,
   -4287.158102020923,
   20.369881686738474,
   -145.23444418771953,
   -493.6813928839564,
   -1006.6656153267943,
   -25.218364785562198
  ],
  [
   -2552.492007762006,
   -3752.602355446046,
   -624.4007734239152,
   -1429.2663558508016,
   -2534.705609586424,
   -3339.7203171033752,
   -2057.432332054197,
   536.2955688908352,
   -1576.5877511700692,
   436.4870599700342,
   992.4028834855941,
   -587.1324489752185,
   1448.9498775646923,
   -344.79458362009,
   2345.672894716751,
   -166.3049381732861
  ],
  [
   -4458.286713413263,
   -8180.97646712819,
   -709.3867767585301,
   -4869.665198439635,
   -4211.728028470114,
   -5190.5368843498,
   -4274.388503667949,
   -2766.2462550266523,
   -3626.062288482429,
   -876.7395071539748,
   -3564.9677277947126,
   471.77525890474465,
   1752.4545772601718,
   -816.282031902228,
   -508.2381392347517,
   -1101.203896793491
  ],
  [
   745.5251591237275,
   3687.598183469462,
   -15.150432293369533,
   5382.053327627412,
   1312.9796287627305,
   2336.4460626883524,
   369.72968558313323,
   101.63499381692144,
   -1493.9738491938715,
   2302.226591755127,
   4104.734536496335,
   171.2148750821605,
   560.6391568312441,
   893.9697912737861,
   3809.949884606978,
   -324.8490866299578
  ],
  [
   -1262.412118494689,
   -6521.739136456178,
   213.27680922918265,
   -3837.0901354638618,
   -6328.525177815494,
   -4602.356296444271,
   -2827.7612223567376,
   2014.9302225371573,
   -3334.900385270876,
   -3529.825248861023,
   -4436.253959971188,
   101.01887394661408,
   -2248.9456309869615,
   -1517.3958822295301,
   -4044.35497554943,
   -1414.0126605446237
  ],
  [
   3946.7494593176634,
   262.732216250275,
   910.0284614729719,
   346.00933049394934,
   -2700.0131468758455,
   -174.79398567729038,
   1740.3895283583386,
   -1004.5409595324402,
   1165.5165139889937,
   510.2286609308678,
   -6.391070249045832,
   15.480166658270896,
   -217.77997765248853,
   318.03467818861486,
   -547.7766230127382,
   -808.5603429873132
  ]
 ],