{
 "input_nodes": 12,
 "hidden_nodes": 16,
 "output_nodes": 20,
 "epochs": 1000,
 "lr": 0.5,
 "output": 0,
 "epsilon": 0.01,
 "synapse0": [
  [
   1790.4347813301508,
   1629.9458036408118,
   1524.9684713024917,
   2442.9649291511964,
   1288.376927599706,
   3629.410028679445,
   -2743.6254751011425,
   2925.741584848334,
   3236.9531917762906,
   2928.37910403507,
   81.76817126977349,
   1900.29055193914,
   3244.3455435743967,
   1139.3834465562766,
   3112.3806841143523,
   -120.74724456042787
  ],
  [
   -7328.396643829046,
   -4389.262084749458,
   -4167.718790261913,
   -5563.516496387848,
   -5083.650053014864,
   -6384.590620769985,
   -3018.223576111227,
   -5830.024170880214,
   -7263.406451338082,
   -4706.635335615104,
   -4680.185818580255,
   -4903.040516325425,
   -5570.335870750189,
   -154.0273993645007,
   -8660.05818846462,
   -1202.275232972833
  ],
  [
   7834.6906228688285,
   3365.137554248333,
   4822.272810023696,
   2083.1793995509656,
   2466.848549634919,
   2724.3662363006283,
   1352.089220616034,
   2041.9482195141181,
   5018.7947644199185,
   3161.4359966123725,
   4431.985558561298,
   1219.995917142414,
   -609.5418292417272,
   -4683.274250874613,
   -4011.334393390885,
   193.47490864206986
  ],
  [
   3772.7429754284094,
   464.0218659935135,
   3277.124552329216,
   1909.7179434110585,
   4041.5449629476093,
   4395.398150600338,
   6411.6654267836175,
   2095.496662623328,
   5281.711414438149,
   2848.2775034648707,
   3940.426310032593,
   517.1124280515027,
   5328.57852128236,
   3811.76398888816,
   25.774246364605705,
   -1697.1505032487173
  ],
  [
   971.1217257196411,
   -1228.4558068361857,
   -888.9268663495743,
   0.5774925499669666,
   -1944.0795641228985,
   733.2545596622329,
   -5193.043238949895,
   -1050.658503235722,
   -591.0840412935294,
   -1925.612424343811,
   2419.678083978599,
   -379.34725585047397,
   -2800.5980336929256,
   -8162.258357060687,
   -5923.109699405058,
   1041.9624115077042
  ],
  [
   -2456.2846941410057,
   -2432.5942162967613,
   -2094.98190097937,
   -1311.9530209104273,
   -2578.948200656095,
   -2708.8802245702996,
   -337.3419303168899,
   -2393.7990071311324,
   -2075.159003029584,
   -1491.4501425679161,
   -399.84726349826406,
   -478.43821569918106,
   -1835.0656917334506,
   -227.61274928937243,
   -3983.8273735225875,
   230.80152490312335
  ],
  [
   4696.93574101917,
   2469.0956075297277,
   3220.993670097042,
   3042.5199026346872,
   -191.09462242308715,
   2137.2246256365393,
   394.77332193442595,
   3042.0924514595563,
   901.1647684750055,
   1312.1113348778315,
   696.4860373609922,
   208.37759790035287,
   814.4828056034764,
   3631.1550898232645,
   2587.3846938830416,
   755.8238479195272
  ],
  [
   -5497.38857169526,
   -2105.6907460103753,
   -5520.697419867794,
   -2471.130248446621,
   -5296.022047799994,
   -4352.8032269092055,
   -5928.988936958732,
   -799.7964260753402,
   -2538.2417710486984,
   -3349.36373922037,
   -4844.8700863894055,
   -2569.441721316202,
   -1701.1473527831638,
   945.8869180356103,
   -3228.6022604133336,
   -1108.5035146660855
  ],
  [
   -3539.3854806130757,
   -4337.271993169001,
   -3518.987761992295,
   -1132.3520319514419,
   -3435.9930732230523,
   -3435.0698301959246,
   -2603.920282388461,
   -2314.103719351992,
   -1165.827140574311,
   -1779.7046572403644,
   -1965.0018058276612,
   -1877.398488355072,
   -5301.825569117912,
   -11656.678412023388,
   868.4446157281509,
   -114.37689763889433
  ],
  [
   2550.408788580257,
   -471.16041008564537,
   2649.115700698424,
   1131.4830748289312,
   3365.5295740919114,
   4043.9681807887487,
   -1676.9216872335776,
   2170.3717841420143,
   387.4340198455983,
   201.39820460335395,
   2966.413572583275,
   249.46547741921344,
   2433.648397367137,
   -372.26170977944656,
   -2364.499196535868,
   1989.1686124611385
  ],
  [
   -9015.60409336483,
   -3362.1286300499246,
   -4300.291287288602,
   -5063.431954945108,
   -5599.9754598521495,
   -4393.442922366455,
   -1682.8783619916037,
   -3732.0474036284886,
   -11412.505329551394,
   -4061.348506034173,
   -7661.481758016251,
   -3249.19865821997,
   -8408.753840656513,
   -4047.9365964475755,
   -9571.632327036048,
   -557.9116932607444
  ],
  [
   2295.8263912614507,
   1226.8518409040098,
   -727.1500795347466,
   1918.6835109183155,
   -2355.150307307859,
   767.7615653241294,
   -602.9994130751597,
   1872.396215868377,
   6854.1016922589015,
   2249.090986611814,
   1130.654913377975,
   2447.3828384854896,
   -1434.496131687814,
   -8683.166498607285,
   1029.792419453093,
   1702.5976926794199
  ]
 ],