{
 "input_nodes": 12,
 "hidden_nodes": 16,
 "output_nodes": 20,
 "epochs": 20000,
 "lr": 0.45,
 "output": 0,
 "epsilon": 0.01,
 "synapse0": [
  [
   -48.43089509904789,
   -160.41243934109863,
   -63.19993208503323,
   -90.16187618540062,
   -33.837439060455104,
   -147.27172587064112,
   77.6249317879408,
   -92.89476971361786,
   -125.0583634385473,
   -88.18624887744095,
   -134.44249150771506,
   91.9256430226686,
   -27.256463683920416,
   91.50283823588747,
   -115.19510830637695,
   -98.32150123667329
  ],
  [
   125.9438661377697,
   146.3169942510996,
   38.62036505534897,
   66.98257589947383,
   32.36340452394781,
   273.808207851698,
   15.161483699611065,
   118.12328234285235,
   143.4541600522144,
   113.63362794598207,
   118.63492209284773,
   62.42064433222739,
   13.072514011032204,
   -134.24892741237917,
   56.83808967894384,
   -85.98357269035563
  ],
  [
   -89.79123540837094,
   94.13470170886733,
   120.58850925022122,
   -76.42263280298218,
   64.418993993968,
   -165.11882149056837,
   -11.117119240818624,
   111.20785930460487,
   -32.75680578550451,
   -62.37557436449078,
   54.94344499244598,
   -92.43879592845039,
   -7.691630328543674,
   -180.63540363446583,
   116.36107044150599,
   676.0518373482302
  ],
  [
   -48.432217838701476,
   -16.480447054315302,
   -153.34542796916705,
   -168.74741694926874,
   -38.35657301336526,
   -59.18410085938168,
   -27.880213375100585,
   131.2156221359414,
   -40.756194769240956,
   -23.32271719742504,
   -94.30335308470065,
   12.224963841303998,
   -14.530127471373476,
   -162.63752922611928,
   68.5648186118552,
   -118.71534074174939
  ],
  [
   -72.19699752936849,
   68.95284654987246,
   100.19449502482557,
   27.305592125104976,
   -14.538981741967998,
   -185.71089100457422,
   -32.50180817962987,
   37.04100246913767,
   -23.8407598933229,
   17.666634627903683,
   17.26592155796531,
   -147.30352226996334,
   -10.994138397525665,
   -119.97539592678753,
   102.59453415408427,
   407.0732885598075
  ],
  [
   -31.513181272696155,
   59.074350695895255,
   144.34343122211843,
   1.0694603202646031,
   120.22941253429497,
   -61.20678824500733,
   6.546742984004979,
   135.37017600927447,
   -62.45141681430024,
   -28.021649022278186,
   -16.02177652807614,
   -28.542740994771137,
   -7.068365002564625,
   -30.02335788466988,
   32.141440091598895,
   384.35605277636535
  ],
  [
   9.914579059862527,
   56.083127537332274,
   175.38308799865575,
   69.10633481186058,
   83.45658856795202,
   -29.826439475021786,
   12.485155968395246,
   19.078941015557547,
   -24.34948138359245,
   32.94870167338379,
   24.234388654118455,
   -57.59872685336425,
   1.9935864235138534,
   -134.69556453603533,
   -15.765821794671202,
   259.325137540456
  ],
  [
   -10.423681689355657,
   -122.06672017228145,
   -192.46119034014694,
   22.840378031237293,
   -98.86275180567712,
   -22.8096167878399,
   -18.157477686629818,
   -142.01403083634153,
   -12.270917732063786,
   -59.99881287402131,
   -52.37358140192565,
   4.197437437900022,
   -33.5472759654675,
   133.61861036784677,
   -83.33308253662278,
   -391.50351422513177
  ],
  [
   -37.2778038465649,
   -119.27331438808909,
   -3.2716004100126477,
   -153.50870720837554,
   -127.82638673863013,
   -134.23039637934173,
   -0.21091635171594053,
   66.74175571179359,
   -55.120789086908005,
   -13.635214409868858,
   -35.9674500853724,
   66.12167483187527,
   -17.70636279584654,
   24.043064974180723,
   63.135282815828006,
   -300.63260303727407
  ],
  [
   -18.27300519675619,
   -81.22688676078145,
   -21.774197107473235,
   -4.1138011692742875,
   -48.17866940588349,
   -43.24267425861117,
   15.139694811710886,
   -120.16737155921237,
   -2.765159236795628,
   14.048627107971551,
   -8.668863417436853,
   -73.7876430985773,
   -16.017939356028496,
   28.427444011555778,
   -89.42484101085596,
   -266.14651021485696
  ],
  [
   -67.94904578132666,
   -20.98601978158262,
   -137.7180188333214,
   -126.8538489075765,
   150.0476503943852,
   40.9583553241785,
   -36.252787534489535,
   -83.13575041275872,
   -146.73456780203912,
   -180.00679980091806,
   -168.9020559506591,
   44.24782547984292,
   -23.149745067059936,
   88.34077915032904,
   -170.48585067865292,
   224.90660369550713
  ],
  [
   1.8926717436667597,
   -66.89284445147551,
   -65.86156116081041,
   -30.95337312262036,
   31.999372094228487,
   96.56226706816962,
   7.84032097098831,
   -191.3781532291659,
   -29.471364101454757,
   -139.63683732699195,
   -18.828876544693912,
   91.44235111799254,
   -10.558169412707501,
   231.61324472046383,
   -202.15874802778586,
   -72.65887299140132
  ]
 ],