{
 "input_nodes": 12,
 "hidden_nodes": 16,
 "output_nodes": 20,
 "epochs": 1000,
 "lr": 0.6000000000000001,
 "output": 0,
 "epsilon": 0.01,
 "synapse0": [
  [
   -1089.0068298448343,
   -73.60254895306784,
   -1247.0461230559301,
   201.68728972469478,
   -474.21399319408306,
   -393.9904647859951,
   186.6992693182743,
   -824.3532615492514,
   242.2650525317154,
   -253.5762457315607,
   234.85645019412976,
   831.0959435341008,
   -748.4379331850466,
   1289.2016352637634,
   -4.575193530697581,
   -2887.728438993001
  ],
  [
   106.21892819034225,
   710.2087065394918,
   1310.0475292592305,
   10.915505519438588,
   -215.01026779521814,
   317.89870529569407,
   639.3692082623081,
   1066.3619932076972,
   -251.52416633183515,
   156.3375503289568,
   173.8340776519439,
   -418.0034354639491,
   829.0409422479974,
   -1213.2185673181978,
   328.2442001961809,
   1103.55639473103
  ],
  [
   289.5759698943527,
   -335.83393775914556,
   -416.65404158972416,
   235.8968449397918,
   -1031.4015375813826,
   277.2036651772575,
   -1002.525380173559,
   -1271.1513815846258,
   -2.588082341535862,
   247.587912816548,
   -230.74486476681844,
   -956.1797419508353,
   475.6591448059257,
   -4624.306918197758,
   -2622.3915254144945,
   -1124.8568502082248
  ],
  [
   -487.17400840535123,
   -1031.1573695505442,
   -1557.3617028993312,
   -505.5176385068329,
   -739.7237507566099,
   597.4395314089255,
   1167.9418795763206,
   486.85112954994696,
   -638.8051202789173,
   323.70866084984567,
   -2026.1552328063876,
   -2253.977907935301,
   1135.1546325008699,
   -6203.597824629858,
   348.674295249491,
   -2938.2198188443285
  ],
  [
   684.9787975956798,
   407.21661043408193,
   -1493.103874528277,
   -403.2126669894067,
   -734.6235777401254,
   -169.83241033688213,
   476.1983672092414,
   -328.20596877289756,
   1030.2765557776418,
   229.37536347240112,
   740.7506655259059,
   -1884.0016470359203,
   -52.611562303063586,
   -3589.5237256808646,
   -103.07845549509139,
   -1958.7304189524891
  ],
  [
   -1057.6818577170934,
   769.0185721600147,
   -462.2375715247615,
   -879.7012079177847,
   -422.9189828752287,
   395.421943879078,
   796.5579605209889,
   196.36710055167944,
   -452.799671614488,
   191.90950274790308,
   -1184.8610090325167,
   -1112.5800161520058,
   5.837709432139298,
   -1410.4153471381715,
   167.76029779032706,
   -2652.230876063751
  ],
  [
   -2745.598085935703,
   -50.26269185306706,
   -324.92681551027954,
   107.14890193373748,
   -212.4431163838957,
   233.87117625996993,
   2.560979109916732,
   -825.5405193613957,
   17.62892740821874,
   137.49187988706345,
   -2773.3308600590954,
   -1081.4106120664117,
   -840.0399494356224,
   -3749.661539668748,
   -180.28168878367327,
   -1650.2881882406928
  ],
  [
   -816.5140976582222,
   -333.6802732186094,
   967.9612392012647,
   333.65755463004194,
   1541.3785395053965,
   -978.2191836864552,
   -439.23131721118597,
   696.0593570614807,
   327.6712876842811,
   -202.87304256407873,
   -1055.5767072628178,
   763.4305972727502,
   -589.0247293063946,
   510.69929402430046,
   666.2229046265128,
   3004.280503838801
  ],
  [
   258.13891557120616,
   737.2150806821764,
   1028.318804634544,
   -295.3685639300561,
   -1892.9155559327162,
   649.3474529849939,
   -157.40398405545284,
   659.02553496638,
   -767.7010265427775,
   -112.30302563552668,
   -43.68670807863759,
   -763.0198879860304,
   -468.3877104115406,
   -501.9610571119487,
   198.712630645945,
   -2458.155606008582
  ],
  [
   -1936.400760228351,
   -1089.0566016000055,
   -841.8155232574434,
   818.1955689104508,
   680.2856654698253,
   -164.12769116462948,
   -37.43790038573062,
   22.819990033470578,
   -260.21054281369015,
   128.14577068739248,
   -3181.1212013167246,
   -651.1549625497347,
   -679.3914488557677,
   -4105.631024896835,
   109.40670540358828,
   -379.8660790539825
  ],
  [
   -790.7822349442692,
   -1869.489416616913,
   -1565.1640528599644,
   92.48845907142766,
   -347.59806770374064,
   -378.45908699302396,
   -1042.1603724464476,
   -956.3557658959986,
   -427.61542122098257,
   -559.8470783829157,
   -1266.3537096744503,
   -1414.468339665246,
   97.61999721366136,
   -4642.532985222087,
   -514.5251639827292,
   -2564.9792614111266
  ],
  [
   -743.7877456844735,
   -634.9235158118219,
   -226.20760212889496,
   310.27573702330227,
   -614.5033990195717,
   -1380.8500617707882,
   -863.9391390117797,
   -89.71743885163588,
   -245.17270166814805,
   271.63436839180065,
   839.0834483542919,
   151.762381961556,
   -69.08423649341029,
   -2233.7476360176847,
   80.78422770399239,
   -875.7166382426906
  ]
 ],