{
 "input_nodes": 12,
 "hidden_nodes": 16,
 "output_nodes": 20,
 "epochs": 1000,
 "lr": 0.6500000000000001,
 "output": 0,
 "epsilon": 0.01,
 "synapse0": [
  [
   -3074.583224027817,
   965.8993276934548,
   -4410.490559622597,
   728.8609321238245,
   -6443.662735334158,
   -2041.8327538953547,
   506.65129250168604,
   -1221.0928044986701,
   2447.888615494037,
   -115.10648387800222,
   -2799.3942448885314,
   647.2268241926305,
   -1037.0996974517147,
   3498.7538056520757,
   -1060.5363116841202,
   -4823.129261023484
  ],
  [
   2827.563179778954,
   132.84146608449933,
   4913.223602652483,
   298.7466272015218,
   1043.1684361896935,
   993.1902635867468,
   1854.5324726359258,
   1057.2409058224046,
   -242.8935243904212,
   74.2482562782659,
   3739.2878125172824,
   1677.8120191569194,
   784.6479534562261,
   -1993.1668033223157,
   2461.2744482212474,
   122.51959567280785
  ],
  [
   3561.543461242131,
   2091.227092255715,
   -1170.9698842811358,
   -167.99537277700824,
   -8464.291691305343,
   -1473.22412109151,
   -2910.1228129338697,
   -1836.394146806629,
   -168.2471520778948,
   1606.9489558960681,
   -4678.4777047666985,
   -3477.2433076291763,
   3304.4361414695936,
   -12913.079232627759,
   -8778.958548243225,
   -3715.144311484566
  ],
  [
   -2960.31600598051,
   105.9631413259426,
   212.89805970705154,
   -780.3461462351096,
   -7098.733163710758,
   2582.0257877545855,
   2010.186050047507,
   3180.934573566471,
   -3902.0867549076584,
   -593.1508388109928,
   -11632.176574087622,
   -6809.067691343855,
   333.80933247481374,
   -17371.70818033138,
   -3107.601352387842,
   -6952.975609562261
  ],
  [
   3215.0902798072775,
   1066.5209915820897,
   -1661.9968992528131,
   -1511.655567178219,
   223.8271476064722,
   -2174.660921002452,
   -259.82255039990315,
   2631.870720090401,
   6051.934755940887,
   891.7571391383024,
   -2553.021665758513,
   -6419.5827673892345,
   -451.4030287242018,
   -9427.451305212182,
   1716.5641828329085,
   -4816.039006777151
  ],
  [
   -2237.212608972372,
   898.8366977374526,
   -223.26765346661745,
   -2934.0262736343966,
   -4464.867295480446,
   1965.3587245819156,
   659.531572603365,
   2458.3667364816215,
   -3954.7064759445816,
   -638.6249764099597,
   -3282.5831591789693,
   -4416.882033639381,
   -1567.4711204481753,
   -6859.3455353232775,
   -2762.5315077428027,
   -7842.6274032159035
  ],
  [
   -978.4889836505156,
   356.02086415443404,
   -1282.6803665909476,
   538.756468532293,
   348.10781463868005,
   -337.6554266342501,
   -690.1535281412918,
   261.87261980538796,
   2457.6931733559804,
   -308.13347310160617,
   -4052.9123672925425,
   -838.903508270721,
   -2509.5855190663488,
   -2650.7107845404767,
   -2141.5458912851673,
   -1395.310318628469
  ],
  [
   -213.80054216440897,
   -1998.8116338624257,
   904.9258992672386,
   1884.4065743322749,
   7875.1621069966,
   -4033.258803679534,
   -127.66000313585153,
   -1685.1717963811438,
   2038.5555641075057,
   -618.5641397088168,
   1042.3023139811294,
   2193.3514193686738,
   -969.3589675177368,
   2346.3147045618275,
   428.1394280679857,
   6749.723641957838
  ],
  [
   -4768.226031191137,
   1072.4999707387194,
   -274.0960267211612,
   -1457.9401802400728,
   -4978.731803068461,
   4448.731238809445,
   95.12870830007081,
   -2451.0226764709187,
   -5093.4831192776155,
   -464.98321458799444,
   4567.175877969517,
   1888.4449535744284,
   -1622.9057856761704,
   5835.518449831645,
   1126.873339952948,
   -9755.971655177591
  ],
  [
   -4303.206027224385,
   -1043.5311457653427,
   68.74997488764326,
   1762.2168152353154,
   5109.723294207403,
   -2133.894488389839,
   571.7889826019353,
   -533.9570197579264,
   -526.3868321826699,
   201.70143038282015,
   -8.586423326706301,
   1757.937046863947,
   -2414.2033022507744,
   -4247.222869899121,
   -311.935959727673,
   -2306.253484571392
  ],
  [
   -4179.721482848221,
   -1769.662188233494,
   -3809.4102731297326,
   692.3791238576708,
   -4534.397606001386,
   -1059.5671346056067,
   -2373.050647043832,
   -2220.5430839452356,
   -4113.954540461916,
   -644.9357848088317,
   -7557.861171236733,
   -5530.851635931437,
   559.9347728744939,
   -11983.880434295625,
   -946.356318165448,
   -9984.407796207886
  ],
  [
   -750.4631626258382,
   -2378.3607609891324,
   -2762.317854753084,
   768.9670568862198,
   -6272.184993034356,
   -6512.352085533572,
   -685.9298668231179,
   -2962.6241098607625,
   -1509.5309537694286,
   259.929279080867,
   3651.380679933164,
   5747.171143352403,
   263.75274617972025,
   -1862.0857141348145,
   2946.7392539261855,
   -4858.846195530938
  ]
 ],