{
 "input_nodes": 12,
 "hidden_nodes": 16,
 "output_nodes": 20,
 "epochs": 1000,
 "lr": 0.35000000000000003,
 "output": 0,
 "epsilon": 0.01,
 "synapse0": [
  [
   535.8421053622546,
   1763.4429744764475,
   188.40882126905652,
   -4155.356645206365,
   -4942.947550159626,
   3118.8022786258457,
   137.22250399165404,
   -2814.382979706124,
   -1015.5189967803191,
   1238.7018132143312,
   -772.493150503333,
   -48.76316947684494,
   2674.176424216674,
   3135.676152742997,
   3485.1714414521457,
   -385.4320504577958
  ],
  [
   2854.5025199312754,
   1053.8944561031349,
   295.01340678724455,
   4419.82793188807,
   796.4515421920875,
   -906.3064476626209,
   -652.9286310860574,
   -172.50430992759175,
   -202.19620931599468,
   161.34675787430177,
   -787.1170020155754,
   -606.1612614497088,
   -5313.96453764381,
   -4192.292532981636,
   -2694.1412441453244,
   2048.761366377715
  ],
  [
   -2968.017601717001,
   -1560.091500880525,
   793.5948849647967,
   -5926.018377414569,
   -7085.00954858628,
   -7130.739625267756,
   -774.5488933719912,
   1154.8264098143154,
   291.1811571068578,
   283.3947512085188,
   1957.5444549251656,
   -11349.44653369022,
   545.3805492483509,
   5367.426981026788,
   1261.658957552333,
   -3575.2275586461083
  ],
  [
   929.0037599984829,
   -92.0910705707244,
   -106.7042606055962,
   -4930.552016175014,
   -4891.374805577481,
   -3231.444478557595,
   -809.6920455221082,
   365.0543170108048,
   626.5917416884557,
   22.977600314245407,
   -791.5758709922105,
   -7337.918629205581,
   4274.492503405452,
   2500.3617854418785,
   1329.3020437381085,
   -1168.901684564498
  ],
  [
   -2908.59444926073,
   -555.2081792485367,
   -696.5695472104571,
   -3243.578555536761,
   -5338.879417490889,
   -791.786724710503,
   321.5888649691949,
   -757.6056767329063,
   646.9423273429888,
   -2111.704894671593,
   -589.5759848364658,
   -7704.348248474167,
   368.355243589631,
   1546.4479252011743,
   121.30998728590303,
   -555.25080134256
  ],
  [
   3067.2540402591335,
   -989.345374088604,
   -484.11791519037246,
   2469.986001918368,
   -3538.689010071592,
   -1195.2182172418086,
   -814.3050799320506,
   1064.8895092229714,
   -159.4895325827508,
   -1137.9731605755076,
   1275.4278766043637,
   -6844.120477196742,
   1667.2200686129422,
   -1381.9732334529215,
   1389.8173960496397,
   -2189.6433539574864
  ],
  [
   -413.69587498345714,
   -3357.4797713581015,
   -845.9506222545062,
   -6220.027544645146,
   -5134.053421025748,
   -6706.700237189018,
   -1043.5109200574323,
   1035.3231198066205,
   -228.58377385971676,
   -431.6976229951572,
   1074.0261609818833,
   -134.16071083127926,
   -1144.4399087235581,
   -3271.713342357084,
   -1994.996739167708,
   -2582.5156383747108
  ],
  [
   2864.0164559105297,
   1239.501953248234,
   1064.8322570816918,
   2771.4463667521236,
   -3765.8895338854477,
   3207.429466512253,
   -551.0056329205333,
   -3282.8248154681605,
   517.6326987888325,
   2137.763459626571,
   -2320.7543474905647,
   -789.1624106249551,
   71.99001091681473,
   -305.6693806231195,
   2269.981698552589,
   757.9535419281057
  ],
  [
   -401.4828813281855,
   2849.35786821954,
   -2108.9365879045513,
   527.6402854531462,
   -1577.1135079745372,
   3364.1447087180336,
   -53.24776598192414,
   -1727.9095587118913,
   -1646.3091883992884,
   -964.1914752080517,
   1458.888160603952,
   3229.607383449318,
   -564.9068369568929,
   -1565.498661682929,
   -1707.288604772278,
   1846.3459597364597
  ],
  [
   -79.98756846776236,
   -388.9683360773797,
   448.14746915559823,
   1245.993733228383,
   2837.4119559745986,
   -1600.0129239103226,
   -380.6964206919768,
   1812.782480362214,
   541.7236778907383,
   635.3251427149353,
   -299.12906981997145,
   -1714.4278208534702,
   -482.638757809285,
   -1424.3143509522808,
   -1439.091062913508,
   2453.157954886707
  ],
  [
   -7892.946099351854,
   -6620.716140798263,
   481.9526400576313,
   -5337.337944347883,
   -1677.331518993175,
   -17075.759179645236,
   -809.9879941457815,
   1374.1034810526737,
   1156.5046855745575,
   -607.3874054752656,
   -1246.610565895866,
   -24910.015815715247,
   -2646.9865088238303,
   -1.820220179672071,
   -5915.119443564234,
   -3603.075590228197
  ],
  [
   2000.0658794776816,
   1154.370939839591,
   -39.94542263405127,
   3109.543175525418,
   -4295.956434066716,
   -5587.583585947152,
   915.3701183036607,
   -4524.313004585936,
   1217.3081876397268,
   -1957.813709828148,
   2021.5376852798863,
   -2122.8277499120654,
   -3558.2562257130517,
   -1448.5845582267534,
   -209.63089195019566,
   -1922.642446881857
  ]
 ],