{
 "input_nodes": 12,
 "hidden_nodes": 16,
 "output_nodes": 20,
 "epochs": 1000,
 "lr": 0.30000000000000004,
 "output": 0,
 "epsilon": 0.01,
 "synapse0": [
  [
   19667.438344766862,
   -13416.677246968879,
   -9911.113805780416,
   -20084.778464955594,
   4603.987813966084,
   4200.547091307715,
   3806.3328506605976,
   -19149.204543606196,
   -24787.03757645876,
   -4551.510031081913,
   -19669.653497271494,
   18554.464324945828,
   -9987.01515517498,
   9762.72115496005,
   -8622.072417785877,
   9726.335237552292
  ],
  [
   -8937.353745281313,
   -5430.433076090832,
   -5657.663392263586,
   8060.042761319211,
   -10233.78227434261,
   -61.69559252517734,
   -2713.2422838477837,
   -2014.7421806374932,
   -3108.0638887543078,
   -17424.105394486334,
   14672.465044923058,
   -3339.58649878408,
   -2941.9728232377574,
   -17309.61002387063,
   4799.3741120286095,
   -7678.6063331313935
  ],
  [
   4363.8890086871725,
   -43915.90398221299,
   -19179.879384526812,
   39484.93948095089,
   -44379.64186680952,
   27389.354162388074,
   28905.67099834228,
   -19952.701258829366,
   -35900.02270943407,
   -15982.172306988392,
   -9066.05894864725,
   -42872.60555112795,
   8493.332444448062,
   -29989.41513356589,
   24773.52513751377,
   -30570.036857025247
  ],
  [
   17929.98570654525,
   52976.341108404806,
   22567.081956121427,
   -10020.042003305005,
   -299.08305740755117,
   28338.93943536206,
   16190.857728873669,
   26856.26418021483,
   27878.73035108268,
   51248.90914040006,
   -5410.106837727279,
   -11303.369438449206,
   25898.205656057304,
   26738.371816048617,
   28786.742262679454,
   9718.766109420296
  ],
  [
   4242.794840638973,
   20204.408605746044,
   6997.437254952314,
   23613.970200546606,
   28792.28379638612,
   3824.7676862404896,
   859.7236887255834,
   13140.227673284937,
   21975.3039780091,
   2397.7513177043797,
   -447.5821046542411,
   21698.957479180597,
   8815.47225379441,
   3477.036969922824,
   253.11096126679504,
   15419.567982827
  ],
  [
   6085.7599565071605,
   4733.229029539282,
   875.8152061336802,
   -10397.89614007402,
   -16729.05836468736,
   9524.631905806511,
   7544.762139217033,
   -11846.175173784171,
   -159.00111039710188,
   -13106.906404870691,
   -26.71489145839218,
   -7996.688104289808,
   -20367.923505436545,
   -4236.272011841115,
   9596.872622472963,
   1082.1999246485232
  ],
  [
   2052.8698863971777,
   -18383.891517690263,
   -13266.956062084566,
   18424.434871946218,
   -22876.29937400993,
   -5974.4592797257865,
   -1906.5660122001132,
   -3552.2522861110183,
   -7550.790169745023,
   -25602.446867929022,
   -1266.2207896247737,
   14842.425107895913,
   -5426.343411044231,
   -18005.42161342058,
   -13322.580363551475,
   -18434.6453589288
  ],
  [
   2176.350243336884,
   -75708.42586419107,
   -44887.8126842368,
   -88921.82920492104,
   -56835.89120635229,
   -4487.074694526498,
   -2717.453365767374,
   -60148.33023155525,
   -98160.76998306082,
   -68614.94220081263,
   2988.604489070825,
   -10670.576354269479,
   -55627.99581324742,
   -17755.21004176614,
   -7636.43388242294,
   -26862.845726061514
  ],
  [
   -534.285099552004,
   -67271.17936728337,
   -35050.683327521016,
   -34887.36425396559,
   -62258.36509839815,
   -1837.909500227301,
   1331.70515579218,
   -44494.54016839697,
   -73871.89723925815,
   -52408.969457172345,
   1638.9798673355297,
   -18723.322143022855,
   -48677.60277352426,
   -13865.723553786203,
   612.8644577045235,
   -35066.7391158868
  ],
  [
   -8092.382866232115,
   -44870.06697960766,
   -34101.867712622,
   -49184.874059017486,
   -10192.423559490366,
   -14215.098149991372,
   -9062.425413219034,
   -40265.638724582546,
   -59649.67471740411,
   -22893.06167168676,
   -1036.501857980195,
   426.03447215473784,
   -31393.15118774117,
   2213.4907512820528,
   -23908.403587609646,
   -10350.172365214643
  ],
  [
   -16760.583581403993,
   -37812.11817600061,
   -30392.61701334605,
   -1801.2520318687564,
   -31002.47208397561,
   -24819.97100040745,
   -21772.821182945278,
   -30702.76032945017,
   -35387.12604212415,
   -27059.090636953817,
   -6949.4945905645245,
   -7484.028277993979,
   -15418.66675429745,
   -34939.75184402144,
   -23327.668959719573,
   -23720.449937593974
  ],
  [
   -4596.954132592431,
   -40553.198592717104,
   -24104.383655838672,
   -25149.5896163305,
   -39921.60049003971,
   -1768.0739450745557,
   -1130.626962163124,
   -31530.98850799125,
   -20949.37941902393,
   -20274.674649253033,
   -2018.6830212079988,
   -18468.357226081815,
   -26813.371931543315,
   -28049.636776857442,
   -5315.7850654522435,
   -35314.11382281988
  ]
 ],