{
 "input_nodes": 12,
 "hidden_nodes": 16,
 "output_nodes": 20,
 "epochs": 1000,
 "lr": 0.9000000000000004,
 "output": 0,
 "epsilon": 0.01,
 "synapse0": [
  [
   -829.700817655453,
   1438.7640083548542,
   600.3384530870501,
   -6778.255513312617,
   -8211.898080107256,
   1605.9482624573202,
   310.25859701381955,
   -2887.5516359125404,
   -993.6071069540658,
   1742.0244219471647,
   -194.9220976121097,
   -1502.5755221082725,
   2501.5687882041557,
   3024.6892665209243,
   3458.5986750902566,
   -200.03437159163252
  ],
  [
   4523.678471280649,
   3536.8207158956125,
   171.83005034540156,
   6952.235394330152,
   1600.6631782248596,
   1246.1001819311232,
   -1036.4615179532525,
   -982.1777360539133,
   -348.89062995335814,
   335.5516961659764,
   -2460.09692371011,
   -408.4719642637052,
   -5071.326440099405,
   -3923.7648448577165,
   -2401.449619379848,
   2021.7978488437468
  ],
  [
   -2261.680595394036,
   -3107.3961013334997,
   853.6004689381592,
   -5294.575164839686,
   -11483.248155375028,
   -13547.345785001191,
   -879.9239787137492,
   1429.0678357809707,
   -215.58227194843798,
   746.2203274505239,
   1432.8255861356436,
   -16118.12319732605,
   -328.49013187623524,
   6810.385513792694,
   2691.502751143611,
   -5835.214339092575
  ],
  [
   124.53727490502929,
   -3072.4996837306535,
   -201.9913342345622,
   -11167.216138940003,
   -4532.737676784125,
   -5662.089731388718,
   -923.6670669904753,
   1419.2368213047405,
   53.47676921134579,
   139.49786247763225,
   593.3999356649223,
   -7800.173900857359,
   3864.911712838314,
   3045.0240918427485,
   -807.7271067933408,
   1426.6656817839514
  ],
  [
   -2676.642577712031,
   1303.585375614791,
   667.7593771540684,
   -4323.589739741138,
   -11095.31706840995,
   -552.1350027072784,
   74.67479820527167,
   -587.6611340606601,
   698.9971063021936,
   -2083.4007710099745,
   -167.7082978105479,
   -8858.61600281862,
   596.7327159911205,
   389.71992250916975,
   617.9667900698614,
   -2549.1918343600532
  ],
  [
   3971.686070453658,
   -1323.32385981195,
   -1706.9927251690476,
   2511.8326002821264,
   -3740.762121020651,
   -2681.6458642756493,
   -610.3142296964794,
   925.2457988635454,
   511.09225051505456,
   -295.1377722770768,
   756.4559944641344,
   -9299.656257241799,
   2124.3291459918846,
   -647.0931413693863,
   1852.9444223867326,
   -2093.436742583682
  ],
  [
   -457.0429195157107,
   -5850.309401672575,
   -1611.350178666278,
   -7066.467814959624,
   -6882.675968486394,
   -7706.792423300876,
   -860.5077204248797,
   1448.2451163483902,
   -278.4434684524682,
   -936.5600847510163,
   1213.6481578146413,
   517.3026726621678,
   -1515.6706346642165,
   -3406.2793640363093,
   -1795.0916075884159,
   -3589.5856086699687
  ],
  [
   2712.0851716036077,
   1914.1111797766603,
   506.22930239817947,
   5209.019367312809,
   -4371.284028266365,
   4133.677784479774,
   -336.64703900058987,
   -3912.32505638603,
   642.2442516709252,
   1493.627832804323,
   -3039.2854404863124,
   -1607.696973122325,
   1541.3839786553256,
   -682.2115878549789,
   1321.0431363254631,
   -970.7371349396934
  ],
  [
   -1761.35671827579,
   4290.897212687267,
   -1782.3204264555739,
   -162.47127464635471,
   -2595.895130317863,
   5652.6204730739855,
   222.0836108284221,
   -2198.405935819953,
   -1781.9051617669445,
   -1826.2903022988455,
   2799.936918130923,
   4848.043236099602,
   921.0563445730825,
   -2256.2840931082933,
   -3595.3739818514805,
   2085.7821172587187
  ],
  [
   594.4816414693433,
   -336.04390110756316,
   -445.1353378150138,
   -513.7226205592044,
   3399.5608226214636,
   -1261.0378902541338,
   -630.2338099041148,
   2522.893187010507,
   5.0596578148868545,
   631.1145269518519,
   -685.0759390322255,
   -1589.5716070019573,
   -573.2481485825145,
   -1043.6185936330771,
   -1439.0126090581718,
   2438.4702557459686
  ],
  [
   -9544.701876336152,
   -7971.731251683925,
   869.9585572536861,
   -6515.587261329368,
   -4804.930176037613,
   -27819.29855016904,
   -709.7930156984668,
   2199.573921056026,
   1135.9625794796314,
   -18.855149109866996,
   -2294.2656169838315,
   -35107.1772108978,
   -4644.940253588286,
   988.2795159196634,
   -6778.178396349552,
   -4481.02019156075
  ],
  [
   1564.0550737571862,
   2595.308936670286,
   366.9303684228364,
   6091.6910504945,
   -8228.208352671549,
   -8439.943445478013,
   1848.9190340416842,
   -4346.530267678115,
   1473.1214166530299,
   -2155.646807477141,
   2267.712414450998,
   -6521.976840425933,
   -3677.187057989495,
   -1966.374990015217,
   1447.4286022699077,
   -3542.6469310643324
  ]
 ],