{
 "input_nodes": 12,
 "hidden_nodes": 16,
 "output_nodes": 20,
 "epochs": 1000,
 "lr": 0.5,
 "output": 0,
 "epsilon": 0.01,
 "synapse0": [
  [
   1972.755082420188,
   1299.123623927676,
   -172.53744397541598,
   -1941.0470850441552,
   -4942.021088071892,
   1884.5652741617034,
   119.9172254598232,
   -2427.7153778989727,
   -354.9621137684212,
   771.586392539964,
   -941.4636930529567,
   -578.9344661820586,
   2174.8954075896486,
   2221.1705114317892,
   3135.835856064204,
   -1191.6164675624177
  ],
  [
   250.23585973314485,
   -719.51615847384,
   612.5332015555649,
   1871.6048201831513,
   1830.0464055441646,
   -1187.4454476319097,
   -578.4556345421304,
   521.9714665600918,
   -791.7128470825077,
   361.9448780610245,
   -58.725069481322976,
   -806.451502895993,
   -3412.176741986306,
   -3772.1693684229963,
   -2335.0186736073288,
   1708.5615862920101
  ],
  [
   -552.7168487276919,
   710.1346276329125,
   494.60246687107394,
   -2036.8181059554865,
   -4738.759587445439,
   -2478.7397894841843,
   -451.0655481491257,
   -79.00406960048976,
   866.4303301736976,
   427.9165143339723,
   640.8041324596977,
   -7101.046767529248,
   1571.4983836038398,
   3715.9696751836686,
   389.4219653778785,
   -1970.6011004726597
  ],
  [
   995.5095210587637,
   334.2999487364854,
   303.8099047257492,
   -1789.4766541240904,
   -4905.486593768999,
   -1229.384182821339,
   -514.5141454035572,
   372.1060922715855,
   970.7408294375235,
   115.19700233601708,
   -621.8568326368577,
   -5204.956298681317,
   2239.0387048613134,
   1317.024218488989,
   1234.15429965369,
   -1556.107112860993
  ],
  [
   -1924.43043018561,
   -967.672709105886,
   -622.2524658005962,
   -1604.8492312398453,
   -2562.4643631796594,
   -3133.3998915594234,
   7.519248365376463,
   247.4253640422634,
   446.98617484412785,
   -1272.6265770702607,
   -129.50381534398463,
   -7173.412931314952,
   11.046633794669763,
   -139.2507969343278,
   -1519.2282187733217,
   -570.2256670771673
  ],
  [
   -472.76870379482835,
   -1505.8900054789358,
   223.1042688743271,
   736.9573758073185,
   -2735.414657709876,
   -1825.3982122328669,
   -289.28247180765385,
   575.2843028035696,
   -1331.6746179142415,
   -716.3100720461279,
   488.28287498947657,
   -6335.111565314389,
   151.71507979034666,
   -2031.6987935789712,
   1192.7594283518072,
   -1230.9958798383987
  ],
  [
   -684.6377828836672,
   -1160.1040436286557,
   -894.4730578905874,
   -2680.5958902470566,
   -3702.62362376644,
   -4200.61294581243,
   -742.1775125205572,
   845.8286618450588,
   -505.23459623402636,
   -650.7413688362279,
   1008.6326702481442,
   -859.6651465840981,
   -620.2497002545472,
   -2193.3834538645383,
   -1085.008889779715,
   -1002.0379864520313
  ],
  [
   1812.337523922773,
   990.6082215046381,
   1212.4461992145789,
   1080.4674920315922,
   -3359.921086981733,
   2320.284670489765,
   -445.435797085166,
   -2423.941142259509,
   845.907445208495,
   1862.546010410241,
   -1583.2900427006844,
   -1356.6759938380337,
   69.68599605932317,
   617.7777394678204,
   3762.825383383819,
   1537.3995390899104
  ],
  [
   -947.3960566429964,
   574.0423044191243,
   -2040.17780949269,
   41.84542113629638,
   -56.06590385966227,
   1003.1746868225506,
   -64.58410980082385,
   -568.9137105397356,
   -2316.75077681335,
   -696.8921732171475,
   1279.8016667327402,
   2809.2045787948514,
   -68.70173451267421,
   -2339.325853552072,
   -1695.9593911129869,
   -72.48070174490313
  ],
  [
   -74.72853990897711,
   -170.48352406480026,
   901.4425512584719,
   906.4748609969658,
   1343.2556795963987,
   -1034.2304369439628,
   -267.9977285087619,
   127.08597462869021,
   2175.889833596026,
   1287.9363476087437,
   -252.64962885860095,
   -1631.8162220602446,
   -337.7269976739427,
   -2092.2363756389236,
   -1989.1531706916248,
   1407.0235609361698
  ],
  [
   -6216.936753323672,
   -5288.758840652496,
   -591.8974721486206,
   -3729.2505352090857,
   -2346.7051684174103,
   -13389.57558990785,
   -610.6280128541507,
   921.0543754068502,
   1879.618819454927,
   -899.1310081187446,
   -884.5103723813845,
   -20363.547757693927,
   -994.8483229359392,
   -839.7800162350555,
   -6280.092790904804,
   -4429.077538261778
  ],
  [
   1363.952604549154,
   795.4021405827776,
   439.01813584123846,
   741.8447390001713,
   -4232.223170333103,
   -6001.173451852845,
   549.2086734834385,
   -3593.255444694598,
   529.00420602294,
   -1788.7768845728995,
   1210.5472463750018,
   -3647.5556736560848,
   -2538.632852875632,
   888.7599448982478,
   271.3487815890676,
   -912.4136842564127
  ]
 ],