{
 "input_nodes": 12,
 "hidden_nodes": 16,
 "output_nodes": 20,
 "epochs": 1000,
 "lr": 0.6000000000000001,
 "output": 0,
 "epsilon": 0.01,
 "synapse0": [
  [
   19404.20191668099,
   -13383.451053653576,
   -9995.093938392394,
   -20589.77472144472,
   4393.388471201369,
   4215.279821174173,
   3904.8698749967884,
   -18897.90656516931,
   -23882.384388340048,
   -5232.584402649899,
   -19252.61896839919,
   16202.69206784301,
   -9027.778148362566,
   7960.493173537549,
   -8578.674954027814,
   9139.989873135903
  ],
  [
   -9025.44920451443,
   -5402.625748388127,
   -5455.225382264254,
   7992.104839670568,
   -9107.363117640798,
   -79.82505690371077,
   -2880.461774445703,
   -2266.4769832756388,
   -3668.965268606557,
   -16627.687541256568,
   14402.51275973801,
   -2634.309205890943,
   -3807.8526318156946,
   -16423.598252838492,
   4823.469471466188,
   -7057.262765379334
  ],
  [
   4301.121759596682,
   -41989.52004152731,
   -18229.882336375806,
   37463.998396947245,
   -43623.4732564362,
   26876.319388222702,
   28083.87056229656,
   -19453.653569956048,
   -34710.63540176691,
   -16463.35651359515,
   -8533.462661456919,
   -41334.483470903935,
   6509.023880632335,
   -27941.266768213485,
   24730.78786915602,
   -29318.249137929644
  ],
  [
   17395.022764103167,
   48445.99092324642,
   20752.98706971961,
   -9530.82148021428,
   -228.15660508098853,
   27939.485088995316,
   15477.982863551684,
   24805.11787967184,
   25152.004013365735,
   46386.51721902984,
   -4794.783159078756,
   -9978.626413283855,
   24167.863933164317,
   24530.53284549448,
   27583.76800339797,
   9138.13746711413
  ],
  [
   3700.1459388204394,
   17977.666273270654,
   6378.549668412296,
   24803.118446897315,
   26088.890921917067,
   3919.7727640600897,
   861.0195562352034,
   12462.106364332227,
   20082.031567624097,
   1166.3718951960018,
   -692.1746090316465,
   21548.299422574062,
   7972.427740300141,
   1529.41030822415,
   -133.37393603379934,
   13997.061344873831
  ],
  [
   6094.355177393013,
   2998.4916527452406,
   113.91104198578164,
   -10908.51217396928,
   -15583.769052874986,
   9904.056854366503,
   7735.991844753693,
   -12362.09685005024,
   -2279.8485659922853,
   -14658.673516109991,
   -93.56783497485686,
   -6922.156584886513,
   -19870.743272585023,
   -5560.742053372014,
   9347.289829463018,
   1139.3889165159956
  ],
  [
   2055.260461375065,
   -18117.092612673885,
   -13242.891265144253,
   18725.134447196106,
   -20101.294922171888,
   -5943.623692714806,
   -1558.3352368036403,
   -4464.922413032178,
   -7951.1115880436855,
   -24192.30921079267,
   -1059.3354294205853,
   13205.340711280749,
   -5038.679586134108,
   -18562.37705171485,
   -12843.180784687554,
   -17291.771231861687
  ],
  [
   2314.1499358662477,
   -71913.38939690073,
   -43109.35992131773,
   -88257.59753955322,
   -52444.93217668105,
   -4525.907330392115,
   -2709.5300863804396,
   -58494.826015385326,
   -93091.77749625614,
   -64380.34796488634,
   2884.954851258768,
   -11997.760193016455,
   -53271.05281648677,
   -15550.517760194823,
   -7029.964698981962,
   -25085.28326728561
  ],
  [
   -306.96150121789077,
   -64149.17389234183,
   -33560.967144794304,
   -35420.194659086716,
   -58549.75755714367,
   -1624.2666190251118,
   1427.1539617256044,
   -43270.74042367846,
   -70593.01671298961,
   -50092.134366633116,
   1457.9552002976764,
   -18919.15269828501,
   -47159.03990661143,
   -12718.850347193315,
   743.0480194180009,
   -33138.01778775956
  ],
  [
   -7972.329356401155,
   -42145.80974996012,
   -32748.92145797172,
   -49685.47877004581,
   -8961.592980356432,
   -14098.34659913874,
   -9206.900126490484,
   -38606.20057210792,
   -56079.54469095766,
   -22127.584931706388,
   -964.2959037578605,
   416.9756442348018,
   -30408.11404081815,
   3121.1257814658925,
   -23572.704303973183,
   -8994.839273052849
  ],
  [
   -16979.68069899879,
   -36977.460736396744,
   -29603.341306586437,
   -2525.408874791191,
   -29416.50241629751,
   -24207.294814568733,
   -21464.15481576545,
   -30429.33221865984,
   -34811.700154912316,
   -26917.252560434008,
   -6953.027324872193,
   -8292.740851530298,
   -16351.832241424618,
   -33962.93267093852,
   -23362.135839877723,
   -22687.35390699782
  ],
  [
   -4464.773894467082,
   -39068.86369121519,
   -23531.585247588413,
   -24386.12278673193,
   -36262.673270234125,
   -1671.6896666165483,
   -897.2564629933481,
   -31098.996313299558,
   -20618.64107708313,
   -18836.22235016402,
   -2199.4789821745007,
   -17369.145920718223,
   -24766.534061346,
   -27050.260585610074,
   -4918.766074541006,
   -33402.13790861623
  ]
 ],