{
 "input_nodes": 12,
 "hidden_nodes": 16,
 "output_nodes": 20,
 "epochs": 1000,
 "lr": 0.6000000000000001,
 "output": 0,
 "epsilon": 0.01,
 "synapse0": [
  [
   4040.7046769515555,
   -872.0014480348328,
   -3645.9487364991983,
   -8058.962730881871,
   -6342.066451395319,
   -1069.623706498095,
   -9554.41577584196,
   230.04517884681985,
   70.15988430945178,
   328.07357984070677,
   -893.2203799146151,
   -336.47638743513124,
   257.8658251262724,
   1447.3649040685439,
   390.7638135208803,
   635.8333557957441
  ],
  [
   -4978.897986383759,
   -1927.4052053173082,
   191.51156195212047,
   5999.800584878248,
   -17810.827882271024,
   -342.2053384325536,
   -1372.0611395867406,
   -3938.094917720829,
   -4427.813166759197,
   -4741.401945622476,
   -6054.613694985212,
   -557.5783579416175,
   -9129.33859088103,
   -5226.082918998608,
   -2915.9825965949203,
   -9917.85196154108
  ],
  [
   784.67478382573,
   138.30982690737758,
   -17454.8563629484,
   4120.064361960456,
   5115.6639432858465,
   5518.323396915781,
   20888.175625111642,
   1671.0316468894712,
   -2683.7343597385516,
   -572.1455525522318,
   12441.158326399867,
   147.0246101625599,
   -439.10014017725047,
   -818.0928723543738,
   -222.9806104503629,
   5012.576037537927
  ],
  [
   -691.0270325145118,
   3071.431771664699,
   6570.893920051612,
   -1746.1045875800912,
   -20599.34799792541,
   -1562.3237391093287,
   -713.2153782529948,
   2531.305962472111,
   97.3550799203256,
   -2433.4921009915392,
   5076.401638851399,
   -2899.1371932468023,
   -11429.509759750452,
   1225.1335790189967,
   -1411.5475734755535,
   -1030.9028070181948
  ],
  [
   -1301.7848459962509,
   3321.3821467097723,
   -4014.5112656461943,
   166.2846626163282,
   -16928.793002404607,
   4479.420923219791,
   3286.8168327642247,
   2414.6109167175846,
   873.1607261210486,
   -9048.680488939588,
   -968.8804185681191,
   -2214.5668166786386,
   -712.2392755944466,
   1470.5530088524565,
   546.2508827577392,
   -53.49347484890984
  ],
  [
   -5265.701141012729,
   867.5845090623167,
   307.3549069343198,
   -7.5963294239352495,
   -7331.8729613608375,
   -1457.9990333428843,
   -5196.2580615992565,
   1143.7630821139892,
   -6780.81404891663,
   -850.9158732797912,
   -11340.597184808063,
   -1223.9261113872003,
   -5157.107703521703,
   -2158.633281653211,
   -1267.724361796536,
   -13506.107214157355
  ],
  [
   -4843.248996687727,
   3582.8406736215825,
   10193.77344747234,
   5048.121754259448,
   -11923.016812578204,
   4687.236352317226,
   8095.456349650295,
   1498.2310227990843,
   2109.0137407821358,
   762.8196336923826,
   3403.9258862645916,
   -154.3629471065175,
   -14827.93524977619,
   -650.2415455863529,
   2623.767601437756,
   -5282.380738672024
  ],
  [
   1993.2690690742706,
   -9419.63537754366,
   -9771.058406193712,
   -2972.52185681726,
   -35543.1558917657,
   -8936.857448834,
   -10913.42565105716,
   -4690.387374232232,
   -3546.117216260445,
   -5466.587468119386,
   -16491.331225605558,
   1579.6708093786167,
   -30061.418560723014,
   -6301.638489317316,
   498.8297453169073,
   -7376.086214214418
  ],
  [
   -2015.3045497848898,
   5.193217743456724,
   3336.5850473412274,
   -2395.705538203128,
   -8344.412716342145,
   2027.555582394575,
   -2936.2001558831225,
   2485.391988872917,
   -2928.4365680817073,
   -1369.2400806776686,
   -8078.590472405133,
   -257.42607768250843,
   -8873.06250937661,
   311.09512127192136,
   -1903.8763161240404,
   10445.77176687787
  ],
  [
   -5720.784853525435,
   2015.1243086926715,
   11249.550570336425,
   5058.090132249885,
   -8856.379412053742,
   843.163415904418,
   -5731.38180032838,
   -2852.4678541101407,
   -445.9709679568078,
   6150.495749408571,
   -4697.793594930265,
   475.6416208726623,
   -4068.9033721768437,
   3512.2055765497566,
   3891.011541175911,
   -7651.127671542629
  ],
  [
   6914.893882205338,
   -7147.261691562818,
   -7485.271760476773,
   -11202.759721458973,
   -21385.664459315492,
   -9345.885568653146,
   -16272.891492414457,
   -3505.6914083913543,
   884.4542108997663,
   6542.219458853895,
   -7643.5847731923795,
   448.54869976599645,
   -18075.07456011181,
   -5711.526747607783,
   -255.04283353801372,
   -10047.884410960152
  ],
  [
   -610.0599486822707,
   3811.82967491048,
   -15682.586318166605,
   -4136.648818354509,
   -37244.12789511449,
   5593.867063218253,
   1277.9337808052005,
   970.9564251640054,
   -3116.0972190639486,
   -3588.8346759990714,
   3500.1171471398616,
   -2133.0762269762517,
   -13786.730770811113,
   1020.7680499231371,
   4328.633909665704,
   5223.925569398153
  ]
 ],