{
 "input_nodes": 12,
 "hidden_nodes": 16,
 "output_nodes": 20,
 "epochs": 1000,
 "lr": 0.6500000000000001,
 "output": 0,
 "epsilon": 0.01,
 "synapse0": [
  [
   240.2757686241247,
   -974.3408359615739,
   -429.8146198960728,
   -666.2404199389845,
   -1044.7966341231681,
   -799.0654127965349,
   -2581.059520546918,
   301.32959477936447,
   921.2923276851246,
   -575.1934435580508,
   -788.7424416832135,
   -1312.8891962639264,
   71.56717373587325,
   -1278.5809656844463,
   -460.2167619264458,
   -256.2430894549737
  ],
  [
   -380.765590953526,
   211.06316494894443,
   682.1212542165231,
   852.482340654116,
   -890.3207339837215,
   46.73336628855451,
   674.9419452684946,
   -1406.4450362026253,
   -1195.1517360665073,
   -498.2910067113592,
   -667.9559926178115,
   341.0371897023054,
   -1334.6298933610697,
   664.9276202989688,
   -540.8615344924004,
   -2170.1795082866133
  ],
  [
   -267.9930734086882,
   -895.2319019370417,
   414.2829536853074,
   222.29327593715976,
   1009.548202409544,
   1136.3451791499615,
   3899.6885339581695,
   34.28864373632739,
   323.03852795995977,
   755.6141028799533,
   1387.8385604248333,
   1835.7350907460416,
   824.5061650620815,
   952.0571618048449,
   781.5957921331061,
   -432.07349992335526
  ],
  [
   -325.12002306080046,
   1552.5886097835294,
   45.91832093536483,
   29.595293024312333,
   -886.847293967144,
   -774.1400974459741,
   226.10726954457218,
   130.60579292758896,
   -469.0171095531957,
   572.2288630303602,
   357.2322097170413,
   -487.5473581214552,
   -1728.7300882033367,
   480.77294619873106,
   -535.3293668819367,
   -1275.7782984381931
  ],
  [
   -67.43163551129646,
   -39.720111489742344,
   -756.6111397201757,
   245.93007583126047,
   -984.4353408409461,
   553.8239427847844,
   632.1206983826816,
   779.0856335195017,
   -620.8419219199599,
   772.7914860485087,
   -462.59740497234134,
   735.3177407522579,
   133.23289364272742,
   35.64472811824313,
   1169.6463542658837,
   -225.37638189479145
  ],
  [
   -261.28625092262484,
   4.728245786852754,
   -63.84877568304686,
   346.37957413149985,
   906.85558974643,
   -1558.7557892048146,
   -614.4280995373686,
   -280.5290174310674,
   -223.95483885736152,
   -568.6852291692678,
   -855.4154918400743,
   -1144.538218833902,
   -840.3550539072507,
   525.0902077510582,
   -389.73661968837007,
   -2843.584527201569
  ],
  [
   12.911797894895486,
   871.3267078584181,
   1183.9831115968184,
   145.91283677887853,
   -676.7502844789462,
   828.9980461200657,
   -774.2275880160038,
   67.95758851410054,
   -45.88196817900084,
   707.290327198158,
   605.7488007367677,
   1166.184223977141,
   -1404.9623423615924,
   1139.1424279225178,
   1086.198582425665,
   -890.5548952816844
  ],
  [
   378.1216405413034,
   -2230.6283436234594,
   -11.61310496234639,
   -1682.9850763707516,
   -5880.831051556569,
   -1172.1717780911233,
   -1796.844219605394,
   -547.7564528399242,
   -412.81055124035987,
   -2468.971537481918,
   -5425.945387490353,
   -1708.9018233683112,
   -5664.429244200731,
   -3293.338175444364,
   -765.1562097794281,
   -2128.675265835513
  ],
  [
   -368.4845585835514,
   7.3826166107296345,
   -1655.3604048898203,
   296.6628496905995,
   -1697.009960851697,
   -699.6378425851385,
   -191.39042417525175,
   802.1200471888857,
   21.113545100928206,
   -1137.7628261966568,
   -2700.0821559236088,
   -1584.1931047139033,
   -2856.8403095476942,
   1113.9095366763065,
   2.5689111472056245,
   7.677907471903065
  ],
  [
   299.67720661595854,
   1292.513798908537,
   1046.3873713244598,
   551.3112239474349,
   -856.7289353475676,
   873.8966561610835,
   -2410.7120472345473,
   -666.3149924245141,
   -344.7983491210017,
   642.7100061272869,
   -697.6366228144881,
   58.55019247300989,
   344.4433067024661,
   1010.2122916816577,
   141.1599584785173,
   842.1290021677552
  ],
  [
   411.5305484569252,
   -1443.9435437826596,
   -1134.292216037555,
   -1492.4518609355553,
   -3914.007937923512,
   -2075.302789242,
   -2900.250568197536,
   -592.4353435929714,
   1164.9576548061254,
   -1742.3736914551591,
   -1230.5653449053016,
   -2243.7096924700927,
   -3665.461793639674,
   -1845.9737630355721,
   -1931.7783332938466,
   -2806.126661882935
  ],
  [
   292.85496336217324,
   -209.67999223892406,
   -3202.84833714288,
   -462.3735354411541,
   -2710.5387016803033,
   1195.7573034954924,
   2323.8260319706174,
   615.2134675441231,
   -1005.0528099386411,
   -872.2536263408413,
   -1266.289602259264,
   -593.7991833655163,
   -2809.5829868197834,
   602.4749571552387,
   755.8790260106637,
   348.1366271710222
  ]
 ],