{
 "input_nodes": 12,
 "hidden_nodes": 16,
 "output_nodes": 20,
 "epochs": 1000,
 "lr": 0.5,
 "output": 0,
 "epsilon": 0.01,
 "synapse0": [
  [
   2337.2662468707786,
   -1479.8497239115195,
   -2701.546254528333,
   -6221.410181423057,
   -5587.261461663667,
   -1296.217834455962,
   -9283.683088259819,
   342.08420842897203,
   -267.95743514583796,
   238.10402854960012,
   -2764.4861976763564,
   281.3358297775736,
   447.9670460648791,
   -66.11977229892574,
   166.64696323492822,
   -877.0345361808053
  ],
  [
   -2410.832918628093,
   -544.7996625872294,
   488.9036624275128,
   3918.57865221728,
   -14045.577062442377,
   -8.153737372225576,
   -623.5774221754277,
   -3568.457590587534,
   -2121.091900735951,
   -3935.805706244911,
   -4754.6688084362995,
   -1290.2148500955345,
   -7333.514141231965,
   -3602.1286648628175,
   -2075.263140055793,
   -8202.647971705777
  ],
  [
   443.70377212450154,
   253.17453774158372,
   -10828.985476426667,
   -50.91268754446933,
   2631.5878250386586,
   2431.523064639563,
   15223.848597227143,
   877.6665037626212,
   1957.2910997848926,
   -324.0057068110962,
   6741.8885230673795,
   -8.674453621743599,
   -377.6695918999844,
   -1284.7959654453682,
   8.729701238236121,
   2810.2845475335857
  ],
  [
   -1207.7935155750931,
   2943.7957067585257,
   2414.4324377597927,
   -2387.9924854618557,
   -16225.6404910592,
   -1994.6840655549663,
   -561.5223798132755,
   1460.446334449438,
   916.2566525254091,
   -197.11523878549008,
   4286.181475404605,
   -2306.3970426199608,
   -7768.997742069617,
   790.8653623625086,
   -1151.327527289564,
   -3978.1798773046708
  ],
  [
   -391.0361319810492,
   1518.6442322472317,
   -2778.1202326080024,
   204.53029280432438,
   -13294.645872058367,
   3185.2557808392526,
   3159.6238295850694,
   1955.3280946659652,
   436.9846835067653,
   -5025.215346819065,
   367.6696193058725,
   -1785.9131002741965,
   628.379233990704,
   1609.615897301355,
   480.40359524057857,
   804.1429958745481
  ],
  [
   -2118.2688268227625,
   1929.2572846491516,
   708.8561366764818,
   -2257.186849064795,
   -6335.192544626701,
   -843.0201167667378,
   -5182.0605237771515,
   198.15263381991352,
   -2375.0661183393686,
   -167.57898357744045,
   -10564.03071580683,
   -470.11766469066254,
   -5277.444779316796,
   -2105.177483452517,
   -665.7037568658437,
   -12817.635976330805
  ],
  [
   -3702.1550444886648,
   2647.9442870431603,
   6052.3087413987605,
   3972.45076571284,
   -7862.558327141014,
   3147.2853363476047,
   6316.729809191718,
   836.9545327059444,
   2829.1313084962185,
   2959.051076978308,
   1297.6012827289694,
   212.83986174209932,
   -10440.197364143745,
   1908.759629405066,
   1751.1377181646253,
   -8213.16860401104
  ],
  [
   2429.0596814216638,
   -7176.198201286385,
   -7207.048376359659,
   -2407.44743968009,
   -27146.520840106718,
   -5858.08269317033,
   -10820.21211306645,
   -2908.4421727583795,
   -2552.727756236544,
   -5369.387061567368,
   -18074.0814517292,
   1080.187146040479,
   -22005.81165634758,
   -7595.730194103233,
   -283.58000074901526,
   -8962.490150819953
  ],
  [
   -1750.7186253100633,
   -807.5684772625959,
   1990.2332836257756,
   -3049.861717784467,
   -5917.65201417065,
   671.9118948375152,
   -3697.0721167046727,
   1886.0333596403173,
   -1733.390566357767,
   -590.4877620106175,
   -5832.5723501146995,
   -945.797893326004,
   -7446.742003455851,
   279.2231540438001,
   -973.0029534534611,
   7532.467495845893
  ],
  [
   -3905.598308071936,
   2471.483790173593,
   6631.3255377606365,
   3834.825778787993,
   -8602.503859061328,
   827.5144786797038,
   -5530.730676803227,
   -2086.9085387164605,
   1200.7798795553852,
   3945.2686154102735,
   -6049.190029049077,
   2503.0182548402026,
   -2528.2055792625574,
   4145.85470798145,
   3338.0045860469186,
   -7572.153091831182
  ],
  [
   3853.3189357544993,
   -5373.796656073855,
   -6115.021008046423,
   -6544.800154141181,
   -17306.649033847974,
   -6349.072792796942,
   -13889.141704056676,
   -2907.058199012258,
   -1132.1318149317406,
   2602.8891806459355,
   -7117.011558610637,
   -459.18334059162663,
   -14642.266191783616,
   -5346.474070798163,
   -1074.904573959548,
   -11128.858896225427
  ],
  [
   -752.5931105917789,
   1693.170057058371,
   -11637.289234087506,
   -2407.855090548042,
   -25830.34308849651,
   4161.673305068568,
   3036.313462902281,
   870.7589210479965,
   -1171.9337480505753,
   -2824.387882885386,
   76.95558591822666,
   -1886.3627241469305,
   -10796.641910144124,
   672.286543755498,
   2725.880781040931,
   6016.004265280756
  ]
 ],