{
 "input_nodes": 12,
 "hidden_nodes": 16,
 "output_nodes": 20,
 "epochs": 1000,
 "lr": 0.5,
 "output": 0,
 "epsilon": 0.01,
 "synapse0": [
  [
   384.6390957439553,
   -729.1749747914931,
   97.76887825846742,
   -708.3252860037002,
   -511.31183907969665,
   -1206.4563290609817,
   -4.362060988331324,
   -2460.577709877873,
   349.7456060160738,
   1431.5911821378122,
   -1023.7825109777818,
   -1862.8972464121734,
   -2904.007017509764,
   -256.23730755418967,
   -2341.4277839894717,
   -995.6411958945984
  ],
  [
   -1077.2427275926225,
   -1871.7869780274266,
   -146.04727269278484,
   -1450.0583533975328,
   -254.19231090456537,
   -9.210163851474867,
   -1065.78990403414,
   564.9929863797305,
   -1533.85458595314,
   -1364.5558236846327,
   690.7958942536258,
   1204.3525808520192,
   1149.7294603347725,
   -913.2223289348954,
   1295.7068469333853,
   -226.2067158901631
  ],
  [
   -1067.1877107733364,
   -4847.848277173962,
   -2967.93433016323,
   -2532.545107460364,
   -5101.75624225423,
   -95.19118152681348,
   1898.084620668862,
   -8203.67620299693,
   278.80225432579755,
   -8636.111896529108,
   808.4416489934897,
   1061.7050481863469,
   -1625.0773434135317,
   136.51470950339296,
   -1548.2332263578776,
   -4256.433721771785
  ],
  [
   -329.38180284256896,
   2242.123115078459,
   4958.303478029488,
   1348.8835940494432,
   1157.1345621679511,
   1445.3286788837388,
   2510.7538867451103,
   -255.7899574972353,
   -366.37730490765694,
   -2391.2259243737376,
   -477.3304179579527,
   1204.038228261575,
   -2228.4505658147846,
   -147.96228637951396,
   -2886.514944368765,
   -1172.109604822124
  ],
  [
   -842.1876062317128,
   -4395.81104608049,
   -1561.0181389757704,
   -4375.619766476275,
   -2085.701507319726,
   3066.1826444690605,
   -489.1768104298366,
   -5862.484059712507,
   1020.3902903017449,
   -110.04980792230337,
   1199.1743980418564,
   -583.5641762316317,
   -1212.3142731298954,
   928.8038202968963,
   -3672.651959274815,
   -3769.667063236049
  ],
  [
   -551.9897557884395,
   -2257.248393777121,
   -320.49713300580663,
   -3864.6976541887007,
   -1696.409516282434,
   827.9965289426444,
   -1764.5214758665418,
   -4084.855826067013,
   583.2619779906104,
   3182.0822737034173,
   1368.5048353098393,
   -91.93054049606681,
   1046.6888964998145,
   1258.3257697100348,
   -3253.972722400268,
   -2350.7360840189704
  ],
  [
   123.80191454853151,
   -5041.49547719919,
   -687.7649925821897,
   -2142.727958685804,
   -3999.534204553781,
   129.23684462713138,
   -572.77996735224,
   -4522.666265559362,
   742.4184078494825,
   -247.81986121464055,
   -171.45379764542818,
   126.85424215606648,
   -689.0686325624112,
   -438.59712287737307,
   -342.8625847761583,
   -1355.0991315180424
  ],
  [
   612.1275476138155,
   -8649.13199300491,
   -527.0802039314262,
   -7004.952748586767,
   -4286.011048198319,
   -2217.5173844237447,
   -84.01741503211932,
   -4949.148452666761,
   -1289.7137686561723,
   -1103.108033073803,
   219.60847814183916,
   -59.77124498890009,
   -336.1983851364202,
   -961.9756230125229,
   -1587.5654538614872,
   -4353.256522831933
  ],
  [
   -264.9632079604369,
   -3111.5663071539843,
   1073.0834775236315,
   137.47476140457465,
   -2489.783675557845,
   -291.53611369710205,
   774.7090279990045,
   -6296.945452361382,
   1355.3219874948586,
   -4162.1243187561095,
   -257.0981191305013,
   -571.2205654196829,
   1733.682554089881,
   369.8659941631179,
   -602.4173062034059,
   -847.0695128152796
  ],
  [
   249.22737427637372,
   -3408.39926425804,
   615.224981442733,
   -3567.0639699277235,
   -570.6013005854693,
   -700.3339994739706,
   -16.8826107643212,
   -1005.2243687042829,
   -822.5134150142354,
   25.394084015124214,
   -1093.271898322381,
   247.6235870317555,
   850.3562109383641,
   -543.863131269626,
   -264.2094719034042,
   -1752.0014758016973
  ],
  [
   2243.940097168096,
   -7871.600868292653,
   -227.30594728493898,
   -6313.360897335363,
   -3948.658336680121,
   -3181.1088050890785,
   -3312.2183058885867,
   -4061.9139546903343,
   -824.685427357934,
   -1764.313903623428,
   -5219.265878599489,
   -661.4982477714619,
   -2634.266125308976,
   -1884.3036071845834,
   263.45127248513654,
   -6043.182501084745
  ],
  [
   671.9801068817955,
   -5170.960681822779,
   -4462.253449412343,
   -4358.058436280575,
   -6737.884229858427,
   651.4851834684978,
   -1035.6117325560367,
   -11734.52955781074,
   2036.3876576167318,
   -767.6599041586112,
   -1209.915867177674,
   -1426.8111580001678,
   -466.98501626524916,
   587.3770194094412,
   -1479.67720374184,
   -6700.6615123070105
  ]
 ],