{
 "input_nodes": 12,
 "hidden_nodes": 16,
 "output_nodes": 20,
 "epochs": 20000,
 "lr": 0.9000000000000004,
 "output": 0,
 "epsilon": 0.01,
 "synapse0": [
  [
   -48.5586827115588,
   124.57272248245668,
   -461.8426002741099,
   190.27649924369172,
   -21.43834263594468,
   -19.837581562886367,
   95.85254327676367,
   24.73029174962697,
   185.9446618052595,
   -241.91296450047986,
   8.743004172911956,
   -126.02138836190177,
   263.277280822174,
   -97.12674256099753,
   -24.317695321652895,
   286.44201703218806
  ],
  [
   109.72023092675204,
   264.88129613511035,
   30.51029317646931,
   2.2411465417159646,
   76.9293807071136,
   -163.99086298348192,
   -7.2637761098215465,
   128.08632903481316,
   -139.8045708680097,
   200.40265929331923,
   133.7581242975275,
   114.47553782920538,
   65.238543190791,
   228.41634364158057,
   119.37849301165699,
   111.78319321334307
  ],
  [
   -183.5913150876588,
   -270.31784070435094,
   322.17215343225206,
   10.46209245962497,
   -50.423250348978335,
   -154.72926663608703,
   -188.8480620141586,
   -279.1990991882049,
   65.89221422459636,
   -105.65200281281169,
   -257.4974886522707,
   -12.688344502942739,
   -61.53446148843381,
   -151.02185831820202,
   -186.7916037306864,
   -105.67107699451176
  ],
  [
   -79.52603566142848,
   -78.98596114996477,
   -50.24415665129032,
   65.55929612036728,
   -12.768761771496877,
   14.07056445157387,
   -62.50432602414869,
   -187.1276321290734,
   23.07502918367865,
   -113.17538487849208,
   51.5508846134536,
   33.346868564938134,
   -130.1047834873057,
   -161.89203724421102,
   -76.95639502267981,
   -113.03155945776726
  ],
  [
   -58.41217096170665,
   -484.4006686600911,
   206.52573100753685,
   -125.83603529064064,
   -65.7068511411237,
   154.78031915059444,
   -78.10328311643342,
   -248.47201462453899,
   -2.1069756388418277,
   -141.09764059976337,
   -104.13784635494164,
   35.46774274056552,
   -398.45920340745727,
   -232.23233100776224,
   -100.00128237188355,
   -407.4816016668806
  ],
  [
   19.038521878211974,
   3.5305312710034586,
   14.97761855192377,
   -67.19563979245986,
   33.567154868198436,
   60.47296285903859,
   4.709182310223535,
   -186.30134064889856,
   74.80561060207378,
   -181.7281969575606,
   23.320980522732434,
   94.88813770308037,
   -66.71086084019868,
   -145.5070566067746,
   -16.535582547332112,
   -68.35481876653412
  ],
  [
   -112.71730192148065,
   -232.3099912143266,
   -131.384384136034,
   39.276760161798954,
   -56.1068253507433,
   97.93727102113286,
   -67.80421885943665,
   -11.252308945711599,
   -205.49937684698014,
   21.61938492749376,
   -46.93856321585349,
   -40.24880041451631,
   -201.64818593552695,
   -21.369412547860357,
   -103.28088582761254,
   -212.9807043368917
  ],
  [
   -10.92322257441513,
   -150.89028890086703,
   254.79972363671496,
   -59.09706971655955,
   -28.861888354491995,
   -146.39869672011065,
   -46.967216471366505,
   149.83481551974356,
   -182.1532637770702,
   250.59000981044036,
   104.15477713359303,
   -183.32067459055312,
   135.88957739242096,
   205.9197786923018,
   119.03143842684416,
   119.49375999189381
  ],
  [
   -79.4861432407059,
   52.35944121502077,
   -143.01248652564908,
   67.79426917938457,
   -25.321860287204,
   204.57925278926248,
   41.99570685201795,
   -168.8701664411132,
   45.778928237874005,
   -295.2122529502875,
   119.65172830342456,
   39.089837190942774,
   -50.414629939451466,
   -288.10059310969547,
   -194.1556344311875,
   -53.55461030844409
  ],
  [
   20.84210326122818,
   -5.309442507958008,
   -171.61450983804943,
   -63.539000407682,
   -23.863602566847806,
   38.07593837938761,
   -38.92886466797961,
   -12.727407685094263,
   -101.82178468880848,
   73.44691350934927,
   -69.94387697117988,
   40.347904209326956,
   -83.16400048751869,
   76.85087144278329,
   42.35096083464294,
   -73.06637827146442
  ],
  [
   84.88246647786433,
   -80.59360050181205,
   286.4154909138327,
   -140.0575565137586,
   152.35545860777734,
   -126.52941493033492,
   -34.34799343468114,
   -176.76499948851512,
   202.7199877815146,
   -91.7703938293824,
   -124.54958100361752,
   68.46790902687965,
   -16.882418092641426,
   -47.59299538642408,
   36.592535054090824,
   -42.73005569288877
  ],
  [
   155.32192200232512,
   324.76604220651546,
   49.022666940659015,
   -23.04440620871503,
   114.55628726587075,
   -161.27963237099092,
   147.81159025150603,
   251.5029515997135,
   48.67274893589465,
   118.32549004995016,
   166.4204457871489,
   -81.29791956180246,
   355.15280029110386,
   155.08839900547554,
   151.8662630184861,
   401.5904494759345
  ]
 ],