{
 "input_nodes": 12,
 "hidden_nodes": 16,
 "output_nodes": 20,
 "epochs": 1000,
 "lr": 0.6500000000000001,
 "output": 0,
 "epsilon": 0.01,
 "synapse0": [
  [
   6695.775441117296,
   -1795.3139439403126,
   3127.0148189447546,
   -596.1913549758525,
   -3199.423484489616,
   2068.4048489907623,
   -3912.3175916042396,
   -3871.082501275094,
   -1059.730563056065,
   -7294.207253498739,
   -3990.128647357233,
   2198.4616661899126,
   -714.8213466177265,
   -723.5695403615114,
   -6141.809731833207,
   -145.59011670927214
  ],
  [
   -4943.839497709854,
   -3930.1044928265405,
   -1639.959143192191,
   -5121.698124706306,
   -2190.273756268835,
   -3546.459814252915,
   1055.346086222905,
   -280.1166030414378,
   -3561.8859909303746,
   8249.207262029973,
   1182.6579205689902,
   -3830.1354365880115,
   -2990.8309713849626,
   169.22498219616458,
   -5141.949558907136,
   -2785.307498353652
  ],
  [
   -11794.513251855695,
   5494.296585162077,
   2878.9906023267363,
   3956.0432579974995,
   5655.31523192145,
   -3138.3051814604796,
   -2345.6173306975656,
   -2718.1291868663498,
   2591.384276684937,
   -5751.668801733998,
   -2154.623412481587,
   -282.22635928980833,
   -1127.1342796716976,
   1035.5981938646657,
   -2039.8190936952708,
   3033.0455840471645
  ],
  [
   1100.3400544324866,
   2637.439920770583,
   -2661.717923469904,
   2762.664527651211,
   -1101.0997929508926,
   7505.062096234186,
   -1692.0299571390801,
   -1974.4729711639839,
   2095.9146088549164,
   747.1619554356156,
   5369.361689626853,
   2786.5528450913434,
   -2028.0223202321856,
   514.5580866596043,
   9760.631409378657,
   249.5844004907514
  ],
  [
   1509.593419096158,
   -1654.6250369143054,
   3241.538341906047,
   -272.9746522037182,
   615.9855158051189,
   58.48754575269352,
   -6916.554003494796,
   -803.2592537470866,
   -2050.6951058499176,
   -2792.4056287576896,
   -1238.7122672030216,
   -36.87331566810907,
   -870.9336604185648,
   -590.4363949626509,
   -16858.10065430208,
   1346.0738128379123
  ],
  [
   2356.905820815066,
   -713.4964261071347,
   -1581.707958574822,
   -2140.3564387687516,
   2725.5444277330816,
   168.08051573163456,
   -302.19868515759657,
   873.7875651149799,
   724.6551205672273,
   -3020.652118671348,
   -1878.9307544044298,
   -3679.687185973668,
   1545.214523931997,
   -329.37020657514404,
   -10246.601463421883,
   584.6507279386265
  ],
  [
   -3926.087371981227,
   255.40949314798763,
   -1772.7819852410512,
   1213.1588892592733,
   -783.4859905591858,
   -170.56043565823632,
   -846.3386068991649,
   -221.5442012113307,
   1353.5257815005964,
   164.8146381463041,
   2567.8843750043716,
   2214.275502084637,
   1590.976570198491,
   -722.8738216966603,
   595.3636052423216,
   -928.5291347636532
  ],
  [
   -2932.211984631847,
   -2914.727374776276,
   -557.9440068242486,
   -5645.474101105504,
   -3439.029428356568,
   -565.2118778945483,
   867.7320269042573,
   230.91325395802474,
   -3462.784270773093,
   -1583.3714964781193,
   -1712.8729469876941,
   2181.057452545855,
   -4663.647156671944,
   -1276.8741552863435,
   -14759.966953248582,
   -1244.8640854728212
  ],
  [
   -4693.562081801486,
   -2431.8799463670452,
   -3798.5298106175837,
   595.543280005854,
   -958.62305052211,
   148.19212688684883,
   -289.46806172581864,
   -158.879228502762,
   -1140.0877586322304,
   2253.610959483405,
   507.25648920988607,
   -3136.3325445733003,
   1675.9929942216293,
   3901.2848640198417,
   -18780.337705310507,
   348.9657465566986
  ],
  [
   -1171.900033062272,
   -1504.9368499855625,
   1504.76697013613,
   -808.6753252292043,
   1533.7425166462772,
   -162.22584178553208,
   -2653.5957789062027,
   -1286.3380189702973,
   -376.3396509586823,
   2605.498329935284,
   695.4004057192248,
   -1459.3824835537089,
   -4160.489255155453,
   132.32958842824334,
   -6818.945136582979,
   -1292.2631719582705
  ],
  [
   -10837.038220880424,
   801.4321502508365,
   -1521.4684349493482,
   456.22910107323696,
   -4214.137003559338,
   -6239.346892965045,
   -1331.327926904628,
   1555.9776859718588,
   584.0935156638774,
   -5262.432155030359,
   -297.1397096952054,
   895.4865877922094,
   430.93925427776844,
   -3842.2850608779177,
   -11727.11857545182,
   -1534.8127269487434
  ],
  [
   5366.817906728883,
   4444.124993940252,
   1465.241034316101,
   -514.9520944013902,
   3240.805566540609,
   -2756.3577534508067,
   3213.136837732936,
   2531.346510477352,
   964.3086304392114,
   -7095.128142102684,
   -359.9495164496256,
   -3468.234522229664,
   3626.285303454547,
   1370.8864870569528,
   5954.65806839045,
   -2184.681498016273
  ]
 ],