{
 "input_nodes": 12,
 "hidden_nodes": 16,
 "output_nodes": 20,
 "epochs": 1000,
 "lr": 0.7500000000000002,
 "output": 0,
 "epsilon": 0.01,
 "synapse0": [
  [
   -452080.1230792829,
   -56822.39544793388,
   -900355.7720492881,
   -425034.9563903541,
   -1215712.864062561,
   -700644.4599359964,
   -18530.300574372508,
   -374741.15887211444,
   -272938.0370310282,
   -626048.1168510119,
   -22506.697241267033,
   -50884.044576736815,
   -173334.47791867884,
   -252076.3951543162,
   -442284.8739623272,
   -329169.5044473992
  ],
  [
   216285.83270787017,
   42677.46250245986,
   376235.7961449469,
   143249.47631327828,
   590606.2272273186,
   287919.657817765,
   22910.16938834589,
   145883.76686003205,
   81868.48674122861,
   256020.04105281056,
   39309.550411458484,
   -29103.361883905625,
   135859.26075458474,
   88249.30635825977,
   302695.3332188526,
   137474.07885459074
  ],
  [
   -154784.96869198608,
   -30574.825960692302,
   -342597.3448803397,
   -101351.25162292963,
   -281917.4271006615,
   -271741.4845073737,
   72092.07422666211,
   -76755.4594969137,
   -181009.07648219235,
   -297643.5184210462,
   -116917.12743627753,
   -44110.06113554062,
   -66767.04033486142,
   -83248.55710583486,
   -13798.574823203679,
   -60764.772009083856
  ],
  [
   -437667.1328013831,
   -919.2663579850049,
   -1053960.7937961887,
   -450988.0844365595,
   -1026295.7341878471,
   -759286.3911153077,
   -15626.769898742305,
   -449187.7710574877,
   -569651.709262788,
   -841557.3228803707,
   -97004.07842022653,
   -190319.3950976049,
   -18800.71025134384,
   -310527.8314693023,
   -183563.76023618854,
   -296534.0368282551
  ],
  [
   -161845.24812130103,
   -60516.9290405155,
   -390532.361410612,
   -212440.96772812662,
   -323610.7211754578,
   -261492.71086961057,
   38273.39191530335,
   -115948.41079178039,
   -124443.21414254885,
   -252104.30459458008,
   21967.064735772154,
   -98068.59060739851,
   86590.59203917035,
   -112914.792301767,
   -99432.58061220498,
   -121353.87150563409
  ],
  [
   -30038.309760106087,
   63422.76485141896,
   -152818.42669049205,
   -67877.6440970121,
   -183183.46962704224,
   -56801.80913298191,
   -21067.015594454806,
   -78918.22876634791,
   -148158.1197026052,
   -130715.28060048608,
   -2210.7759103363987,
   -27054.440428035272,
   -39695.39154328429,
   -40462.550659789544,
   -85686.49220446961,
   -40211.47954731895
  ],
  [
   -65837.76986055038,
   65651.3624806907,
   -282437.2864946812,
   82107.4038070535,
   -206013.57053539902,
   -152189.23097369616,
   -15829.860381282935,
   -80498.12807249112,
   -52529.42829569194,
   -292097.7027886679,
   -12566.391288202323,
   94161.30207625273,
   -175680.08140938455,
   5927.8590403146145,
   80418.95172770499,
   23582.04222724449
  ],
  [
   -162370.63302265716,
   -60772.89439506264,
   -387704.750565778,
   -219672.35952900816,
   -316314.31372168503,
   -247397.8159596957,
   29163.954823385324,
   -128701.10496159387,
   -114976.2834018012,
   -251412.3624972203,
   36584.72625539691,
   -81158.97752799741,
   87492.24421341592,
   -107845.2400962892,
   -93701.97265771673,
   -127567.71173044009
  ],
  [
   -33933.384936227136,
   63197.289407227276,
   -146075.27254087644,
   -73631.84714187642,
   -172136.37248543394,
   -56259.449817562476,
   -20710.180143090547,
   -71605.99983275664,
   -144895.90864853165,
   -139384.86277434067,
   -6140.143582310548,
   -23931.90438123077,
   -38876.91920011052,
   -38569.745750250564,
   -90204.90041789848,
   -35872.386300630715
  ],
  [
   -63824.81530572982,
   68435.44543445138,
   -274270.6552615573,
   94439.74550761026,
   -191556.46641015317,
   -148797.74434426133,
   -18638.26945354466,
   -78622.93877787075,
   -51800.05621542101,
   -286025.16013537993,
   -2315.041964480306,
   127641.88624194077,
   -186674.11268084846,
   9324.096959251852,
   79675.04585913343,
   32053.310878935135
  ],
  [
   -160920.73734137084,
   -40073.22469412831,
   -561641.3117133116,
   -212618.34499934368,
   -474707.75789404917,
   -378584.6384291331,
   -30560.45900358931,
   -169290.40275043045,
   -293957.18152900256,
   -399476.00569792825,
   13628.76402553398,
   -100511.81926967483,
   5246.335555402829,
   -170092.60980349279,
   -105282.17302132824,
   -113433.92769274654
  ],
  [
   -83840.13634804287,
   88768.48149539961,
   -59201.7570372663,
   21715.173690659798,
   -73821.74416396822,
   4877.128157258838,
   68175.58523388089,
   -49961.51040817884,
   111203.95115447795,
   -145202.9140462275,
   22269.94081926452,
   76260.29079366317,
   -48320.71961184391,
   89245.76273650286,
   18787.9370031095,
   -28433.064564178763
  ]
 ],