{
 "input_nodes": 12,
 "hidden_nodes": 16,
 "output_nodes": 20,
 "epochs": 1000,
 "lr": 0.6000000000000001,
 "output": 0,
 "epsilon": 0.01,
 "synapse0": [
  [
   641.6393525812636,
   -1229.7633454568638,
   292.28211010248447,
   2902.312031120628,
   205.89733258044492,
   -2908.37280027214,
   2428.8279097601257,
   713.8164750360842,
   -4742.935710218634,
   -830.5072063109512,
   -237.86486666224224,
   1581.125952616758,
   -4436.333524370523,
   3998.3751039740214,
   -5824.840285656359,
   -848.2075094441956
  ],
  [
   676.3437085275847,
   -1540.2647955755817,
   -4256.138857586162,
   425.46440698566477,
   3260.133083948935,
   5154.932983618603,
   -20094.374705207523,
   -10699.23865093701,
   469.7082152039366,
   -5009.778998075267,
   -5251.743098976249,
   -7910.545725739497,
   -2956.0022570455094,
   -876.5575823740717,
   135.70682360024296,
   -3127.5838845536473
  ],
  [
   -2847.7840498482965,
   -638.3597168008477,
   1290.069018050364,
   -6124.984764514332,
   -14963.983563325442,
   1874.7629272835727,
   5025.305150636841,
   -2447.142441236158,
   820.5579965142825,
   -2505.1970830341706,
   1625.8874691803658,
   2442.4557686418884,
   2167.813919692144,
   -4560.428071469398,
   -1856.298083101936,
   379.688076334421
  ],
  [
   -2036.473321221981,
   -6289.1888987973125,
   927.163503663077,
   -7192.260637292339,
   -5809.465683893848,
   590.321524398783,
   3205.6283574932622,
   -10386.640899015552,
   -2217.8415393201094,
   4330.189447317415,
   -270.14229874852634,
   6774.223738513218,
   -17006.01683727657,
   -7382.610546300516,
   -2312.0535831626557,
   -4587.8420072908
  ],
  [
   656.5456654544647,
   2354.8050909896897,
   4600.641768980756,
   -1392.1773284175692,
   -2622.5354844343397,
   -1886.162613895442,
   -6253.734718989498,
   -4915.697851864277,
   -2864.963773754602,
   394.5620462904463,
   3576.1509835085285,
   -189.44713360508317,
   -261.68549522118997,
   -3310.116422745898,
   12108.904667191422,
   -1063.4193294341028
  ],
  [
   -1243.8557723126567,
   -3504.945300603089,
   236.2913498720558,
   -3129.1062725130814,
   -421.82452334584207,
   2578.7782877005293,
   -15991.317486065398,
   -22665.6189949879,
   684.0977336100472,
   -21.475020468317595,
   -769.2501057280209,
   6135.838302321052,
   -24649.707970647854,
   371.1008531392654,
   2131.8321598147936,
   -4610.804924401151
  ],
  [
   -773.5530857350054,
   1087.102947881484,
   362.2893642467968,
   -17.822370026705336,
   -135.93109075603175,
   1599.9734623180595,
   -6579.614721377464,
   -3136.992771423646,
   1374.8754340383227,
   1271.6873596108067,
   -1183.4117292890965,
   2845.581677437569,
   -5578.011387439348,
   1424.2035933552363,
   -1763.529887805942,
   -6429.944837154805
  ],
  [
   -1322.5145317407842,
   -8352.726644889455,
   -2746.8252001609826,
   -327.24468044945814,
   -2513.071726536069,
   -4210.72141210639,
   -14377.64030358265,
   -8104.4288627173055,
   -700.579925754993,
   676.8867886850271,
   -6387.151818869159,
   -2566.773017689813,
   -8331.46109737418,
   -1499.703249001732,
   -10678.873253461563,
   -6320.538765653898
  ],
  [
   753.9622679653037,
   -1001.2098765215388,
   3859.2846549119795,
   -79.56901526727586,
   1415.109238884273,
   4905.787965586266,
   2842.511776951244,
   -1560.0174733112965,
   -696.2262651449353,
   122.89426075125436,
   3296.1242471782257,
   1606.9661262959985,
   -5434.805432075836,
   -1510.7270772472,
   -2067.516673769872,
   -5734.388661361839
  ],
  [
   758.4567979274167,
   1538.3116266625482,
   -3458.421084074554,
   -715.4350346522418,
   2695.6748985143863,
   885.3081768774953,
   -18415.288917867594,
   -269.7634817145098,
   4516.966360992281,
   -223.27493820551967,
   104.93249376524737,
   1230.6746380284867,
   -2680.3712554944877,
   1166.6463822581325,
   -356.4946330842645,
   -7190.065609788779
  ],
  [
   1155.208135997748,
   -10372.420982808546,
   -3484.0987896016527,
   -1981.044256047357,
   -924.5048925965745,
   -10914.34323379665,
   -14042.246545519654,
   1477.5495853775183,
   -5698.255654156741,
   -1546.8747524647913,
   -3841.4478286506433,
   -8307.132947877553,
   -6331.494547063685,
   -5582.824426001888,
   -538.8352471219845,
   -2999.7241494294026
  ],
  [
   1423.3507567980748,
   14636.010179357114,
   -2064.7044040417477,
   5608.972406379849,
   6650.033955704381,
   -3135.4069389395536,
   -20771.71853865824,
   4152.6607448294735,
   282.2642434793011,
   -2518.7769380908926,
   5100.283341240056,
   -321.92340201078366,
   5917.117996505324,
   9157.686207710352,
   5848.993190020837,
   -9574.33613735466
  ]
 ],