{
 "input_nodes": 12,
 "hidden_nodes": 16,
 "output_nodes": 20,
 "epochs": 100000,
 "lr": 0.9000000000000004,
 "output": 0,
 "epsilon": 0.01,
 "synapse0": [
  [
   -448100.02870042104,
   -56694.69546033895,
   -885360.9300700855,
   -420655.64316545776,
   -1214900.5096326314,
   -690836.7414711396,
   -37411.90981888335,
   -372881.13411288377,
   -259060.58215862093,
   -614650.6951316367,
   -16258.83966123821,
   -47213.03151470239,
   -169958.84737159553,
   -237216.96395416564,
   -439706.2145144006,
   -324408.575999888
  ],
  [
   218870.81558256518,
   43461.7910474419,
   376900.7249946395,
   145885.83704425456,
   593378.8126308048,
   288068.0002844326,
   24264.62188941432,
   147164.53953234619,
   77662.78984260125,
   253477.51570730843,
   40473.62434101518,
   -29403.04594506764,
   136288.2263860703,
   86248.49449576186,
   302880.03733673267,
   138918.9203145655
  ],
  [
   -149736.88531096137,
   -29771.822685378444,
   -333929.3512313692,
   -94183.05407994424,
   -283062.00576287933,
   -267319.75153406104,
   60185.5187746463,
   -71865.0094265859,
   -176696.54764643995,
   -289101.8291301304,
   -106922.98216548083,
   -40099.522747656636,
   -64772.80113831144,
   -76700.9233869983,
   -9299.851569215629,
   -56206.65112130228
  ],
  [
   -430159.6819071534,
   34.17805006185696,
   -1038809.7866252209,
   -438551.08929534414,
   -1027447.6646216366,
   -752845.6072152323,
   -30358.097792854936,
   -445765.8631740346,
   -564215.6225022852,
   -835569.4064787609,
   -86814.27487951287,
   -186303.34658115663,
   -16264.65538181682,
   -296074.7128619491,
   -181106.426341262,
   -288697.50078528584
  ],
  [
   -158392.98792005074,
   -60577.33579164901,
   -381208.2021097823,
   -212550.96046724092,
   -322180.9199352298,
   -256398.84714285823,
   24255.354286175327,
   -120813.45656576911,
   -115287.18909134585,
   -245661.38653851688,
   25728.18318946375,
   -96057.42333400354,
   88678.78457445005,
   -104897.54244899376,
   -97867.16638365683,
   -122808.69697481803
  ],
  [
   -26507.77938015404,
   64653.09110990938,
   -143353.63796446883,
   -67670.24961255364,
   -175670.1304181708,
   -48571.49212898538,
   -26487.8990166018,
   -70671.40418763044,
   -144140.01288731996,
   -125159.80271291974,
   2872.7463446587526,
   -25121.21320609513,
   -38164.5306061139,
   -33569.65266911486,
   -83930.76429023371,
   -36694.72457998916
  ],
  [
   -62436.46305461897,
   65956.81745928526,
   -271088.7805452344,
   87739.3689231492,
   -201983.19979805333,
   -146951.81015156844,
   -24848.23206959713,
   -77491.99903559286,
   -44168.94029122402,
   -286782.91634636326,
   -8213.542352249106,
   96659.95806221158,
   -173926.7891301429,
   15075.806909709614,
   82480.75288065828,
   28994.265481289665
  ],
  [
   -160485.50471289427,
   -59761.07748117006,
   -381486.53933319513,
   -210234.67270357578,
   -323210.69549435144,
   -247155.86096711413,
   26419.017828062573,
   -122516.69267179874,
   -112766.39160950619,
   -249653.69220726576,
   42352.40419208319,
   -78842.12959433824,
   89381.5821156541,
   -102406.73434678206,
   -91470.43863548334,
   -120633.55423079629
  ],
  [
   -29308.01219473187,
   63650.923073310114,
   -144119.44307072271,
   -69194.02284095401,
   -174485.10961576665,
   -54401.754691794864,
   -29252.246676568244,
   -76424.75750512767,
   -149598.96951719074,
   -139442.1090848308,
   -2380.2750740908987,
   -23076.049145725305,
   -38449.21633044234,
   -36588.86576415942,
   -90245.16263877474,
   -36296.66179537941
  ],
  [
   -62145.067228027794,
   68926.58749226901,
   -270686.9945293688,
   97606.82059162905,
   -194055.11361928153,
   -148674.46135597565,
   -27316.67928506298,
   -72471.42799975147,
   -45960.650914189144,
   -287240.3678928658,
   2002.9233156994417,
   129916.9622931128,
   -185072.84724425164,
   15774.795985350824,
   80836.74113218371,
   34807.283401567074
  ],
  [
   -157909.32806320037,
   -39717.96663667016,
   -548259.0350189314,
   -212492.1517237376,
   -470440.4406469128,
   -369378.16358302056,
   -43070.956712135805,
   -170212.7286681883,
   -276421.12575518095,
   -388642.06298997067,
   18705.612800565847,
   -97147.06940117541,
   8673.693375922325,
   -155675.70534986342,
   -101611.82313766927,
   -109588.09411267159
  ],
  [
   -89427.1241846292,
   88445.46948192714,
   -69705.06279754468,
   10416.938820253745,
   -77257.14265692644,
   874.5098624852002,
   65712.09757569533,
   -53362.29019019901,
   116202.61174299427,
   -147562.8726593956,
   15765.15302988649,
   73907.08258180552,
   -47577.15575103705,
   83553.35474922825,
   16983.380036916267,
   -37766.875060770486
  ]
 ],