{
 "input_nodes": 12,
 "hidden_nodes": 16,
 "output_nodes": 20,
 "epochs": 1000,
 "lr": 0.7000000000000002,
 "output": 0,
 "epsilon": 0.01,
 "synapse0": [
  [
   -7004.0685480014745,
   9988.411909180479,
   -934.6475689413847,
   -5909.994860394564,
   -7383.216774889163,
   -3022.2772042053657,
   -7333.766353300982,
   -7629.471758759551,
   -6273.351316550304,
   5968.520654721335,
   2461.560083258263,
   -10458.264985318592,
   -6856.499144278759,
   -11115.373244028888,
   -5296.994186628997,
   -14245.51248811195
  ],
  [
   4914.797189338192,
   -12800.247122775098,
   -2019.7848638462165,
   6642.339548024023,
   3986.1711169237556,
   5601.719839870083,
   5531.609936692688,
   14614.306572976455,
   6379.16153667351,
   -5492.827201453279,
   -4560.506242024588,
   10158.60065546182,
   3575.7797421612013,
   10524.240736538175,
   -1437.9911927595635,
   16494.220457934473
  ],
  [
   -14981.372077041218,
   7190.078130246073,
   -7463.376770299985,
   -6794.631470150084,
   -9566.837427033746,
   -22331.11715623768,
   -27063.578379839557,
   5965.372972715566,
   -25682.090224933923,
   -10294.511163408903,
   4632.310206523689,
   -10379.22172171115,
   364.77915494407165,
   -18001.285732894186,
   -15539.386389759238,
   1875.1295049746516
  ],
  [
   -15376.696424449327,
   -21953.557356800276,
   -11538.75728026218,
   -9102.00520418567,
   -21956.223363220895,
   4339.316699156164,
   980.2654694666038,
   -30855.189867520305,
   -3222.315551441068,
   -8211.798055139257,
   -223.9034844717847,
   -8542.431826651726,
   -2766.826855956074,
   -1505.2807707647407,
   -224.6472838815718,
   -14005.95242485642
  ],
  [
   -3335.355000025198,
   -28240.13907969158,
   -18419.91557177877,
   -3331.7081061529525,
   -9831.157303520644,
   -923.2878285490169,
   -10762.171782211573,
   -27596.66877069987,
   -2662.925485513655,
   -15935.402110896237,
   282.97161502601415,
   -6803.247122015096,
   -18678.133416238696,
   3600.4375668145262,
   -24.16453893745441,
   -14114.163235968128
  ],
  [
   -10125.432921711843,
   8806.86177190253,
   -664.551770356265,
   -6765.719817794997,
   -13152.498691569186,
   -7942.561807046927,
   -6932.6818731070025,
   -21420.08049696297,
   -9704.066157497607,
   -7494.676672539558,
   -4345.598909242683,
   -9101.113397847068,
   -8655.155153360292,
   -11080.069239780527,
   -8484.921743223029,
   -12092.619040680709
  ],
  [
   4533.960361322143,
   4288.078070394423,
   5764.944073896645,
   1119.589158339607,
   2189.766032238638,
   8164.726985490944,
   8333.608537156486,
   4226.44053244536,
   4326.4608896226155,
   3019.0275323625833,
   -2072.6098324970326,
   1109.1327757634924,
   -4648.16147815161,
   -2875.3079179701353,
   220.0697119520605,
   7124.657249042309
  ],
  [
   3210.40414409137,
   542.0238695376153,
   -3701.8592602960102,
   3459.964087459199,
   6406.281008256591,
   1695.0094294433318,
   482.390402282464,
   30565.0292185681,
   2676.6617775396694,
   4157.699476658808,
   -770.8571018621947,
   6275.466678285981,
   6892.546492148325,
   -3638.9195210086573,
   -9916.528332264712,
   15171.429066773233
  ],
  [
   1871.0115215152562,
   -7515.451430368735,
   -6747.730034374271,
   -2068.523462103629,
   7452.906690991583,
   5737.720815521972,
   6246.6156743619795,
   15796.046279011076,
   4781.643743013078,
   -122.82158092159446,
   2877.865683580486,
   -3133.1403558429292,
   2333.3051097668094,
   -11637.66049440751,
   -1743.0391776202066,
   11662.87733464134
  ],
  [
   613.5366007455249,
   -4578.406026352313,
   -6451.717070092374,
   5522.469645210725,
   3116.945793950606,
   14474.260934232334,
   14048.70404541731,
   22087.771160606655,
   13409.622651882133,
   2749.053396530494,
   1815.6742901804885,
   6124.425823592459,
   9342.698522762284,
   8670.969774747628,
   -5276.552271811625,
   14543.046473745306
  ],
  [
   6775.403668433622,
   18448.027801322674,
   19769.67327104727,
   11625.597553728774,
   13719.191638029204,
   8651.084856666881,
   16256.667588941367,
   40702.36300039914,
   13163.117847276058,
   18550.452318564454,
   1327.3583543694217,
   10193.34198430017,
   4291.013239218695,
   6959.49629763175,
   2083.6060097048176,
   10202.850080122205
  ],
  [
   -818.3022984062563,
   -15212.599160858183,
   -5489.652234311842,
   -5709.957943289204,
   -13621.644717360583,
   -7316.918147879947,
   -9965.969287774818,
   -21376.530090634205,
   -6009.439412666877,
   -4654.22118507921,
   8.570571737887452,
   -10312.851236226323,
   -7600.7923481427215,
   4591.072562476436,
   -3135.467999252195,
   -11607.716472358961
  ]
 ],