{
 "input_nodes": 12,
 "hidden_nodes": 16,
 "output_nodes": 20,
 "epochs": 20000,
 "lr": 0.5,
 "output": 0,
 "epsilon": 0.01,
 "synapse0": [
  [
   -750.7226725975612,
   109.0590878054679,
   1487.406144693836,
   -683.6290050320906,
   3157.358493187972,
   -3126.848113316094,
   -510.45487855579137,
   -2039.4456493005728,
   -6.773586212686575,
   958.7235688965451,
   -6017.247551032713,
   -2029.7082752825202,
   1162.2161389065702,
   -1814.4674601683826,
   -2537.20553494385,
   1818.8559418541192
  ],
  [
   -23.75593537651581,
   -870.0476930762524,
   -2258.5415683455662,
   2743.9665108609324,
   1293.6850350409186,
   1543.555974424165,
   1753.6258317324164,
   -2277.930498562904,
   -2431.176778651482,
   -334.16931151202414,
   -650.6439462737677,
   3634.3371313439575,
   135.5939540172276,
   6667.873682786638,
   2591.890961968871,
   -1183.569374841598
  ],
  [
   -36.028103125868846,
   1617.6088894887298,
   -2900.0466703820102,
   1575.107347296873,
   -1590.056528795747,
   47.05215688791894,
   78.1267754821793,
   -2245.0142785174803,
   -857.1788233454815,
   -123.79023054393163,
   5226.853167477337,
   1969.794205914743,
   -2827.7881088695094,
   988.5410355612944,
   619.4922125187001,
   -3589.9260346089
  ],
  [
   1424.6468442046896,
   1539.0056453394013,
   2393.5507630487255,
   2789.1127202871603,
   2190.844609506062,
   -2679.6759591398954,
   2138.0440105337098,
   3062.405597842193,
   -494.88020898244076,
   789.0705747417925,
   10445.402306029053,
   1051.7339977878746,
   -1221.6711725320165,
   -4896.621687575223,
   -3424.558452148538,
   -939.1731750041297
  ],
  [
   -3982.9062989258955,
   2091.7184103100562,
   -2085.0422226136825,
   -4271.92957027239,
   -7525.049180968901,
   -3635.7425994485184,
   -1502.846260020632,
   -316.7299094705633,
   -2800.529641763641,
   7.520162929672786,
   4547.064344505772,
   1588.2366876231588,
   -727.7765996466908,
   -1173.7538720117707,
   -2185.371329991277,
   -3346.798729127897
  ],
  [
   180.3360652583979,
   229.59589803211864,
   471.08235891891997,
   -312.2654192647518,
   -8615.317617239187,
   1047.098654957538,
   861.4740607110299,
   -2911.0540830560844,
   1766.8735885784465,
   -2924.286222421302,
   6034.649819664424,
   -1942.4502264735515,
   -3243.990543654621,
   -2842.2670422419546,
   720.3704848436524,
   -6268.002078832034
  ],
  [
   -120.01441943636566,
   592.4074935436164,
   1649.724256643146,
   1297.1952821653824,
   -1002.5623859698545,
   -986.9300107969808,
   -1756.2061608612219,
   -439.03492666130586,
   1267.1600422873846,
   1754.4314315341012,
   -573.0006048283707,
   -2804.813501054339,
   -716.664546411332,
   -7918.16269345058,
   -2469.307441235596,
   2168.139977302038
  ],
  [
   -1437.927566207266,
   -1565.4396821371222,
   364.4734648509458,
   1033.4974026496027,
   7961.968698449981,
   -3642.438288211931,
   -933.2109861723026,
   353.2536939769088,
   -224.0971467854081,
   3024.219568662265,
   -10503.913440128485,
   -2367.073015824127,
   3556.700910738218,
   -1176.007922308325,
   -2572.2617819229336,
   5436.090366722941
  ],
  [
   5255.349578500033,
   -2014.1807632809548,
   1094.582513161844,
   -2040.055891748865,
   -232.43882976575838,
   4176.315852327394,
   -228.09954219559813,
   3229.1927328537854,
   -399.5003823164191,
   -1607.926038077907,
   -916.2091256857933,
   -2862.557843065756,
   -2011.4666413758637,
   2401.189846263847,
   1126.5754638920625,
   -1882.4401720864491
  ],
  [
   -5193.867931877283,
   502.7648614198002,
   -4580.813903937755,
   -5789.637664477505,
   -2102.288982561504,
   766.0979373226919,
   -2073.0526771311684,
   -1797.0846713144774,
   -57.20415382300007,
   357.5686186399784,
   -9538.031763449948,
   -2727.7986776135963,
   3813.820389038883,
   -2417.347351841666,
   -557.4402205661767,
   -664.3874917828828
  ],
  [
   1458.8022311172845,
   1779.2583456891593,
   -3798.1638468992874,
   253.7536866075775,
   -5165.455451783263,
   -1259.6661617815168,
   -4295.452128227549,
   681.9029714033853,
   -926.1884481380088,
   -542.5453062401666,
   -14923.65794189067,
   -4966.422536743783,
   -1514.8024090275483,
   1486.7207713629996,
   889.171464549846,
   -1482.5897567495679
  ],
  [
   -1013.9407117381478,
   281.4303631399943,
   980.863820428543,
   3134.661269618534,
   3345.6273170148665,
   -3988.003485348924,
   -4663.533526678846,
   -1931.6574980269563,
   -18.289354998414105,
   -1145.0481283919503,
   -1102.3468988805078,
   -2170.4475021544554,
   4118.289478951586,
   -1410.2297442693994,
   -2958.8098945413267,
   3109.805033847372
  ]
 ],