{
 "input_nodes": 12,
 "hidden_nodes": 16,
 "output_nodes": 20,
 "epochs": 1000,
 "lr": 0.4,
 "output": 0,
 "epsilon": 0.01,
 "synapse0": [
  [
   -398.88618161248354,
   963.5447358803193,
   -882.2802568817282,
   -220.7401441617879,
   -0.8288203271129404,
   1.4722357078846833,
   67.57537759996896,
   -217.61687355210628,
   145.04947176788434,
   -107.84909028469508,
   -529.8109609459083,
   -25.34165366920759,
   -215.50163029819288,
   -369.0509561496126,
   -256.70310411603657,
   -75.12519596382216
  ],
  [
   237.46789146716247,
   -953.4329200999189,
   435.47745066606524,
   251.6414623521994,
   -137.8900297330922,
   -942.706852482942,
   44.30914180867841,
   -450.5240109275876,
   -518.5474698166975,
   331.1284884688851,
   582.1496638986021,
   -115.03459067675112,
   680.3830001065008,
   313.62572515607195,
   735.6389369836282,
   109.29015459522182
  ],
  [
   217.70349611742574,
   -176.22744327382847,
   1229.8544460589787,
   -134.8564631056738,
   -105.59398385323918,
   -634.1513128375672,
   -230.52686445851737,
   -306.2860318569045,
   -242.90365019832814,
   -427.4403568949703,
   -1420.498010772556,
   -861.9127856721865,
   -561.4996547312329,
   -90.9571675101067,
   -956.9770031997756,
   -240.85050552068
  ],
  [
   201.85351683630373,
   444.9482781624393,
   152.35254094442834,
   257.6232032659937,
   -352.27129772975303,
   -436.40954807569955,
   -410.0902990833657,
   -163.53837200957912,
   522.0359632512057,
   80.63608362730399,
   -1866.6431388355243,
   -859.154232525983,
   256.0729426810433,
   452.19224290626494,
   -416.29750716527377,
   -356.10839422902825
  ],
  [
   851.411030491388,
   -80.05532377567793,
   371.36567192538183,
   -455.4167771911796,
   -5.932670237077814,
   -626.6475115452745,
   310.5609481546484,
   -221.01631778722412,
   -344.61443099977873,
   -963.9576349550324,
   -2720.9644397093653,
   -1307.6026283079423,
   -1236.8659732655515,
   105.01151671701716,
   -773.3386516914981,
   -444.5427410187641
  ],
  [
   -1747.5066884801754,
   65.42364899092415,
   -502.0718353993136,
   -163.30854370050125,
   33.778876509038206,
   -702.3818982033713,
   -556.5727964725086,
   -282.16750634328076,
   -277.3686997856228,
   -1028.68474643804,
   -1009.6356478696505,
   -607.0477165621814,
   -465.7303765840596,
   -1056.1789038856364,
   -1035.0714724187758,
   -366.9025444689932
  ],
  [
   -709.8840974086918,
   281.5727167909539,
   -284.34701044185846,
   352.5881036227638,
   -458.8641077406611,
   511.1219295840877,
   -696.5864755460882,
   -132.27159797365124,
   572.8366222653882,
   -128.97518756993762,
   -816.1224450719859,
   -62.21396981036873,
   -7.207147411172715,
   27.039900046990965,
   -762.0473160540366,
   -166.749678317799
  ],
  [
   462.0952434810904,
   -550.386513589775,
   -842.891782702085,
   587.3889193168683,
   -564.2104919896996,
   1063.9037122593973,
   -41.144497726333064,
   -326.311223278922,
   466.01394805132236,
   -65.48770791069519,
   490.63159951990036,
   85.94097716165575,
   192.01460565683135,
   807.3567886542405,
   -389.4450097056551,
   232.61113650540676
  ],
  [
   -927.1760270973091,
   -925.8788548067895,
   -648.811927830233,
   501.81938270089984,
   1287.8866628801952,
   58.631849727684326,
   -296.8373196577667,
   500.36229675643307,
   -1108.8811837859982,
   599.1442373101034,
   585.9558630155475,
   249.74426534033702,
   -451.98929671889124,
   -907.8965453304781,
   -1396.7832434487675,
   -84.93921219424395
  ],
  [
   -186.09910675597212,
   -477.0956037581007,
   -690.7767300650609,
   -360.48342341066837,
   -123.72126937178062,
   188.57086405523506,
   482.63291406940453,
   -45.65734180092542,
   -1104.0114717372614,
   -645.4944373835023,
   2355.1255172770893,
   694.165202414032,
   390.60106773947143,
   -484.48725091541223,
   -1231.7899225523909,
   96.94102593773493
  ],
  [
   445.55743261115884,
   339.20552951332826,
   16.541519641032032,
   -13.517301226345364,
   -272.291774374167,
   -255.00083403631916,
   750.1973624478032,
   964.8050749642033,
   -503.45012867482524,
   375.6660961438667,
   -1364.452673013455,
   -679.2159157155015,
   -767.626766965731,
   -6.9594465208917615,
   1467.7114434783336,
   -293.3520547054684
  ],
  [
   477.6775284201003,
   409.01415231665607,
   -606.41465104374,
   391.43159094065436,
   -405.67916890678725,
   115.40708771166534,
   178.4439331994382,
   -742.5451863910787,
   168.0402045216378,
   264.6242722853659,
   -1388.7961910655733,
   -533.539394347766,
   398.07746809317524,
   661.1225235737526,
   1425.3691122113808,
   -141.62532818805852
  ]
 ],