{
 "input_nodes": 12,
 "hidden_nodes": 16,
 "output_nodes": 20,
 "epochs": 1000,
 "lr": 0.8000000000000003,
 "output": 0,
 "epsilon": 0.01,
 "synapse0": [
  [
   -1169.2754501360369,
   -558.2889556679396,
   -2383.3807249214083,
   -83.58315512052538,
   -2.075026626145305,
   -3160.485142698546,
   -2042.900593690053,
   -354.8981584554581,
   -333.6639698096575,
   -441.98134448503987,
   136.6294139669297,
   -893.2990802704537,
   -715.9875163147469,
   -331.65777295024066,
   1010.0923011370738,
   138.0913482334953
  ],
  [
   1045.66679416356,
   524.0960653124923,
   704.0081634934229,
   -3041.8417559256136,
   -1410.3201246177614,
   813.2377379584259,
   669.4671142007862,
   -409.07744089555024,
   327.4809248210564,
   857.4497550299333,
   372.1242347928786,
   268.15932683266936,
   879.434016598061,
   697.7010682024546,
   -202.57031840622537,
   351.3133292038854
  ],
  [
   895.8467542286503,
   1167.3487760824314,
   366.76855759985517,
   -5095.711831912154,
   186.46491939807603,
   2119.2452184451417,
   -3877.9849412103845,
   877.1736713105009,
   -374.8563424143431,
   65.77326973138199,
   1682.6881808327694,
   -270.1936545595826,
   -741.6215477710376,
   -607.3232538432209,
   546.7839018535271,
   953.887680950881
  ],
  [
   -2540.7979284095095,
   1045.4326395451073,
   1027.3460303594497,
   973.076110150119,
   666.9521799657676,
   2290.4694405712976,
   -438.2544407948197,
   293.1679147391567,
   305.09234954365985,
   -515.9554236848406,
   764.5989731545145,
   1137.2258508323118,
   -926.9059676320138,
   -2047.080781034062,
   -276.3063029518573,
   -650.5980111354501
  ],
  [
   127.66093884723242,
   -395.10835432430036,
   -2766.6361628524623,
   -2978.3121635806615,
   924.8298045643579,
   -3412.4488463589214,
   -1054.6040154750494,
   531.772909939538,
   -873.0824084973665,
   -712.029420841252,
   671.0279999757877,
   -1790.9808779121065,
   -584.3679137474052,
   1205.9777502445572,
   -24.899460160101178,
   611.4362578996138
  ],
  [
   423.02116878705806,
   -208.8109206409389,
   -4971.474037122394,
   -1169.541810645815,
   62.83313532091024,
   -7248.007221773274,
   -495.3046579684126,
   -624.851283129023,
   -184.25994912417278,
   651.7689972043563,
   -429.35733033756384,
   -495.8285493305098,
   244.6119680913929,
   -37.662212156392386,
   592.0607123563461,
   -433.13847739491064
  ],
  [
   650.1724813994646,
   -465.144196040825,
   -1958.3524536533378,
   -5783.721758822681,
   232.96599423503085,
   956.272395986227,
   -1447.4241729384698,
   29.677028300323084,
   -143.79252706261232,
   -812.150948401015,
   -390.27255659044596,
   -2148.7477137545893,
   -234.24716754251952,
   696.6633823567897,
   -174.80409006403855,
   288.8800760103934
  ],
  [
   -1289.8302492092935,
   540.0711417507741,
   -694.0529362674185,
   429.94736484641095,
   -107.53643312182349,
   -2139.7929044662405,
   2540.0208437208075,
   362.4491959505652,
   720.3940533963693,
   -652.316608658323,
   -560.5223833386245,
   688.4814824277026,
   401.0322218659916,
   -1139.7523904253558,
   -644.403821318782,
   -682.6301325087558
  ],
  [
   -887.1637248583143,
   -1350.346016672077,
   -4616.191113906409,
   -1802.5700237909411,
   327.7041360876296,
   -7456.623986242452,
   353.4549321235787,
   -2340.570286756671,
   -840.2349624039472,
   -228.0614177719811,
   202.3291375404302,
   -270.86573193815394,
   322.14281639629706,
   82.79381661369518,
   814.4729767719447,
   354.36708228247267
  ],
  [
   -1203.6340820984587,
   51.75468165591105,
   947.1845818961546,
   2423.0501383815295,
   -520.4557340538444,
   652.649499721141,
   -4151.841354498122,
   -446.5865672430289,
   663.7154703084556,
   -1864.297349459776,
   -1881.78088147615,
   -3230.6860520451833,
   703.9797329676028,
   -207.44755102968188,
   -214.41264148991726,
   -1065.6316915351904
  ],
  [
   789.3116526135053,
   489.90339922468337,
   -604.4282101505445,
   -1074.4171502303964,
   -128.54957062278865,
   -1212.2510355355078,
   -1946.7758287839724,
   -87.02880726758751,
   -302.591350375281,
   1903.648625345628,
   817.00806051962,
   1815.795712731727,
   341.0510630999414,
   464.18880052858765,
   -124.47619352075665,
   -627.967534232078
  ],
  [
   838.8057482656369,
   1301.4169509997114,
   -324.9400185821409,
   -2772.4541470365953,
   695.6737252016446,
   -546.2741716483627,
   370.0467819024405,
   -641.1926258067122,
   -712.3705040733289,
   -186.44630341385246,
   -1052.797844289215,
   -543.1856075953119,
   985.8412190142199,
   -471.57120275588784,
   -1788.953645504234,
   -506.0674373909345
  ]
 ],