{
 "input_nodes": 12,
 "hidden_nodes": 16,
 "output_nodes": 20,
 "epochs": 1000,
 "lr": 0.4,
 "output": 0,
 "epsilon": 0.01,
 "synapse0": [
  [
   -720.4048924934494,
   -456.7178318371767,
   -2196.3017537306177,
   -150.95486973488462,
   -303.07651664255707,
   -3479.3609422224476,
   -443.32628856801495,
   -443.98795616452503,
   -320.8070913648064,
   -361.4745110031794,
   -80.93280359126344,
   -691.51260269784,
   -398.99906436316155,
   -18.47089715058198,
   809.659293713909,
   133.71398825579809
  ],
  [
   668.4433361601567,
   72.56995430955521,
   389.371702561703,
   -1525.158707489569,
   -1069.9630782824754,
   344.0615309230088,
   -0.9222378169677948,
   -198.42619616775218,
   303.5580502108242,
   616.9255102461908,
   57.12202577115446,
   256.93277210481483,
   814.528577261596,
   482.9420420516277,
   -87.23210618978544,
   368.28418128934953
  ],
  [
   486.31743916049624,
   641.0182348325911,
   -169.1375977523547,
   -2722.191769998381,
   129.51880975882446,
   539.8726056816145,
   -2129.6014530765688,
   792.6694082287457,
   -338.0907215145384,
   -77.39023413577382,
   904.6202673639184,
   302.8724320113077,
   -549.0087209817634,
   -396.2012086799414,
   369.5062774442244,
   550.4327289513589
  ],
  [
   -846.0183748316498,
   963.8828950038885,
   466.3610863407253,
   54.54007409171852,
   453.8986078733474,
   1519.5850527118414,
   -335.168970891852,
   379.80449905781757,
   334.9180327540282,
   -315.05094266020615,
   688.4635373552053,
   325.7585098614138,
   -519.858542098577,
   -1929.8321255898334,
   -376.35636749213415,
   -559.1414809164087
  ],
  [
   360.11638057781056,
   -840.6748086202562,
   -2397.1617487178937,
   -2126.737015442438,
   530.5149359177933,
   -3050.608722024083,
   -440.09725263827715,
   696.2286258200121,
   -655.6716098991435,
   -611.6810031794407,
   609.2203797009986,
   -1589.3965808113182,
   56.22746564250992,
   746.1310642393424,
   -50.50972011172952,
   670.7700312251482
  ],
  [
   -14.255827465897372,
   54.063272396949515,
   -3597.805974469953,
   -869.0586414025527,
   -242.03669802519047,
   -5833.6956036479005,
   527.830335630893,
   -485.8333195709737,
   -34.987622518196424,
   873.7432680758826,
   -656.4419856568317,
   522.649221143496,
   447.2570789700699,
   -49.19172747408028,
   362.25821444859514,
   -248.40094154639849
  ],
  [
   858.2201126091003,
   -1095.7516217495079,
   -2820.9246486466322,
   -3044.9432155918494,
   121.3582070165216,
   -1924.965598615824,
   -137.08058456867988,
   494.0815246080053,
   -216.38401889134067,
   -454.57688163010874,
   -739.6887827638304,
   -1738.191467236924,
   141.50685595970162,
   530.878978496395,
   -65.45492158007681,
   51.48167786532981
  ],
  [
   -480.7821068462015,
   78.50142609449149,
   -1594.5233189241,
   -11.27128415466543,
   -18.58496551431969,
   -2694.6619320001655,
   1241.166722837373,
   402.19976354788656,
   323.94116496643926,
   -961.1823417676009,
   -75.64175892541452,
   -494.94699002312746,
   -127.06730030835975,
   -380.28714557819325,
   -202.65972568507894,
   -647.5155785771456
  ],
  [
   -685.7970656088902,
   -883.4785521052405,
   -2988.610177427488,
   -1263.1845763533051,
   321.35822458804574,
   -4785.935082260765,
   107.02615955949307,
   -1739.3002038340746,
   -560.4803100929862,
   -845.4367068129741,
   -810.6647962585795,
   -989.7946377137422,
   223.0852572494698,
   -160.21784750458644,
   627.6077541817098,
   599.5616730384348
  ],
  [
   -432.74678878818526,
   -2.4978906752844168,
   -375.5898154541598,
   2614.5026433470375,
   -352.7208610513017,
   -1317.0969218531711,
   -2356.1817819999405,
   -239.4237823864102,
   593.3466990655672,
   -2135.81228487297,
   -1482.946707952863,
   -3144.7535422964256,
   400.9935565299643,
   74.84376386994899,
   -391.9846590717728,
   -1151.1820957157456
  ],
  [
   138.51382825155756,
   245.3119602872048,
   -1201.4189625231652,
   -325.56982489361303,
   144.39999708841924,
   -2065.742501305794,
   -1154.5765701282128,
   -117.53978999868009,
   -106.16990858930605,
   741.7252457852193,
   751.6943827700089,
   1157.6178704133106,
   358.84769509227647,
   221.606781509955,
   -229.16490117191333,
   -557.3157067993699
  ],
  [
   -192.79232561333427,
   913.8225118467008,
   -353.57490754827415,
   -1255.5704002695215,
   469.9797351427345,
   -1066.738587979488,
   186.3028586900362,
   -603.324135856631,
   -696.6678572589849,
   80.13679916986842,
   -737.7393036764327,
   194.34257648347398,
   943.8698738327187,
   -191.19303252744606,
   -1291.929239836927,
   -433.68062466542557
  ]
 ],