{
 "input_nodes": 12,
 "hidden_nodes": 16,
 "output_nodes": 20,
 "epochs": 1000,
 "lr": 0.10000000000000007,
 "output": 0,
 "epsilon": 0.01,
 "synapse0": [
  [
   -199.8174263567119,
   -414.28995279516784,
   -776.3746814681607,
   -273.558223115981,
   -126.48907350490828,
   -1340.2795678521215,
   -100.94311188423046,
   -242.5231128683983,
   -12.15889476904646,
   -77.22411653547354,
   104.5018016102515,
   -442.95983900590437,
   -417.5610284018174,
   -121.36832086727081,
   558.2751416402863,
   58.22847300443851
  ],
  [
   342.45468958331946,
   123.98545744664588,
   436.6446958751649,
   -176.059905306147,
   -561.2270190258162,
   88.91292004610924,
   -284.23888507973254,
   -264.98753706462884,
   85.89385810590595,
   399.3051668172729,
   -212.12166210062688,
   323.5637044346506,
   451.1850345375637,
   401.37182492237247,
   -126.57638588439869,
   116.0472489473815
  ],
  [
   190.8618397240838,
   116.59847065324756,
   277.0268693598398,
   -470.4020535969708,
   -191.92151287794414,
   450.1293227601261,
   -1208.6403729218362,
   331.73509004650447,
   -200.59569790577203,
   -132.74122157630137,
   477.6776388694644,
   537.3744213530733,
   -204.16569992847127,
   -133.19317761072827,
   124.13829496143626,
   204.00982473452376
  ],
  [
   -410.9175236673957,
   433.29577020953155,
   94.0234884395932,
   89.03051297915734,
   130.52710364116547,
   752.5508830037782,
   -65.11753238665723,
   185.30799720016913,
   -10.478757792876507,
   -43.819011868325255,
   308.485406516522,
   224.0793331239902,
   -516.3966486050487,
   -622.7809188817528,
   60.74443163973085,
   -292.59508030489224
  ],
  [
   96.71760651263399,
   -522.2299989267452,
   -633.312030390341,
   -261.2049470672921,
   276.6140337564199,
   -1500.8331732327815,
   -135.4049141373459,
   -263.4670664400499,
   -158.68337135925128,
   31.200675239317146,
   63.900186245491454,
   -123.64816418591883,
   238.55299981179786,
   148.91218135440084,
   -165.68938228425208,
   336.8910696130408
  ],
  [
   -284.5304214721665,
   226.12398613045036,
   -1109.246105897963,
   91.35702279140868,
   -15.992283030545169,
   -2073.7310180506806,
   274.92640063689123,
   -436.5635150596434,
   139.9951554436995,
   77.54521735082675,
   -249.98840274097995,
   -19.98608671963446,
   54.84535836075166,
   -158.35300851363587,
   263.94135984121755,
   -114.10791999520285
  ],
  [
   220.234743338329,
   5.239772853866787,
   -288.1568576114566,
   171.34201179101743,
   57.650412980299684,
   -462.5786569229626,
   -695.5734866255667,
   320.7951096142446,
   35.98245827689958,
   217.24363919054517,
   -252.61105423185185,
   -469.7134196910868,
   322.8956548717741,
   -208.79972866549366,
   -276.7030365641816,
   -28.965146150431185
  ],
  [
   -289.7394711619962,
   130.5208282549977,
   -252.33471525928488,
   -13.513670992056008,
   -255.02488002977333,
   -355.2825868260863,
   369.1616224797458,
   382.27057066792554,
   193.79604936009235,
   -218.22471742621082,
   263.17013530859634,
   -15.287360768520104,
   -218.89321605173552,
   155.41307593283958,
   16.988403901707716,
   -281.4822948437525
  ],
  [
   -75.12971217756568,
   -187.98058308339517,
   -696.2036323598775,
   -249.1139361957779,
   142.99583805982195,
   -1335.7020734601804,
   -540.0520058782113,
   -966.2015662045154,
   -241.03210614403537,
   20.955900458415293,
   -317.26356484062717,
   -601.7671192316714,
   -66.11917792987111,
   -405.52835298078554,
   200.19060681585435,
   300.68592791912897
  ],
  [
   -4.394646866132037,
   141.79054876470371,
   -449.6749129186684,
   201.34726171894857,
   -61.35638173506464,
   -340.53256600972367,
   -1335.2923661826258,
   107.42060758593166,
   83.32446056283432,
   -213.82291059627693,
   -199.2542257381022,
   -1112.5711084366196,
   -178.71234471270813,
   303.4423867857011,
   -110.40157960851745,
   -400.89448278343974
  ],
  [
   8.286503781884962,
   -329.2475635061279,
   -663.2111684637063,
   352.8411305246612,
   184.80587058856605,
   -1190.1995175645527,
   -538.2948676647917,
   -385.1156501602731,
   -153.5122551979848,
   84.87750007383754,
   214.32558776671675,
   555.7919216496488,
   85.36877983133117,
   -115.89272830782357,
   -143.58690291780465,
   -236.1948102993408
  ],
  [
   -279.2390710822601,
   313.5395345424641,
   -287.85814275783184,
   -8.231049473388946,
   325.2597672760059,
   -763.1561784005896,
   316.3331873046429,
   -273.3013650833295,
   -359.2131699437373,
   -351.8487318016486,
   -188.60527170750822,
   -343.69226475307755,
   476.81751402144835,
   6.137852173618939,
   -628.3063642258818,
   -97.65836290517812
  ]
 ],