{
 "input_nodes": 12,
 "hidden_nodes": 16,
 "output_nodes": 20,
 "epochs": 1000,
 "lr": 0.20000000000000007,
 "output": 0,
 "epsilon": 0.01,
 "synapse0": [
  [
   -193.93555260586137,
   -400.4660244012715,
   -750.9173022850836,
   -271.6528572175923,
   -138.0628390739865,
   -1306.0497330440242,
   -82.11218986154347,
   -238.14286817702313,
   -8.986004595653549,
   -74.59769704677485,
   95.32469385884691,
   -419.82958776752207,
   -427.44392173361166,
   -108.17556293626961,
   552.2972812681951,
   70.90186319757534
  ],
  [
   342.1829612109696,
   116.30659631616261,
   425.94273985406346,
   -158.92782483343456,
   -531.7231237029864,
   80.94292674192415,
   -278.9754187994158,
   -260.9532606975645,
   76.97941152733097,
   382.338788018421,
   -213.02938797953988,
   314.36980250832045,
   441.1641460247587,
   399.62957806626594,
   -123.82113799085846,
   109.23431523104455
  ],
  [
   188.169623326675,
   116.46403523004547,
   284.27931661856314,
   -456.7288894198714,
   -189.59930643658825,
   451.10509035445915,
   -1179.0059558772075,
   321.9707203135073,
   -196.92082677183964,
   -137.37177978057892,
   473.6012182812583,
   549.8118689651736,
   -205.03544479818473,
   -119.65483320667964,
   121.69754254739267,
   206.0785828903693
  ],
  [
   -410.6882416306774,
   419.4832262267823,
   71.39967207265522,
   69.94835300312491,
   131.8517050022398,
   716.1712200288252,
   -78.920688081816,
   181.63793109721618,
   -3.8485239297498626,
   -45.062055182712854,
   321.5967277940924,
   205.19174185564736,
   -493.0095399248318,
   -632.1342240249858,
   68.17731823360866,
   -292.24338211298084
  ],
  [
   111.86846261330844,
   -503.0547066484952,
   -589.8499915845647,
   -238.7134356875541,
   274.30395994902744,
   -1424.7287335840965,
   -132.87813285665126,
   -241.0951408398122,
   -175.0578073447643,
   35.414170573284515,
   39.34980788546911,
   -101.16718061479177,
   197.74205817270823,
   169.16809164355584,
   -171.69376845364872,
   347.0184557468973
  ],
  [
   -278.2754445405432,
   239.09246989524888,
   -1077.738388109551,
   102.53372583415884,
   -22.57364162025906,
   -2018.7627703326148,
   252.07637414648943,
   -415.4999562386671,
   127.42212303951243,
   88.07671910578067,
   -261.23039097615924,
   -7.872310324557843,
   42.06420322459107,
   -151.47906945740164,
   257.33029106765855,
   -107.04112026629008
  ],
  [
   211.22760727219386,
   26.623147634466022,
   -285.44382930674493,
   165.0933413470412,
   56.315321067757345,
   -479.08386288971127,
   -706.7881722614571,
   303.3392487425182,
   34.84550820301971,
   211.0333766545455,
   -248.35580336650153,
   -471.66330313440596,
   341.24136023746365,
   -229.77592377707984,
   -275.334610424974,
   -21.17034048678561
  ],
  [
   -285.2558799129138,
   130.86202119704774,
   -249.86091347494312,
   -18.49094216226672,
   -239.89337481986666,
   -340.99052621939234,
   349.96864680105756,
   390.5393205252723,
   181.10089021082612,
   -218.76085137518126,
   263.1765719834872,
   -16.135546687784103,
   -218.8786743906777,
   140.47787595086982,
   21.19055404617808,
   -277.96724417631265
  ],
  [
   -77.59143136385457,
   -180.9562146182966,
   -683.0071856156223,
   -225.6556518541202,
   150.6815546047183,
   -1316.0530803063475,
   -525.6546221267338,
   -950.5595140218924,
   -251.38290797537596,
   17.58132672232653,
   -324.8769043365466,
   -582.3202809977429,
   -70.75299170447184,
   -385.0744993711362,
   186.98042949615868,
   299.3789068653484
  ],
  [
   0.7328337883869085,
   115.1590323655973,
   -458.7460234481356,
   193.49716130864294,
   -58.92789036265179,
   -356.9200871996936,
   -1285.888885264383,
   100.81032617080874,
   100.1233863933592,
   -222.90667318271753,
   -187.23938406392958,
   -1085.7478861671161,
   -170.00731618005375,
   314.78436814128486,
   -104.0455243756501,
   -397.09465327261535
  ],
  [
   20.246910796296937,
   -320.7642505178727,
   -660.2822936700462,
   337.13307636633095,
   175.95774932820652,
   -1168.0027916096005,
   -538.3887153629032,
   -372.6573003885116,
   -142.96595979325397,
   93.7201272320478,
   217.71252461165108,
   539.3793164287495,
   85.37655246902493,
   -121.2333074174507,
   -148.65700562877032,
   -223.67264529772794
  ],
  [
   -271.83445379987387,
   310.0297430243841,
   -289.10321228761296,
   -2.6854845517250463,
   330.93143411215055,
   -748.6111538004812,
   318.20165470043906,
   -261.20356677126534,
   -360.92713262943005,
   -353.5415917786372,
   -192.91794577294695,
   -352.1384871807678,
   461.2547851759832,
   6.416135961586198,
   -627.7547843428597,
   -99.10191235537334
  ]
 ],