{
 "input_nodes": 12,
 "hidden_nodes": 16,
 "output_nodes": 20,
 "epochs": 100000,
 "lr": 0.8000000000000003,
 "output": 0,
 "epsilon": 0.01,
 "synapse0": [
  [
   -43925.34087323434,
   -21588.054902935342,
   -45221.36873640952,
   -126220.1280802186,
   -141944.44291619424,
   27280.403405077,
   -34510.70173094163,
   40528.08996003132,
   -55970.41028292259,
   -28352.487737039515,
   -85594.3840207494,
   20504.47217000114,
   -156102.10733285354,
   -7474.398576166412,
   -136970.74702387073,
   66419.36749269375
  ],
  [
   -1810.1378750380163,
   24254.92145018615,
   35578.27816903518,
   117386.90040504224,
   55618.93335743047,
   -6082.982209698041,
   40494.66580940753,
   -53725.42060398715,
   45261.34654468272,
   19362.698185961086,
   55960.95376069366,
   -19960.376351557054,
   149434.76280749522,
   6956.130691112782,
   129754.17836619008,
   -78746.73374142304
  ],
  [
   -16402.88500662966,
   25193.81097143176,
   35820.90780869414,
   73738.32547016176,
   60637.96433850889,
   -137.45708126135347,
   31165.72304209107,
   -57226.682920171974,
   43117.27762877943,
   28465.13861647698,
   59524.86375222192,
   -28528.23901789947,
   132390.81757635283,
   13666.879489248036,
   112256.14558811356,
   -72581.32320560617
  ],
  [
   -319144.4764782785,
   -56031.29172470779,
   96358.57110528226,
   -471449.95355048025,
   -62330.76535042653,
   -27282.508659335665,
   -282756.1908136834,
   -40524.81481372849,
   -120288.40099086074,
   -36303.672639663426,
   -202747.26535202406,
   -388962.86520637514,
   -134069.8348157704,
   1891.3972986693032,
   -186971.11659127037,
   162406.67645990226
  ],
  [
   -193107.86782864336,
   -72896.61920902929,
   52317.47715202235,
   -54118.83628085887,
   -106790.3481983974,
   -32046.260936721665,
   -36717.138658137796,
   68597.62610220649,
   -134965.08455595467,
   -38438.006861143804,
   -132703.40257622875,
   69898.42357984622,
   -4503.381249624615,
   -26154.201454569815,
   2969.9751850111406,
   -1430.0229957179313
  ],
  [
   -188615.96285840662,
   -78697.52840026231,
   9367.735442441674,
   2070.0011247649923,
   -139013.26080228158,
   6693.763558852555,
   -253054.52118488372,
   21523.09672423322,
   28910.91255537807,
   -7637.682921311904,
   -75790.07377484116,
   -328968.1730070721,
   -248643.92243956265,
   -112016.5765462331,
   22018.834442750132,
   -16001.03219192698
  ],
  [
   -177402.5824500048,
   -320751.5821842955,
   -19020.753169767708,
   -223268.63520115148,
   -141165.66316688698,
   -77834.74827080377,
   -327143.91092231235,
   -170679.71250798108,
   -104964.72001865857,
   -29119.438751071728,
   -69598.3083586812,
   -324756.0451930439,
   -120840.73451031378,
   -73690.78108043353,
   -32590.997516149942,
   34308.91331751211
  ],
  [
   -110279.99264999847,
   75223.37259045773,
   1263.1783396039518,
   -94988.77611904532,
   -156990.33426615273,
   -44204.664039567564,
   31284.398349049425,
   -51296.28008161531,
   143653.46487181218,
   -26166.073062061994,
   -33425.63502468125,
   21129.309412645736,
   140216.86793012143,
   43278.98404401724,
   -23708.352534884543,
   8780.57688065915
  ],
  [
   -142374.03653557386,
   -122497.78481786817,
   20233.865578463785,
   -62857.0798752462,
   -206101.31665753378,
   -29852.897505222252,
   -111117.050293669,
   133291.76932500684,
   -103195.02416990986,
   -47980.84253431874,
   -147530.17639530197,
   -91733.80212490569,
   20335.466118300963,
   -92375.48054841229,
   17247.962485530523,
   -313.1818412113642
  ],
  [
   -220633.24851664295,
   68758.96829368608,
   -11485.216054273485,
   -34015.947592345,
   -19034.070109047243,
   141434.79272153322,
   -35742.849354859456,
   -20172.89351397697,
   49067.54017569954,
   20398.705393088334,
   -50095.55338474851,
   -97490.9114761778,
   -214859.64878955757,
   -89140.84096712689,
   36915.48437289899,
   -15662.760929894903
  ],
  [
   -90854.4280268715,
   132717.93297546823,
   33237.50339134422,
   -182604.72838703328,
   -124928.2324399224,
   -51738.291783064495,
   -31812.071291976677,
   -146938.78427760233,
   62376.14500757234,
   -54675.96478596694,
   48572.99051689245,
   -20474.147052563716,
   43.31414411650457,
   59755.7804730223,
   11700.24750916306,
   9068.057030748827
  ],
  [
   -313592.69366405497,
   -119006.21629411151,
   26370.421809855306,
   -42197.10269512099,
   -302212.62086847855,
   -190818.18839721807,
   -372362.0044035336,
   -50873.53960378996,
   88631.29736637184,
   62135.24029205262,
   -161495.60081735405,
   -556033.4827568743,
   -167111.26966815034,
   -148246.25740204874,
   -73292.08508290585,
   6060.813821587119
  ]
 ],