{
 "input_nodes": 12,
 "hidden_nodes": 16,
 "output_nodes": 20,
 "epochs": 1000,
 "lr": 0.5,
 "output": 0,
 "epsilon": 0.01,
 "synapse0": [
  [
   7054.096287582523,
   3015.3619392641663,
   -3088.06395341598,
   516.1502707744513,
   4798.776266401358,
   -708.8343310094472,
   3074.908721943804,
   -1024.6635274769064,
   8542.728690834725,
   3281.6528981311544,
   -4023.28792085314,
   973.3395579612699,
   6412.614567118013,
   765.5362631168197,
   175.11201914644798,
   4611.184955046361
  ],
  [
   -10125.388500260788,
   -2323.921359799227,
   -10476.729695078016,
   -3170.21572141514,
   -14121.393585423011,
   2003.0920225204025,
   -13065.256095235598,
   -5972.557625603745,
   -12563.972029498858,
   -16691.92839163964,
   1424.4020516455146,
   1795.7853221551911,
   -8369.260760292249,
   -7417.478578365032,
   -8750.844725812574,
   -6237.276444990878
  ],
  [
   4319.514638040882,
   2888.2572209944346,
   -35168.22678777383,
   295.6346553554884,
   -20633.154791893277,
   -1916.9910971800375,
   -15147.163769761884,
   -18953.889638763165,
   9300.529189035307,
   -19764.849018413614,
   -4484.8051160439045,
   -853.9746972778333,
   4961.057049723523,
   -9358.842194744906,
   -17739.934596866424,
   2729.595628859779
  ],
  [
   7338.889522923209,
   3381.8669334691003,
   -11090.41501262333,
   2965.000173055316,
   -19572.22114837062,
   -4486.329313184643,
   -22497.36147899889,
   -23482.36770291905,
   5527.902133846734,
   -25919.238681769795,
   -21491.117485206905,
   -12865.913715915623,
   -943.8532359661597,
   -7771.453372916556,
   -5412.828321973335,
   -518.6539247941766
  ],
  [
   8789.196662082386,
   8161.730660806196,
   -7350.232811634892,
   3102.6931119190854,
   -1575.0353900187683,
   3534.6150384197563,
   -2347.832346162889,
   -8067.7402974097695,
   4859.632629521182,
   -7311.551848740088,
   -4984.4262783706345,
   3751.166571925745,
   4137.758748250756,
   -1498.905923889819,
   -2957.151235374991,
   3420.63955243227
  ],
  [
   8078.735227400201,
   5586.312342828295,
   -28662.499623445095,
   -1484.9216409161684,
   -3131.63708709555,
   5617.204129263973,
   -2719.529275283998,
   -15341.790352330967,
   5652.264296629324,
   -11632.319375739462,
   -8321.581976213745,
   -14058.55902875855,
   1598.0659926526225,
   -10451.301635732143,
   -19530.215370334434,
   2739.3387869997523
  ],
  [
   -5216.192846596613,
   -2645.7033803494273,
   9296.020327818762,
   -1016.8366341950713,
   -6567.840365998829,
   1774.3762077343083,
   -4887.398078290871,
   5661.133688629844,
   -6181.170127062948,
   -2962.6794688927475,
   631.602804692337,
   3251.7866513034755,
   -3393.803110090775,
   245.7073481605362,
   4251.884147666778,
   -2135.8030978462907
  ],
  [
   -8837.643278397612,
   -6887.886367079271,
   -8780.111182984205,
   -3062.5097342889744,
   -1288.576678386389,
   -2991.0566554522397,
   232.24502063693458,
   9008.824000564093,
   -1736.4899431443582,
   1388.6718070377071,
   2532.2275648852797,
   -6324.548036581967,
   -3850.4398711240883,
   -2747.235913528037,
   -2049.5840907437746,
   -3278.5118948103773
  ],
  [
   7795.051444631175,
   5282.55050447672,
   8411.86347916444,
   939.8298317700911,
   11812.544500469987,
   3766.7108844489326,
   9954.67274128313,
   -643.6151855874949,
   3974.395434191769,
   1490.1714431133425,
   -4840.726334181796,
   -17927.152454556737,
   158.09635642306156,
   -2706.905752877079,
   -1148.4603032703899,
   6300.24713684119
  ],
  [
   -4957.7077910791,
   -5210.311841080859,
   -11000.763112182392,
   -3159.229163386982,
   -10818.550146656678,
   -2856.2074934661937,
   -11356.657621620825,
   -6577.134293882576,
   -5488.991644048631,
   -10036.596565657477,
   -8956.085470566744,
   -6875.265998758399,
   -3306.4237166561966,
   -5708.3069826235405,
   -4430.239545983796,
   -3637.468959992763
  ],
  [
   -9890.927431014585,
   -4636.9809566096765,
   -25054.310511632782,
   -3582.0264041934956,
   -3083.1479097638603,
   -7315.663171712014,
   -5224.565595936616,
   -23759.758402398304,
   -16128.315532866218,
   -23321.39212839624,
   -7624.558398375668,
   -13493.970376752894,
   -6891.390370226281,
   -12143.206528330184,
   -31305.746826221206,
   -7920.449266203378
  ],
  [
   976.5958074783971,
   5454.553196701181,
   -5668.686642521519,
   255.6461626243945,
   -15104.106724958065,
   2710.8150082402017,
   -14458.535500105387,
   -1081.8968440178,
   -4366.310377229738,
   -9758.875867350902,
   7341.217204733274,
   20686.069764882282,
   4417.807407518351,
   -902.7667094320349,
   -1003.1743340868616,
   3351.6108315355305
  ]
 ],