{
 "input_nodes": 12,
 "hidden_nodes": 16,
 "output_nodes": 20,
 "epochs": 1000,
 "lr": 0.4,
 "output": 0,
 "epsilon": 0.01,
 "synapse0": [
  [
   13874.588730165851,
   11996.800962003219,
   -14727.35866544376,
   -10776.356427887056,
   7898.443023824529,
   53.22195767904654,
   5603.893630558872,
   -13328.28331473792,
   23754.44598296906,
   -593.0486906146662,
   -37781.57408747736,
   -44596.41149749045,
   14761.106391319434,
   1646.9070435305587,
   -9858.690836928572,
   10368.076007284617
  ],
  [
   -23774.169647980518,
   -19222.984348094342,
   -38171.16099868741,
   7688.429760577052,
   -48250.34931280501,
   -6925.258741137953,
   -42341.76771399916,
   -21450.77495498634,
   -37626.385840175324,
   -36230.42524775837,
   10093.405732708576,
   36914.85520440908,
   -22475.034005510177,
   -17836.269008680112,
   -47796.270936037254,
   -19550.35520733789
  ],
  [
   10764.441768372677,
   7690.023446355345,
   -74093.22003529505,
   -4796.866934477084,
   -66286.613642762,
   2625.028146188074,
   -48517.48863490072,
   -40801.613626155806,
   24913.5065590001,
   -57141.184030283635,
   -19680.495092374018,
   -20417.87068230764,
   7278.659217223083,
   -17946.397278693606,
   -55647.39583710007,
   7973.559381040199
  ],
  [
   12405.448858622889,
   12069.477685044096,
   -15871.440580584576,
   525.0694381956671,
   -108964.38917790083,
   -8258.846252084202,
   -96355.7513855958,
   -62739.928041543615,
   12171.267556692603,
   -73147.23719978167,
   -95647.94254004955,
   -50004.95234945196,
   -4131.508292506878,
   -15127.503748737136,
   -1257.5380175034084,
   -4734.268674016143
  ],
  [
   21788.25936626737,
   24205.303853369343,
   -41538.501516972596,
   8011.503242121762,
   -34535.06380856273,
   17065.209628082786,
   -26175.470622848316,
   -59435.83977351372,
   13503.785245516248,
   -32226.489390104038,
   -28556.402555024055,
   5678.865472528247,
   7796.834708792092,
   -6727.665322975667,
   -45847.646185312406,
   6922.901080216755
  ],
  [
   32936.80952286374,
   27420.574563433558,
   -89204.10600546299,
   -1236.6710492269226,
   -32987.44541844951,
   36559.38238922984,
   -15681.219938346809,
   -44129.26826922084,
   22605.12522362797,
   -55786.09036481904,
   -13050.729750900464,
   -30654.096298109835,
   10885.47318924278,
   -29595.764365296152,
   -89600.93548383047,
   22300.244097248902
  ],
  [
   -14480.50044247962,
   -14171.550318838501,
   13240.252011796918,
   -3542.296200299846,
   -2184.068031899343,
   -8016.659322054072,
   -6193.931386588351,
   21333.441597638688,
   -18522.38216265628,
   13506.193188639088,
   5703.103767739475,
   15255.854986772614,
   -10531.3826729636,
   2197.9308815728714,
   10784.221042995689,
   -9428.125980720344
  ],
  [
   -17630.259441042614,
   -25079.819718475745,
   -8680.673734268707,
   -14107.912395588017,
   26629.26470740672,
   -12498.05539025939,
   20568.381880738576,
   49543.00819365492,
   -8221.589674976625,
   26373.149914159098,
   10279.664236288938,
   -14709.872546802737,
   -8677.898189327449,
   1216.4738618051997,
   1003.2277274277658,
   -10422.586400414399
  ],
  [
   23378.95315397685,
   30601.968331199634,
   32634.79106979472,
   4712.320048077512,
   46099.5797079834,
   36172.41460999346,
   44437.437875836986,
   11586.350732190831,
   27123.1895132416,
   10089.475603408924,
   1660.7498527972537,
   -43940.431275527626,
   10934.023107749403,
   -1199.3221959425694,
   43380.80308754707,
   27322.936599573495
  ],
  [
   -3548.790892675139,
   -19718.660354607597,
   -54102.553223068324,
   -5246.111357937041,
   -39308.662472177486,
   -10378.315712062962,
   -39877.13501542521,
   -8004.3876661152,
   -10509.83756495427,
   -20079.599342277106,
   -22267.922608802914,
   -14305.104983022991,
   -10480.463236222695,
   -17353.782157047193,
   -50965.232149591175,
   -4969.046542939685
  ],
  [
   -28302.100051489888,
   -15557.54101750845,
   -86100.00377894717,
   -5816.648083689907,
   -56415.25944051166,
   -34911.982387980104,
   -37107.57547288142,
   -122372.17722962053,
   -39420.92028566235,
   -102226.99973322656,
   -51082.74310269287,
   -66779.23797501769,
   -24742.238060093237,
   -34163.826322492605,
   -112774.0275304369,
   -25256.360907940543
  ],
  [
   1246.1977746529687,
   13695.003780914818,
   -30965.65292303345,
   12845.40371627174,
   -68442.09578294343,
   536.2123071960307,
   -63538.24362607839,
   -26847.234199317474,
   -10116.56801476662,
   -34869.792254605454,
   -15235.149656603753,
   38053.674369111126,
   7445.285341312944,
   -7150.603507303081,
   -37416.51884784459,
   4883.201211486128
  ]
 ],