{
 "input_nodes": 12,
 "hidden_nodes": 16,
 "output_nodes": 20,
 "epochs": 1000,
 "lr": 0.6000000000000001,
 "output": 0,
 "epsilon": 0.01,
 "synapse0": [
  [
   -3833.1298960773875,
   -10838.436073278745,
   6202.247982890352,
   -14572.435180632663,
   -11204.304128530466,
   -3660.3539037693263,
   -3348.270667132382,
   4199.454328872189,
   7865.909028056275,
   -9707.303357072786,
   -17100.893573462217,
   -3773.8592423002583,
   -7891.370967506625,
   4384.477651803513,
   4522.797166954986,
   -6977.497580283916
  ],
  [
   -4692.86036779097,
   -3227.9853335773983,
   -11123.440585184431,
   -3105.8018070592166,
   1278.5976766336992,
   -6849.242270022646,
   -4077.763402456526,
   -9456.855145323982,
   -15963.523963743753,
   -8420.02613985642,
   -5884.3855070903255,
   -9179.149387547988,
   -8661.059679007496,
   -11180.31383063086,
   -14040.332682555674,
   -10431.08462804087
  ],
  [
   7867.791837338006,
   -8196.288202229473,
   16938.97422725334,
   -6833.991597390325,
   -1408.4994175888644,
   16995.294909094755,
   3583.3006857031455,
   7010.7212796448475,
   19831.343054688743,
   -11015.452261144454,
   -1767.4082232934932,
   4777.113317897139,
   -11347.354265361811,
   -325.5439369952533,
   317.45799931724133,
   -6347.6425799075405
  ],
  [
   1842.6549477163542,
   3943.1042017836817,
   -19169.517667743,
   4430.795523970701,
   -1664.288807293972,
   -25896.151653791378,
   -3933.5295977571045,
   3612.4399277995135,
   -13075.272132828808,
   6062.915010179653,
   1547.5297115518665,
   6484.316529748156,
   8983.845146998148,
   8565.702295286363,
   12411.556745947455,
   5383.165290119075
  ],
  [
   -6273.647309630326,
   -6703.9881644292645,
   -5474.353975229703,
   -8709.51745336628,
   -4777.501002016318,
   -9278.612168653592,
   -1959.0432455706,
   1051.4022171321358,
   -558.5748998245092,
   -20005.793978750775,
   -7449.496198642073,
   8220.854446073545,
   -12217.806810992759,
   6357.806778210474,
   -3840.633381350819,
   -14074.740684610999
  ],
  [
   -2957.8794885369816,
   609.7582261900457,
   10338.781724072074,
   335.1052044468135,
   6319.248644145696,
   1689.0862034097263,
   -8444.801623003013,
   3690.8273016044477,
   1550.26762260253,
   128.88870222952903,
   -3324.6544809069733,
   7701.37560817366,
   2291.4942086374904,
   7691.004437464413,
   3207.4525841651885,
   3068.460271686658
  ],
  [
   118.773017686534,
   -9789.938750997773,
   -3541.164207580136,
   -9859.898038583084,
   -481.0222730235807,
   -8145.9722743867405,
   -2439.634477273604,
   5.535112342678846,
   -1797.3691506904113,
   -10498.458775777437,
   -13072.006852778293,
   8942.770079751239,
   -12055.953162142898,
   5077.540600100437,
   -6449.409602286293,
   -11529.986432653846
  ],
  [
   1106.314863556272,
   -3784.469068297618,
   -729.6452532419651,
   375.0732365825443,
   -1481.4126456653637,
   -195.9282565696913,
   -7502.8053063661255,
   -3896.2395868861145,
   -8175.050597445896,
   3255.3026432742136,
   -6523.231023805067,
   -16809.36251842621,
   -3059.546815368656,
   -12369.962933915665,
   -4133.498814808127,
   -1831.6270069239088
  ],
  [
   -1164.4750873539685,
   -48.3830558584598,
   -8381.022086300856,
   -3010.513182610326,
   8550.728197691666,
   -12257.117336369247,
   -1016.7439025979463,
   3362.2297818851825,
   -6030.688510612519,
   -6860.182361816455,
   2687.7773846850178,
   7080.756549427195,
   174.28817486851574,
   6203.268051592752,
   1910.4432498812744,
   -772.8044370966323
  ],
  [
   155.27262351312277,
   -3369.086222521465,
   -10278.658347164808,
   -4537.744449288865,
   -4037.35677252619,
   -14161.279598660787,
   587.0205170698198,
   -1454.0232842659364,
   -7533.11928807308,
   -4307.757192753098,
   -5750.966735981948,
   4262.928227980704,
   -6926.902345291165,
   -2.3009041580396916,
   -3460.065539756757,
   -5960.281957103811
  ],
  [
   -33241.35840129606,
   -29458.03697459333,
   -34550.01387912551,
   -47147.5445984425,
   -44678.7002899111,
   -57421.365522763925,
   -12566.204274272377,
   -9454.415492111308,
   -24739.67075594747,
   -48615.062740313864,
   -59915.11401954384,
   -28976.280934019247,
   -36282.79841213658,
   -249.94244824430575,
   -11664.686518488226,
   -42298.915346966285
  ],
  [
   -16708.880965893524,
   -12161.75575033406,
   -31029.325669510225,
   -25572.001594971338,
   2354.5781231650726,
   -47455.94465486399,
   -2894.8684074375615,
   3629.991800088558,
   -20402.329499690608,
   -34602.35636149558,
   -18111.404098685653,
   476.7706759711296,
   -16915.037859682776,
   7963.784541380228,
   -6152.560103422234,
   -20929.25126995485
  ]
 ],