{
 "input_nodes": 12,
 "hidden_nodes": 16,
 "output_nodes": 20,
 "epochs": 1000,
 "lr": 0.30000000000000004,
 "output": 0,
 "epsilon": 0.01,
 "synapse0": [
  [
   -759.0627926368606,
   -2733.154125339935,
   600.301158886703,
   -2561.4148335807495,
   -1589.9039593369782,
   -657.5858634404029,
   -1067.1281196166715,
   309.2844563980322,
   266.69165350408724,
   -1628.1326009590848,
   -3367.8387369334205,
   -583.1311672153217,
   -784.2468274227392,
   971.3471793820071,
   -3.2823189600573395,
   -1650.354236643375
  ],
  [
   -816.1910803873087,
   -725.7661285413097,
   -2959.0359951335076,
   -935.3031448427006,
   -213.04540218361967,
   -2604.9465380040147,
   -1455.8434191374456,
   -1596.1688258492973,
   -3587.746550317743,
   -1740.8862323926846,
   -524.6859841811511,
   -1579.9676703231332,
   -927.8707231806452,
   -2007.629857624369,
   -1626.1496404399045,
   -1365.871033300826
  ],
  [
   730.3184069711393,
   -883.4135842404918,
   1518.9856000766317,
   -497.1360079288748,
   -498.09239322531766,
   2471.1131391520703,
   685.671523236134,
   1278.6709946811777,
   2769.1092612566904,
   -891.8493230487228,
   743.0290379209034,
   86.520619078683,
   246.01623576205097,
   1061.8793060952712,
   288.66401630688375,
   311.4563095890364
  ],
  [
   812.6462530826215,
   1950.7842476946098,
   -2164.809148896011,
   1888.8945147557813,
   267.3305475647997,
   -5662.70322080613,
   -652.7220142089034,
   820.5421855761546,
   -2606.213652091889,
   2186.607706057993,
   1508.5945628370564,
   1851.8346753373942,
   1132.5751439273715,
   982.2555646826161,
   1831.2115819663297,
   1518.4953066616843
  ],
  [
   289.04092688418444,
   -499.7632451106332,
   1174.089849283913,
   -1017.0016971458351,
   412.16179476450634,
   -204.2339618039845,
   -309.52032398657695,
   792.1602134274298,
   1149.8646146946435,
   -3640.3543242489905,
   -938.6563170771688,
   2505.6827745001565,
   -187.33685892028814,
   903.3615549213159,
   -116.71417094106685,
   -1389.3186884304891
  ],
  [
   -1521.1825496453812,
   -172.8425982182013,
   2570.999871330448,
   -20.34213310187561,
   949.0435051505623,
   96.88646863807573,
   -1936.8887997765962,
   624.6776205562016,
   530.3494197595453,
   8.030214817969354,
   -1540.207742794553,
   1950.0933768816642,
   429.84712588661847,
   1581.911038948338,
   1027.3507500663136,
   426.9659105933818
  ],
  [
   -609.2738271418418,
   -1638.6467940476796,
   -1919.5199526014007,
   -1545.3284752868108,
   766.1518188703469,
   -3054.799410899033,
   -866.7892569118416,
   16.882417982584734,
   -1654.8075455311887,
   -2076.2065738742867,
   -830.8431976990313,
   2610.7566763350555,
   -643.624677693263,
   -116.88900383921914,
   -1209.102307486864,
   -1746.9999358721132
  ],
  [
   -1576.8797810714875,
   -1149.9419612846498,
   -2845.504085317959,
   1098.8858466870236,
   -1676.9172163382266,
   -1308.6935170049035,
   -2787.4782530770162,
   -1349.9602873608055,
   -3575.296464793182,
   2224.4793607006295,
   33.181559768227416,
   -4069.7335966226346,
   -484.9011273763249,
   -1329.1879035536547,
   -529.7836404712039,
   -161.94234481861815
  ],
  [
   -993.3859342285444,
   218.28782182692447,
   -1373.236736744943,
   -612.2164216960912,
   533.6102585107126,
   -3354.02559810175,
   -321.5203439242408,
   556.8637344904589,
   -1694.23783455246,
   -1785.3219786605773,
   6.374984461542161,
   1373.2517089013252,
   234.26849530591574,
   842.8992067108843,
   758.6391848306685,
   18.68901607621545
  ],
  [
   559.7246847422945,
   -897.2652292481025,
   -1610.6452100830365,
   -1236.3874848683884,
   -865.3391433700982,
   -3493.3705426994425,
   -617.4354853704053,
   -180.40194212696525,
   -1802.9478896249695,
   -85.65023635314223,
   -826.7769354358679,
   1243.0279213805713,
   -821.3313153144338,
   -334.2215605317388,
   -420.48453882764807,
   -1061.4794694188156
  ],
  [
   -3001.4940258586284,
   -8106.167333131177,
   -8219.62102503382,
   -11651.013555089883,
   -7285.882936567515,
   -17744.015330568283,
   -4258.04485560901,
   -1655.1272067612238,
   -9688.398830486347,
   -12831.563816765633,
   -13942.556744335327,
   -3539.337566612779,
   -5593.228402140786,
   -676.4071722676815,
   -2158.823422515446,
   -10272.892035605346
  ],
  [
   -4027.0334164005308,
   -1446.1800996119555,
   -6327.7297648294925,
   -5090.22580592246,
   1534.9264152275903,
   -13811.032033417345,
   -1336.2241192284137,
   486.9882558016346,
   -7126.564114848743,
   -7726.980561443979,
   -4101.793605042037,
   593.6000899297173,
   -419.5911307081064,
   1105.614727431772,
   -311.35079973759053,
   -3189.5264399555917
  ]
 ],