{
 "input_nodes": 12,
 "hidden_nodes": 16,
 "output_nodes": 20,
 "epochs": 1000,
 "lr": 0.8000000000000003,
 "output": 0,
 "epsilon": 0.01,
 "synapse0": [
  [
   -8306.525791623382,
   -12921.501904856366,
   3059.6132729710107,
   -18124.743607928944,
   -15512.514572692011,
   -5166.584320774185,
   -4521.96299964176,
   6013.67936727209,
   9611.357061672712,
   -11298.227150016884,
   -21921.732145627786,
   -5278.735202436553,
   -9704.584086278584,
   5168.401241743348,
   7412.764769935757,
   -7827.942435892769
  ],
  [
   -8268.004117311044,
   -5969.7195901867,
   -15457.300169549015,
   -5554.032600944332,
   1724.9734761535312,
   -9539.465374325058,
   -5965.239510959076,
   -13176.495564174584,
   -21684.210125661622,
   -11898.485320424435,
   -11059.088644233561,
   -11815.471719337222,
   -12589.19453104617,
   -16585.862960626077,
   -18417.63891724619,
   -15174.826342552606
  ],
  [
   9462.106646403965,
   -11366.145424973007,
   13621.681211625792,
   -10435.888983145585,
   -1643.270978662849,
   16692.261474933908,
   5264.143236962141,
   9752.732203718377,
   22084.6282839621,
   -16371.712887797677,
   -3749.9921132695854,
   6899.997582523496,
   -16811.274591847017,
   395.5804601377717,
   116.57167475038568,
   -10254.169619407483
  ],
  [
   4115.107319065889,
   5016.158517549253,
   -32233.101182400438,
   7027.26339718445,
   -1565.8478799003713,
   -37957.479759013,
   -5909.6655633131195,
   5542.747990131431,
   -20940.826613852834,
   8203.505754298656,
   1800.526396730047,
   9642.639038851956,
   12417.386018497595,
   14412.186587544944,
   17390.077821120434,
   7033.80910894712
  ],
  [
   -4503.922550615538,
   -8505.78783449464,
   -7687.498954081181,
   -9679.28572679196,
   -6557.508682240192,
   -10016.902539579203,
   -2729.8798111556334,
   1753.1616024321195,
   730.9456230096245,
   -24946.710066367283,
   -7180.049508922809,
   11141.152216864108,
   -15534.86048639373,
   11016.564134755456,
   -4437.774093419595,
   -17335.2392908804
  ],
  [
   -4712.92171017723,
   1592.9472350702517,
   10929.167399509677,
   1284.8301489876872,
   8430.272275873946,
   887.1089193743994,
   -11976.197643097175,
   5178.500060923466,
   416.4772578751435,
   1971.0452765516443,
   -4465.903878034223,
   9974.164586823614,
   4774.625534511197,
   9794.026550005876,
   4455.4969640712625,
   5377.9017894713725
  ],
  [
   -2619.220898919066,
   -13955.307385832528,
   -9469.72955197919,
   -14598.336392951573,
   -42.362487989815406,
   -11327.924803775337,
   -3287.062154611428,
   -2594.9057846313785,
   -3484.7741295293295,
   -15648.953928712097,
   -19574.48358220484,
   10366.51822509531,
   -18139.56933725353,
   9354.205316913021,
   -8899.721601358042,
   -16969.652125810873
  ],
  [
   -3906.5752914052655,
   -6203.721790013547,
   -4037.6831629134576,
   -1545.8463150919927,
   -3557.468249447846,
   -1969.2986209554879,
   -11420.975762441054,
   -4395.9572402492395,
   -12272.781365277593,
   4809.93540265742,
   -14942.995168741187,
   -21140.46599797314,
   -4103.599228949741,
   -19900.811533649932,
   -2671.09487702852,
   -3028.0267545415827
  ],
  [
   -1679.440435693236,
   -921.1478116829994,
   -17659.552909733415,
   -4761.020516361044,
   11360.23304043045,
   -18984.58677766606,
   -1524.3674781270508,
   5314.897146263241,
   -10390.316161780125,
   -10299.832851524174,
   2697.2541807314105,
   9681.879909664227,
   -1004.2310821649921,
   8888.178042212558,
   1848.0977515033146,
   -2193.2446012789865
  ],
  [
   259.5312378380732,
   -5104.707387672119,
   -15610.532750855182,
   -5924.116918726327,
   -4729.743097002865,
   -17563.864020871002,
   162.06717670187894,
   -3052.1859337382157,
   -9622.725374669695,
   -5885.643590668443,
   -9046.535667951464,
   5263.417302686391,
   -9817.453963065109,
   1781.103576580699,
   -3700.2821966652577,
   -7900.628531372574
  ],
  [
   -54367.41442391452,
   -36155.7486337211,
   -54941.86572162075,
   -58508.86514693962,
   -60809.02902913066,
   -72731.11368204885,
   -16618.045396739988,
   -14317.436547172214,
   -33946.21478621727,
   -58726.264225570296,
   -76985.38809570752,
   -40995.30229064377,
   -45428.250221842216,
   -3793.146669691296,
   -14073.17773070525,
   -51947.7826113514
  ],
  [
   -22045.843580681172,
   -16119.833000283374,
   -49861.70893252332,
   -32187.396010642675,
   3436.8926051921576,
   -60298.61301914191,
   -3944.1249184333724,
   4890.381346512948,
   -27589.010370851996,
   -43407.19705148198,
   -22360.0168732885,
   88.16762397840623,
   -22135.9752994361,
   11786.909838654747,
   -7953.0093250553655,
   -26501.079103600903
  ]
 ],