{
 "input_nodes": 12,
 "hidden_nodes": 16,
 "output_nodes": 20,
 "epochs": 1000,
 "lr": 0.7000000000000002,
 "output": 0,
 "epsilon": 0.01,
 "synapse0": [
  [
   -3378.66871907502,
   -6977.678609691861,
   1869.1586039230083,
   -9372.245056287638,
   -5540.47839571308,
   -4485.501430010203,
   -1934.5964825893025,
   679.5374287185498,
   1221.6374634599247,
   -6501.169076880786,
   -10824.92537185863,
   -2082.480226339632,
   -4640.841280867369,
   2291.390709371973,
   326.3382683871606,
   -5614.97750450077
  ],
  [
   -158.32340259545407,
   -382.30207649808176,
   -4112.9123060885495,
   -553.0425744225533,
   798.8909609313637,
   -2596.093397330937,
   -1847.0398284514408,
   -3279.6391911458068,
   -6251.957789782682,
   -2554.7652676948774,
   -267.9347176291549,
   -2922.546935258445,
   -2125.8823128003346,
   -3620.1532094298777,
   -4118.389537309061,
   -2818.4637701433944
  ],
  [
   2583.0768886148994,
   -1932.2477567116857,
   5135.410678135071,
   -922.6245274674274,
   -1939.8457145155921,
   5426.010246245595,
   1262.530192319633,
   2328.3527166689005,
   6874.948020483897,
   -2111.49734837886,
   1191.2647291021112,
   -91.92494282765996,
   -1576.9542348504735,
   1263.8637758010839,
   405.081701939743,
   -262.22558611343834
  ],
  [
   -475.67984329989383,
   1880.685724290214,
   -6932.23007977063,
   673.8872291398078,
   -1196.16935762816,
   -13229.10773692572,
   -1682.5278139017105,
   822.6451178390697,
   -6385.455518837161,
   2483.413059028048,
   -980.4917296461784,
   2707.7059959995863,
   2742.1281431326793,
   1875.083123781147,
   4190.166750390542,
   1666.5026088558473
  ],
  [
   -2249.409072995936,
   -2135.462347790899,
   1276.005587117752,
   -4317.175303853542,
   -744.9282658818281,
   -2728.8574019933426,
   -784.9052005278455,
   1150.1243286262804,
   1076.0633000516113,
   -8585.866650552405,
   -4218.019168204282,
   5712.558340812198,
   -3505.427907957529,
   2201.4925945057835,
   -285.38795765762666,
   -5361.725110997177
  ],
  [
   -2225.5732948752625,
   -478.5476195932556,
   5580.039630118523,
   -592.3071249281708,
   1660.7831339756663,
   413.58534673200893,
   -3556.8175549510493,
   1343.565896042761,
   1272.6772082479763,
   -721.18190114244,
   -2622.213177380631,
   4341.13080621561,
   147.90163015644515,
   2924.852400013169,
   1596.3021060975218,
   568.1111988633324
  ],
  [
   -137.70140670270408,
   -4330.916081558184,
   -1556.3257115402696,
   -4985.452544695388,
   751.20909924192,
   -5038.632117621907,
   -1194.5954306048875,
   305.86836646408034,
   -1722.5133523829738,
   -4515.580756247638,
   -4666.439948472757,
   4756.823008300538,
   -3555.5120271768933,
   1111.0958878591016,
   -2032.62007018147,
   -4600.8904550339075
  ],
  [
   413.57755334093724,
   -556.6073761093668,
   -3127.848735853019,
   2235.3097005186364,
   -78.3059179144949,
   -457.78092067950644,
   -3264.531915719111,
   -2420.915798995595,
   -5154.447926934253,
   2647.034464842304,
   2142.5673026531654,
   -9001.251619315548,
   -435.6223278904966,
   -3555.8457294947784,
   -2468.5639635516636,
   189.3127595799137
  ],
  [
   -1618.0106240766868,
   409.37902833859704,
   -2599.744851963943,
   -1554.971946004101,
   2394.803070225225,
   -5777.243868300302,
   -307.4171879966783,
   1129.8452690656877,
   -2906.101175641049,
   -3122.0055279995063,
   591.2529481640522,
   3054.962797220149,
   370.76226350605566,
   1300.9876634822165,
   1491.0222024673162,
   -186.54453652702108
  ],
  [
   159.35327658306628,
   -1335.302857537072,
   -4216.776890660822,
   -3048.9014190274897,
   -1101.9359191181027,
   -7551.55346574287,
   121.55946224513848,
   -405.8824463762139,
   -4048.81933814684,
   -1690.8943126538823,
   -2117.4145258143885,
   2313.321970793005,
   -2362.806995007458,
   -696.5767130669446,
   -1315.3895415648449,
   -2762.4939370916795
  ],
  [
   -12316.429376070377,
   -17871.104050222362,
   -17422.05466529794,
   -28829.20518694571,
   -21805.596096571528,
   -39224.14559775488,
   -7741.605252785183,
   -4296.802081344593,
   -18127.7364905204,
   -28656.386113624318,
   -36044.73562161772,
   -7880.0438464389235,
   -18607.260483758393,
   306.82218741309714,
   -4415.245457369555,
   -24983.22843893313
  ],
  [
   -10412.593083211117,
   -6040.088022549295,
   -14820.197852830785,
   -15894.934883043094,
   -84.408671077898,
   -31204.570583466393,
   -2208.93074222708,
   1189.6154935698285,
   -14840.741561549823,
   -20238.062099097682,
   -13522.539747382494,
   242.15226300353473,
   -8211.296479117957,
   2580.30350549121,
   -1541.1624056172043,
   -12146.574482044407
  ]
 ],