{
 "input_nodes": 12,
 "hidden_nodes": 16,
 "output_nodes": 20,
 "epochs": 1000,
 "lr": 0.5,
 "output": 0,
 "epsilon": 0.01,
 "synapse0": [
  [
   -538.0769556388118,
   -2060.1766446284964,
   500.391025785393,
   -1478.2616483966203,
   -705.3248907770076,
   557.0170714976884,
   -782.5875986959246,
   298.16874445578884,
   449.39624401706726,
   -496.7629916670049,
   -2200.7220444943637,
   -469.0271711641619,
   -153.6191921000848,
   601.2202018077938,
   1.9972560593452524,
   -712.9288632853846
  ],
  [
   -807.3729880055186,
   -722.5341551815628,
   -2640.2945599479112,
   -886.3550151863296,
   -417.5484168865846,
   -2580.8138351832936,
   -1324.1831107408677,
   -1239.4523237533044,
   -3007.431301745456,
   -1638.6009392472536,
   -616.1247864426459,
   -1244.9495122821686,
   -783.9084538571033,
   -1621.9764868946959,
   -1182.3878933353462,
   -1042.1905212319505
  ],
  [
   556.6823344613993,
   -772.7219903523476,
   536.6489049837746,
   -733.3691871294311,
   5.1198096171428205,
   1476.9685998695652,
   531.1540635535265,
   961.2896812786657,
   1636.9273291816603,
   -861.8043080060786,
   174.84411239577432,
   150.2684977749464,
   577.8311346021042,
   848.8605271911659,
   150.8778965629597,
   228.00385852407996
  ],
  [
   599.4088226111162,
   1468.547385338113,
   -433.41957881628224,
   1716.1695122081815,
   275.4552092387012,
   -3241.3189447972472,
   -453.73021814619784,
   547.6913923544153,
   -955.6277311636015,
   1719.9091627021553,
   1875.974946574906,
   1412.813679409796,
   461.770490343502,
   827.6047649385939,
   1343.0681205037372,
   1154.5526255997388
  ],
  [
   465.649671643984,
   -396.54843685722534,
   618.5326782804103,
   -459.8454033854946,
   477.04594568902723,
   -15.019899919781848,
   -217.84091473908282,
   723.7058677946119,
   777.0487598151956,
   -2322.2054981051297,
   -575.5128939909243,
   1861.264664355593,
   259.21260699554745,
   671.88725408249,
   -58.99583668660239,
   -452.5750973254253
  ],
  [
   -1185.3076586573127,
   -177.561185372755,
   1893.5672069667348,
   26.71475292007269,
   640.582103861139,
   422.82997349291196,
   -1489.086736360085,
   429.2868184360392,
   513.6125356398387,
   148.72726040764138,
   -1102.2117288478792,
   1186.1719915160445,
   458.7840796205311,
   1075.1103830841062,
   689.7966836747992,
   362.9993571745585
  ],
  [
   -467.0364254247676,
   -1231.709865152339,
   -1898.4574063209138,
   -921.3792761277141,
   269.2920293935312,
   -2649.680756567942,
   -810.3499725261119,
   44.79647226207408,
   -1466.6648922706324,
   -1117.180433136754,
   -790.3034496971458,
   1982.7258042484827,
   -91.22451832843494,
   -140.75934534006416,
   -843.766192727917,
   -822.186587575153
  ],
  [
   -1542.5448543370594,
   -1343.3365731010163,
   -2000.062633073033,
   581.6436127778458,
   -1527.3806532351086,
   -1021.3513993210479,
   -2521.1019833785595,
   -1072.576541798211,
   -2654.672390998478,
   1687.6981510447406,
   -567.6226070402964,
   -3062.570033446377,
   -611.4864524094862,
   -951.6033600619701,
   -266.8069547253458,
   -413.9471712904174
  ],
  [
   -819.7273390178674,
   68.67772149500959,
   -909.7401946739737,
   -411.904057309234,
   163.13637967558174,
   -2500.224111314892,
   -377.4479113673867,
   274.77801095386275,
   -1346.0485894641915,
   -1242.7634199288505,
   -254.03265326047935,
   889.916972664464,
   185.58695649346276,
   688.7917480727098,
   514.7380235352173,
   245.41124618666876
  ],
  [
   387.1649293701898,
   -733.6878257923521,
   -873.0357922004737,
   -718.2864247476404,
   -373.5852041553367,
   -2048.3966962001996,
   -630.6566145236627,
   -298.67056911359856,
   -1134.1315049846228,
   299.932406217329,
   -337.53621688367207,
   899.7114527453506,
   -493.195155203978,
   -278.79117200782514,
   -342.10258454103763,
   -572.1346442391813
  ],
  [
   -2198.747997841742,
   -6094.994079049755,
   -6100.850669909269,
   -7899.99420640903,
   -4127.3454613281865,
   -11533.101299776527,
   -3127.568595531274,
   -874.8007541139608,
   -6887.1289075161285,
   -8808.461938134156,
   -9282.783920876593,
   -2602.1002949532613,
   -3212.678785129401,
   -821.6534561026897,
   -1483.0163023146868,
   -6506.011446679029
  ],
  [
   -2912.5421811903093,
   -1024.2548208078779,
   -4564.81511379519,
   -2999.4365931383118,
   1401.600111797567,
   -9281.05552260815,
   -1076.9090368320506,
   343.93288360456427,
   -5198.0859523096715,
   -4742.453062623798,
   -2628.0915254035194,
   329.9138264232662,
   493.233281321349,
   554.7022757685335,
   -277.14404304892065,
   -1224.6076557341885
  ]
 ],