{
 "input_nodes": 12,
 "hidden_nodes": 16,
 "output_nodes": 20,
 "epochs": 1000,
 "lr": 0.4,
 "output": 0,
 "epsilon": 0.01,
 "synapse0": [
  [
   -33546.678951233014,
   -24216.21854286356,
   4653.396902895831,
   -37078.221575560645,
   -24554.922806783925,
   677.4713058627026,
   -4725.8082736236765,
   13357.65518253486,
   11010.570884713257,
   -24169.45587572232,
   -39167.39411533576,
   -9589.667651212863,
   -21058.61843339006,
   8101.879455729411,
   15238.549444229559,
   -16590.04307380683
  ],
  [
   -24917.940651480727,
   -12336.064915973711,
   -49871.21296749533,
   -12176.05011820793,
   -2545.9115887141093,
   -35109.438924893126,
   -12033.89338664243,
   -26508.58700088316,
   -26222.855210719634,
   -21829.52355343839,
   -27357.080391685064,
   -23416.58891048228,
   -23155.880538127956,
   -30099.38767046535,
   -33649.88546601357,
   -28352.90450745648
  ],
  [
   7957.955092678084,
   -18535.16680851896,
   3227.908384481879,
   -16861.363622793448,
   -741.7644325723944,
   17017.540886348663,
   10104.85177872392,
   17656.814371345183,
   40288.132619949276,
   -26377.621077864078,
   -7922.411658466097,
   14962.8913187859,
   -29956.90424817007,
   3268.4893927911917,
   8863.435137391776,
   -17524.971235369925
  ],
  [
   15591.413202670403,
   11041.295729546186,
   -88286.76508576522,
   15283.36502139456,
   7234.399796972545,
   -84915.9905166582,
   -9872.564552567932,
   9435.947187210302,
   -28043.532813699745,
   15162.380104909353,
   6646.488971597242,
   20426.973512391032,
   24775.21756585375,
   26606.517430439882,
   27655.6242879146,
   12863.842327408496
  ],
  [
   5144.014562305599,
   -12157.950163699159,
   -13412.0710647411,
   -12072.512499580549,
   694.9546600382095,
   -9111.85657066077,
   -1278.3945998006673,
   3020.7707278046937,
   5716.14488630368,
   -39341.401535471,
   -281.73467501110446,
   22447.316529534015,
   -24191.20482605562,
   23591.219506680663,
   -6854.725827418118,
   -25778.19013853211
  ],
  [
   -1254.9435743009449,
   6976.597838028387,
   21861.182426410778,
   8445.38598270373,
   18354.12141006357,
   4275.287676380085,
   -20900.896148041305,
   9286.580396310495,
   -2496.4296143487936,
   13187.576137416856,
   -4394.589688055571,
   17302.375984229362,
   15343.673297093988,
   20443.717749204243,
   8350.63021075445,
   16020.268062468307
  ],
  [
   -15951.975533911902,
   -26724.650461295965,
   -23595.96079690296,
   -28049.823296656992,
   1457.814848779695,
   -14632.728878142534,
   -4217.0190767251,
   -5870.857250769201,
   5765.335471358259,
   -32847.95161546006,
   -34577.46694325238,
   17504.265391017918,
   -37423.98906306524,
   23414.15298399008,
   -10663.403629153,
   -32239.723920926484
  ],
  [
   -47760.24249441971,
   -19133.57494944564,
   -42208.15112780344,
   -18934.327733550806,
   -20683.850308850288,
   -29565.9838784987,
   -22134.829942498563,
   -7363.565458925589,
   -13562.437030429013,
   -1966.0905707732743,
   -51619.77312798244,
   -38064.066702280936,
   -14996.237840488959,
   -40707.343960405415,
   -558.2040339221238,
   -15732.866816215495
  ],
  [
   -3908.801748259233,
   -5486.349999421854,
   -47196.45604244227,
   -12890.788558165314,
   18483.483929501606,
   -38171.33013139066,
   -1355.0185805864114,
   11048.87671068308,
   -13945.126312950655,
   -23713.072824013514,
   728.6346194794653,
   14844.88651128695,
   -8560.759274014203,
   19132.021091893574,
   134.90280261708125,
   -9194.997186429071
  ],
  [
   -16966.599996374713,
   -15257.21243589006,
   -37433.44552003739,
   -19345.077906632076,
   -10376.709480960768,
   -31536.2163716437,
   -1014.7052149273946,
   -8555.46029784878,
   -6106.190156514663,
   -19943.69757160448,
   -26709.591310942265,
   3643.9073486235516,
   -25046.269015008882,
   7251.595593138979,
   -8361.605359844823,
   -20841.5677535571
  ],
  [
   -114124.33395521551,
   -54767.75153811946,
   -91530.32016479071,
   -90713.11119126673,
   -95871.40193834312,
   -98485.28346438591,
   -24071.84644820007,
   -28962.34566481312,
   -46535.398406360706,
   -84230.06702325655,
   -120593.14596276963,
   -75638.59170552659,
   -68795.56828322334,
   -16908.72296865359,
   -24780.585502588096,
   -77596.54189106106
  ],
  [
   -39902.22993036533,
   -27906.71809372991,
   -98206.07472612073,
   -54523.26593452706,
   14536.927360806661,
   -93620.95055165055,
   -4147.87372967812,
   11310.256729870816,
   -43185.20784965535,
   -67803.74418557314,
   -36108.552935231084,
   604.4104519699084,
   -36066.83900450206,
   20787.293245074176,
   -15367.557635828747,
   -42436.95506831102
  ]
 ],