{
 "input_nodes": 12,
 "hidden_nodes": 16,
 "output_nodes": 20,
 "epochs": 100000,
 "lr": 0.35000000000000003,
 "output": 0,
 "epsilon": 0.01,
 "synapse0": [
  [
   639.4881734523741,
   -246.32473502815054,
   -312.30655302660006,
   -1065.6815138369052,
   225.13786515659334,
   524.0770409476371,
   706.0933513659752,
   2097.9783216727874,
   949.1212971313631,
   1359.5327889923394,
   979.6139633579838,
   -524.1058207499249,
   448.3868811444727,
   462.61017414233163,
   954.4744056139555,
   -1244.5233985836833
  ],
  [
   795.0203290117894,
   352.0704502198449,
   -426.1342183201646,
   94.46129035565278,
   451.6002177168037,
   -211.6146155761378,
   -871.5759609864343,
   214.59616582991464,
   -505.6010918867779,
   -175.56312982543244,
   -549.6390214564045,
   -799.5902523849259,
   -308.97096346607043,
   834.1100480937632,
   -699.2049671643913,
   283.3311735840859
  ],
  [
   -2783.6303812791307,
   -172.8599134715118,
   -404.25870103994964,
   741.2813447652788,
   -790.843190592029,
   773.8952910661424,
   1167.6286993090891,
   -3447.38994152816,
   -1504.7254957943871,
   -718.4700962029439,
   -2095.7471983498467,
   720.4660915658794,
   -711.505395522484,
   -3645.581637921288,
   -808.397264595291,
   -321.93658283050786
  ],
  [
   732.7817113861162,
   176.94596018850308,
   -1180.1807507417257,
   38.44816774549713,
   528.6158563326399,
   84.63348380976927,
   -854.8330935187997,
   -412.7284674348292,
   863.0181923386424,
   2058.8495936342897,
   846.4288714403776,
   1038.5491271952128,
   365.95002005418246,
   105.26081024910481,
   -157.12748075566742,
   -1253.8399157685164
  ],
  [
   754.7269518518191,
   -72.98666475844387,
   -748.9837545373335,
   -159.6048799574413,
   394.5003668272361,
   -44.29483779990971,
   -92.62875965016423,
   1232.3227064830585,
   -134.06520361812565,
   2191.1097020301277,
   1353.6046658284954,
   725.2820644778342,
   -780.804438271842,
   748.3403176580302,
   196.39515679437451,
   -1286.058499472862
  ],
  [
   -34.22948155681966,
   106.71985539459406,
   631.0071267026674,
   -1333.6268924922806,
   -495.1717094214961,
   -157.23008121438002,
   -171.34548294100307,
   -1467.2170483046286,
   -414.79467190649774,
   -1095.2510023099119,
   -554.089790217995,
   -984.0180084247132,
   767.5613842868532,
   -176.0557427058303,
   -377.56545392013254,
   -225.74062474591906
  ],
  [
   -335.24684452214126,
   -426.1046304723634,
   254.30062451202312,
   54.34139472261667,
   -405.4025708257191,
   249.97126163401344,
   617.861318468074,
   -1400.4298075441766,
   1101.6490281095805,
   -120.9014777455362,
   -750.7598395327752,
   -1823.0805173023325,
   758.4443617891161,
   494.94286356803326,
   781.4466599451953,
   550.8732451119516
  ],
  [
   -1124.91506181256,
   -97.81013675733247,
   394.6487939710216,
   124.86574539971866,
   -251.79372116912631,
   -321.3993711308926,
   -486.6058925546604,
   -1277.114176983702,
   714.0233132280446,
   -89.98830970455202,
   172.03286148823383,
   224.32299638163786,
   183.55611908859896,
   -534.3201723542476,
   -431.43287234950765,
   304.993806552149
  ],
  [
   222.21761619199495,
   -631.0657859279072,
   -779.8650712741054,
   -838.6715620364402,
   54.36875285093688,
   153.14585689006947,
   175.70936625226207,
   3051.2864869357195,
   480.5050805466413,
   153.38687591707284,
   240.49692464781361,
   -982.9037293018,
   6.604375815601266,
   1.8466367399724932,
   375.35069018044146,
   -156.6934089254541
  ],
  [
   -381.3189883002894,
   274.43891240022083,
   -72.10955637917857,
   -228.18554267224727,
   302.8390210834598,
   -258.29062241521615,
   318.97814008931465,
   -771.0216869148776,
   -1851.4911117475997,
   -1595.80669562622,
   -2146.6960696766027,
   22.772233325554275,
   -322.19781446848356,
   -1731.045636604404,
   -1021.3096370167165,
   151.82974488739313
  ],
  [
   -213.01637849616537,
   492.35259414232723,
   -250.8578669329116,
   169.9752882657121,
   319.3474072986972,
   560.6669336312129,
   -1089.744324939322,
   -3406.497281928098,
   588.8043030902859,
   -164.85143240243005,
   -713.5723019103181,
   709.1156792952635,
   -279.6887858665686,
   7.057268750677423,
   -1233.7615696566825,
   -901.737433998932
  ],
  [
   -2136.507902778377,
   252.46840518488824,
   -357.17801734769824,
   545.614493546577,
   -161.8922450640987,
   -79.1168600041134,
   -616.7066899977756,
   -3704.7087566402924,
   -596.4787642608712,
   -1755.2360624105775,
   -2027.218786064544,
   641.9967831621613,
   -239.0567708489273,
   -2779.310925839013,
   -1212.4923262520958,
   1350.6874377015542
  ]
 ],