{
 "input_nodes": 12,
 "hidden_nodes": 16,
 "output_nodes": 20,
 "epochs": 1000,
 "lr": 0.4,
 "output": 0,
 "epsilon": 0.01,
 "synapse0": [
  [
   10233.623270999791,
   2772.9812668059126,
   1504.492384399019,
   5544.916109316451,
   3330.3112463794996,
   -1838.428285291849,
   -3915.2479622865326,
   9812.269184965187,
   2170.6003239389793,
   6150.010707516472,
   3028.7801444695037,
   5955.720701938096,
   -3340.9223124423993,
   2736.573587872351,
   7432.098884187292,
   -686.5528505862707
  ],
  [
   -18564.832251778098,
   -7869.776483292151,
   -10021.185207072305,
   -25055.179934787728,
   -5917.361764404362,
   -21591.500323643257,
   -10777.856027619024,
   -19002.529417881564,
   -7868.9531619700765,
   -5519.071640895004,
   -9174.579891505166,
   -12441.293820037412,
   988.5974980387502,
   -13920.704975761591,
   -25554.536018389426,
   -12080.920498614456
  ],
  [
   10868.051815685863,
   5145.877709575976,
   7523.104487817653,
   -245.645017151515,
   3413.4508892916565,
   22062.53114819285,
   3806.041742573479,
   7003.548610574131,
   5114.219509691108,
   2817.5716950202213,
   2177.4506121328395,
   4920.467029160795,
   1051.220370882557,
   13284.118447145001,
   -13820.788952802184,
   6707.469585779553
  ],
  [
   8338.986342398788,
   846.5090025541601,
   7612.114459060691,
   10324.182311957316,
   1473.1631643676167,
   15531.385057535928,
   15812.534146981168,
   12278.386323489816,
   1671.3151075186827,
   7026.21150607068,
   1605.8584301089115,
   8650.165501910957,
   -510.28377977091606,
   12270.77758922382,
   25177.12197428851,
   9893.612462764871
  ],
  [
   2710.7382318052205,
   -31.83596693986485,
   3943.294474620094,
   -19243.2769765149,
   6159.974772845791,
   -15782.455443732555,
   -20899.465019241445,
   4587.826543471661,
   678.4636864194875,
   7909.143621612736,
   -4151.1281413208235,
   5871.957636103751,
   4323.764857652593,
   -9811.421039931263,
   -29234.75486972816,
   4744.112413654458
  ],
  [
   6413.347684353778,
   6673.89142364253,
   -1930.689464939334,
   -8621.467012867417,
   1224.150993661924,
   -6703.645850816808,
   -5925.024066798947,
   7864.858346591956,
   1376.504791820958,
   13944.991794676802,
   7177.057307840277,
   1112.3605611416046,
   4124.330739890185,
   -3661.400149927433,
   -6830.326227812289,
   -5909.7869444564185
  ],
  [
   -4737.162531998508,
   -5735.201389059697,
   -7851.852311889361,
   -18107.229860848794,
   -120.56188483992756,
   -23356.198052841446,
   -12932.50637265916,
   -11542.77041176554,
   -1376.0403676377298,
   -1986.79657119774,
   -6955.812550533663,
   -4535.881347261737,
   -573.8239613294926,
   -7239.710703580768,
   -18552.65211612136,
   -13829.487739506634
  ],
  [
   -4048.696590368567,
   -3902.59270806122,
   -5396.862655136625,
   -25780.424622441707,
   -5865.325253927646,
   -11749.246981447322,
   -2515.775007993615,
   -9463.747444383258,
   -1144.2516867701981,
   -4427.695962235707,
   -6868.5157870706935,
   -3280.279030554114,
   -2754.7891691599966,
   -3551.7904397560233,
   -20373.862423705727,
   -10854.79007231413
  ],
  [
   9016.247381827308,
   519.8659325416797,
   -1832.4337169742464,
   -12039.588084665795,
   4196.057471158458,
   -23285.569419687887,
   -20086.211417849907,
   2110.7312108633046,
   2888.311435202997,
   13396.58322992018,
   4169.282808389989,
   1482.089584930862,
   4465.022893421105,
   -9982.642703585801,
   -12448.577629141713,
   -6425.153630718227
  ],
  [
   -5700.222366539632,
   -5319.138378699109,
   -4669.364748643484,
   -1815.3659982803547,
   -5807.061640051684,
   6739.457698726965,
   4420.265387841377,
   -10257.668920355658,
   -796.8954519054641,
   -7461.889963215642,
   -8004.406483560396,
   -4014.535604781959,
   -7408.524491946876,
   1141.4489261945084,
   -735.6010872327968,
   -4315.93215859534
  ],
  [
   -19693.050138845105,
   -9761.282914675725,
   -20377.281572492902,
   -21749.08173729552,
   -7639.131046015044,
   -51937.14443485255,
   -37117.10174625692,
   -12804.593127920745,
   -17833.538892205903,
   -7952.8764498705605,
   -742.3916639211574,
   -24388.49066712032,
   -4740.23192252549,
   -34560.4633012082,
   -26524.549993649744,
   -23182.232160307874
  ],
  [
   3359.001803281925,
   345.2269796158503,
   2909.6243764596197,
   9261.287580660051,
   756.6245852492482,
   249.98543500504698,
   784.016750045621,
   859.4162574557457,
   4566.262740842621,
   4905.760457303727,
   5598.639756762238,
   -2610.0584820662316,
   1867.3563353973425,
   288.52945750037054,
   12104.214320705385,
   -637.9082714341234
  ]
 ],