{
 "input_nodes": 12,
 "hidden_nodes": 16,
 "output_nodes": 20,
 "epochs": 1000,
 "lr": 0.6000000000000001,
 "output": 0,
 "epsilon": 0.01,
 "synapse0": [
  [
   311.4029851843303,
   -571.2548578803115,
   -600.3114321750917,
   -929.0293573844494,
   1730.4681482153699,
   -50.585997352676316,
   -1715.7969980989794,
   830.834527560288,
   46.69323221721141,
   351.1266640581091,
   -1650.8617456544375,
   45.46933194487831,
   -408.0296221057401,
   486.6956903476919,
   -923.0959454581108,
   210.68481211871415
  ],
  [
   -1472.4478053635266,
   483.0711893204867,
   -718.7076238861251,
   409.71994421093524,
   -2014.3211286774213,
   -197.52947146972375,
   622.0901331377862,
   -1325.8451835028475,
   -54.56129904625159,
   -1229.5568510179078,
   6.934887922876224,
   -239.00025143400495,
   -359.2917907215587,
   -1273.8305948302948,
   75.40306884155231,
   -509.3334120045847
  ],
  [
   1192.5469718376253,
   -220.48902753316042,
   -1535.750749657531,
   -3357.867456980998,
   -1919.8655368077514,
   -10.578122947065603,
   479.83750961171586,
   -332.8404209974948,
   592.7758108994257,
   1008.5448016252909,
   -333.22442386799787,
   -431.19605816171156,
   -833.0220530010297,
   960.695151141083,
   -1272.4874414486228,
   629.8411693493292
  ],
  [
   1050.4466409504969,
   -75.3024632012606,
   -931.6195572685765,
   -1800.5355442603964,
   -212.13523324974196,
   -123.15687453515531,
   -1645.9821530451275,
   272.2049789187374,
   -1222.785950443167,
   -64.3453471604697,
   202.5785943890634,
   -208.85382628150236,
   -408.0780288003515,
   123.5967022007296,
   -589.4462915610309,
   -483.2832660586039
  ],
  [
   -409.86190386472435,
   644.9251556770981,
   -305.31299861302625,
   43.908423450682776,
   1048.4334840643057,
   89.08195334495423,
   786.6204896938272,
   -851.1415566393761,
   859.0216210634584,
   -306.2689434668523,
   -1029.5634410712532,
   182.81001085657408,
   1005.6749512096125,
   -264.989884089356,
   398.8161039134203,
   655.0283473045463
  ],
  [
   -385.9599564435631,
   586.5859584881523,
   -1516.6074850692703,
   -1947.3390856701399,
   1679.8184514324373,
   48.23772950526099,
   -2156.7972542630637,
   -462.8196853806977,
   -685.4671617870251,
   -219.01411025849242,
   -208.8091009243082,
   235.45449140502566,
   2038.6721284265104,
   -535.4831665707002,
   -950.6885152655236,
   -16.123507561202917
  ],
  [
   -89.11692488870746,
   517.8474445751274,
   -1293.75419540748,
   -181.4008405121062,
   -2040.832950769149,
   147.14378868810428,
   -506.4440149302129,
   -61.36126097541046,
   343.529212622656,
   153.5964227779969,
   -282.8044297737117,
   245.38367531023363,
   -327.6437964971927,
   383.4188755926531,
   60.03334644527489,
   -48.42922504278416
  ],
  [
   49.64004449502524,
   -628.5499054546442,
   -296.6153268539032,
   -872.4228695825151,
   -4000.7369309040864,
   -305.45457613770185,
   -52.292740932259456,
   138.99163883038904,
   -798.9677216769213,
   150.8763556225023,
   -732.6963974952579,
   62.05402268766125,
   -3595.025732614126,
   343.3138418912797,
   -674.7212088056955,
   -874.3693704879241
  ],
  [
   -990.5751042955487,
   -687.8284473065207,
   -2008.6155857693454,
   -2005.0058271043342,
   -1514.0307675257377,
   419.1352155041707,
   -1311.1953722212156,
   389.0550177257261,
   133.3501385515739,
   -282.2147312335309,
   -22.58475343013738,
   -41.91062284387531,
   -2723.1304146796742,
   -215.25947485222795,
   -1908.0579233792214,
   -526.5686488774023
  ],
  [
   134.14315049689935,
   -53.834384539327075,
   576.0272333074025,
   777.4836478772933,
   -2073.7734152722282,
   -38.90160922940837,
   973.7278010545882,
   1065.564700419543,
   170.87149693796644,
   -1.9907840335379368,
   354.1438171252323,
   -78.61299395821192,
   -1654.1525937468577,
   352.922719840905,
   236.35072228514366,
   -127.26046355894294
  ],
  [
   -697.5068215428419,
   -1689.0937658680534,
   -3687.3748883522126,
   -695.7944419815271,
   -1338.6720155019427,
   -274.5734945572473,
   -889.3920533866432,
   253.9519493449195,
   -290.9215986729388,
   -225.89446626817715,
   1309.2124690477426,
   -57.283919584006334,
   -2011.7606546919187,
   -237.3937832571164,
   -810.415165222841,
   -435.8720165559055
  ],
  [
   -119.16901522048347,
   -288.05220937484887,
   -2275.758463373659,
   -1006.8347533418157,
   -2247.655179257532,
   487.6102734401336,
   632.6997415810348,
   -894.281230773801,
   162.4617416635902,
   -821.1828377480368,
   1310.5239160638127,
   35.512642678080766,
   -1067.0974596523774,
   -645.1524111299406,
   -1420.4449743260827,
   -466.4225646952691
  ]
 ],