{
 "input_nodes": 12,
 "hidden_nodes": 16,
 "output_nodes": 20,
 "epochs": 1000,
 "lr": 0.6000000000000001,
 "output": 0,
 "epsilon": 0.01,
 "synapse0": [
  [
   4433.929829360676,
   -276.91452430543825,
   -859.0249617176972,
   -3099.2659819715404,
   8853.294790659642,
   50.8991394729136,
   1093.3110577965138,
   1902.8563039135029,
   507.23029883555836,
   -53.51250416284578,
   -2899.090223026258,
   -1193.9749209750778,
   -839.1255930628051,
   997.036234848636,
   -4048.9406061246323,
   -1268.666446316619
  ],
  [
   -7263.2289055141155,
   -295.9556322461902,
   -2391.918564013401,
   277.1577013345463,
   -7856.08584146837,
   -1612.887254255939,
   -1094.56006635516,
   -2991.9032870456213,
   -1356.3801481761025,
   -2946.8802394415666,
   135.95110655851448,
   193.38162167854634,
   179.87367673679987,
   -3830.754783695594,
   805.6372595983257,
   246.63447131661968
  ],
  [
   5224.674687765548,
   -1326.066732698459,
   -8.808100191318873,
   -11254.405724175702,
   -6418.745107253577,
   -1184.1035128540016,
   4308.468104791168,
   29.713242308699524,
   1491.0991541856376,
   3235.527302753272,
   -1290.373338345319,
   247.546549722812,
   -40.553065056891434,
   2449.573466183041,
   -5887.940587429746,
   -277.6699885935724
  ],
  [
   1989.7044316753502,
   -452.7284785213074,
   4047.990826045176,
   -4289.954354092623,
   -4571.539642872258,
   -311.2571575178185,
   -2602.3329016493803,
   -3468.4084146574974,
   -992.4727102309582,
   2590.9383223862797,
   -62.104890537669185,
   320.9826520047442,
   2061.2496372617293,
   1298.0829463046734,
   -5091.887105699916,
   -1854.4315439118586
  ],
  [
   2467.80585690756,
   624.1908066665638,
   -3103.9253610505216,
   2696.0313381996352,
   6300.323224063086,
   334.15406720380895,
   -2126.501146020255,
   -901.3007890600427,
   1317.1687793756553,
   -889.3621556808354,
   -2525.304841167389,
   358.1796670213343,
   -104.64811928965261,
   -1011.5639393699518,
   5013.507962195108,
   764.3230025847038
  ],
  [
   -554.7171514703335,
   588.1359641858162,
   -7312.868581117497,
   -9396.58787256854,
   -985.2707062213382,
   311.557764176834,
   -5400.374233374227,
   -2362.810998579031,
   371.20000642283486,
   -483.9945049910305,
   -108.52368535373331,
   810.9788144800691,
   1727.0813205017594,
   -1893.612121328856,
   -107.21174101782947,
   -156.7650425892742
  ],
  [
   1536.0555905767271,
   2027.633467095782,
   -1901.5196655363475,
   -769.7477088684517,
   -1952.3445182490577,
   459.6690977667636,
   491.01810915844004,
   447.4132656789018,
   244.93141068334523,
   -218.0519967474733,
   -858.7226134790204,
   1585.8930894161333,
   -1772.618283046871,
   -486.2236828101309,
   -375.63589533157733,
   -434.44388114627833
  ],
  [
   706.3876159446,
   -1213.0196927434351,
   2139.168646677522,
   -9639.303678288557,
   -18313.3101133419,
   -691.1765053161212,
   2472.792739392702,
   2499.6177339360625,
   -983.0072235966712,
   634.7076099725839,
   -449.26673318235095,
   -1487.8645075992542,
   -3880.026255243941,
   1376.0538986969264,
   -11648.459215134872,
   -1551.867059016187
  ],
  [
   -267.60266659555055,
   -205.4982153774257,
   -7483.635146814652,
   -14173.693527393807,
   -1907.2445625810235,
   1397.4761185873751,
   -1093.0575919385462,
   761.3959976807397,
   526.791901284163,
   -2670.953835150946,
   -197.3888632412277,
   -82.35763273345238,
   -469.6657171628281,
   -527.7888277612831,
   -14365.259191391591,
   -50.12151747749402
  ],
  [
   -274.3749791041697,
   1423.5176530814492,
   4296.145510970351,
   3632.6403761875868,
   -3173.5310990430385,
   279.49239155864717,
   1047.2365327265745,
   543.8422607358973,
   -737.6519336265118,
   -62.58830274451179,
   -288.2568961843452,
   860.6567492483053,
   35.89117784359922,
   962.4581189987383,
   -307.8322449273306,
   -69.93282098562591
  ],
  [
   -1349.6899897957708,
   -2321.130478732406,
   -10433.024628682657,
   -4824.213521070731,
   -6514.404500373572,
   -894.8650924600232,
   -1983.9210021307688,
   2206.8625577746134,
   -1937.237150081881,
   -2467.076285586396,
   1675.619599384437,
   -2104.6666367476864,
   -2406.160272599579,
   -186.8485870483128,
   -5392.476329802158,
   -717.852204044367
  ],
  [
   -4513.532756230148,
   -61.626705078491675,
   -11036.48159230975,
   -11101.791316828838,
   -14588.673716296442,
   1060.1312553112195,
   -3304.755038355996,
   180.19633460563114,
   661.867415401692,
   -161.25587111321795,
   1546.635050543893,
   -597.0862330441065,
   2012.6028399263364,
   -840.1548817229705,
   -3569.639318850193,
   1614.556244744644
  ]
 ],