{
 "input_nodes": 12,
 "hidden_nodes": 16,
 "output_nodes": 20,
 "epochs": 1000,
 "lr": 0.6500000000000001,
 "output": 0,
 "epsilon": 0.01,
 "synapse0": [
  [
   251.66862965944867,
   -491.19721533068156,
   -266.11065834877706,
   -164.8398119766632,
   55.417880025010405,
   10.137404628835212,
   -1745.1894420314923,
   236.19203402881217,
   215.60298064113624,
   -54.832738086769425,
   -1249.1785316042008,
   14.585780623845862,
   -212.36594001229278,
   251.31283689857779,
   -231.43381126421173,
   103.96619185388957
  ],
  [
   -983.5489777219855,
   306.67579903005264,
   -24.355001479562937,
   268.89740525606527,
   -271.61840680413445,
   -136.68792174390867,
   290.99669143332824,
   -343.9050626842059,
   -273.2881239201332,
   -294.0225202766245,
   -100.82648874648567,
   -168.01761763285674,
   -323.64247734586485,
   -603.4585851178385,
   -247.57508713716197,
   -331.61814185226234
  ],
  [
   526.706806001774,
   -184.84877517170028,
   -117.3731347266738,
   -1414.9005785325514,
   -511.6976668336705,
   -46.24673580255738,
   332.72183994909733,
   -587.8471779264449,
   257.1947815784186,
   646.8955081752028,
   -220.96010395933382,
   -297.8293786335034,
   -204.51353540021697,
   284.0970201050192,
   -9.417354332978496,
   517.7928849520856
  ],
  [
   907.1410464539483,
   -35.91188761094539,
   -567.058553660526,
   -775.8454689532824,
   151.48218886163943,
   -158.75593374195338,
   -2157.189744568658,
   287.9970688880439,
   -820.2973686497156,
   59.8181417489464,
   129.09922750098582,
   -300.3542619240993,
   -624.8455465209091,
   322.33059687196334,
   117.24030213137702,
   -476.68927169370147
  ],
  [
   -89.8131119157059,
   166.7874549933426,
   -6.685538775768914,
   -528.7653015362391,
   74.34055197862594,
   -90.02496283756898,
   646.1640062224899,
   -73.78814725303512,
   591.5438632125396,
   -106.13264439607096,
   -534.0096464895723,
   -67.47019489970741,
   381.2855480081624,
   -144.58638808562495,
   -233.8513570269978,
   276.1244986976355
  ],
  [
   -94.83493354472344,
   415.466322859118,
   -470.7844031539888,
   -595.5003421642014,
   399.2971650288018,
   129.55424275777068,
   -1944.5738348791506,
   -233.48160017244666,
   -313.9602263920468,
   24.05947118366353,
   29.04416472755788,
   48.52441370533406,
   826.0252872325602,
   -154.68410025843437,
   -298.1067087985527,
   207.7316665413885
  ],
  [
   -257.5207686825688,
   319.9794776307958,
   -139.14622999800537,
   23.077206691514007,
   -75.39715452370888,
   -25.52264617110895,
   -642.097257122603,
   93.54885541965798,
   176.4900934219918,
   394.052685150113,
   -221.3851901797162,
   159.05264739066888,
   1095.8861280032093,
   216.657045441258,
   -8.232890842589866,
   62.61584668172136
  ],
  [
   -226.89621220363827,
   -383.91177442170994,
   -81.98757600699038,
   392.0049255049404,
   -681.0521889124935,
   -67.33300504208799,
   -1277.7132981370473,
   -165.7031693792011,
   -620.2105756581686,
   48.69403640252995,
   -476.9758151126755,
   -102.317578684037,
   -1385.4476307757411,
   106.06526652610604,
   -78.02677652432233,
   -547.0144164324076
  ],
  [
   -799.7914364722076,
   -49.690137256755506,
   -112.15763214348311,
   -275.20156748123657,
   -579.0051708430291,
   365.9477504289387,
   -1573.4896596157362,
   -96.4408981947023,
   205.39285544396,
   -652.53049723742,
   -72.38712195810791,
   321.9676032952238,
   -1335.731094234435,
   -174.761696609904,
   -264.99724870790345,
   -219.96292969017463
  ],
  [
   -81.01834436768895,
   154.50928679686425,
   284.06363113498014,
   -35.003107009982735,
   244.1691520031685,
   -18.348425025357344,
   526.4136968456918,
   340.46730904236733,
   -74.32185882491956,
   216.84459583040544,
   -27.160679466171853,
   164.45431376572176,
   -84.094547648673,
   430.08407102035835,
   48.0381096351729,
   -42.88064757293081
  ],
  [
   -337.23063139562805,
   -1027.708127108444,
   -665.9403586838716,
   215.6169059809575,
   -1132.1771960817875,
   -247.34553061183564,
   -886.4802585933576,
   133.05534041701054,
   -132.30355416093076,
   -367.50252634555017,
   890.36982895256,
   155.6995688025008,
   -643.7109306923195,
   -158.9457037998442,
   180.79274954389933,
   -407.3310491232162
  ],
  [
   -275.42102318344905,
   -152.4940832390413,
   -436.70137755768224,
   -42.346305720673456,
   -1038.0197738249976,
   178.54967116666606,
   110.86147638078168,
   -254.5035679579965,
   23.57330562739936,
   -445.4902737256136,
   681.6791805834998,
   443.86809786893707,
   -1577.4607525975969,
   -310.2284795720277,
   189.73090076666134,
   -280.1844366314649
  ]
 ],