{
 "input_nodes": 12,
 "hidden_nodes": 16,
 "output_nodes": 20,
 "epochs": 1000,
 "lr": 0.8500000000000003,
 "output": 0,
 "epsilon": 0.01,
 "synapse0": [
  [
   1348.9144781853913,
   -53.83761611473602,
   -1728.0351507878574,
   -1609.2560337412708,
   5829.780071738673,
   18.08775294762534,
   -1566.4494855596602,
   1333.1912921180158,
   -156.9564636504222,
   23.336604553924772,
   -2142.9282374487607,
   -547.9746495470064,
   -918.1894876063969,
   906.3904148613327,
   -2016.7650599997921,
   -68.12796148943133
  ],
  [
   -3582.0987150677074,
   -512.7563682248181,
   -1840.5973390735103,
   -660.6607199156769,
   -7027.231197184447,
   -1185.3484572708203,
   -215.83748070126703,
   -2590.677869986337,
   -268.35998479675385,
   -2165.6705808719003,
   -286.5075019740415,
   47.2591059234053,
   177.29391511583893,
   -2356.9628268766737,
   718.7981861041939,
   -292.41439425340576
  ],
  [
   1601.8382005517979,
   -578.7349158285753,
   -3296.808059011453,
   -6822.64852068634,
   -8862.872036207666,
   -205.56928879613943,
   340.3957780878529,
   -49.79522935387579,
   503.8171410584248,
   2202.8521449422983,
   -783.7737844862114,
   -172.51309593422536,
   617.3836882555917,
   1093.5369686615002,
   -1875.5223146007618,
   1114.9824009866425
  ],
  [
   1123.7579727084462,
   321.4598986797592,
   506.72684818428195,
   -3478.24889168121,
   -5235.354431802366,
   -597.5255277788928,
   -2257.3397862276956,
   -1568.0504055697827,
   -1320.4992681530596,
   1683.0141019458754,
   86.61345596573966,
   42.48770067213059,
   1259.4766243144984,
   764.0269782175815,
   -1523.7789955038077,
   -567.9855025409611
  ],
  [
   465.6738060176213,
   1410.4958152917557,
   -597.2426491382486,
   2477.7922273925183,
   6453.65002856492,
   164.92709994082668,
   723.194184691304,
   -488.137261290532,
   901.2654595582019,
   -397.70920878566056,
   -1882.4014064299809,
   46.82567978983807,
   128.81803888344876,
   -336.5759166087426,
   2163.874874026435,
   702.7734359531518
  ],
  [
   293.91252854375995,
   428.2133348058292,
   -4792.164694466479,
   -6992.957830955187,
   500.67216032872847,
   9.45850589690982,
   -3209.233153768886,
   -1414.6441108863144,
   418.89313286930746,
   116.39609212240855,
   -290.01141573585653,
   606.3860893896763,
   1442.3254795148914,
   -1335.2500083826794,
   -2156.675064743447,
   -328.72416425961524
  ],
  [
   795.1599596891748,
   1661.413336682657,
   -1538.6249961888454,
   -776.0418116122165,
   -3338.7796390953436,
   687.151100578326,
   -207.4458808322468,
   70.80888488614978,
   464.03550116047643,
   128.48738852158974,
   -576.9348854673025,
   683.1361113017828,
   -1499.9694414962653,
   313.93890751827786,
   -31.821514324096807,
   -549.7001093492994
  ],
  [
   447.15201649128875,
   -1401.2243452315824,
   -385.30727969553374,
   -5914.353101748457,
   -17675.91231849595,
   -521.4462295605748,
   228.43069218350215,
   2013.3213628380481,
   -1198.5234531597534,
   436.8664094777429,
   -274.8531480265045,
   -1005.2059834673753,
   -3971.8234634710484,
   145.47276188697018,
   -3612.525496941767,
   -805.4341830198983
  ],
  [
   -849.9915626787971,
   -726.1033901403019,
   -7968.96745166049,
   -8579.76080585846,
   -3138.5558762213363,
   998.7962063131446,
   -3193.380687571021,
   643.7502670635577,
   463.3921526903897,
   -1771.8611017519431,
   -178.55815010216833,
   -148.7182200535669,
   -1181.7052209200474,
   -1042.0856017700905,
   -5721.309777717378,
   283.2410440846991
  ],
  [
   121.12172152768662,
   1110.2124302905959,
   1677.5817101679856,
   1146.504518967345,
   -4202.525315623792,
   459.3525672892143,
   126.92107940395701,
   863.655677134848,
   -40.708849687999496,
   -163.57791062217146,
   133.01561934876253,
   602.3656607634956,
   -503.5911444484735,
   747.4299756630098,
   -871.771160899481,
   -270.3314115122155
  ],
  [
   -1253.587877693474,
   -2557.512642520974,
   -8089.08630903756,
   -2895.7227518411573,
   -3560.711240974881,
   -909.5456705871981,
   -2860.790227083903,
   1344.317397671032,
   -1353.5297753007405,
   -1645.9772634892233,
   1484.9607723410118,
   -775.9442506561428,
   -3002.3504803796127,
   189.65358811083857,
   -2850.448756434231,
   -599.8109721296279
  ],
  [
   -1505.672301940548,
   -713.9687002391673,
   -5696.738093831187,
   -6112.4056916100935,
   -8171.114529057707,
   697.5423764913961,
   -1412.7719857869529,
   -908.9586335880338,
   125.61162631854478,
   -645.6720048899001,
   1377.2510798647943,
   266.59090281035833,
   1962.0653312479255,
   -1200.5327669506196,
   -4164.279416380736,
   669.1148551007526
  ]
 ],