{
 "input_nodes": 12,
 "hidden_nodes": 16,
 "output_nodes": 20,
 "epochs": 20000,
 "lr": 0.7000000000000002,
 "output": 0,
 "epsilon": 0.01,
 "synapse0": [
  [
   -8230.726112940396,
   -10818.211498470302,
   -12417.272693837764,
   -57496.03465070668,
   -111509.56650991841,
   -23772.892409698983,
   -61155.16319645891,
   -18791.038846228523,
   -48648.78492830679,
   -76225.9234498931,
   -106563.98282916046,
   -51746.9403899211,
   -76531.50986603195,
   -61507.53863700904,
   -5279.718269680413,
   6653.754889267518
  ],
  [
   3522.3320670251255,
   4397.753542071306,
   705.6514008685451,
   44591.62011659214,
   64111.947267601594,
   20689.21219252345,
   48457.55910392254,
   -2468.2388295330297,
   37428.44041964389,
   50375.65144017901,
   67915.51784002408,
   36178.72891021111,
   58111.77378424654,
   44115.58676700929,
   1486.4115580610867,
   6831.577477931574
  ],
  [
   -7465.547329334756,
   -23943.046616719705,
   -118717.53319149728,
   -30077.814816087917,
   27706.33693529257,
   512.4672559990422,
   -28532.35280859017,
   -46905.337298834595,
   -31454.34182035488,
   -37379.34383358802,
   -61405.28777902212,
   -24105.406517892745,
   -22497.713069488804,
   -29226.686354325713,
   -3047.4285529892877,
   337.8070232833013
  ],
  [
   -10841.00805235485,
   -23752.608042223626,
   -8.192347778120947,
   -24168.608146493476,
   -58781.57613316313,
   -16907.098197599647,
   -25931.07544334498,
   -73850.6788339677,
   -24124.945483519776,
   -20737.906320604958,
   -29111.565086853505,
   -15049.9440659325,
   -28132.842426663326,
   -17569.51952306332,
   -11876.55865420173,
   -27967.97704197577
  ],
  [
   -8612.994904705687,
   -15024.800639546664,
   4970.84429233045,
   -12719.102917633683,
   -21495.592830300684,
   -24752.36469471877,
   -12014.675290203786,
   -42786.90764108202,
   -7710.803181384801,
   -5908.352143505376,
   -11533.568932441669,
   -7479.498539124438,
   -10934.41481305397,
   -6405.404432349523,
   -6193.166421834062,
   -39311.1034709347
  ],
  [
   1984.4615350862032,
   7449.652738149623,
   -7505.9320147440385,
   5291.483670797797,
   -26161.475944186535,
   21088.90074802846,
   7385.022897637264,
   19470.045677894606,
   2362.2883225973833,
   -9454.536794008325,
   -8409.549393449533,
   -801.6205445533561,
   993.3052575475464,
   -2512.9769612476925,
   2609.8335423484396,
   54164.114365485875
  ],
  [
   -633.8257558673598,
   -5645.088713955825,
   -28465.699780687086,
   -5377.412442076217,
   -64372.58704641108,
   -12444.092625988531,
   3987.6418203224284,
   -14313.863638021776,
   -9941.63718034389,
   -13043.203002286757,
   -23280.690706272246,
   -3517.3750653407124,
   468.65076236476887,
   -7584.302694842254,
   -3448.6344068480926,
   -22368.828408587862
  ],
  [
   1112.8051534588756,
   8812.195494153313,
   15998.841347259282,
   -4476.370456094742,
   -11541.916959088341,
   24045.597544388478,
   -10690.247673014735,
   13640.245940060915,
   -1133.4469055458537,
   -22151.92873567706,
   -25850.468574101204,
   -14261.247437811306,
   -18074.841387710232,
   -13537.684972869176,
   851.0904467144138,
   65167.486565666404
  ],
  [
   -3277.649134727477,
   -3886.9854077331456,
   14085.447564646434,
   -2987.153258287926,
   -47182.57760445348,
   4238.531437273012,
   -4693.480244722165,
   -17753.69415338584,
   -3738.569741255064,
   -8806.80935049529,
   -6701.494399042676,
   -2693.4715158154577,
   -7100.498165723352,
   -3906.5862270313296,
   -4437.87199483402,
   10856.549554069727
  ],
  [
   -8390.491331564366,
   -13215.137650001669,
   43424.53388411869,
   -4285.599702321841,
   -28073.355232087528,
   7063.918114462569,
   -9816.706803851583,
   -36168.83065263984,
   -3153.206037949122,
   10875.400011283306,
   22091.127064851204,
   4104.837000691329,
   -10499.458197897555,
   -879.1163284028329,
   -4619.583184294663,
   28823.535918981383
  ],
  [
   -9201.395793240237,
   -17583.026478607102,
   5820.042195962936,
   1195.2161305944437,
   -48226.76049923151,
   -1543.166922030061,
   587.4129523961395,
   -58691.28555092931,
   1010.6217673642694,
   9310.096674342452,
   17176.42899356009,
   5609.785451269039,
   2681.9568217205933,
   8007.787468756745,
   -8312.358317806942,
   -11523.649722921526
  ],
  [
   -4178.8949717386695,
   -7622.954342091062,
   -43409.69224837676,
   -10148.266545620938,
   -28795.306274324987,
   -15640.930606019008,
   -1283.969150931509,
   -9045.673838936153,
   -7164.98316290331,
   -20239.871433424447,
   -36543.34734969051,
   -10358.277956862661,
   -5340.710433685742,
   -13675.826924235811,
   -1173.581617042264,
   -10326.59544327064
  ]
 ],