{
 "input_nodes": 12,
 "hidden_nodes": 16,
 "output_nodes": 20,
 "epochs": 100000,
 "lr": 0.8500000000000003,
 "output": 0,
 "epsilon": 0.01,
 "synapse0": [
  [
   189.7943908913689,
   187.19373369826934,
   -55.149329809887675,
   -321.0270489133441,
   -370.289637176242,
   8.790654858626457,
   269.72793856059974,
   -386.7347468655058,
   167.40886194772654,
   -208.01312114394392,
   -84.47464076466078,
   165.77413196369284,
   -9.148027495591345,
   -37.01349055344952,
   223.6653176014869,
   -95.62923996853728
  ],
  [
   3.1167553506103713,
   -31.352062915315653,
   -69.95836720077664,
   105.24293389385778,
   124.85079873195218,
   12.473889976319859,
   -124.71345181514226,
   14.997955539918696,
   -9.443530034729955,
   -47.04651742252381,
   -54.32203347962559,
   -54.09213520443443,
   -102.48202807703312,
   -9.899865567448549,
   -150.24078947559514,
   -13.834734321642928
  ],
  [
   3.6711861555129928,
   -8.318028210941005,
   17.43657997449013,
   -34.509648088903,
   112.0233261180387,
   -12.105596157406536,
   -116.62369645045811,
   -111.26686708597744,
   9.085504402784899,
   15.663116114982094,
   -59.220608781252785,
   -59.0468341510921,
   -101.929415677894,
   -1.3634183318440318,
   -132.9209795920848,
   -79.59201656745147
  ],
  [
   32.85467705433887,
   -213.29951660044426,
   -3.174880017590771,
   -71.39055140175796,
   -221.81583789914885,
   -74.84349824026364,
   -132.20173427068806,
   96.16602301530162,
   -244.97620811726225,
   -316.94202716441947,
   243.4232319370385,
   -102.39774950793512,
   205.53216056307164,
   -213.9006217445278,
   -115.9946478520479,
   3.902309216837151
  ],
  [
   8.924991656834642,
   -29.020458479043832,
   93.18284985899632,
   -40.106239076179925,
   62.79945085728712,
   -77.85895622834528,
   -141.4531499638157,
   -154.4232011004254,
   -10.089640754577815,
   38.07774441867227,
   50.50424175919637,
   -122.82302887706601,
   -76.5089836377002,
   -94.0005250330098,
   40.27679769617198,
   -115.79709520614551
  ],
  [
   -57.06287537742377,
   6.951963230139192,
   133.16375617147932,
   82.65685538376287,
   -54.21150717078663,
   -96.33164790767907,
   -40.156384857425884,
   -84.55612997439478,
   -10.50927632126062,
   -92.55896542035667,
   22.190769389636905,
   -50.429614103290184,
   28.30675461467177,
   -34.14680027410515,
   -86.03769663697483,
   50.848445958076134
  ],
  [
   -28.67628409090799,
   18.10943373828645,
   44.54269100475126,
   92.60661449240067,
   5.714148642109786,
   -109.2615737108207,
   -4.4579725969464885,
   12.38787512551764,
   72.9139597469027,
   -20.431215601570994,
   -57.82769052373696,
   -0.40655068950261475,
   25.997696955098426,
   47.054155040086464,
   -131.27028485217795,
   59.05134538209481
  ],
  [
   -32.87629654355072,
   -15.134037707332373,
   -76.14998327756366,
   -24.87222436513979,
   89.6141756684273,
   -63.69973393021732,
   -8.069811919151059,
   -48.10532260734058,
   30.88589193281645,
   176.36008858124907,
   -113.5010036071658,
   -55.03999420174386,
   -150.28067244226176,
   10.588675948296475,
   -4.327866742400007,
   -34.680875846986375
  ],
  [
   -8.261525789982045,
   -22.797789383755955,
   114.71233958936472,
   -28.63609825937763,
   39.05981228898446,
   -90.26303283093193,
   -117.98307050394361,
   -189.45690906519758,
   6.219262130753892,
   118.53375501967429,
   -44.024672873049035,
   -121.6384822466282,
   -125.24706140207365,
   -86.48749703012116,
   36.22682657753151,
   -154.17438078309266
  ],
  [
   28.462899903132822,
   36.456107128363534,
   49.43009902509249,
   136.96033763705753,
   -55.93417195489654,
   -54.118340948575344,
   -56.29859018601905,
   -88.85809779932451,
   -44.81729361759881,
   -46.751991720487645,
   -28.649103206990574,
   -59.606747353032766,
   -43.269108296626094,
   -104.36034957410261,
   -82.28266554312106,
   -117.80407936514958
  ],
  [
   14.294803806434025,
   -51.38387981886988,
   -73.72777087872352,
   80.72871497815522,
   86.92969122089872,
   43.129713888959344,
   -35.68168361869894,
   71.48501699759221,
   48.23430050997802,
   191.6409494323876,
   -150.59017826722237,
   -18.911400695101992,
   -91.03094726938976,
   99.74874256986998,
   -130.6727199587242,
   -83.75017580371808
  ],
  [
   20.860314286785364,
   -49.0960047583669,
   161.3592619448502,
   -220.93033936419135,
   -126.91635822359487,
   -278.0974098817517,
   -67.15050602087655,
   -343.2196809690843,
   137.91063235525283,
   -344.6091234456738,
   191.37838875223093,
   11.051346609720934,
   20.882423542681334,
   -99.3823376656109,
   -18.177152935705177,
   151.437724932145
  ]
 ],