{
 "input_nodes": 12,
 "hidden_nodes": 16,
 "output_nodes": 20,
 "epochs": 100000,
 "lr": 0.35000000000000003,
 "output": 0,
 "epsilon": 0.01,
 "synapse0": [
  [
   -1086.5447694109698,
   -1214.3566285381844,
   -4803.924291133255,
   693.2619759484691,
   -394.2688080951829,
   -2243.65277039038,
   -8105.407639954394,
   6968.645859467843,
   -2051.3807965606816,
   983.8845446821156,
   -2166.4797593494877,
   63.786838808012604,
   -1368.1875954883903,
   -1427.7440286296344,
   -1909.68720761131,
   -407.53268535641934
  ],
  [
   -180.31048869519083,
   442.6083783963482,
   4263.393625513166,
   1089.9429462311787,
   751.7489489589286,
   1341.9972410678881,
   8820.341238348285,
   -5714.649248960209,
   622.9067676628227,
   1745.7605289497608,
   1085.6849653530219,
   -338.71007866865125,
   -106.06873828926302,
   1912.690890783638,
   1646.288418189314,
   -108.61995466663998
  ],
  [
   976.2714424684073,
   -33.26420578759409,
   -2468.0262465064457,
   1180.3286002091343,
   568.4068062406863,
   -503.0759769586764,
   -3009.1272546374266,
   442.3968767911998,
   -5125.0023060105095,
   -504.8422008304169,
   13.729158767011851,
   4896.57407570789,
   1001.7355646587001,
   -230.7269713226008,
   -3658.505734621416,
   -543.4327681638683
  ],
  [
   -117.61962600389172,
   880.0162304607355,
   -3497.167304539583,
   3363.5414379972817,
   -804.1465268537861,
   -3377.32257296432,
   -6123.101659046763,
   -1082.512965803624,
   -416.39639053872384,
   536.2336136209012,
   -438.7072159368642,
   -2637.499129869472,
   -4647.493984920673,
   614.0598517185061,
   -4451.153201407909,
   -4650.740497067112
  ],
  [
   -2610.221510944997,
   1719.0635053508029,
   5066.574703834493,
   -358.8871160464248,
   -2418.4739071271442,
   -2357.579429032619,
   -1852.5752064837109,
   -5712.41599836664,
   -58.3154687525231,
   2751.310441889416,
   -3856.1174834839894,
   -1396.4730746909297,
   -5248.563197411885,
   2527.012162099839,
   -122.72666500825707,
   -1557.0364042949304
  ],
  [
   2122.988853227987,
   1270.3433487889633,
   -1118.5011175149386,
   -1857.7323864871084,
   3412.204932648244,
   1576.4932039021785,
   945.4400248941564,
   4806.665704802632,
   -1424.961525357943,
   2467.715772628395,
   1163.945288318605,
   -2538.2410925251056,
   1307.9199109333608,
   -961.1451877414943,
   -2699.5300288150206,
   1692.37878709287
  ],
  [
   -1913.3604092594305,
   930.2937570058483,
   104.4198752541775,
   -1142.0063068827658,
   -3692.7781814336904,
   -2305.867722668375,
   -5817.57987699428,
   -9919.57583603169,
   1759.6725221830366,
   -6844.377021713546,
   30.772599929951024,
   2871.294052012341,
   -3545.5864519864454,
   -1418.4080239919126,
   554.9017962996337,
   -2021.5822895774295
  ],
  [
   903.8709925622677,
   -2660.552574744349,
   -977.7037652880067,
   3823.4554102901084,
   -1033.5347989166835,
   520.646632123756,
   5207.233549599359,
   81.98047189746804,
   -1714.150002093502,
   -3934.694154162684,
   660.5209674857389,
   -925.912040210245,
   1628.2884412019778,
   -2717.8199559793793,
   1699.7199507676348,
   894.6767837623498
  ],
  [
   1554.144379431544,
   -269.7393133789531,
   556.7897929411241,
   -357.98469864204833,
   -1166.1562327939735,
   -1386.2114408569112,
   -7671.025626912616,
   -2119.5763821069168,
   1184.7836806650532,
   -5030.235489614681,
   1699.6775363919533,
   -1908.7711401702227,
   -3830.7266662390857,
   -2360.682082332757,
   -1187.545840293738,
   -655.5515097421138
  ],
  [
   -1533.201243348367,
   -50.716539498978634,
   3643.4791004463077,
   641.9628080269324,
   -5164.267276379163,
   -2969.923549303144,
   -1789.8114777859346,
   -13130.593532338404,
   2249.5696660071994,
   -7320.846287213834,
   763.150059367199,
   865.6354947906018,
   -4223.767889780243,
   -957.6410104893512,
   2379.829721546073,
   -3628.234638282296
  ],
  [
   1217.5976322148722,
   -153.83736460769876,
   2613.094668204307,
   124.27295359819495,
   151.65717809948035,
   -1241.2857390515144,
   1955.7095144325292,
   322.6232191600063,
   -918.1039483136441,
   602.7430244439736,
   -1933.7794063442605,
   -3224.148309728074,
   -3517.2108241505944,
   -153.17869508316295,
   -2079.043166001738,
   -786.4930767220487
  ],
  [
   -1197.9337450526866,
   -490.32247673051984,
   1398.3321847001396,
   -730.6549117748159,
   343.6568939408407,
   645.4156701799498,
   -1729.9655285913868,
   -4263.976126379547,
   2467.21344723126,
   -1776.4246580268339,
   -750.2218894654255,
   511.7821652403878,
   1530.6927194164123,
   -1100.0230514312384,
   1836.0861329198297,
   1143.1424291234682
  ]
 ],