{
 "input_nodes": 12,
 "hidden_nodes": 16,
 "output_nodes": 20,
 "epochs": 20000,
 "lr": 0.55,
 "output": 0,
 "epsilon": 0.01,
 "synapse0": [
  [
   207.42206001224432,
   118.56548509096821,
   -458.913160927522,
   -1054.9923343891444,
   881.5273727286719,
   108.72809475232096,
   -169.29471397503073,
   -1155.4448230245432,
   -178.02634873840154,
   -21.235693804336183,
   -1318.3606847062351,
   9.479553425817992,
   447.29266566362264,
   -144.4013782978928,
   -39.216792142757406,
   -313.91039442957134
  ],
  [
   -713.3885855415862,
   -8.87494308610148,
   -391.4301386338064,
   569.4126629721194,
   -1207.3765784160553,
   -186.3507795899898,
   73.30451382007331,
   503.0239575374009,
   -270.98584557563436,
   -188.5596901486356,
   570.6776443844416,
   -245.3506255072063,
   -359.94313288731627,
   -260.42281947539976,
   -327.66989543658747,
   -146.9224401584244
  ],
  [
   -713.2599484743743,
   -7.395400982474195,
   -391.8649581060975,
   568.8018432499313,
   -1207.2235721975069,
   -187.4422749703002,
   72.30991865824866,
   503.63770707372413,
   -271.56472726271204,
   -188.75548081956154,
   570.8244408525255,
   -245.24593378830764,
   -360.65922448873295,
   -262.2468227552387,
   -326.65734526612096,
   -147.4700137440835
  ],
  [
   -82.71258768706434,
   302.7559805648896,
   -416.5495184308428,
   113.87454427518439,
   115.31389953822517,
   458.3034094934057,
   -610.2107766573339,
   37.4603487823019,
   -3.200103717898751,
   -24.460592591893302,
   305.0881046385625,
   -33.86920810558904,
   186.147593271862,
   -31.50040573496782,
   -39.83401725929155,
   -62.42120273746744
  ],
  [
   -428.297193857839,
   320.8914046683495,
   -2404.915376658777,
   -601.9209543383141,
   57.37237169637933,
   -427.0445065772126,
   -159.41530359780282,
   -571.4017496676672,
   -522.3377895713257,
   -227.79597671348057,
   -1602.0662730680265,
   -249.82300049080823,
   588.0252401175796,
   -457.1818073005672,
   -463.63228990630984,
   -417.42936155003645
  ],
  [
   -693.3123204131367,
   -524.0332714246418,
   -47.82694680670047,
   -1147.7669145183274,
   -549.5218121906704,
   699.6996207829884,
   -52.339418257227386,
   -2974.1841510524587,
   -750.5602665298252,
   -304.26703551428693,
   -1522.8030135141835,
   -345.26139818161647,
   572.4128726457191,
   -719.4819456762516,
   -610.3151323248684,
   -738.2537650912861
  ],
  [
   -1080.9331688908287,
   -158.9691304866455,
   -545.8414769323033,
   -1723.328230254359,
   -410.839952564593,
   -110.39985541280163,
   89.09452639225098,
   -2415.6610600032054,
   -1013.1426407038758,
   -447.89104071794105,
   -2357.0115684678262,
   -473.0661902454063,
   -61.66846560827901,
   -914.0759061938875,
   -704.4899901596639,
   -1156.9520062786564
  ],
  [
   -242.0246824627168,
   -13.344095001662202,
   2011.2429600361836,
   -1371.6081626073283,
   141.160332418293,
   27.682533357458528,
   77.50074854726972,
   -1770.7017773068765,
   -336.9533834421771,
   -104.94423565273414,
   -766.6153477204798,
   -61.07709372875697,
   -298.32871460362946,
   -284.1808023158083,
   50.34678538603477,
   -391.0006488218607
  ],
  [
   -657.556422874417,
   126.98046368462487,
   606.4529688908913,
   25.863346816785622,
   -458.7787517800228,
   20.885881956497517,
   -43.03894438459684,
   347.8888645083288,
   -234.467482154423,
   -182.78455623229996,
   -160.96988537122718,
   -190.49158244605138,
   -1108.0115172103974,
   -220.30363163956278,
   -199.54183368131916,
   -744.5880903108362
  ],
  [
   -156.11089322829363,
   -375.6465792699271,
   -2145.4623632367166,
   -72.50700945229855,
   178.38363357282225,
   125.54148592918521,
   6.1869929752294235,
   1778.9659236220707,
   -12.414170719191437,
   -80.03053807665304,
   461.12746650314045,
   -164.13730982278167,
   -711.8450966830777,
   -40.5090649799005,
   -296.1735376426303,
   -559.3203968064228
  ],
  [
   -712.0841655021758,
   -9.035374386690307,
   -389.9421424365724,
   569.0028483565906,
   -1207.5577998745491,
   -186.74495478843875,
   72.09484626172637,
   503.64697750366736,
   -271.78828813001803,
   -188.88129235992943,
   570.0357385064182,
   -246.28033018124438,
   -360.51800216558837,
   -262.15458378504627,
   -327.4336358560471,
   -146.0332996509957
  ],
  [
   -505.7672664903505,
   110.34412156907266,
   -849.9783267905822,
   -487.6582805700763,
   -326.09895378420237,
   -78.43375180433297,
   -96.58964463155132,
   -650.8073191765249,
   -449.5065464046469,
   -210.3773111103298,
   -747.344454190099,
   -237.27998480960545,
   87.97506736748527,
   -407.17284672825576,
   -366.3615822878756,
   -461.6222648074705
  ]
 ],