{
 "input_nodes": 12,
 "hidden_nodes": 16,
 "output_nodes": 20,
 "epochs": 100000,
 "lr": 0.7000000000000002,
 "output": 0,
 "epsilon": 0.01,
 "synapse0": [
  [
   79224.84094971362,
   70175.70029799806,
   -76689.24666712787,
   289337.3760218155,
   12762.493843768918,
   279791.60211778304,
   141855.11382027238,
   47095.57847335605,
   -57650.415612931385,
   -90751.32735074531,
   427.1533398158762,
   1722.9838311915794,
   -113490.9776945702,
   148428.6469117645,
   416322.2217917174,
   263987.42752012063
  ],
  [
   -225318.34220173684,
   66118.79467150565,
   71013.9149533547,
   -184627.7631085492,
   127936.05147216328,
   -221854.80686467997,
   -103746.59988574403,
   31821.804485786914,
   100138.24387278133,
   214153.0307361103,
   8204.835995999878,
   -4385.376429158504,
   130524.33583014367,
   50447.651531324576,
   -469287.9015886788,
   -145353.0931086694
  ],
  [
   89057.66164794413,
   -122310.39901617193,
   -569035.5217494151,
   -31619.6739702176,
   -136697.14548039742,
   -20779.777707652687,
   -247054.1429038647,
   137583.7273698985,
   -51287.78106104383,
   -206013.48618473666,
   -221595.72623233986,
   -107501.23643864975,
   -794949.112147217,
   -93818.2422631637,
   149005.19203354427,
   -451908.7241823568
  ],
  [
   -86088.2026656747,
   19873.19007980959,
   -13058.682277917476,
   7994.998746207379,
   43800.493858596834,
   -69244.76154470492,
   247943.86212554196,
   -15150.932102362547,
   -27473.528983189375,
   -119689.95173043931,
   67435.90295638877,
   -58703.87465322558,
   231663.5779446137,
   -94131.9823436739,
   -190363.6639392273,
   295951.4846692384
  ],
  [
   20028.73490573242,
   173743.9146261865,
   -17242.001768071263,
   -42801.91001506749,
   -30375.166681549323,
   36377.514941004716,
   83925.39051377428,
   -79372.9903192246,
   -1783.6469876215683,
   33198.25001896577,
   -9140.984799161331,
   -6574.535530374721,
   66318.16215345082,
   72617.70110285435,
   -13491.172627323902,
   156504.92942725262
  ],
  [
   -79328.70521718565,
   -7496.715110669137,
   -116805.83008948744,
   15127.840481576193,
   125209.78675988654,
   -58796.40444623428,
   -48765.57719200758,
   55462.138196187225,
   104584.60096636314,
   44977.09426658758,
   -45575.184520844006,
   -58830.39527128751,
   -113277.39929655865,
   21254.406765967822,
   -216326.89521677516,
   -48427.40856788367
  ],
  [
   -10767.16851346242,
   -151553.62025245576,
   -9137.929361031222,
   -168035.67812806452,
   -124572.30084797849,
   -223488.63810978917,
   -75129.42035875517,
   -128312.38048486153,
   -117042.3651983413,
   -50525.28931262732,
   -9062.566941502431,
   28883.833810733286,
   15333.603267113262,
   15409.41877574523,
   -132218.65164569614,
   -173437.31520756945
  ],
  [
   -25416.820439985666,
   -97043.58536020899,
   -82156.02736332762,
   -179199.44190662718,
   -100241.1329854607,
   -80747.85782468102,
   -138358.96814495613,
   -11320.036190202098,
   -92295.77256037158,
   -78210.03312173001,
   -67726.18591036067,
   -42655.6943285829,
   -33840.475996943955,
   61721.57167754047,
   -175120.1413743886,
   -158169.89548735847
  ],
  [
   -87559.54809209962,
   -9699.764067363652,
   -83329.89708266323,
   139540.71925289358,
   111015.21791528736,
   9596.803709688202,
   -27752.2142335138,
   71376.35922754872,
   80031.12304934366,
   51414.3794572849,
   -50122.08344380454,
   -63820.47228560903,
   -102543.42307596187,
   -25869.75653881209,
   -201431.94931663308,
   -18150.21604020424
  ],
  [
   6191.761186611123,
   -137562.6053662029,
   -46472.37973182131,
   -15544.145128716635,
   -88496.10440128816,
   -203350.89517168474,
   -64598.07596466473,
   -55706.06646081048,
   -148751.90607493106,
   -8110.102164211695,
   13014.315434259996,
   5641.440097094244,
   12159.089560574866,
   -11597.689617606686,
   -160480.29443113875,
   -30748.493734243824
  ],
  [
   -17699.38540388497,
   -125231.31567245103,
   -61010.81176007927,
   -236807.92295464437,
   -69152.48812121214,
   -278829.82368681283,
   -55158.64531365162,
   -92035.26570885285,
   -34861.37537107564,
   -45773.32011270377,
   16123.467418460916,
   -46485.002318450985,
   36692.391724623165,
   3162.1127743957536,
   -345022.1664859823,
   -12839.455635981561
  ],
  [
   -118059.96018943762,
   -26772.45888535665,
   -108288.67629254222,
   -212754.47111228606,
   -97621.07779287412,
   -140567.97522743072,
   -203554.21125208578,
   -73007.96745391739,
   -44291.24959365461,
   -57338.812868505796,
   -207755.0348319418,
   -35187.555197052505,
   -216198.57471056175,
   42136.63442943759,
   -83804.35541563206,
   -475441.7131352063
  ]
 ],