{
 "input_nodes": 12,
 "hidden_nodes": 16,
 "output_nodes": 20,
 "epochs": 100000,
 "lr": 0.55,
 "output": 0,
 "epsilon": 0.01,
 "synapse0": [
  [
   -141.85679795257315,
   -13.75092593927163,
   26.436889293730644,
   -80.88788973963631,
   -2.415343538948609,
   -79.69474549400348,
   -13.085972564460615,
   -61.70865755543059,
   -12.19041554874913,
   -82.3584189824887,
   -35.39430725624828,
   -67.72692494289937,
   10.25423909353901,
   -44.97761651414003,
   -31.344424731321045,
   -7.383960190359808
  ],
  [
   186.58669710310713,
   -1.1192448713583005,
   -65.34791783598249,
   76.27204813385997,
   13.335515443824846,
   170.12959616630215,
   60.91730004252498,
   0.49394628797296886,
   51.99829416323393,
   86.697907254568,
   80.03404465773207,
   68.55001102117457,
   30.178293041189054,
   10.40588622360421,
   17.340308670752403,
   13.5858517759102
  ],
  [
   22.318777342208612,
   53.47511055083423,
   -51.41848674591175,
   -3.4359813295996657,
   28.31465032302187,
   90.115927258259,
   43.104795084677136,
   -67.07356021344869,
   68.16505690044733,
   4.156822887560714,
   61.021335945286864,
   -6.776359501421046,
   92.12809416593032,
   -17.19664777608152,
   -6.859031110654494,
   39.27270636611631
  ],
  [
   -6.253233441637682,
   57.07566552832155,
   -33.90130574163534,
   -17.6409984228396,
   38.47860777234259,
   88.89555076408882,
   38.808072791639695,
   -93.0850260848391,
   85.5777796565354,
   -16.252628902522712,
   66.9455041914409,
   -30.642290705595872,
   89.29563224645246,
   -20.887332541903884,
   -27.883337097136696,
   42.77896307790245
  ],
  [
   -7.575312877452969,
   -67.25498746252686,
   -10.292205910607088,
   -24.755754842105436,
   -13.93992650813019,
   -32.70296806999441,
   34.10025175821159,
   -0.34604433488403286,
   3.935770141377663,
   -44.43639245718337,
   11.291868901424785,
   -59.38293405654624,
   8.470116319710984,
   -43.21077629045341,
   -66.83034003903686,
   -38.54007699033211
  ],
  [
   -83.92170696543383,
   -2.6934199540235455,
   26.580103289172857,
   -114.39837604244924,
   -72.75746802317306,
   -193.20804321972187,
   -90.4205474025493,
   149.72262287835386,
   -128.52490026255973,
   -37.35970140385929,
   -107.28787459864087,
   -56.846693069383626,
   -84.12437379650787,
   -99.73623761885229,
   -23.999926266456594,
   -12.286380977209332
  ],
  [
   3.401448307176157,
   -96.94334083274717,
   -3.737509576898738,
   11.02269256228427,
   -56.06240425345993,
   -159.32450553517086,
   -21.33593592637518,
   103.65792504264492,
   -73.54824232606637,
   -29.036589880532123,
   -46.183959733442855,
   -59.468848336346895,
   -28.352970201564215,
   -0.3581231415693756,
   -69.21311338345882,
   -83.42714799404152
  ],
  [
   -67.67556997809999,
   -33.82821668204295,
   -17.05096518421453,
   -48.73721970936901,
   -5.478883931836209,
   -36.868089331776694,
   17.853622218377126,
   31.137738440394468,
   -28.226874369122296,
   -48.86855414434248,
   -28.352240544443088,
   -39.03322693151157,
   -19.27834701818247,
   -43.02039801243973,
   -34.668137619445055,
   -30.92472384770414
  ],
  [
   -43.23332573353918,
   -8.564961902334934,
   8.297995160520834,
   42.313967254443256,
   -0.18748451895211443,
   -74.48411757984495,
   -42.96134148348179,
   -63.30406372374145,
   19.993489896207333,
   -35.064386887204826,
   7.32329240406774,
   -61.410457034390404,
   15.055983185901436,
   49.74780009812821,
   -48.04581084816169,
   -19.17105333735889
  ],
  [
   -12.188198126015322,
   31.588799968025604,
   29.085488249285007,
   -67.29632619630783,
   16.639691765519412,
   113.55059783459966,
   -33.171927897345626,
   -59.692371058557626,
   6.105148298680154,
   17.630237547999613,
   -11.288653129145338,
   47.66293749721493,
   -82.86230570483002,
   -75.08312405448726,
   56.5238682562167,
   49.491999934741045
  ],
  [
   22.322187995467182,
   42.01859940918673,
   -29.565185531703676,
   -14.3897321281807,
   -10.736190125778275,
   55.94265169940989,
   5.759067495900801,
   26.301808154241314,
   -51.712096732944225,
   53.19003784192014,
   -35.54185448547696,
   80.8262929767034,
   6.99972986655591,
   -6.852098007424821,
   82.87294005429463,
   36.10462789875628
  ],
  [
   -16.546855645119688,
   -18.93675965029795,
   -17.714704414823508,
   113.63391147921128,
   13.274913115815,
   10.735189902910173,
   2.0033998595711098,
   -72.9596209634997,
   -22.144889319936674,
   17.656009161301718,
   -9.548119513710043,
   55.35529447913469,
   -2.5719835357896694,
   118.58958080056432,
   52.19286859352331,
   -28.40163260154442
  ]
 ],