{
 "input_nodes": 12,
 "hidden_nodes": 16,
 "output_nodes": 20,
 "epochs": 100000,
 "lr": 0.6000000000000001,
 "output": 0,
 "epsilon": 0.01,
 "synapse0": [
  [
   95.28663559166225,
   41572.22056783942,
   -68934.80787303184,
   -127437.9880518149,
   25126.671525627346,
   -2050.4657708276786,
   -1644.8293024629347,
   -59892.43127493332,
   -226517.5956238745,
   -43520.94536012973,
   -47784.80500426495,
   -36187.25962602562,
   64062.2161247326,
   -27854.718277567823,
   -48784.99960079339,
   -27720.0533810157
  ],
  [
   3089.486336097428,
   -14003.96043903378,
   4485.332499839759,
   126766.78347524207,
   -19295.669817096492,
   -53227.24406908668,
   -19030.02292108527,
   46127.760425089305,
   260274.82355313952,
   37759.66855660045,
   -919.6988509589454,
   71650.67833057481,
   -46276.79966069356,
   27866.66728074985,
   52813.28782131534,
   -51337.49148420637
  ],
  [
   -2193.697849860593,
   -11293.176409725262,
   29152.291862099737,
   98956.18220991774,
   -16238.544428255322,
   -9688.102483241786,
   -9057.974865988404,
   59562.11065975838,
   214264.24787000706,
   52029.30968353587,
   18462.73008170361,
   55112.33145718093,
   -49331.783528041065,
   42100.28515178253,
   35640.37959769755,
   -19606.36478496274
  ],
  [
   44618.864745781044,
   -23479.63891509564,
   -1880.8413768708685,
   -97938.8834828295,
   -7447.510685223873,
   2986.0774335433903,
   -111416.64287557892,
   -51694.76335920787,
   -18232.872639946007,
   -170639.578172311,
   -201435.30044960117,
   -47644.81527938631,
   -18887.878898957053,
   -56755.850062510624,
   -9723.665827561426,
   -34240.82068991737
  ],
  [
   12514.588134684807,
   -11408.729385972356,
   18455.384341668403,
   -45902.522599712865,
   29061.24870075787,
   14542.550297967065,
   -11190.281646629623,
   6833.789273080072,
   -66809.44713799877,
   48040.35713290721,
   42179.72537906054,
   -17926.363274671705,
   45612.03060531081,
   10278.70718378873,
   -17671.88450262982,
   13777.626087440154
  ],
  [
   -504.69254573223975,
   -34708.62714002528,
   30512.205659794778,
   -52219.284687199724,
   11725.582217939982,
   -26300.869737495268,
   -76382.220668739,
   37756.267514597945,
   -60038.54097572896,
   -83714.42552704492,
   -19636.19443176935,
   -19863.107662548493,
   7945.569924020734,
   13262.795671881064,
   -6972.137899079184,
   -33499.0204241495
  ],
  [
   -12126.27216767213,
   -9197.919369424137,
   -147370.74990680552,
   -49510.984295537055,
   -35324.15907687803,
   -54994.96318599607,
   -37183.07902004531,
   -78220.90158134756,
   -160979.31931978435,
   -122665.05467148083,
   -55308.73055731605,
   -23754.11078307016,
   -38326.02645305704,
   -24132.877630234183,
   -47364.43192576389,
   -71924.41839179439
  ],
  [
   -9913.948122664196,
   28735.828344289363,
   -154076.44660917396,
   -28530.22118961057,
   -10149.273716549427,
   -29148.68312615646,
   29088.004479487765,
   -115276.36856117961,
   -156886.94820273828,
   -12190.449229371985,
   -11031.346210951458,
   -24637.687317198743,
   -2782.192656572371,
   -34003.54400486709,
   -64675.09797314108,
   -18365.450446817224
  ],
  [
   5314.556406474621,
   -17643.13940962344,
   20210.97702225404,
   -45065.84335467971,
   12725.874386216354,
   12226.745870933331,
   -11232.64755113708,
   1261.9964913413246,
   -77246.69469110109,
   39391.52568111585,
   41167.933544667794,
   -19693.51800032112,
   27416.888946292194,
   234.75594022024092,
   -14775.345039287098,
   17598.914850950903
  ],
  [
   -6187.825191758823,
   -28122.46292179138,
   33802.693075428724,
   -55628.99804717798,
   22551.788025765083,
   -9539.397796355059,
   -51993.064876271324,
   47332.80593249627,
   -53341.17958463027,
   -78277.52869106975,
   -17568.398909854746,
   -12741.759968537031,
   11276.504931269488,
   21636.769179021383,
   350.94504620396106,
   -32285.89313658012
  ],
  [
   -8006.567850558102,
   60679.40370982505,
   -137724.6719852526,
   -97905.33294418028,
   -4909.8546165023035,
   4426.192762601609,
   -18534.924190384314,
   -60770.731040215614,
   -249273.87689093294,
   -31725.178474419365,
   -45506.631299714456,
   -45219.8122834578,
   -14003.746917367409,
   -10903.058554514137,
   -59191.17418345631,
   -53864.736249977184
  ],
  [
   -12728.99497900353,
   -98309.93139060649,
   -128095.20709648487,
   45029.53574659099,
   -27088.053055687094,
   -133412.20093255438,
   3555.415385307111,
   -114238.40733928488,
   -15756.095686033248,
   -156221.54897372896,
   11460.809236551626,
   5207.609046210989,
   -8324.143703656326,
   -29420.17942735402,
   -50282.49552100057,
   -23937.5389928609
  ]
 ],