{
 "input_nodes": 12,
 "hidden_nodes": 16,
 "output_nodes": 20,
 "epochs": 100000,
 "lr": 0.6000000000000001,
 "output": 0,
 "epsilon": 0.01,
 "synapse0": [
  [
   -906.6729224853409,
   2364.7681665132,
   5410.874038962338,
   -1175.6555040625751,
   -6559.328524281819,
   -215.25551941994016,
   153.10013792666598,
   -10001.338550925808,
   1698.50689709939,
   0.9844986789001843,
   79.303383802737,
   -5508.98216980113,
   5503.443761810962,
   274.8309155083791,
   -81.0310928563338,
   -2687.6035608967372
  ],
  [
   -2922.5536411777653,
   -7500.293340554485,
   -3355.756374888316,
   -1950.7324408554002,
   8644.786001719944,
   1568.7114771834886,
   2361.0311624232986,
   3904.9411385966723,
   -3772.2400363877296,
   -1896.7826459128414,
   -211.2016912745377,
   -790.0027501000326,
   -4922.221125114994,
   2880.4870791193744,
   -8340.040433184542,
   3169.566973747292
  ],
  [
   2713.758327951799,
   -2461.9111499573387,
   -6114.59201525102,
   1998.3477616277116,
   2160.783687823159,
   -3626.6853983091178,
   -675.7495848379754,
   9222.642378995868,
   -788.212521656179,
   -2096.3525158664925,
   717.7759075382936,
   -3574.1602930614395,
   -3409.5040422465586,
   524.0928699739192,
   628.2729877393193,
   -2759.2335842167213
  ],
  [
   -20780.54828256939,
   3109.379598113179,
   -15268.483186517571,
   384.09314045645044,
   -13478.167067926946,
   5696.7784493754,
   -68888.18584405487,
   -4267.013898603085,
   -9963.080371817578,
   416.2661994401706,
   -6922.256571801196,
   -19849.992227452574,
   14305.781935203051,
   -5580.827700630915,
   -31316.615621281155,
   1339.0275508784514
  ],
  [
   -852.1755969069557,
   -2031.1155322658572,
   291.1388590180366,
   -6299.721067061313,
   3600.4197725580425,
   2479.0498819435697,
   -14668.724388905697,
   -3207.9795357150733,
   -10721.712726681428,
   1924.70317710648,
   991.104871402928,
   -10187.334247752846,
   -2312.440422922199,
   2485.6591731686817,
   -16507.734495730336,
   9394.603817725741
  ],
  [
   1537.5354918610988,
   -981.1865510829487,
   6590.232667373495,
   -394.4383151485137,
   -5670.934695189573,
   -3413.6765050631134,
   1179.3138085672133,
   -17.662848576003285,
   6213.992242166992,
   864.8663099726416,
   2110.623877677235,
   719.6265554732506,
   5349.6587245672,
   -3940.4402882802688,
   162.24900168891602,
   -7608.342488647205
  ],
  [
   2077.10157407032,
   27.37632647219412,
   -135.8548173405443,
   407.97193697308956,
   -2491.437845112257,
   -3280.3399713176545,
   4844.104871189664,
   1657.8585243305745,
   6628.603490406658,
   -1785.50557621385,
   1219.2399236586232,
   4105.60595750428,
   1450.2851310878216,
   -1308.3656765101266,
   8160.740405360244,
   -8852.63495497826
  ],
  [
   715.4832278755026,
   2590.4987916726122,
   -4616.067636609833,
   -3502.895509557021,
   6172.919083433167,
   3157.9752836150233,
   -9841.85897704019,
   -3336.7842546469224,
   -11382.65473312038,
   1323.9990599465066,
   364.12466655480455,
   -2570.8204663393985,
   -3700.963609208526,
   2828.698453246699,
   -6991.195846836217,
   5442.216212278527
  ],
  [
   -76.9008834192373,
   -3394.252235408625,
   164.82984420572586,
   -5973.2592463536075,
   2776.807393650107,
   1959.6590247413142,
   -13696.514741509001,
   -3195.1433487982085,
   -10523.697587555536,
   1229.251105321327,
   1542.410533676027,
   -9588.322250082743,
   -2142.592644647196,
   2586.977718639385,
   -16205.808949564242,
   7410.035954805679
  ],
  [
   1187.0753113599424,
   22.302066607141796,
   5087.686116148567,
   -1383.6573233730167,
   -6427.490910232027,
   -3488.4336969452456,
   1609.231265538085,
   661.4109558977707,
   6150.210207472246,
   896.8659832586961,
   2395.5194685781125,
   1823.6977205954483,
   3249.9353676384353,
   -3063.715898179573,
   -257.6130722794228,
   -7303.708319633538
  ],
  [
   4015.1791719800835,
   5511.925544143017,
   -2077.1562891826616,
   -10091.694488015915,
   1056.612745526772,
   2505.3868551685005,
   -11746.2338413647,
   -63.31061294367392,
   -9575.783761298993,
   5248.488847463435,
   5394.498737041441,
   -6775.577713187475,
   -1751.6884335559084,
   -1109.350960469456,
   -291.99265326230295,
   653.6853653377509
  ],
  [
   -1588.5058599335368,
   -4738.929230915176,
   1415.59233588151,
   8955.232958942684,
   -561.8608256479507,
   -2052.570604446879,
   7917.461612323665,
   -6617.631574336477,
   8635.1357373421,
   -4910.701447970219,
   -7487.386243186209,
   10751.438429837115,
   -1879.2485784559624,
   4108.992099418744,
   -2836.4586065303843,
   -2731.992162517181
  ]
 ],