{
 "input_nodes": 12,
 "hidden_nodes": 16,
 "output_nodes": 20,
 "epochs": 100000,
 "lr": 0.6500000000000001,
 "output": 0,
 "epsilon": 0.01,
 "synapse0": [
  [
   -415.5995511478196,
   -1729.6726048678793,
   -34.001851032685074,
   3552.1350043875755,
   -801.0942106650984,
   3525.8265099058813,
   -805.6149454231672,
   -3162.9340356024823,
   5346.0301553279,
   -3090.348832383757,
   757.095428907004,
   1368.3585542113822,
   2716.0306884908987,
   847.6508749121817,
   -126.28802543431314,
   -1046.487615927835
  ],
  [
   579.917133639456,
   1263.0821682725496,
   1458.2706127870467,
   106.12560062259769,
   1950.2597108736106,
   -674.7398215791934,
   1504.7313184127677,
   294.30236024062066,
   -694.0558667455715,
   2257.5586649829665,
   893.9797952197919,
   -852.7030648164535,
   -1261.2933174447571,
   666.1086468613436,
   2007.0218613076115,
   942.2450207934849
  ],
  [
   581.5189263482937,
   1264.2319637598066,
   1458.7377210990983,
   105.25630584823452,
   1948.9539303351428,
   -674.7311061099952,
   1504.0690675734957,
   293.45502185954757,
   -695.4165138431529,
   2256.636510067965,
   892.8970001941561,
   -852.630011945544,
   -1260.8366604469975,
   665.0813460152143,
   2006.7954519044195,
   942.5873907939832
  ],
  [
   -4062.893370497866,
   -1747.0015529033874,
   1773.3493332045812,
   -9557.55925803047,
   1159.5638832962381,
   -15204.608127126181,
   -8625.874628239631,
   1427.1534317272315,
   -9250.273130820815,
   -3743.102393546616,
   -5157.651747354675,
   -5037.071075814211,
   4602.825894331802,
   -3391.048343328444,
   -5164.686946799613,
   -10219.83205026072
  ],
  [
   -157.2699322709755,
   -1478.966735175966,
   -1597.4837229191005,
   -3872.528106346539,
   -2809.9387996950627,
   -6480.3993338112805,
   -4978.997984451072,
   -369.34832374930784,
   -4900.106254920858,
   1639.0974852339837,
   99.77986735178,
   -3882.060150803743,
   -4021.119247855227,
   1102.3573778169693,
   -1837.1231606453218,
   -1849.0267318520443
  ],
  [
   -1508.9527006458836,
   -14385.211896745532,
   -1679.9041540563867,
   721.7091406473075,
   -6706.9223333484715,
   -4018.2824997024436,
   -765.6646481372512,
   -376.19459400404867,
   -6757.4976464073225,
   -7322.083045114507,
   -914.9433209113885,
   -5159.6804194472525,
   -6545.22955747326,
   1083.1540632973679,
   994.8758946285159,
   -7622.560623291937
  ],
  [
   -542.5428248416484,
   -16163.444676871915,
   -6818.015948549231,
   -4700.738154494845,
   -14098.732568594038,
   -7022.069066880563,
   -3136.7695373787305,
   3310.682389816761,
   -19949.771279322817,
   -4774.814256926938,
   -3295.7007208592845,
   -1524.923210918291,
   -17000.130613096866,
   565.9748611945411,
   -1758.1375435186324,
   -5033.412352124479
  ],
  [
   -106.82860475793812,
   -3923.2255010217064,
   -2095.016103456621,
   1401.4443937438493,
   -2197.7314893354865,
   5643.882397764364,
   2381.0469779659184,
   -1612.1342451157368,
   -4136.309545303942,
   -3564.712020497981,
   -1976.255135022374,
   7986.565230700904,
   -1499.91222960165,
   76.56196254721849,
   3836.805513191032,
   490.9436976126108
  ],
  [
   -2166.29404762029,
   -9978.773563622046,
   -1119.0705182620993,
   -2414.2380654055246,
   -2041.1326083869176,
   -6229.608346637756,
   -2743.758908638167,
   1253.1184915608997,
   -10320.616669605457,
   -5820.239396135311,
   1292.7792341650181,
   707.8694771092954,
   -6858.1949942847705,
   1005.8109960238634,
   -4240.839715418826,
   -6788.076612702319
  ],
  [
   657.4476486511994,
   -4286.966685326433,
   -3386.31996975713,
   6193.4610001321225,
   -3860.838281074462,
   7990.19175657168,
   3787.3490105708115,
   -1235.3724490390207,
   8423.821952751612,
   -1614.194025959168,
   -10717.34232767203,
   -4502.708274942256,
   -8855.929776544575,
   -1288.3657126020425,
   1660.3952806208563,
   -3055.549029208286
  ],
  [
   417.91983030539603,
   5198.163160436922,
   1713.0769846959302,
   2425.7157520576557,
   1700.4560635072953,
   6060.438575538417,
   3298.1136584252354,
   9.175848429242786,
   3385.6142230894384,
   2891.4860189446017,
   881.7678107592827,
   13.950005852799443,
   1696.0796381093332,
   315.0508983863161,
   2910.446329029424,
   3144.625252758624
  ],
  [
   630.0700802263805,
   2229.4756433416296,
   1557.2095399325387,
   -1819.8431343173058,
   236.63299363029392,
   -4085.586321560993,
   2753.7524344131475,
   -845.2057758797458,
   389.40285867317635,
   2767.275868462121,
   -707.8373346748209,
   839.5143241134235,
   2508.2627462917853,
   2743.8496841160595,
   -7429.766927317607,
   -1960.1061951554746
  ]
 ],