{
 "input_nodes": 12,
 "hidden_nodes": 16,
 "output_nodes": 20,
 "epochs": 50000,
 "lr": 0.6000000000000001,
 "output": 0,
 "epsilon": 0.01,
 "synapse0": [
  [
   -23008.624010829713,
   -27466.389412839155,
   -19684.655919962344,
   -32134.53077374483,
   -5964.605016455459,
   -3.3115694002547356,
   -24250.32312096683,
   -2134.5615412189013,
   -8434.491082924998,
   -1586.147302148039,
   -3342.105261085661,
   -289.4493102294311,
   -13846.96565288023,
   -10657.23390895519,
   -2272.11183108736,
   -13769.141662386928
  ],
  [
   636.5995760500109,
   30955.192225629406,
   55294.46894319598,
   9489.379410273534,
   -21847.803041118437,
   19181.310320943416,
   61713.058111415776,
   25357.86069970144,
   28948.361779251045,
   -3540.384695916429,
   9008.965254428776,
   28235.678700365363,
   5710.363630105351,
   36536.6128011412,
   4097.8753628827835,
   22610.026766398703
  ],
  [
   -26758.602414037785,
   -6413.086964137551,
   32467.834296992594,
   -17302.442977694976,
   -25091.11501846152,
   23367.7445416423,
   37203.13247982573,
   22086.855129343978,
   16500.247521877638,
   5194.6303919434495,
   15322.869985069021,
   33209.08081360116,
   21661.28155860607,
   30727.426991443208,
   2399.3872928398555,
   17209.916038397354
  ],
  [
   -3584.576580410529,
   -22952.801623753545,
   -29410.029759782956,
   -23492.74681679596,
   -14080.393939448642,
   -18028.277106499438,
   -350.2451517760002,
   -8327.545834645542,
   -21149.030476808668,
   -4639.160191973164,
   -24300.718949246268,
   -30147.41219665399,
   -17952.357589825187,
   -12678.326615516473,
   -3881.2704127159045,
   12271.726126059224
  ],
  [
   -10223.019872584708,
   -11257.231842843532,
   -168.6431051482548,
   -14456.254612872555,
   -10389.291521708064,
   5409.826302514653,
   12164.233210653152,
   2944.8379194994773,
   -842.5910030817107,
   -909.0215618505873,
   7321.765213675766,
   4839.335607434772,
   16488.737244392272,
   7602.6129254106845,
   2792.6014509835168,
   6480.257339054916
  ],
  [
   682.1464414205052,
   -8621.80486285338,
   -15798.715731479062,
   -8035.354741396255,
   1967.1035435285805,
   -8901.242408677586,
   -36645.23421731444,
   -11658.001411643581,
   -7420.52171813946,
   -6146.232637797595,
   -11853.449439008757,
   -13513.61352451456,
   -30412.971098897517,
   -17011.22195070742,
   -5363.79394225256,
   -18141.690662696088
  ],
  [
   -17072.220398315596,
   2654.792981964691,
   17711.987397116125,
   -4320.857155058422,
   -11355.575286904605,
   10184.489109986684,
   20473.296046397823,
   7192.671822173666,
   11009.999591052105,
   6043.179170541456,
   8939.73925233503,
   17601.482254293296,
   19947.05462725058,
   17432.513096258976,
   5061.64184466056,
   8646.436769978409
  ],
  [
   -10222.41117410436,
   -11256.608625711686,
   -170.1727752662416,
   -14454.998618837199,
   -10390.464325584495,
   5408.387623970396,
   12165.163125297067,
   2945.0228218197994,
   -842.6646522071063,
   -909.3031859340109,
   7323.052679315611,
   4839.848880652226,
   16488.834277374775,
   7601.435505572501,
   2793.2770571716974,
   6480.22393496565
  ],
  [
   681.109480162876,
   -8622.492727057237,
   -15799.248202734945,
   -8035.815537545037,
   1965.9971327051944,
   -8899.982715171649,
   -36644.05494653516,
   -11659.060641428758,
   -7419.677188364607,
   -6146.318251857456,
   -11853.196457370068,
   -13512.872952537844,
   -30414.464296209993,
   -17010.86645281232,
   -5363.573605469261,
   -18143.252775246292
  ],
  [
   -17070.970982607752,
   2654.3046645316545,
   17711.84455040062,
   -4319.547065808756,
   -11354.37783363586,
   10182.838348979363,
   20473.168953919154,
   7192.648440465716,
   11010.18055164427,
   6043.1526674744655,
   8939.424074710312,
   17601.30739609232,
   19946.826676737022,
   17431.068946625368,
   5061.285243699851,
   8645.879757576557
  ],
  [
   -24023.383887451924,
   -9317.028122371345,
   14168.739308850976,
   -19000.69728551962,
   -19791.87760252654,
   15458.455282979397,
   23728.010214474747,
   10341.646664043874,
   9162.675248489508,
   4420.729768045396,
   13790.03028573376,
   21399.243506466282,
   30679.89777908014,
   20956.798689572035,
   5814.745595522404,
   11166.543786328171
  ],
  [
   11209.582488015232,
   -9847.621536180888,
   -26763.789862940477,
   -3265.1633522234138,
   9415.855569857269,
   -18815.870390249187,
   -39298.160538236654,
   -19258.631383470365,
   -16422.20880304548,
   -10762.527877184943,
   -15849.374362207172,
   -29031.35886181008,
   -38849.36652338553,
   -26288.78840996521,
   -6343.24360804509,
   -18870.193390657103
  ]
 ],