{
 "input_nodes": 12,
 "hidden_nodes": 16,
 "output_nodes": 20,
 "epochs": 1000,
 "lr": 0.10000000000000007,
 "output": 0,
 "epsilon": 0.01,
 "synapse0": [
  [
   182808.09837512887,
   241690.11153610208,
   10937.471104324555,
   137580.85782134673,
   2700.8654335628794,
   303560.14640129684,
   57131.24108230183,
   42687.99520063213,
   301552.70269015623,
   84249.5445768303,
   206864.8459319627,
   233988.57102099844,
   192718.3065078302,
   271111.4639534474,
   72915.6680106674,
   204361.81485924716
  ],
  [
   -375983.34686196514,
   -502687.2490618184,
   -141212.41723644585,
   -459765.5662735958,
   -113915.0019821564,
   -569146.9402726052,
   -252446.07464170933,
   -232808.6124391844,
   -540614.3406350755,
   -311136.81965234264,
   -368707.01834781584,
   -465056.1734343003,
   -376033.2306641406,
   -521203.3415717167,
   -186514.84870842766,
   -443575.7357301716
  ],
  [
   270556.5375720187,
   371741.7948096773,
   230452.26073040062,
   210772.9623247335,
   76628.62075689262,
   517252.2998362217,
   86788.21342826186,
   153157.6856072399,
   566265.4871775345,
   238239.6085362883,
   355737.53108607046,
   469050.69118491176,
   311673.1818483642,
   478787.57336636935,
   103123.71728188051,
   448157.4570377452
  ],
  [
   109269.16672291957,
   166595.71448719013,
   48010.75215332604,
   -12776.612442226555,
   -10431.250363580397,
   273172.7285740534,
   -59792.965831165115,
   -1643.8175566627142,
   288684.71057453146,
   18597.039460175798,
   174557.08254049995,
   238584.4203787284,
   158193.0044903114,
   225874.67452211934,
   46302.061250246195,
   239116.7380604887
  ],
  [
   28242.343178670035,
   30339.700453351725,
   1332.5914797220728,
   -8278.201974770247,
   -11920.589226227374,
   58649.80242851338,
   29537.08423051813,
   -3699.88100568205,
   69524.45173720898,
   -20220.727055093346,
   52974.25108167906,
   46864.75429532715,
   38868.903770537094,
   39993.135678597384,
   -796.5664064507789,
   -7879.301046532288
  ],
  [
   -96863.55580938401,
   -146608.35345687793,
   -32817.2644066974,
   -174023.00732391485,
   -42884.36716221171,
   -139188.27429090734,
   -118322.1718238069,
   -85526.38201363436,
   -132417.11128255693,
   -105099.81588799255,
   -96652.96878641492,
   -98040.51138330092,
   -96099.97774312788,
   -101184.3711278636,
   -43751.090867609106,
   -87913.89051472825
  ],
  [
   -117699.7341568604,
   -167112.46658366904,
   -44970.165769571584,
   -136789.76088062293,
   -53348.808497012586,
   -172381.03983108685,
   -40703.22465183224,
   -49087.55947036326,
   -146738.59787377116,
   -59327.71022609687,
   -97863.41108001857,
   -146425.53396972895,
   -93477.96842305796,
   -155209.78872289564,
   -104394.74043821487,
   -120893.07104414118
  ],
  [
   -193094.26497582384,
   -228232.48863096046,
   -87964.95572963853,
   -249699.7132406611,
   -84217.72013998393,
   -253046.76998936065,
   -144046.3048739846,
   -159035.27173704002,
   -208055.24278863135,
   -180566.5020944783,
   -161670.96833370326,
   -199973.24767886807,
   -192940.71446460197,
   -215657.237040471,
   -99266.30481534326,
   -159869.43365633854
  ],
  [
   -69706.29751433602,
   -36336.413540096524,
   -5650.8004976706325,
   -166069.87089448082,
   -39075.10542158777,
   -64410.00642122235,
   -78619.72672518516,
   -93590.88252766973,
   -70255.925806023,
   -104517.90015874212,
   -23053.55984616844,
   -83703.49185963263,
   -82441.58186448232,
   -47213.413090858434,
   -15160.823642553787,
   -141976.39804920796
  ],
  [
   -29492.726536331094,
   14224.177510532883,
   -2433.9957241020393,
   -111091.31134259052,
   196.16431544304152,
   159.32930393342875,
   -91363.65523698645,
   -33538.26950925787,
   15052.71633044368,
   -42498.80448021838,
   10702.807413106315,
   -12317.796721477322,
   -39450.5195157527,
   -26508.029190454872,
   -6077.761478091036,
   -25167.762366298655
  ],
  [
   -340044.7740873836,
   -413839.77071343607,
   -182743.15115422237,
   -140161.22278657393,
   -5079.689307131658,
   -604149.6179851209,
   -64344.57941393054,
   -109320.01759111414,
   -641801.7434925591,
   -219085.86643643177,
   -460743.86240295606,
   -525508.8230168994,
   -430062.260495206,
   -558742.9389195906,
   -111142.36741400187,
   -491020.81844256335
  ],
  [
   143482.58724943444,
   154637.81523205055,
   -120059.39451024588,
   102616.07043445496,
   -87003.38683311589,
   273553.0561283474,
   10171.728736180201,
   -79882.55451361134,
   314817.52058692963,
   -59870.97401291521,
   182055.98462141602,
   238452.89246418423,
   171413.92669737223,
   210439.02034581715,
   55456.08421762933,
   215053.1901725009
  ]
 ],