{
 "input_nodes": 12,
 "hidden_nodes": 16,
 "output_nodes": 20,
 "epochs": 1000,
 "lr": 0.4,
 "output": 0,
 "epsilon": 0.01,
 "synapse0": [
  [
   192793.13843193054,
   262864.50265177205,
   25430.61538320915,
   152361.1191004958,
   2594.966493890543,
   329545.6145561457,
   64927.97999961349,
   46902.036533734856,
   343943.25878960564,
   92637.42418048673,
   235132.83284998444,
   254772.78683205793,
   207030.43559076823,
   293301.16075019754,
   78992.06628743866,
   225984.73568950308
  ],
  [
   -401387.7134992823,
   -541930.2672603821,
   -172302.94594725195,
   -515107.9063770495,
   -125479.70798756217,
   -623464.2705407988,
   -287895.0890933309,
   -255864.32905844355,
   -621883.574316447,
   -347297.72984469804,
   -420433.28815704933,
   -509933.95281058963,
   -409293.2527506656,
   -578462.9477755516,
   -202962.20890014572,
   -488805.8992119052
  ],
  [
   300852.8192905825,
   400790.03587975417,
   267829.5125834503,
   232462.21418273312,
   85418.73769362875,
   567732.8262872621,
   94773.17133247027,
   168343.34557317823,
   649782.8239282921,
   258552.4544809903,
   401080.98173438,
   513127.2901339091,
   338402.12430993037,
   527875.6039858795,
   106873.19207624694,
   479159.72861828614
  ],
  [
   118904.18989130175,
   185201.86445657356,
   59450.41740284991,
   -16259.737270855714,
   -17212.98705511453,
   297928.792054695,
   -65035.538217645684,
   -7755.325971693152,
   328996.642437605,
   10213.825349819164,
   191512.5211358988,
   259065.8941703584,
   167116.30096075172,
   237429.4178191547,
   49104.06695923654,
   252304.0369961005
  ],
  [
   32364.188116166653,
   36055.900989657894,
   1208.3012569486943,
   -14470.486745384098,
   -18702.305015159156,
   60415.65012336243,
   26997.989390179988,
   -11358.00773011616,
   80531.10761078195,
   -29553.417097649348,
   60136.10832852324,
   50211.94052653855,
   41713.31185381546,
   34511.27574059955,
   591.4606205611784,
   -6836.777533261319
  ],
  [
   -104389.50494566951,
   -158457.91069428143,
   -39704.86199201304,
   -198271.50088657805,
   -45606.70284893184,
   -154687.9478902899,
   -136658.63801007223,
   -90784.42002245689,
   -154831.47481234983,
   -115003.16827473181,
   -113340.15510127581,
   -109538.96391839071,
   -106985.0180953247,
   -118774.44138139547,
   -50531.57605571659,
   -97842.68375205711
  ],
  [
   -126173.45923039938,
   -178927.17115678207,
   -50115.10335897182,
   -150252.17959785234,
   -57392.94613220829,
   -191144.8894601577,
   -48757.97736565162,
   -52967.2368276149,
   -171188.32492449888,
   -64528.02507461577,
   -115388.61330075287,
   -160483.8346231041,
   -103385.91711218977,
   -171212.56533428837,
   -115798.88468554457,
   -132281.42783850257
  ],
  [
   -204931.5233093814,
   -245483.06921653094,
   -97756.27356258422,
   -282621.70657773153,
   -92421.30066403274,
   -274675.25000918715,
   -166523.3400744043,
   -174664.775578773,
   -240250.78234669223,
   -203482.67276731442,
   -179245.33544158994,
   -220239.78597270948,
   -209156.43591608925,
   -239809.55932324845,
   -110820.61596766366,
   -181604.3901635429
  ],
  [
   -73070.62372039192,
   -34450.25049749551,
   -8303.925064583593,
   -184784.21519966522,
   -37968.38516474328,
   -70954.23624491024,
   -83864.94106770102,
   -97575.6685441481,
   -84569.98030013591,
   -114175.39649200371,
   -26496.027516184604,
   -93008.34280151216,
   -91208.5823208513,
   -56098.2247297966,
   -19237.531501604713,
   -161873.6597735811
  ],
  [
   -33796.45015428054,
   9293.351578776423,
   -6065.843912406558,
   -124964.4749423647,
   -265.5061208210204,
   -1040.4876054871897,
   -103683.06061395005,
   -35640.68019210703,
   20407.878843322243,
   -45357.53527604687,
   20099.577583238723,
   -13452.465374229769,
   -40126.91527351649,
   -29137.1042750308,
   -3187.417805938966,
   -16969.297263416367
  ],
  [
   -372331.88534152985,
   -462687.65736220573,
   -223296.2063761866,
   -141495.858966378,
   457.4803287547644,
   -659407.1015852055,
   -58958.76393650719,
   -111001.81418169341,
   -735711.2447855946,
   -226567.66267928868,
   -521772.33991741703,
   -574286.2487236639,
   -462135.4017403469,
   -603134.5493667279,
   -116575.50825160871,
   -529275.8300710293
  ],
  [
   158465.3235399623,
   175252.85895113577,
   -107974.69961373934,
   105202.07464835983,
   -100640.2372334004,
   303402.6858283487,
   4703.271139527407,
   -95952.71675102523,
   367208.676062322,
   -79183.63947693404,
   210295.1755948338,
   263767.6631990028,
   186211.8747860058,
   221739.35389859986,
   63731.180927157846,
   234755.60565588923
  ]
 ],