{
 "input_nodes": 12,
 "hidden_nodes": 16,
 "output_nodes": 20,
 "epochs": 1000,
 "lr": 0.20000000000000007,
 "output": 0,
 "epsilon": 0.01,
 "synapse0": [
  [
   174473.30872707133,
   223923.11287777318,
   795.6895692506868,
   124351.55421800178,
   2301.4430235679547,
   281403.52192222554,
   49895.96712593234,
   39256.56274015632,
   266938.4796011311,
   77957.45739768368,
   183763.95569050274,
   216419.22143641172,
   179298.2005976748,
   252222.46273570426,
   66997.27682344307,
   187681.95694878857
  ],
  [
   -355116.974623403,
   -469652.72265824344,
   -120148.63983025368,
   -416456.0821184651,
   -103263.98200185248,
   -521441.5372599874,
   -226444.8647122828,
   -213920.03131450852,
   -476588.172435038,
   -284220.2294371768,
   -326504.10674840584,
   -427855.1493040149,
   -344257.7281270991,
   -479192.01143470115,
   -170774.25197405944,
   -408779.9361072177
  ],
  [
   247029.84204925437,
   350420.43762090674,
   204076.41456897018,
   193384.70460255796,
   69154.72715093697,
   476997.1395289144,
   82292.38600567843,
   139735.17978059026,
   500329.29707994877,
   219476.78363126027,
   320299.70650507906,
   433160.12125818216,
   289732.67682947544,
   438255.896133196,
   100035.3487542182,
   419666.8338209224
  ],
  [
   101061.11456906809,
   152551.6594793199,
   40638.462749015394,
   -10321.858124094915,
   -4304.103950296609,
   255657.14329155054,
   -56828.21988693339,
   3908.329681584763,
   256428.5702775715,
   25085.632769037,
   160332.2023318686,
   222551.57945237134,
   154967.39553764695,
   214200.4226903411,
   43813.11366929254,
   225616.82929660802
  ],
  [
   24880.069400460132,
   23847.945851634155,
   1898.8091751389732,
   -4039.9546149666494,
   -8247.421414224613,
   56633.54190357969,
   29057.230199855654,
   753.3387169460192,
   61651.72088695177,
   -14883.266129725072,
   49465.84050401746,
   44630.44461342754,
   40997.289316865565,
   43324.30421978114,
   -1340.3391027790626,
   -7611.372179600193
  ],
  [
   -91629.58127958392,
   -138954.66232622802,
   -29177.48100281314,
   -154719.59274407662,
   -39458.04879187677,
   -126247.68300321704,
   -105540.63297718496,
   -80270.82250829853,
   -116026.59003363822,
   -96574.10118875468,
   -84362.49402072698,
   -89375.89985115276,
   -84157.23761976721,
   -91109.8712029364,
   -37392.50923816911,
   -79908.93642632753
  ],
  [
   -109741.19714777553,
   -156793.52703837815,
   -42722.5233173376,
   -128259.57906912704,
   -49850.58063272289,
   -156943.69268475895,
   -38121.53083072723,
   -45640.07537242411,
   -128499.53455388718,
   -55121.37699863354,
   -84499.05556182962,
   -136286.0998991843,
   -86349.34696843654,
   -144602.6325303471,
   -93425.91481723273,
   -111667.09417044501
  ],
  [
   -181864.80954873413,
   -210055.67923623513,
   -81004.58056251472,
   -226914.13381055126,
   -77949.79458693114,
   -231990.67199610345,
   -127190.29935781808,
   -147740.94331911512,
   -182245.6809310892,
   -165951.77615230283,
   -145473.8639143182,
   -183427.1405906429,
   -179912.1197704047,
   -200960.75509074974,
   -89561.64512617435,
   -143825.512609016
  ],
  [
   -68251.39286166301,
   -37350.36550947251,
   -2738.4398498303904,
   -151084.0051523282,
   -38235.04242886843,
   -57677.3952533889,
   -73365.80466121082,
   -89350.69960539625,
   -59629.18922258278,
   -97292.5196872633,
   -20794.44455024059,
   -76215.62437558,
   -72572.5992510218,
   -39676.01524284635,
   -12442.79037607157,
   -128354.75974190746
  ],
  [
   -26196.184598344764,
   15992.527185861383,
   -762.3879943584024,
   -102964.06486857357,
   1348.4832324708175,
   1605.247449718226,
   -85610.96481622783,
   -30937.734936648823,
   10456.305964953888,
   -39634.4976161306,
   5893.387119314907,
   -11405.261619034622,
   -39089.14758220225,
   -26752.68290298756,
   -6942.2508304045705,
   -27871.181153715625
  ],
  [
   -314491.09078338876,
   -375988.68243433506,
   -152465.75206706935,
   -136943.76564901316,
   -10404.817226077072,
   -559012.9915799365,
   -65456.572978066244,
   -108466.57400115085,
   -566482.1611650552,
   -213069.4799303715,
   -414837.85628790763,
   -484478.7061770976,
   -404986.51125030115,
   -519434.59119750326,
   -109266.23633097998,
   -457395.6111641345
  ],
  [
   130586.73920852908,
   139240.81946478225,
   -128512.95535227172,
   102188.07102738413,
   -76704.93530927281,
   252620.25836570986,
   15666.94150675448,
   -68112.45368535834,
   274537.3387088946,
   -47114.6273806762,
   162300.02618039786,
   218607.3341821317,
   165343.61253541472,
   197423.135396892,
   49499.27593943843,
   197672.4915258101
  ]
 ],