{
 "input_nodes": 12,
 "hidden_nodes": 16,
 "output_nodes": 20,
 "epochs": 1000,
 "lr": 0.7000000000000002,
 "output": 0,
 "epsilon": 0.01,
 "synapse0": [
  [
   -2173.32952154437,
   5250.063774688216,
   4883.295529515152,
   4996.076356441851,
   248.73843077149948,
   707.1826830658775,
   -15068.6937236743,
   -5262.803752634374,
   3990.4900221754274,
   18910.268127576986,
   1426.7450431861032,
   -2999.8774995784197,
   7110.845370691169,
   6316.027308223198,
   -8319.566527467361,
   141.80527572160392
  ],
  [
   291.8613035072804,
   -5466.221883786893,
   -2619.0234956097997,
   -7077.822085684815,
   -14176.30279458376,
   -2638.9941032822253,
   4472.164214078122,
   2705.9396418509123,
   -5505.406773777447,
   -43193.590423068046,
   -4217.785182042203,
   3624.4552971767534,
   -16570.254695510183,
   -6484.663250128918,
   19851.497348616416,
   -5904.38937830487
  ],
  [
   -2211.037184578413,
   -36457.215108620825,
   -6063.197185819853,
   7597.405165784943,
   19584.697408079464,
   8395.306535252006,
   -10815.152217662086,
   -7107.9374029614055,
   10517.844691856366,
   -71285.6431168992,
   -3629.7576848325657,
   -6987.087498825912,
   -5135.818281731753,
   -7107.082394565282,
   22576.29790682852,
   5012.971020838098
  ],
  [
   -8782.31983056388,
   9500.974254095516,
   -1286.024545265713,
   -2807.3638380568573,
   -6103.825744218723,
   9430.153062935835,
   -4940.676384799919,
   4423.003817791069,
   18966.38693894724,
   42439.20228772968,
   -6570.392346864072,
   7127.873152114688,
   7458.7221361784395,
   2387.2749166093163,
   -22539.582502469613,
   -6029.971561946186
  ],
  [
   -5080.043199867046,
   -16623.41456825706,
   1354.6349266044606,
   2848.5194358860886,
   6721.608536322369,
   -6650.588795606567,
   -4172.907284518789,
   214.9141021791896,
   14916.679463328408,
   5322.538306974039,
   -4191.129249522089,
   -1333.2868402228212,
   -6162.517480351254,
   8223.964193895657,
   -2629.7897664314232,
   501.4443180534198
  ],
  [
   -6920.866951529072,
   17404.44823882947,
   4755.225042991714,
   -9079.440240197313,
   1980.7324123518274,
   6631.689151887495,
   5071.655542148174,
   -4895.793343871537,
   31335.773483608158,
   14498.838763282844,
   -1918.8679251991798,
   -5411.503898006633,
   3489.319118806934,
   7638.578127372076,
   -7041.769872589594,
   -4422.092029522617
  ],
  [
   2150.7321580920698,
   -27391.39860515374,
   1839.5756077858382,
   6982.0179053954025,
   1398.103238981012,
   -4913.185344086652,
   3556.1821691824753,
   855.1047780213685,
   -8751.156650923667,
   -23685.101050367648,
   -2532.865229274125,
   -81.01673241440504,
   -8235.023480729611,
   -1435.2940794621502,
   -12783.19955259897,
   1055.051128049535
  ],
  [
   9389.33895533137,
   -9163.878164846323,
   9661.076466365139,
   5451.306890548475,
   -65834.59484303845,
   -8864.170216590446,
   2656.1894459299037,
   -2065.5950717960354,
   -5984.317581716513,
   -53960.5539875341,
   4167.197588664943,
   1726.5723316247572,
   -20180.797068309777,
   6724.853451409484,
   -5491.388298969214,
   1.7633126995722528
  ],
  [
   6273.675363735397,
   -55519.24586280292,
   -6312.5223075296735,
   7608.418987439752,
   -50088.41240298145,
   -9479.018663921326,
   2798.189907442239,
   4222.9498857105455,
   -27282.000911170886,
   -77273.55888070315,
   -5029.764793183745,
   2485.0297989527576,
   -36207.91788493084,
   -7525.410669786688,
   8169.173259075617,
   2501.948835837162
  ],
  [
   -1415.6986649917344,
   -23788.39082457475,
   -5150.495830380177,
   -7459.796584609742,
   -8338.281023424348,
   2682.809590734188,
   -8287.757651997123,
   -2275.9094979614024,
   -172.57350814903003,
   -9587.108066136976,
   1002.9417045842825,
   1868.3849620475733,
   -183.50568493081036,
   -2034.4184065738643,
   12781.065193475857,
   -980.1679630903999
  ],
  [
   -2544.983082708319,
   -57905.18464882848,
   -464.8165306249215,
   -4530.859248873071,
   -22044.303663696657,
   -325.2297630585451,
   6885.132638892949,
   -5384.956079759626,
   -54604.01506308336,
   -41622.20524446583,
   -1685.6972151431817,
   -7404.990921662302,
   -25329.619254545825,
   -9691.375807732224,
   -39562.24851847491,
   3973.1650017210554
  ],
  [
   -563.8995869456027,
   -36419.2873066965,
   -2112.374122719051,
   -7627.320891447389,
   -1184.7743425453157,
   8256.187119675975,
   -696.2404501929387,
   3213.8112795815637,
   -29545.395140692635,
   11.539091403962427,
   8829.236002552654,
   -3000.089724855343,
   -2520.5073065055612,
   -11124.390592545893,
   -42478.86928608124,
   -1162.2646523965911
  ]
 ],