{
 "input_nodes": 12,
 "hidden_nodes": 16,
 "output_nodes": 20,
 "epochs": 1000,
 "lr": 0.35000000000000003,
 "output": 0,
 "epsilon": 0.01,
 "synapse0": [
  [
   -1905.588820120803,
   4636.047050117526,
   4404.929914803646,
   5259.80981105377,
   -329.03252414044937,
   863.7798313691682,
   -14668.304264369172,
   -4760.615705677796,
   4236.003755691276,
   19085.229085530977,
   1393.3283469792443,
   -3415.2683824154637,
   6430.16032361369,
   6145.256363502335,
   -8453.35061831385,
   85.60467939669303
  ],
  [
   194.02537319014817,
   -5522.461973674486,
   -2105.3774248398113,
   -7197.098896343469,
   -13345.741878282472,
   -2728.184622413956,
   4305.003705736616,
   2562.981011719794,
   -5614.180120146809,
   -43330.86761868595,
   -3978.8075294916944,
   3919.4718886374776,
   -15989.315547400724,
   -6561.0970454774815,
   19207.193549518317,
   -5705.845052538202
  ],
  [
   -1620.1328264218153,
   -35417.73175321793,
   -6886.841343385706,
   7626.2638390375205,
   19071.26961505248,
   8589.691268637269,
   -10578.483489236667,
   -6560.035048604837,
   11169.319957947448,
   -67416.94224019175,
   -3729.1948483348992,
   -7586.076425077982,
   -4242.911053224817,
   -7127.959701896557,
   22635.848234787445,
   5060.955504255146
  ],
  [
   -9182.985598029833,
   7478.254291368081,
   -244.7016643700276,
   -2809.946637583258,
   -5837.527904046722,
   8976.72788980905,
   -5109.360683610409,
   4575.991768462405,
   18964.750525036452,
   39684.36055926711,
   -6189.308861018731,
   6590.841452241587,
   6587.915788845039,
   1883.6682163575401,
   -21868.97157233776,
   -5491.454891086947
  ],
  [
   -4183.033358082278,
   -18688.234969877776,
   1130.2645189925443,
   2876.8778425740516,
   5347.775152136902,
   -6710.4227965490745,
   -3810.610301326158,
   285.9765996535968,
   15293.884727505483,
   3915.022388990137,
   -3759.80721602544,
   -1453.0901882305618,
   -5612.93616403977,
   7935.819641220468,
   -2814.8990573001165,
   326.5742382141544
  ],
  [
   -7160.691643895619,
   19276.495133796532,
   5009.751068535935,
   -9142.61634407627,
   1734.509264216603,
   6542.370056412607,
   5004.027886422919,
   -4702.96866065876,
   31490.118462574595,
   15195.93317981303,
   -1840.8914512378062,
   -6122.758758642108,
   4736.704719951577,
   7538.236714012734,
   -5076.186193699556,
   -4430.154514085667
  ],
  [
   2606.826327764531,
   -23810.302492655977,
   1460.6524693525457,
   7393.37767519961,
   129.23126344414968,
   -5322.086860862035,
   3472.5753418470467,
   1076.3752464442332,
   -8333.149992917988,
   -20570.223519604504,
   -2477.2866959388784,
   179.91971285376562,
   -7792.8969869905995,
   -742.2032737428361,
   -11657.29777018971,
   763.289739978209
  ],
  [
   8719.415538013569,
   -11544.068455805827,
   9571.612853388235,
   4682.462593277927,
   -62926.26283185764,
   -8265.161744955913,
   2934.305599110039,
   -2159.708828475335,
   -6064.424220177503,
   -56131.54202778019,
   3822.9981781702613,
   1901.1909895120434,
   -20305.69172560853,
   6998.677735010943,
   -6001.020901984946,
   676.5199365524106
  ],
  [
   5934.793814804922,
   -54561.88430501728,
   -6731.162131840587,
   6819.474814144493,
   -46853.234360972696,
   -8725.846734828136,
   2553.395360207754,
   3298.078580825535,
   -27162.60873357495,
   -74572.08289931183,
   -5308.833951982831,
   3364.507604934525,
   -35365.62134620127,
   -6669.969656133371,
   8797.496831180239,
   2498.36596880398
  ],
  [
   -1770.891866822617,
   -23055.20024532207,
   -4579.836790733332,
   -7444.057624630885,
   -7064.209920000092,
   2895.556372715047,
   -8268.95107506171,
   -1861.1919015486724,
   -466.32288095684095,
   -10067.723667854802,
   1250.0734077865964,
   1277.2412623249306,
   -161.17001906962443,
   -2507.3410608836502,
   12413.263906455146,
   -1144.378810791506
  ],
  [
   -2002.3447087156037,
   -55608.139824573846,
   -544.6150027786854,
   -4197.030510539794,
   -21208.394647790134,
   -0.7406941939824165,
   6469.904542485426,
   -5529.9278272554275,
   -54517.713673005885,
   -39767.37966735215,
   -1433.9546608561595,
   -7107.43791232418,
   -24416.71537702457,
   -9535.448696460026,
   -38926.64864825975,
   3490.372983920735
  ],
  [
   -711.0499149116314,
   -38673.74144313032,
   -2545.554435644667,
   -7894.620620909708,
   603.9397638559134,
   8054.433140327395,
   -505.95448517379526,
   2916.525253359139,
   -29687.29363612029,
   -3558.766722073854,
   8547.889708973986,
   -1989.8109450304908,
   -2923.5279481634398,
   -10144.235628983855,
   -42581.20435418154,
   -516.2676789658898
  ]
 ],