{
 "input_nodes": 12,
 "hidden_nodes": 16,
 "output_nodes": 20,
 "epochs": 1000,
 "lr": 0.7000000000000002,
 "output": 0,
 "epsilon": 0.01,
 "synapse0": [
  [
   896.6482121812693,
   4155.230459214985,
   2270.566938540291,
   2005.2036225543343,
   84.50289515887077,
   -1007.8809040479701,
   -4621.089232062584,
   -1057.6776661949505,
   4783.517000597185,
   -1096.2813623540019,
   -249.00942467924352,
   -3252.9830977405327,
   3033.214502176712,
   2406.7835477381286,
   4042.922091657043,
   -58.17432713298295
  ],
  [
   -2842.767085830981,
   -7100.02392982038,
   -1792.7302712313963,
   -2676.976841000946,
   -1599.9451122602925,
   -616.9337198582427,
   1516.187697036991,
   1242.0361896442291,
   -11913.027532851595,
   -12570.322654803571,
   25.902525623947774,
   2509.320023841535,
   -12759.802797860304,
   -5026.617522519375,
   -752.2208898709079,
   -2559.7384318724703
  ],
  [
   -399.08271254793704,
   -17061.497365697636,
   -3912.576721920018,
   4792.246188414381,
   5107.54121338713,
   2067.322305114014,
   -3493.77448753521,
   -1040.4958422464108,
   -2780.0669370094706,
   -26202.868886168955,
   -3866.9819791279974,
   -2932.1022504903417,
   -1033.5616585718017,
   -5609.822278061546,
   5219.347567601331,
   238.54628024526434
  ],
  [
   -720.2088185211136,
   -1742.877829525565,
   92.60449160917489,
   -5047.883983423031,
   -868.1116213881119,
   2971.0493735920904,
   1497.1350419982061,
   977.9837047150811,
   3887.3792285690574,
   7568.59749474646,
   -2232.4520384838415,
   -3036.000534990743,
   4909.799666248712,
   699.1547894258849,
   1495.619617158686,
   1144.5625195748041
  ],
  [
   284.92624879646263,
   -10099.393348660029,
   -1119.7783242041237,
   313.50492264693406,
   -1649.0033269934147,
   -2016.2008101550484,
   1963.3127414517953,
   -291.3315586546856,
   -699.3381220048519,
   2782.9254895970093,
   -487.4495200832599,
   -3860.790829588609,
   247.4811325839249,
   4542.8532669484875,
   -1924.9367377068913,
   937.6345161245024
  ],
  [
   -1626.5833055310343,
   2789.456244944537,
   1501.1565001917381,
   -1478.9842674947213,
   -750.668767411485,
   62.74479919425151,
   1124.067061970118,
   -2208.7787336827396,
   10104.416226507561,
   13207.476724681872,
   -164.92059201456624,
   -1489.0165562867664,
   4811.0077546767525,
   1421.3442481359066,
   -437.2111156266226,
   64.60848282585236
  ],
  [
   1440.8192295590227,
   -6496.240791778143,
   306.3823418629844,
   1909.2389989884473,
   -2399.9714466827277,
   -2114.7444572200425,
   179.3438458419079,
   -1286.5735912871494,
   4425.943080580579,
   -3410.4630384198076,
   -1414.1054386638602,
   1254.76545310421,
   -1860.372035631975,
   -401.9585600223906,
   -633.6120661682318,
   520.2396167568113
  ],
  [
   2013.8743090093494,
   -11107.938386744578,
   5358.06676170688,
   2176.7946354204614,
   -9263.742833489976,
   -2288.1899580390323,
   652.3666339948205,
   -735.0526750111051,
   -1535.8642113578217,
   -33585.90963028771,
   2785.4632396865813,
   795.5945882662027,
   -13683.369602704342,
   7900.5075615526675,
   -4863.63586689496,
   -1790.8232839811415
  ],
  [
   962.4644277279892,
   -16909.827291769903,
   -1152.4032885051906,
   2386.859322981052,
   -4215.093452692935,
   -2545.783543551672,
   9.744460130257487,
   3549.664161828381,
   -13541.462210749707,
   -27472.145065801546,
   -2346.0181845657835,
   -1934.9117619596138,
   -15859.485783935099,
   -402.08488730370044,
   2566.586819387325,
   658.0994654352126
  ],
  [
   -2248.5731902167618,
   3723.69600622622,
   -2787.0409203609765,
   -547.7620760356023,
   472.755984500437,
   1204.8819471476907,
   -2607.372054988588,
   923.5071036792633,
   -8186.753846186854,
   -6421.166283479205,
   2656.3258512294146,
   -893.31925346642,
   -4741.52737393556,
   -1973.1866908950194,
   2501.634334927674,
   -1489.8888670746244
  ],
  [
   -63.91238393963229,
   -1017.9368908271178,
   -1473.3246587358822,
   -859.5907306250919,
   -2354.8970262312037,
   1354.4634067306235,
   -155.53439241438423,
   -1864.53335715832,
   -17667.019638580467,
   -24686.382138596222,
   -3944.7119377161735,
   -237.84852642965276,
   -11953.690471606997,
   -5664.426248159001,
   -10552.059079232891,
   -1290.8002830856085
  ],
  [
   904.296590990124,
   -1409.9564577756307,
   -2303.480061761787,
   -2813.599005822368,
   310.14770392484445,
   3248.9306527072063,
   -4649.76307640158,
   -221.15536066307146,
   -6301.716994099233,
   -3146.818314159888,
   4986.387611204791,
   718.3536942572874,
   -876.4367481143332,
   -2996.4469237870107,
   -6733.963981634052,
   -1005.9046322380617
  ]
 ],