{
 "input_nodes": 12,
 "hidden_nodes": 16,
 "output_nodes": 20,
 "epochs": 1000,
 "lr": 0.30000000000000004,
 "output": 0,
 "epsilon": 0.01,
 "synapse0": [
  [
   -45718.94892432556,
   -16813.942236097802,
   -314264.8922584748,
   -42545.33429216704,
   -78969.50788154767,
   -41885.47895416272,
   -56407.91657315307,
   -41963.53701548645,
   -570976.1460488687,
   -46774.93317829045,
   -18272.168511221575,
   -95317.16622546443,
   -177761.86608102114,
   -53379.18242948056,
   -129181.01040017615,
   -74239.17346197253
  ],
  [
   3106.2173199106046,
   12087.094761948096,
   213035.10312826975,
   21685.088054509153,
   14190.912425152559,
   153190.60142149267,
   5013.2534502883445,
   5794.525343665993,
   233063.7307632291,
   7709.8524897102225,
   48406.50316701435,
   14301.745152206398,
   14159.0291496345,
   7450.160317798759,
   120088.84761677095,
   3273.7181690705866
  ],
  [
   -48097.58013101323,
   -97265.42370213705,
   -137044.54660017515,
   -153101.30999763065,
   -94219.94610260932,
   -206258.450891847,
   -41413.035545368824,
   -42009.18744312837,
   -546478.2966073022,
   -34899.006908302064,
   -106576.7551838398,
   -86027.87761235882,
   -151196.26453510663,
   -47647.64703299937,
   -124830.43192227514,
   -80515.07372681359
  ],
  [
   -12735.586481407998,
   -94159.5285490218,
   -23985.446764851196,
   -95917.58343080351,
   -11076.740221800965,
   -83908.99516187707,
   -21463.893281849963,
   -2841.6228448365237,
   -139764.77422078248,
   -18221.521562479484,
   -7817.699963267673,
   -27799.096777335606,
   -66475.64936391868,
   -22222.232206966783,
   -104532.287731831,
   -37266.00150725715
  ],
  [
   -18971.955368674422,
   -45414.81037029782,
   -62026.10619292589,
   -55911.84164006475,
   -45003.74876206941,
   -7514.288070119353,
   -17075.912284155107,
   -12029.593969675556,
   -90254.10015567717,
   -12667.71667581354,
   -12718.15373408766,
   -26120.415593918027,
   -49518.79307777958,
   -16311.670802812932,
   -53133.26217642178,
   -22659.443081621772
  ],
  [
   2282.9754939879185,
   -28619.545222014684,
   -56219.66350311521,
   -54947.73620325517,
   -8612.231292567672,
   7879.434215416211,
   -7432.493736030613,
   7588.748703082356,
   790.9084126978338,
   -5534.87125271847,
   2033.3431682750172,
   161.7946940786865,
   -4847.189600432694,
   1515.72885583941,
   -49688.79836783887,
   8168.590112552631
  ],
  [
   -35138.26929342547,
   17888.45959911246,
   -97470.89535166156,
   18048.62719120146,
   -42459.58281697364,
   59604.34836368316,
   -38124.831585775,
   -33190.665460916796,
   -333695.62945372245,
   -30106.437514341615,
   22819.61608744723,
   -67718.85221224904,
   -132841.2794875374,
   -38363.25646222791,
   2969.9065893665233,
   -62218.02716147791
  ],
  [
   -33179.18579150102,
   13138.410316505304,
   -128599.0113102236,
   5952.83704481892,
   -38238.81645324132,
   2535.1286995537685,
   -43883.32954754189,
   -37596.58480039029,
   -477604.19158363197,
   -37051.66621731168,
   4697.564792660295,
   -79736.9804768128,
   -155733.15936887907,
   -45014.06290105432,
   -17729.45893194979,
   -70760.3819450977
  ],
  [
   -25718.567379620654,
   4371.665485804926,
   -6509.500359178983,
   -8260.489014938812,
   -15272.892962401458,
   1136.5128516483685,
   -25005.758014676438,
   -23847.62595464088,
   -307786.4367361216,
   -23169.71067091064,
   -4164.373569187296,
   -48153.51615165241,
   -94978.75362364708,
   -25009.881164793143,
   -910.6042576236782,
   -48510.13981897106
  ],
  [
   -29594.523808859914,
   11910.290770325804,
   -72237.26612528585,
   12732.721876335469,
   -41833.44641180155,
   51725.343514158405,
   -34068.22626267103,
   -28694.19124108744,
   -252812.90959816892,
   -26997.93214674656,
   18836.60730786605,
   -56284.95819932434,
   -114815.59195544623,
   -34499.483220136346,
   27686.33596115242,
   -51456.711186756715
  ],
  [
   -8175.225394173658,
   85638.65306429238,
   -113270.76291180504,
   83488.01614188164,
   -26798.41656854662,
   172895.3107008489,
   -16103.606619868713,
   -17170.716341941807,
   -28245.698268431075,
   -8711.6642691021,
   51088.29942019256,
   -22981.273819767048,
   -39944.112418842975,
   -9732.961037865016,
   59676.78139270258,
   -7007.9509171335785
  ],
  [
   -21734.983196297526,
   35308.99562130467,
   -145864.3392199938,
   -8134.908895651847,
   -38080.59541610055,
   73700.38270768171,
   -16522.36394819591,
   -8746.061193244928,
   -40992.01227303511,
   -9204.592051019188,
   -17012.90542880782,
   -22722.017607911508,
   -32083.781934936764,
   -6399.155926900359,
   -51402.835143769815,
   -13218.341498846858
  ]
 ],