{
 "input_nodes": 12,
 "hidden_nodes": 16,
 "output_nodes": 20,
 "epochs": 1000,
 "lr": 0.7000000000000002,
 "output": 0,
 "epsilon": 0.01,
 "synapse0": [
  [
   -20696.146561773174,
   -15333.469157779442,
   -90438.17613622548,
   -17988.86859428283,
   -36517.80574670327,
   -27755.211499531873,
   -26173.99711399703,
   -19406.600901744663,
   -252899.8059678762,
   -21651.709590945673,
   -12638.884975869887,
   -44283.586473881725,
   -81936.31106485197,
   -24707.719642091284,
   -47118.669506534265,
   -33621.934227689446
  ],
  [
   683.664187919359,
   12748.301764772665,
   66091.06720359255,
   19565.22350038244,
   5844.148236747973,
   96991.3675587783,
   2050.344627371407,
   2424.893029630183,
   111193.20965758704,
   3496.5959723245687,
   19979.578947318045,
   6402.527550493316,
   5775.337117195255,
   3505.5152204560527,
   43135.579877564895,
   918.2686407108152
  ],
  [
   -23229.573790367085,
   -51963.40227426875,
   -19402.696627252968,
   -50104.39955069919,
   -46484.80077406211,
   -129963.92178850099,
   -19527.607992236542,
   -20055.490170005498,
   -244230.57929610665,
   -16108.298108987054,
   -47233.73211420232,
   -40813.24376995307,
   -71380.58370032358,
   -22191.997929705118,
   -41984.0846138515,
   -37918.18865684379
  ],
  [
   -3647.2094463219028,
   -29312.366937238196,
   33428.7666779983,
   -45496.616714310985,
   -5643.120636420385,
   -51355.733525205214,
   -7036.270483834717,
   2220.5571665903517,
   -29448.895331193813,
   -6043.779165079885,
   -7722.21327332461,
   -7632.822265039307,
   -22618.333068121916,
   -6661.474606784741,
   -42610.610869385775,
   -11324.332307499582
  ],
  [
   -8392.837484745458,
   -23691.095242192765,
   -20753.826943438897,
   -17180.37472741188,
   -22459.846532174586,
   -4924.415352130787,
   -6932.251670525561,
   -4389.326610007468,
   -19797.42197966784,
   -4927.371062027392,
   -13272.304529513063,
   -10213.902804834388,
   -20078.219510367922,
   -6069.42234334974,
   -14269.022528393185,
   -8435.521975539892
  ],
  [
   1099.8919583581478,
   -11503.54652278544,
   -16573.45010660919,
   -17331.234285933962,
   -4029.920900121847,
   7758.539732951915,
   -3611.564017468815,
   3063.6481539612732,
   5245.585616445828,
   -2630.028393967715,
   -1648.2717255332448,
   -226.76023013769807,
   -2612.3480920454176,
   557.5693726417536,
   -23465.95261566737,
   3758.7953683040864
  ],
  [
   -15192.842212691876,
   9283.426056584784,
   -22723.050652320795,
   11299.623303525685,
   -18291.79254414486,
   37712.895353930624,
   -17171.087897011403,
   -14708.816523964364,
   -141148.27537018785,
   -13453.587841358029,
   8894.001358755793,
   -30152.672552292275,
   -59237.5334551968,
   -16990.067303724867,
   4300.594796300602,
   -27163.485677478824
  ],
  [
   -15903.764887618652,
   5231.476871813992,
   -26539.073743414952,
   6939.17050971859,
   -17242.274492998906,
   506.50928985464657,
   -21389.908617856967,
   -18867.549957067582,
   -228780.43795995065,
   -17952.832913003727,
   6694.310549367657,
   -39079.00374600804,
   -74868.10265643895,
   -22138.33143255667,
   -8841.418593693928,
   -34470.22617125219
  ],
  [
   -11666.546657106253,
   2736.8702922608786,
   12900.915783185468,
   -84.3598663954935,
   -6843.562020961505,
   2733.973056003881,
   -11347.2426863659,
   -11222.576909380681,
   -139036.89840804687,
   -10432.308288474685,
   2125.5548565674194,
   -22113.648667119065,
   -43520.58799525752,
   -11221.314522081248,
   10370.5659504916,
   -22074.94865833455
  ],
  [
   -14066.436884122913,
   5506.019309998413,
   -19641.076624761834,
   10891.946318164502,
   -19531.673198042925,
   29065.37138125153,
   -16507.92444507132,
   -14457.305548312386,
   -120181.99216291518,
   -13095.70234290473,
   10366.698842683732,
   -27790.455382557793,
   -55745.177275380236,
   -17325.44395024083,
   9190.415544254784,
   -25407.496490312187
  ],
  [
   -7579.891308293105,
   28985.580664195084,
   -60038.52857382811,
   43795.970461994264,
   -14853.624652364562,
   109017.29896020798,
   -11221.83913555653,
   -12168.15439695565,
   -40955.959473191346,
   -6919.969155898038,
   13546.43142779362,
   -17624.239911175337,
   -29789.50080151119,
   -8531.172853644523,
   23745.934522951084,
   -10195.789332614808
  ],
  [
   -15041.482895395238,
   7290.275956479314,
   -59470.58733320711,
   -5100.882580237434,
   -25480.176755573237,
   47542.67898143337,
   -10877.476864885984,
   -8211.433577993688,
   -45542.07087684797,
   -6757.582426411346,
   -27452.00464059264,
   -17300.824016218066,
   -26213.14942398345,
   -6199.160326512275,
   -17149.562361358523,
   -12106.834293891658
  ]
 ],