{
 "input_nodes": 12,
 "hidden_nodes": 16,
 "output_nodes": 20,
 "epochs": 1000,
 "lr": 0.6000000000000001,
 "output": 0,
 "epsilon": 0.01,
 "synapse0": [
  [
   11961.266549906319,
   -41116.56631320151,
   -14927.075319932745,
   -25019.72987081008,
   -39783.714271462755,
   17275.17588383183,
   138.67841896962466,
   -9982.98610900472,
   -30597.892653578663,
   28722.07400964183,
   6283.987036769979,
   -10653.379301553627,
   -2861.7783748515913,
   -27665.31911052293,
   -16241.940936082785,
   -44408.56225065616
  ],
  [
   -21824.087098631055,
   30509.259771381883,
   -13409.245403856661,
   36447.94790357689,
   8638.370748809473,
   -12771.939961659229,
   -15129.180297350986,
   -350.1240762781665,
   -6889.001608318789,
   -35464.97585429254,
   -23568.046845134057,
   -8835.334608084086,
   -1622.926304259236,
   3187.7034311886277,
   2106.695553244247,
   -14322.483628911708
  ],
  [
   33543.23040980465,
   -67793.24720083474,
   -57341.39844021792,
   8965.45106617395,
   -15894.320716841852,
   -36478.218838381814,
   16968.425485090116,
   14159.881338974346,
   -22400.168816509617,
   43092.521457671115,
   42977.0487878511,
   8725.825073354992,
   12139.543669588931,
   21273.81111485982,
   4902.926994464227,
   8912.630555169588
  ],
  [
   -15487.752689990277,
   -12879.689429436006,
   54978.45483795794,
   -84121.33968606593,
   -61000.226012343475,
   14213.456956816846,
   839.1974571059882,
   3550.738718646864,
   -66969.1632864485,
   8961.458850682606,
   -302.1560228127392,
   -32241.80578382217,
   -31947.152015387826,
   -19091.826059512052,
   -5589.019594916338,
   -59749.34179406808
  ],
  [
   -5697.58672319486,
   -6874.710679077301,
   22806.693281198633,
   -12700.217490752075,
   -45812.45494022374,
   -19647.515229566343,
   -316.9145156267271,
   8188.527926171693,
   -63703.335064103085,
   -2231.70745748824,
   -15108.358470937532,
   -36016.54034867946,
   -38253.520916688736,
   -4355.6324608897185,
   -23746.259479196393,
   -110864.07255813293
  ],
  [
   -5684.166529342549,
   8361.440693268703,
   -20401.709345246854,
   3123.768288035321,
   -19836.87069290539,
   1671.3662950307064,
   -6355.8469689200265,
   -8648.523763320934,
   -38635.582641527595,
   -3511.1801711764965,
   -8468.965788390764,
   4412.3349862809955,
   14691.621374685563,
   -14245.777062666179,
   -15292.014732524352,
   -40770.24446807066
  ],
  [
   6388.3370597936,
   -13918.407168374451,
   -54163.908743159824,
   -37150.64590527603,
   -46329.74712752715,
   -15205.574492018479,
   5644.731959161114,
   -31450.26810193052,
   -15531.199083786012,
   -5272.05724285995,
   3254.2813948939747,
   15795.647410986916,
   -3878.933245382008,
   -66527.63183849408,
   3099.413155931182,
   -17430.42187940926
  ],
  [
   -7202.465883488291,
   -13836.658203169884,
   -60662.16847802828,
   5457.904355160725,
   -6896.520231857664,
   -24703.91307196568,
   -1817.4462011369405,
   2394.909643946146,
   -121397.55618266633,
   -9218.979280414078,
   -5630.934299979097,
   -57863.497917045206,
   -22338.578908198113,
   -8972.119991208885,
   9959.180233968971,
   -124107.6296425308
  ],
  [
   1980.3343218146604,
   -2415.8293609655807,
   -42161.9120365824,
   34882.67049900882,
   -13504.058672700412,
   -2882.0404500239406,
   -5409.75177719391,
   14151.288032875304,
   -38346.018017613016,
   -931.5531754456542,
   -16122.256633316385,
   -39358.856085922256,
   21414.666719849174,
   11488.147827870398,
   -9992.812611953846,
   -32218.173325490407
  ],
  [
   -14474.054238907705,
   -123.24216496562367,
   493.433822556875,
   -1383.8687697633225,
   -21716.5851932551,
   -2072.212563775502,
   -4537.919297096886,
   3411.591010655555,
   -50695.304032786786,
   -7622.326769648023,
   1760.7672878236392,
   -8229.30004444296,
   -27513.111091578558,
   -15598.102917568858,
   6791.6383066575445,
   -50416.963243605314
  ],
  [
   -3171.65669204375,
   -8593.612581501699,
   -45408.22633887412,
   -83063.95460876443,
   -47088.39078023844,
   -54018.46894043658,
   10677.583225717255,
   -41417.10156456735,
   -56958.215334344066,
   -24981.662810752023,
   -6681.976460659937,
   -25017.70375048289,
   -111118.82673170847,
   -37647.20994898121,
   -7161.948247305338,
   -49652.90899755538
  ],
  [
   1804.1811167231517,
   5606.446003895765,
   -56873.38190066419,
   -40817.3076071327,
   -84499.20862578879,
   24053.912757601534,
   -6471.047373161774,
   -6712.889578707665,
   -6331.7377633586375,
   5092.967621671053,
   -8818.934080716326,
   -12002.167051574774,
   -8563.966856956738,
   -16502.194892691914,
   -8531.680050999366,
   28141.935774131427
  ]
 ],