{
 "input_nodes": 12,
 "hidden_nodes": 16,
 "output_nodes": 20,
 "epochs": 1000,
 "lr": 0.30000000000000004,
 "output": 0,
 "epsilon": 0.01,
 "synapse0": [
  [
   19151.543334661328,
   -52498.38798390135,
   8293.755462747307,
   -27192.114735439063,
   -53017.88027293585,
   2883.117262720738,
   -4631.00852693272,
   -14378.10548506921,
   -32975.17765158907,
   33262.68636764855,
   511.8017045505125,
   -4295.1094309472255,
   1509.46956475624,
   -48809.00312292067,
   -27643.73982280119,
   -47077.915045972666
  ],
  [
   -29056.118704787783,
   41462.17156177262,
   -18340.899170768895,
   37252.378793629694,
   14274.483965952928,
   -1934.0644085732154,
   -19121.90235997747,
   2888.545356253821,
   -4112.433797859449,
   -42000.521628104805,
   -26590.944815933293,
   -6410.213642223191,
   -2228.2077759836657,
   10785.797379361793,
   8742.188574511287,
   -12427.675610005937
  ],
  [
   29224.55486310231,
   -97611.05503010548,
   -110514.58900818309,
   24614.54260846793,
   -17632.587522288868,
   -27968.054386183514,
   20030.969266200216,
   12855.664031935597,
   -34519.49481850694,
   55563.23285702183,
   63150.281204003535,
   5905.667598535162,
   22122.77734379672,
   58492.90952263623,
   12041.940227391142,
   8358.883484498583
  ],
  [
   -8152.300115518027,
   -13687.305723146119,
   119434.89940672844,
   -132629.61030140682,
   -84026.96171498302,
   43432.05721807673,
   -3489.569979322414,
   5229.262069983914,
   -82561.25787233816,
   7037.8111285125215,
   -15279.836545734892,
   -24833.756958865724,
   -68752.29017670629,
   -49813.32997302882,
   -8801.823172286817,
   -64627.380548311216
  ],
  [
   -10025.435555059037,
   -10990.466747419166,
   33226.59734643138,
   -11534.332710501014,
   -53681.14284002891,
   -24139.399183275054,
   278.662802622679,
   7229.446592051683,
   -74884.71705388608,
   779.7168237809232,
   -17051.6906882277,
   -45354.18726959496,
   -34273.252010668475,
   -706.8715931950856,
   -27106.230826446976,
   -136805.10239373514
  ],
  [
   -7212.283804690579,
   11343.33135588853,
   -14034.911782362842,
   15481.541679795593,
   -28011.54109930918,
   -803.1363021938415,
   -12559.526717396862,
   -12781.705143535728,
   -42159.29050663364,
   -2192.0389771216123,
   -8676.191495086272,
   20177.855865755948,
   18669.89235774697,
   -14467.887356835923,
   -15880.842511302502,
   -45783.19871877756
  ],
  [
   8054.3136190437235,
   -16381.709179406249,
   -70732.60582939601,
   -54898.39571948074,
   -50250.89887388233,
   -37858.705400008555,
   8659.52648375558,
   -32068.6633435662,
   -10078.414753927349,
   -8721.751271760035,
   2819.5318306714003,
   21141.792680134517,
   7903.904907096235,
   -68806.95543699358,
   2808.227925026437,
   -6131.607976897678
  ],
  [
   -9124.377938112539,
   -14997.86443491149,
   -70722.34843627192,
   19763.619394868634,
   -8464.489763233125,
   -43535.11565642424,
   -4432.74921588648,
   -3347.0783053326722,
   -134797.42197454566,
   -9779.52417222605,
   -12930.459947386602,
   -53639.782058525554,
   -23198.965928466318,
   -11626.624126076124,
   6500.165727626844,
   -132148.26464569624
  ],
  [
   1936.3144269841478,
   -4738.051725139256,
   -53337.31186680225,
   52083.298876521585,
   -15194.059660819597,
   -23514.974633441827,
   -6079.791565145637,
   6031.842567048149,
   -49729.40167838982,
   -488.5313696264368,
   -19484.560784813573,
   -42937.70869318915,
   29882.841954960848,
   19157.19583999941,
   -15853.772845044237,
   -35301.73425326789
  ],
  [
   -9586.90414140135,
   -5072.9527661519,
   27209.387107475784,
   -35699.41441900071,
   -31642.499829140354,
   -10430.922356218989,
   -3973.7814755011505,
   259.3163096939009,
   -69399.716300787,
   -9397.36836307808,
   3427.65671639215,
   5627.496312988855,
   -57968.992108598315,
   -27945.293553141073,
   4545.941107592129,
   -56462.01245139603
  ],
  [
   -10379.870264784393,
   -9837.360294246486,
   -54651.71809686954,
   -127448.43575775503,
   -61942.92789823019,
   -85181.25176052893,
   18864.95504791608,
   -48799.650677456826,
   -69365.54319182601,
   -34038.28563408191,
   -14803.114062029368,
   -33899.42419742834,
   -129911.90023653046,
   -28194.398972093477,
   -14064.07718114084,
   -51127.97716402282
  ],
  [
   8125.371508568848,
   4059.05290108948,
   -80747.87121176424,
   -73140.03463315766,
   -113220.79562968643,
   13241.23789215623,
   -8006.404937107906,
   -7436.980174834732,
   -350.75642577181975,
   14047.50551983109,
   -14325.012497395915,
   7295.206230485582,
   21788.480473171465,
   -16875.64680951039,
   -15234.115114340158,
   48978.08557217938
  ]
 ],