{
 "input_nodes": 12,
 "hidden_nodes": 16,
 "output_nodes": 20,
 "epochs": 1000,
 "lr": 0.5,
 "output": 0,
 "epsilon": 0.01,
 "synapse0": [
  [
   4810.925433525893,
   -12205.169899974135,
   -3812.5650869748715,
   -17577.4775628637,
   -25533.354321792754,
   13239.78225139185,
   266.41957052171597,
   -9238.742537535083,
   -25538.146609775726,
   12348.84675630428,
   776.0355286540312,
   -10744.765775164886,
   -6270.175980576337,
   -20120.5938226591,
   -11227.77631183371,
   -39438.969636920876
  ],
  [
   -10760.777047525866,
   9736.516273240131,
   -6981.011915257229,
   13052.37341395676,
   11592.599129837581,
   -11955.599688675358,
   -9009.919406457053,
   -3763.757480855375,
   -8491.979779328392,
   -20256.286795818956,
   -10856.688187848897,
   -5403.468437984231,
   -4599.857995444076,
   -1974.1483126695664,
   -7.457616462292063,
   -15637.372470430722
  ],
  [
   17029.80757826217,
   -17392.593619438616,
   -27263.116612315913,
   -2979.6235096129913,
   -2703.773882279782,
   -6850.96455016978,
   7498.588256622119,
   14758.094421877693,
   -12518.887359146149,
   21622.370614904736,
   15816.35653804231,
   2296.4025442648044,
   1149.5606339811393,
   13371.761100806249,
   6353.323768076712,
   3727.039361177099
  ],
  [
   -12361.01354724599,
   -4240.327126060982,
   21279.39085515604,
   -45279.2624981922,
   -40794.13760597374,
   7482.878027576187,
   -1183.650374030877,
   -2319.097789139019,
   -47364.813931214216,
   6820.184154290087,
   3156.346738672592,
   -14112.628647539002,
   -27937.559335947717,
   -16406.112999736102,
   -2469.9714785069928,
   -49037.183930578496
  ],
  [
   -2881.4246436161143,
   -3498.051848223438,
   6470.530472837347,
   -12034.359402537226,
   -30404.27688092386,
   -3346.3728195340273,
   -851.9731511302336,
   9162.91333983304,
   -45803.74797162064,
   2011.744075163722,
   -9412.388702098406,
   -22139.99038897878,
   -40037.92024535034,
   -9301.394661370929,
   -14689.8096618444,
   -75583.36259798378
  ],
  [
   -3834.1013499334613,
   992.1519874870929,
   -7325.946097346586,
   15970.855573132507,
   -8214.742212913505,
   3612.916625068073,
   -2364.1213497468675,
   -10908.098647087081,
   -23207.724606993692,
   -1941.778688055559,
   -3555.981065938019,
   3276.8226310573727,
   11917.600857718076,
   -7364.818801755487,
   -9176.087869754609,
   -33810.59135832082
  ],
  [
   4222.33686523223,
   -5805.4468291989415,
   -16857.163590562395,
   -62375.56739089329,
   -28137.186886765685,
   -4068.101752403973,
   3707.5516407344426,
   -25690.249653138835,
   -22667.096021224832,
   -4619.420078424517,
   2798.116500681506,
   1628.2524205615682,
   5812.999202865537,
   -50830.55419891026,
   3062.6797453130775,
   -24882.549101540197
  ],
  [
   -5079.979900148826,
   -5566.713177740109,
   -27975.48101500622,
   4869.221648224945,
   4460.122787222924,
   -6549.979178009178,
   -4622.045268442983,
   23.411254509789572,
   -84979.18979257795,
   -7145.255289658211,
   -2609.601424882635,
   -38791.96368095867,
   -30235.827364137902,
   -12394.599934998942,
   3210.025661717906,
   -93894.17671950029
  ],
  [
   2100.310508656288,
   2507.5905893547283,
   -20725.940356140953,
   22729.25672503796,
   -4344.1765241256835,
   6327.830064915682,
   -1010.9107589240681,
   16240.597288391087,
   -24088.048224141658,
   -2740.263486552409,
   -10912.551615568766,
   -26336.498236119067,
   -2329.3149872441527,
   3625.0940142225936,
   -9820.685432739067,
   -22167.97952184349
  ],
  [
   -6786.503811047456,
   -1430.5308041475053,
   849.2509139513055,
   -3647.4791176556027,
   -7807.88312493352,
   -5724.43323065312,
   -3207.3639175550347,
   1179.0010054337956,
   -35612.80445838561,
   -2596.6183508112463,
   912.504052711412,
   -11746.690648563675,
   -8911.825942732234,
   -11522.501306429453,
   5463.275290036956,
   -41428.83900874534
  ],
  [
   -1337.442745503693,
   -434.2642321533622,
   -23669.81965130286,
   -56633.29959093604,
   -31191.458800848126,
   -28119.42298091937,
   6152.904422530778,
   -37593.880742648194,
   -36912.32806514855,
   -21080.534406048388,
   -5023.341123508272,
   -16642.420041753296,
   -73782.3568717599,
   -32614.35820604237,
   -5579.301253411539,
   -39950.3647136565
  ],
  [
   2652.5357560839466,
   2494.3185144351055,
   -18700.604665950457,
   -42527.48429300326,
   -55739.796361072455,
   13579.349214554426,
   -3370.5894361290625,
   -11912.055362526713,
   -16092.022305885188,
   6776.307099350239,
   -989.5168736349685,
   -9513.203266708744,
   -10215.734602839764,
   -22155.267575337442,
   -520.2787789895924,
   2372.4707787215293
  ]
 ],