{
 "input_nodes": 12,
 "hidden_nodes": 16,
 "output_nodes": 20,
 "epochs": 1000,
 "lr": 0.4,
 "output": 0,
 "epsilon": 0.01,
 "synapse0": [
  [
   6809.284490123915,
   -17190.770894092042,
   -6678.5661668326065,
   -18934.435863373747,
   -27385.661894701283,
   12961.345751015242,
   646.1348662467736,
   -9234.327818527212,
   -26803.19808332517,
   15357.466229656402,
   2704.743141342597,
   -10558.89173427718,
   -4707.301385663496,
   -21174.002388843324,
   -12305.184393836555,
   -41303.78590924865
  ],
  [
   -12185.85942204186,
   12620.119431752779,
   -6706.9877647953845,
   12200.182929677076,
   11166.01373363274,
   -11387.499121323046,
   -9608.593439616045,
   -3435.671328152087,
   -10455.06445316047,
   -22356.042015638577,
   -12264.68151820731,
   -6294.899911576197,
   -7002.861811729218,
   -2690.222951939201,
   594.7770290406586,
   -17746.408179128284
  ],
  [
   18106.872231852383,
   -20510.38914564951,
   -29316.028032235186,
   -3062.5293010155347,
   -3820.5199796098095,
   -7771.058329532415,
   8089.498471505826,
   14326.85201478605,
   -13065.320255904568,
   23196.728746381486,
   17537.238814626857,
   2805.0087508055603,
   719.9378119717683,
   13480.712154027018,
   5856.166722915233,
   3889.478926996606
  ],
  [
   -11393.191301315723,
   -8303.900774503063,
   23939.139122910605,
   -50537.30774852369,
   -43781.722418068886,
   8111.47627860873,
   -961.1334453067997,
   -819.1416400574311,
   -50699.239557738896,
   9503.718523460855,
   4983.0184085770825,
   -14848.775628988198,
   -28201.233064322554,
   -17774.712169287177,
   -3438.4090225140094,
   -52750.76529904367
  ],
  [
   -2819.9249295365007,
   -3644.493316005153,
   7917.796816964894,
   -13452.18832146193,
   -32073.4533339394,
   -4275.020342280297,
   -1105.5973794511856,
   9346.62115356433,
   -48419.72268175418,
   2116.650023536626,
   -10174.21203751665,
   -23798.3701107517,
   -41346.347796583905,
   -10287.162819453562,
   -14931.591681223337,
   -80109.7220485857
  ],
  [
   -4581.387600093717,
   3284.0658745194096,
   -8311.856973174215,
   16164.588333757803,
   -8913.239080548377,
   4178.326138865954,
   -3322.559535522228,
   -10621.755891474562,
   -25057.687249209,
   -3209.926451009575,
   -4684.832807201392,
   2667.6007304087548,
   12099.235641782856,
   -7398.760245219356,
   -8974.569619875889,
   -35996.32535443627
  ],
  [
   4450.420731545634,
   -6272.572022369409,
   -19063.51980724224,
   -64710.18438912264,
   -30073.222939040334,
   -4578.855619507525,
   3991.1824846352547,
   -26640.375248953336,
   -23798.078152729715,
   -4802.380449445939,
   2752.676628196877,
   2235.1653870901237,
   3266.4934798586805,
   -53348.06958027753,
   3095.277422674984,
   -26311.384756553078
  ],
  [
   -4532.508959957223,
   -7843.690708378392,
   -32401.360252836646,
   2813.8425372021134,
   3260.7451917191042,
   -7681.24635350302,
   -3925.2924862269415,
   483.12382923018185,
   -90713.78859993807,
   -6578.895673187119,
   -1446.2706433944668,
   -40493.96492549533,
   -30750.68057943882,
   -13253.924266465221,
   2809.1752851204856,
   -99440.80339740134
  ],
  [
   2666.056299969117,
   1573.936522309425,
   -23406.388619779427,
   23894.209267434377,
   -5010.15358544274,
   6727.800383757781,
   -1510.3805254193992,
   16045.959399716825,
   -25209.807726657556,
   -2159.4820323169793,
   -10984.653220432414,
   -27112.64344767895,
   -69.57600879945622,
   3419.796473816724,
   -10100.562599056599,
   -23835.394055194163
  ],
  [
   -6924.93359393163,
   -1332.02461336725,
   414.4047537029387,
   -3498.778204927007,
   -8927.513135999452,
   -5384.6584227566,
   -3582.839014848874,
   1070.5666902803284,
   -37487.64988867501,
   -2915.245703793002,
   986.8828137485829,
   -11823.849573480571,
   -10590.508447771303,
   -12658.083439227703,
   5462.893667111734,
   -44529.48732704619
  ],
  [
   -950.3946629389582,
   -2031.3736807023647,
   -25832.709615724092,
   -59821.76924186641,
   -32750.25124793394,
   -29187.665953233474,
   6721.172810110118,
   -37788.9498834861,
   -39019.607276101146,
   -20827.357907347923,
   -4735.8460024885935,
   -17132.500247352255,
   -77563.13449856185,
   -33869.22275485324,
   -5943.865036003439,
   -41589.36869649681
  ],
  [
   3474.6434280097246,
   1278.2160496501897,
   -22363.17481346413,
   -42589.56925362219,
   -58660.88492578802,
   13883.582317317405,
   -3492.2327307792066,
   -11196.761194045079,
   -17579.258109875544,
   7618.670513814221,
   -328.7658355179905,
   -9899.84665450579,
   -11514.923372091347,
   -22506.71459437731,
   -596.9448648917972,
   1858.6529644382374
  ]
 ],