{
 "input_nodes": 12,
 "hidden_nodes": 16,
 "output_nodes": 20,
 "epochs": 1000,
 "lr": 0.5,
 "output": 0,
 "epsilon": 0.01,
 "synapse0": [
  [
   8682.888197052804,
   -26950.699706718122,
   -11797.386316194536,
   -24354.470790296156,
   -34427.13751152828,
   15947.344091223073,
   115.74214164640676,
   -10532.448247762533,
   -25953.540142384616,
   21651.786261881614,
   2033.6254732427399,
   -11040.402012300845,
   -5691.420802335804,
   -25816.213260626206,
   -15589.067813064932,
   -40909.99501552865
  ],
  [
   -15902.549680533704,
   21040.944326680084,
   -12615.858876359953,
   29110.07269571064,
   8855.98996284814,
   -11956.716889320296,
   -13466.539593030822,
   -385.5878643157656,
   -11419.091512255185,
   -28191.932030790165,
   -17591.292584751754,
   -8695.953816455918,
   -704.7675212572941,
   593.3713007670997,
   1396.8470442359467,
   -18969.291880214245
  ],
  [
   25789.33264105345,
   -39697.46255892318,
   -42910.31219455303,
   3781.224091791715,
   -9223.251622499582,
   -25103.378891377644,
   11374.579099309047,
   14990.902500858345,
   -17094.64236648682,
   32081.07244035564,
   29118.83552974716,
   5530.148091185688,
   6807.105097383042,
   18893.126509844817,
   7927.944895695841,
   6986.018636315711
  ],
  [
   -16052.671576831399,
   -9472.385880189544,
   43796.34180458914,
   -67277.5391387139,
   -53580.462552601406,
   12082.99958247034,
   373.5210443557335,
   3783.6212132833703,
   -63081.657854206955,
   8074.198668890748,
   1526.3215636607806,
   -27818.007660375566,
   -27004.474483932805,
   -17926.364147139768,
   -4164.590416083168,
   -61942.33010693728
  ],
  [
   -3356.9660206125377,
   -4314.525759130043,
   19385.85454430524,
   -14378.400849911368,
   -41740.3220610474,
   -15863.114684933567,
   -404.90656286968147,
   8279.515145862624,
   -56867.923856446825,
   67.3941156993426,
   -15057.401974659568,
   -30569.86264256797,
   -41997.92666831198,
   -9394.895132212565,
   -19933.21255594785,
   -99136.15934298314
  ],
  [
   -3840.229082098931,
   2128.974774557785,
   -15147.27274055544,
   8112.048557150278,
   -16558.79247878107,
   5053.404677480432,
   -4357.89612429869,
   -8276.544321624779,
   -34898.199681561855,
   -212.65895435728967,
   -3899.4600134518155,
   4520.913429962424,
   17626.93233018689,
   -11047.8062372701,
   -14891.02817122491,
   -40544.225101363845
  ],
  [
   6771.370713746468,
   -7358.953426822163,
   -43103.519231703605,
   -54203.964397648335,
   -41433.02296359726,
   -11799.101741469272,
   5191.59025836072,
   -31032.061474954175,
   -20785.593966749977,
   -6730.477432811415,
   1950.7150878365514,
   8933.170669599545,
   -4457.675657946514,
   -63370.65675916216,
   2919.230510213148,
   -22089.028602719303
  ],
  [
   -6273.171742416435,
   -8358.889102055467,
   -51642.84399845573,
   5343.402588563123,
   -2329.611229669513,
   -19382.434325861675,
   -3338.720472578869,
   2557.654633655236,
   -113546.9958159581,
   -8369.135446417964,
   -4967.387599435479,
   -52681.78694235028,
   -23533.929700802888,
   -11899.795581139919,
   6806.70269647417,
   -118567.88444690379
  ],
  [
   3696.5471290117443,
   -2078.5021840772342,
   -35449.61030191687,
   31251.19185302254,
   -10778.991253527027,
   819.9030266370115,
   -3436.9665708643347,
   14352.13458696006,
   -31893.354692604753,
   418.913194022071,
   -14529.714818454462,
   -33935.006784170604,
   14085.83583369408,
   6983.38996726173,
   -11117.380297138676,
   -27897.36950477485
  ],
  [
   -9362.823815613718,
   -949.22266598855,
   -2366.167171874638,
   -1123.8236546634607,
   -17155.997662870894,
   -4153.26579716489,
   -4922.813044749137,
   2206.800474501129,
   -45898.559997603836,
   -4548.010462904288,
   1121.788092426582,
   -11562.691417405878,
   -20065.176548148196,
   -15697.669196428227,
   5814.269393385769,
   -48867.720761375196
  ],
  [
   -1738.893801932869,
   -4420.582108197089,
   -36471.54085514305,
   -73815.69203618751,
   -42317.07424502037,
   -42524.93009716234,
   8399.15552677186,
   -39468.23823331229,
   -47104.029097280305,
   -22521.78562205295,
   -6211.819056661166,
   -20767.887455768527,
   -100371.10756614349,
   -37590.12614760891,
   -7275.1104894651335,
   -43720.44021424039
  ],
  [
   2830.726220695139,
   4138.337392419688,
   -46539.8040431686,
   -38870.423563713164,
   -74905.48706516746,
   23252.96244483284,
   -5101.05964240555,
   -6946.738572712829,
   -11292.900131349856,
   5291.049798330979,
   -5717.689929799002,
   -11560.826817158439,
   -13218.915879186796,
   -18747.018310085856,
   -6942.130284977949,
   18442.991723488223
  ]
 ],