{
 "input_nodes": 12,
 "hidden_nodes": 16,
 "output_nodes": 20,
 "epochs": 1000,
 "lr": 0.4,
 "output": 0,
 "epsilon": 0.01,
 "synapse0": [
  [
   -4802.1784142983315,
   -1857.0579362994526,
   -525.3212560853647,
   -432.1374983740463,
   3211.902075560475,
   2224.0851652438655,
   -7201.597402056388,
   4859.111083275134,
   -3377.4796579955246,
   -7738.291705563106,
   990.6152182165798,
   -1175.4626720915926,
   820.2581954809799,
   -7342.499891275073,
   4905.519623942742,
   -2802.5450336350505
  ],
  [
   2385.864843388062,
   -1072.4652150203356,
   -759.5682752227501,
   -3840.503746948608,
   -3388.924217155839,
   -2482.8290642220045,
   1324.4522263716935,
   -8746.659620916835,
   -1670.883185973837,
   4896.882294375227,
   441.16731343435373,
   2532.239013388684,
   -7612.9168315467405,
   6694.086589370151,
   -3988.87024366353,
   1202.5216869606577
  ],
  [
   -10656.263329485959,
   -710.7564399591647,
   3004.744484209251,
   -27972.85907436755,
   3550.2432002037713,
   -20312.692744137516,
   -14563.151399935743,
   -2575.389027394355,
   -6161.338672381238,
   -7664.646133208991,
   -29513.847285119413,
   5882.9294680738285,
   -9105.485551590247,
   -754.4073194755567,
   -19990.97052486595,
   -6500.832011748093
  ],
  [
   -1362.6047085450477,
   -32.2956689602695,
   3646.8324074228335,
   -2999.3693459695905,
   962.0982246162218,
   -8139.462413305865,
   -657.0394362560702,
   318.52001988737106,
   -867.3178007534441,
   -4626.405973978053,
   314.7332787814812,
   -5307.649534662105,
   716.4868323301328,
   132.55075061693407,
   425.87824243694274,
   -207.4355798384088
  ],
  [
   7604.5222988682735,
   1965.969470539593,
   1233.769872594792,
   -236.36696234535685,
   -1639.2950504482244,
   -1370.8954948187688,
   363.1458989234145,
   2618.4838246286986,
   -2734.7347440097124,
   -2760.355441210411,
   -10114.357842056774,
   -3781.563836871587,
   5384.7376143560095,
   -1396.0062021740168,
   -6111.559291099337,
   -3145.404809453738
  ],
  [
   -5906.627721661163,
   360.4099701505029,
   -2242.8806656096035,
   -6031.004519685074,
   4.039647142813557,
   2463.167748072706,
   -2800.3628963533856,
   2042.4012271803956,
   61.65796824434495,
   -894.5074103226433,
   -9318.011943614201,
   1672.4143837948727,
   -1402.5535458757943,
   649.5101003301504,
   4290.671917366618,
   5192.061907130736
  ],
  [
   -1542.3015781810036,
   -562.7037690554571,
   517.693436667331,
   2810.209961138823,
   -2580.42884220305,
   -8433.99571067955,
   -626.7790143259647,
   -2122.785222221247,
   3618.3703373941185,
   -1761.8333032743956,
   -3199.5008620164394,
   -1302.618535974419,
   -1357.5212179681669,
   890.2500633344254,
   5082.559359661396,
   4085.120855177688
  ],
  [
   -4083.844882490757,
   -1713.1912429688134,
   3770.3886614657536,
   -1696.9322361407587,
   -2065.4266060479795,
   -3631.7102265949693,
   -2798.3420889203758,
   -1451.7638836537362,
   2365.3075605587146,
   -7035.225381516862,
   -7854.465497047731,
   -5066.649480807926,
   -3112.4969704803225,
   1951.1989558512912,
   2258.3380963141635,
   1081.63072284568
  ],
  [
   1029.7558568396416,
   6252.726888666066,
   -3046.505044890913,
   -650.4087266260115,
   -1765.1215885836714,
   1305.5611480540204,
   -5300.381976950551,
   1830.6447960063401,
   -2369.115646423908,
   -124.42451352434392,
   -28239.39380661348,
   -390.12651011439493,
   439.53930606876116,
   -3597.149723928644,
   -2477.5240222055772,
   -2280.3169673305165
  ],
  [
   86.81797288620656,
   -3908.593399753908,
   -1848.0237069879686,
   2023.219691738554,
   -991.1045009006,
   2725.907050503007,
   2975.6688614357977,
   -3457.163654078584,
   1310.3164464955419,
   618.3768731643788,
   3879.9750588785737,
   1730.8999373549777,
   -7589.275169068084,
   1195.1817975697147,
   611.7160885146853,
   -2688.809112474195
  ],
  [
   -8114.796566084517,
   742.228429381673,
   -2855.5494185220628,
   -3953.2869207254785,
   -340.90700638936346,
   -921.4036577584777,
   -5831.997541733954,
   4514.242432512654,
   -968.1877914307959,
   497.28891248976413,
   -13908.916707284106,
   3546.398476441626,
   12350.874635515544,
   -2486.5552029159066,
   5918.01048733558,
   3862.824303271678
  ],
  [
   3488.103327249048,
   1038.647526196127,
   -270.08138111846154,
   -997.3592344340096,
   54.19279779162115,
   -1489.8220855723525,
   -3089.6937782887135,
   -6213.815355647568,
   -1966.0657419343866,
   2560.797362291171,
   -6847.0194490769845,
   2926.0813624566053,
   -5054.100749238197,
   -2054.2442649789105,
   -4471.959191045823,
   -2603.2375848435718
  ]
 ],