{
 "input_nodes": 12,
 "hidden_nodes": 16,
 "output_nodes": 20,
 "epochs": 20000,
 "lr": 0.5,
 "output": 0,
 "epsilon": 0.01,
 "synapse0": [
  [
   -3977.9278030779064,
   -1639.1501105555576,
   -981.5303802449706,
   1232.0781222340045,
   1528.7241038937987,
   -837.4888144745406,
   -2395.1105860732323,
   4767.060032174965,
   -1278.423410880134,
   -6975.917086481148,
   -6066.199974783145,
   -546.1422094328311,
   -1963.0612198162391,
   -4005.1791786228523,
   674.2615458369946,
   -21.362117678553933
  ],
  [
   1905.0323497223308,
   -1020.7857058890369,
   20.903820498188864,
   -3643.4337586840816,
   -819.5602595257143,
   -2114.187433085463,
   542.7208511387861,
   -7882.994591328596,
   -1339.530499411886,
   4917.608576161179,
   6692.249210851887,
   2292.3434769665364,
   -5195.169103090133,
   4625.792548348719,
   -450.7464572141412,
   -1053.9612294962828
  ],
  [
   -4632.402548415618,
   -1023.897409689007,
   1878.2799648528685,
   -22341.301121953653,
   3773.844617597394,
   -11651.585750980452,
   -9786.714212637416,
   -3380.296877372977,
   -4700.152347219992,
   -2986.6711483103677,
   -12000.764768289857,
   3412.3303217536195,
   -5125.166068582723,
   -95.208009353917,
   -10632.964622038036,
   -9124.11279655222
  ],
  [
   -1606.8685186545613,
   362.0816034949105,
   3269.2947577095333,
   -3686.639462543611,
   1209.3973333975798,
   -2622.5093717759614,
   -2496.896769295953,
   795.6052976617668,
   -464.59822704343725,
   -4239.353254010768,
   3566.61588844566,
   -4354.237363471377,
   483.90477346720354,
   925.3200991140357,
   807.7851497845581,
   -349.24349678059264
  ],
  [
   4220.082405864258,
   1594.1109402918585,
   778.2974357940042,
   620.5357533778858,
   -893.6118590170327,
   -699.4639749687692,
   -1017.6661400747631,
   1984.4537215497862,
   -448.6654191808182,
   -3207.9814727007933,
   -6370.768198698674,
   -3428.001046444072,
   2897.4228282137537,
   1344.945932869293,
   -4482.815783159058,
   -3061.598562136193
  ],
  [
   -3999.128951192993,
   386.8449585322807,
   -2236.3275722024096,
   -3891.016624761058,
   811.6694581851655,
   -321.8260408136656,
   -1107.137730399224,
   2769.4165298924286,
   635.231263997502,
   -360.13494163511865,
   -12115.509865940672,
   1489.197700808665,
   222.4366684880625,
   1534.9836236037977,
   3922.318245402141,
   3744.811172626758
  ],
  [
   -300.2627428294636,
   -809.0448616023506,
   -192.61914633430257,
   952.8427335577992,
   -1242.0824009897906,
   -3332.9367351143874,
   -1587.1267831097302,
   -1657.6436061484894,
   1268.6766890787706,
   301.7239767748277,
   2014.7122531751154,
   -170.45588618521205,
   -3961.5436731829473,
   783.5550180381069,
   3676.968632840973,
   1159.607252864458
  ],
  [
   -4638.02859100501,
   -722.2049946588289,
   1438.098074070679,
   -7587.994405112659,
   -592.297127329705,
   -2041.6962446871823,
   -3473.836071295969,
   -1583.620376852517,
   448.6613057340307,
   -2756.515172686197,
   -1476.8078517744339,
   -2487.919808842803,
   -4430.753321208722,
   2020.4205536009715,
   1202.6600664154057,
   -3133.6474809278
  ],
  [
   2315.9265804064617,
   4039.995745880669,
   -1328.1102717404103,
   2891.4260130087637,
   -1160.3316179508913,
   754.0788245605378,
   -2872.390845662246,
   1073.9718190279723,
   310.0445881144381,
   -137.5262817112592,
   -31147.38119758825,
   -768.372835284734,
   -3064.993052701549,
   -2219.467041298053,
   -1896.1536607736446,
   -1586.858477216777
  ],
  [
   -1254.6351386493789,
   -2520.045815314949,
   -1189.7065336486803,
   -3245.3094772330523,
   943.3718874877713,
   1529.8307093480764,
   -1441.5038009652517,
   -3326.4130425829794,
   -906.6812054099995,
   -224.3489889409179,
   6537.054210998585,
   1758.656568216625,
   -7815.427075606026,
   711.7012629706444,
   21.031512986729716,
   -1992.716787401711
  ],
  [
   -3951.89831251879,
   -223.59684252639335,
   -1372.0710944613688,
   2663.571997936989,
   -843.7014600660281,
   -4004.893632808984,
   2645.5596426532647,
   4641.006882186883,
   1886.227873030295,
   1858.9319924408774,
   -18843.515679075223,
   3200.552358002126,
   9779.675391167746,
   -3138.058871010852,
   3783.4678626396594,
   2879.5441139967056
  ],
  [
   1665.5037830797587,
   686.2574925824875,
   -1275.05937654335,
   137.56094479412252,
   41.25705937259395,
   -1057.1026729688865,
   532.88837524777,
   -4304.749955314051,
   267.3672632356263,
   1682.7784295214815,
   -8317.424436700523,
   2923.406319754549,
   -5174.375183155491,
   -804.6365066589613,
   -4310.613085238969,
   -1714.7675503900132
  ]
 ],