{
 "input_nodes": 12,
 "hidden_nodes": 16,
 "output_nodes": 20,
 "epochs": 1000,
 "lr": 0.7000000000000002,
 "output": 0,
 "epsilon": 0.01,
 "synapse0": [
  [
   -4195.549316690303,
   -1488.6536635835816,
   -445.16799020891796,
   7465.035141491016,
   4042.7423329559056,
   4430.069740913706,
   -17955.747401142256,
   5967.688740837785,
   -3392.863075061776,
   -8057.055731775123,
   20891.81790318807,
   -2143.417089310312,
   288.52895899099525,
   -13063.792749965864,
   -3017.9050039207527,
   -2953.6639163561676
  ],
  [
   1054.1837646459676,
   -1702.3125851376612,
   -1564.3016129216217,
   -11853.8299582452,
   -5286.00609242301,
   -4480.967913444678,
   10022.100452213543,
   -10308.301071344793,
   -2227.7583816887422,
   2877.635326433887,
   -21807.212975751005,
   3095.99573988574,
   -7097.838203545842,
   12561.463405404005,
   5553.964914295003,
   -721.71219310498
  ],
  [
   -13054.48904434641,
   -301.25640437133706,
   1653.8151264130538,
   -31216.890513896647,
   535.5758848555594,
   -27234.826340070296,
   -10666.817221389047,
   1397.3201480982787,
   -8890.684453814009,
   -18000.513989750754,
   -47144.60539546898,
   7399.464824196262,
   -11469.69146209221,
   433.8505733268582,
   -24320.658952882026,
   -8520.988139963596
  ],
  [
   1754.2728991737877,
   -2281.825258775573,
   6438.933020511802,
   190.63570674386196,
   -1602.5180584743036,
   -4641.2514721260795,
   -1658.4804178831162,
   1192.592038095731,
   303.1333630840579,
   -7575.291357300631,
   -5588.877248541565,
   -8285.711552910914,
   -191.21995062626638,
   -1183.8473825900269,
   3853.0360371243846,
   2617.5182188394283
  ],
  [
   9125.085115360009,
   2252.4024622952443,
   2795.3389103368795,
   1801.5387585347669,
   -4512.732374431291,
   1511.8873458244434,
   -923.9551410420739,
   2923.0840911632413,
   -676.1268969479587,
   4631.406870441738,
   -16392.40501274996,
   -6387.583975744614,
   4841.702730977514,
   -5329.468006162657,
   -6452.048447515177,
   -2598.244656336419
  ],
  [
   -9152.299615842792,
   1091.7429077063134,
   -2990.1404293982805,
   -5569.162512376405,
   -331.19162220432514,
   1807.3716481965898,
   -4854.63801748017,
   2893.3116353343507,
   -129.05422867541907,
   -9577.93294997957,
   -4233.912340819491,
   2407.776610159206,
   -107.0550192216494,
   -1513.5425120568414,
   5884.36066304658,
   4288.5473374925805
  ],
  [
   14.487086840429992,
   -1724.192060764283,
   -925.0465882833919,
   -5098.198478771988,
   -392.23601158606704,
   -8910.38534600003,
   3807.1366942439604,
   -3768.4502127048436,
   4127.842861748672,
   -709.3081879309724,
   -14379.396814338616,
   -48.21768731889228,
   -2638.9866675542735,
   -408.0505317227067,
   4923.384715355478,
   -500.87707582697254
  ],
  [
   -3193.3629967573634,
   -2601.962119536736,
   3553.5125958284084,
   -3361.269493107301,
   -85.01413939877862,
   -3690.0592577203515,
   -8608.381662534177,
   -2760.868575541159,
   1684.6130660444057,
   -10808.015480435433,
   -500.7743316255568,
   -5871.343753624133,
   -81.3046470338489,
   1600.6203539515927,
   2364.145785559353,
   1093.7451977959693
  ],
  [
   -743.0580958119336,
   7384.184408537238,
   -2697.335235049571,
   5912.17678077837,
   -2472.9603178167754,
   4052.4373177690513,
   -8301.923256472079,
   267.2613338601341,
   -995.7184120978989,
   594.395255614372,
   -17082.506272268853,
   -1480.2266195748086,
   2631.587416320123,
   -6185.9856280344475,
   -2567.305206425208,
   -594.3112121579484
  ],
  [
   -701.8979489138616,
   -3319.8053767393208,
   -3679.745199068158,
   -740.96182482796,
   1791.3641009655216,
   1306.1048467426203,
   -1310.4461347443812,
   -4798.987285935917,
   786.8679967724531,
   -1890.490699654944,
   7539.059655564718,
   3497.084190470446,
   -7491.844189059281,
   1579.1185985812008,
   -2759.1616597619163,
   -1735.7324124252564
  ],
  [
   -12053.354221345995,
   -30.48594532484895,
   -3942.0988883799682,
   -5300.772867745291,
   -3151.2359180994927,
   -3500.0273827008236,
   -5344.445867125164,
   6570.851892857405,
   -2538.2237329607915,
   -2731.1017196807647,
   -22405.695832165122,
   4288.20766463932,
   11635.97838701974,
   1268.033198160973,
   7643.392167798308,
   3625.6496951913796
  ],
  [
   3708.717888969017,
   1692.839944512309,
   -12.65166605258688,
   997.2350980948,
   -934.319812465464,
   -3533.161820283907,
   -15377.61767465796,
   -3918.5756863847564,
   -2171.3496366451195,
   6017.932331180731,
   -3069.360703163091,
   3954.561134482563,
   -4426.880220776664,
   -7154.627348299522,
   -11719.51393453937,
   -3219.51621173631
  ]
 ],