{
 "input_nodes": 12,
 "hidden_nodes": 16,
 "output_nodes": 20,
 "epochs": 1000,
 "lr": 0.4,
 "output": 0,
 "epsilon": 0.01,
 "synapse0": [
  [
   -16270.888139459723,
   -24253.155652594825,
   -20393.034274466514,
   4437.599156119195,
   -16198.021138027427,
   -22020.837710547326,
   -8366.884168914252,
   -2310.4017452196294,
   -9561.53967880545,
   -29910.56138160416,
   10898.19447515559,
   7173.238534270695,
   -37356.45538431952,
   -11033.182745750644,
   -37216.41988135479,
   6024.554239750104
  ],
  [
   -1024.9688418981302,
   23306.04655102181,
   2201.4071668765087,
   -6346.301667439709,
   -2234.352216130435,
   9500.682674394677,
   20701.47333644688,
   -2665.045689583481,
   1947.6501289450246,
   15893.394082784689,
   -14821.510819595624,
   -12854.862004268278,
   16901.05931970605,
   2875.8640771473774,
   15295.891643932666,
   4053.2038647083396
  ],
  [
   7975.35094964713,
   -36188.41689527187,
   -46089.45590580392,
   -4183.4717402061315,
   -24982.633226600385,
   7366.2702869327995,
   -85181.50671104896,
   3505.4877439061306,
   -2951.4676282315254,
   4539.320198340499,
   1009.6782881053515,
   -2825.6260093300484,
   -34196.427357079665,
   -83795.46733975795,
   -6061.296698384685,
   -9010.422924740868
  ],
  [
   -53532.341154085676,
   -54400.29585867125,
   -37430.03170925944,
   -11240.415445039016,
   -18136.74290599226,
   -1386.1147794242802,
   -14404.2721776566,
   -7271.718800982705,
   -8925.402233893526,
   -8009.370884595856,
   11403.567550037484,
   3898.115928357283,
   -8805.633048307305,
   -25534.399031117493,
   -12033.840251352396,
   -936.2485334608962
  ],
  [
   60724.73036249054,
   6769.840800517563,
   -110958.34906836641,
   -6742.8815599073905,
   -10425.839446479687,
   8662.37507825476,
   -23180.964779502334,
   2091.0931334766033,
   -19632.429605457277,
   -48674.45244559057,
   -3212.5196891659116,
   -5567.159411873472,
   -108029.83648046691,
   -29955.1024709827,
   10046.563825429594,
   820.4813361925552
  ],
  [
   -44333.60659573055,
   -95265.56278013224,
   -6342.230727581629,
   -1087.0431498683777,
   -112047.35120803792,
   -104947.83518655808,
   -23352.864078495844,
   3999.0306611836377,
   1058.088459187915,
   -14287.136267567752,
   -2184.1752558928074,
   -4452.403653083068,
   -24330.516011731448,
   -24577.98825463507,
   7970.42887990211,
   -1261.3864127857548
  ],
  [
   3175.487073136717,
   -13267.761275205305,
   -36008.33344562046,
   -3435.887349678509,
   26449.718333340013,
   -1431.4702606643864,
   12971.502223913096,
   -3507.796630689467,
   1221.0328131551219,
   -9646.234398530423,
   -1803.9294462976593,
   5654.515854685741,
   -8697.488551471002,
   -39420.644703532475,
   -16965.554350492785,
   7858.673880569949
  ],
  [
   -78848.80777858237,
   -99144.76571801328,
   -72420.51686387326,
   2193.2726781536967,
   26622.567523625785,
   -64825.70287434319,
   23774.71299335861,
   -2501.6864545858652,
   16748.880344641748,
   27403.193833812962,
   766.0214286651187,
   4978.589881547239,
   25000.300444712724,
   -31675.7794570744,
   -29354.307889267675,
   -8305.787110521393
  ],
  [
   67107.87107700923,
   2008.4803700200555,
   -10070.732216868211,
   -2366.671154419435,
   -23505.24711707998,
   41223.74524482779,
   -23668.525647363414,
   -3474.2473903248406,
   -2052.212586194915,
   4670.383037736712,
   -386.5809804838396,
   5673.8768926892935,
   -3928.8781093578623,
   -25818.266489022608,
   -5403.914443821277,
   -1707.7792729216958
  ],
  [
   -45800.62867208217,
   19114.74046871517,
   -15732.611436047473,
   2725.11504238799,
   4375.760151519511,
   -34758.08186379961,
   42414.402293040264,
   4011.324662470342,
   8311.986338117053,
   10877.723066733382,
   -5117.800330791096,
   -7320.021347250761,
   11818.16746922034,
   -33900.73239050088,
   -19785.367032742088,
   -13509.174666749766
  ],
  [
   -77777.94087280089,
   -169332.12678203167,
   -56220.028564967564,
   6816.857177469516,
   -48021.141010235006,
   -71976.63236236617,
   -39285.736629717445,
   4081.9143226937726,
   -2152.7322594894194,
   -34490.74882160822,
   -5590.691404168202,
   -4085.4533578504324,
   -8236.982008968622,
   -129581.003465611,
   -20208.283112286914,
   9622.35078542428
  ],
  [
   3200.558706321407,
   2686.3273157353137,
   -50672.232393183396,
   2750.9765350769817,
   -24449.317998085964,
   6064.500979551594,
   -3760.498169839462,
   -3493.5656832066006,
   -9740.161880041509,
   -3443.5016189691564,
   -12395.804801675611,
   -412.30868890607115,
   17167.741576705645,
   3729.999236054908,
   -21285.664632149965,
   -2125.8125704917875
  ]
 ],