{
 "input_nodes": 12,
 "hidden_nodes": 16,
 "output_nodes": 20,
 "epochs": 100,
 "lr": 0.5,
 "output": 0,
 "epsilon": 0.01,
 "synapse0": [
  [
   -16.87874283547202,
   -24.23901599419973,
   -31.210587451743812,
   -34.24400308228044,
   -23.136324048365925,
   20.963447588755493,
   8.194615550333983,
   -7.335658405494996,
   -16.512711146130844,
   16.54595101729131,
   -13.399074840774604,
   10.549015894754627,
   -7.276777888304663,
   -58.498864342542085,
   32.88609293056098,
   -11.183914325920625
  ],
  [
   -12.616123949126312,
   -37.94751601178626,
   34.88010300340184,
   13.504071960132643,
   10.249952602689385,
   -23.793185854384063,
   -7.700048731607797,
   -2.097883115422507,
   7.232296362026472,
   -37.92487454818416,
   21.20990641709821,
   -23.91733342030607,
   3.4495489697786863,
   36.27584455862203,
   -65.27459092947669,
   38.86685159349991
  ],
  [
   -10.700221587013269,
   38.50687860574022,
   -22.753103323627432,
   -27.212363773972292,
   29.91471835872619,
   -84.72706640394067,
   -22.771731727156137,
   -14.85228475100325,
   20.07193592418207,
   -14.86424564867037,
   -26.801426293419855,
   -26.338806920690516,
   -59.21017055615677,
   28.017259121687395,
   6.1874707255749755,
   -30.68143384905959
  ],
  [
   -29.590094180278836,
   -23.26897677386396,
   -12.007586882517911,
   18.02784908568276,
   37.731548631417674,
   -3.258058987796145,
   -8.22085066111774,
   -49.286767407177734,
   -14.530121977027278,
   -26.318657634200388,
   31.575186848441668,
   -30.341258249934004,
   10.56248918929461,
   -29.77854187105089,
   -23.727804128695315,
   -4.636615424892613
  ],
  [
   -2.1874209838591177,
   5.075276843966314,
   23.096848348357184,
   -7.291462748484542,
   -16.42032824242137,
   -69.23188612430967,
   61.623803106653284,
   -28.729255567220243,
   -6.8357991125360975,
   -51.96170305800724,
   -38.75476639764311,
   -75.81739342683007,
   -34.884719681445965,
   -22.922786676365085,
   11.032513702186545,
   -53.28142109718582
  ],
  [
   7.531362213029856,
   -34.67030441207526,
   -69.90960148267844,
   -6.338126259427217,
   -24.161211052828545,
   -58.66629110185718,
   -15.735887303580835,
   -15.651357663710007,
   5.830474019406184,
   -30.177886357521736,
   38.23275393654302,
   -46.88108303142103,
   -6.344459591444545,
   -6.053966907349215,
   -20.330184108578134,
   -22.192980673522744
  ],
  [
   11.255800900260882,
   6.57736053189537,
   -12.626268541637788,
   4.70920594756997,
   -30.15240481969485,
   52.594627043357924,
   28.136439398575817,
   14.132654523839717,
   7.281218113849714,
   -30.537483420846588,
   -1.103995227140723,
   1.8432147505081071,
   -13.317296791036972,
   -24.80262691818193,
   -5.26159607339258,
   -28.508692424783764
  ],
  [
   -8.234526891852857,
   17.378947458733876,
   -51.83844434632021,
   4.6327609988990215,
   -11.042954053953858,
   21.644303315960656,
   -72.09404131208208,
   30.057111561147515,
   -17.33472443207618,
   36.3980057065548,
   -5.578768231840381,
   1.1706000609464466,
   24.01699249469595,
   11.049481594857333,
   -12.120957783520485,
   24.48647860877103
  ],
  [
   -4.342554252192363,
   -32.78116106887965,
   54.09384305737716,
   -10.511548183082951,
   -20.29621243896906,
   0.6821462179773655,
   5.744817073962647,
   -4.927373163128787,
   2.1877004348166023,
   31.41526378032457,
   -62.72504196665451,
   -26.008498305300197,
   -27.66216767598702,
   1.511895731660411,
   -6.0499037241494396,
   -32.779442742958864
  ],
  [
   -9.219862948582836,
   -0.2909924020372757,
   -59.82540577727652,
   2.01458014106106,
   -15.854457528945767,
   -17.107054470988995,
   -28.192820563717962,
   -14.232596944140584,
   -20.291054739810203,
   12.080227371821438,
   -0.8400857069933183,
   -32.6493452903271,
   16.544104700280162,
   15.494593698455795,
   0.05071736872927671,
   39.5027850824774
  ],
  [
   19.308203988357906,
   -2.2450296777250576,
   -119.12220641700641,
   -4.831141055353655,
   -7.466966119258946,
   -13.987963369247536,
   -43.36799389722026,
   -34.93890402419319,
   -32.38728864562869,
   -21.21339556732581,
   -40.21372905370959,
   54.522067452619574,
   -4.0304334789568514,
   -29.288181728642886,
   21.85544730629625,
   -49.931136259436315
  ],
  [
   19.28957594470467,
   -23.892350835423276,
   -2.510646213217256,
   -7.451625551494987,
   -21.266410992454105,
   18.56182158631461,
   -26.559449586233587,
   -54.33795160192052,
   9.08155116580927,
   -48.60487432467602,
   -50.275003458832394,
   6.127856606245538,
   -21.12129065385456,
   -50.600910662646434,
   -5.494607155473362,
   -6.404869724640969
  ]
 ],