{
 "input_nodes": 12,
 "hidden_nodes": 16,
 "output_nodes": 20,
 "epochs": 1000,
 "lr": 0.30000000000000004,
 "output": 0,
 "epsilon": 0.01,
 "synapse0": [
  [
   -14461.985618841218,
   -28395.91005338892,
   -19707.911233442126,
   5282.075606705623,
   -14058.65636441685,
   -16696.813940775257,
   -13663.766451007858,
   -1133.8744045724147,
   -12375.981547114581,
   -32239.02182713156,
   11436.419293845709,
   7843.732053475757,
   -34572.24722094613,
   -11207.642641094992,
   -52713.446836208175,
   6215.403117146005
  ],
  [
   -9379.487032045283,
   23299.172428773138,
   3780.9753580997567,
   -10636.894986705893,
   -451.4939278005552,
   20423.38872897084,
   27379.72985462599,
   -5616.897677401004,
   1160.488897386998,
   22245.628040072057,
   -15569.35409793287,
   -16500.941041495047,
   20277.189047952565,
   8118.726718899752,
   26971.668080524996,
   1973.7279727334555
  ],
  [
   9365.906187111388,
   -43884.69626543415,
   -48010.94969404094,
   -4983.8450049329995,
   -31916.044071865268,
   3149.8855534104036,
   -113516.2098218233,
   2494.828745697437,
   -3816.3748190670294,
   9008.284832022398,
   -81.9653268301076,
   -2986.914859235303,
   -37507.11817585352,
   -86885.01276905954,
   -27328.0798641268,
   -7948.030685562285
  ],
  [
   -67284.16869267104,
   -54033.55797118042,
   -33494.206654905545,
   -16697.823306712202,
   1412.499834836147,
   9422.569203612102,
   -15824.044751695212,
   -13844.16322444492,
   -8973.648553131712,
   -1796.634566710189,
   12728.477873604263,
   635.1817819551491,
   -3364.2895233648733,
   -19802.551959322085,
   -10985.070995607519,
   -5087.507153097647
  ],
  [
   73751.22700937236,
   5019.563356124785,
   -120549.89336721206,
   -11022.550447359201,
   -10046.873010328807,
   12737.410818733519,
   -17724.53183305758,
   4269.949416383872,
   -18438.707744370327,
   -49963.42493599602,
   -6211.128113287245,
   -8265.564434200109,
   -107542.46927732656,
   -22910.281712469812,
   6515.5207342690555,
   706.9034741282846
  ],
  [
   -50515.17845471872,
   -112982.75800812086,
   -5245.890969732268,
   -4889.566996642724,
   -118543.73488419564,
   -102416.0187416037,
   -33029.237939615654,
   3978.361789778536,
   2035.3490128255517,
   -15191.885977292075,
   -3635.4036218370875,
   -3928.9981382840847,
   -18458.60072726135,
   -27234.72839216057,
   11444.6886310245,
   -2966.1048459338854
  ],
  [
   4946.714735118341,
   -15849.53160908779,
   -37951.314639019685,
   -1624.909377076902,
   44925.85525905645,
   6441.309398465328,
   24122.67392247505,
   -4677.94157816715,
   -4675.519986888434,
   -4251.180838402678,
   -2081.5210503447825,
   6283.518439479845,
   -9834.867644596708,
   -47702.01786599454,
   -6731.111741906252,
   9656.899745208515
  ],
  [
   -81048.72724160856,
   -141452.3000560987,
   -88925.55003801326,
   5373.7829617734715,
   18608.59232485631,
   -91986.8895667484,
   29173.36872992991,
   -3166.350862673971,
   27825.932696225806,
   23347.54000346739,
   -4803.27303098776,
   6614.9451835945665,
   17043.780215494382,
   -34782.29497667669,
   -54179.61845338684,
   -6920.246856348392
  ],
  [
   74839.23284655572,
   -16791.895231743096,
   -14126.0215739034,
   -1653.0278062187601,
   -22532.012380737997,
   59341.54711995223,
   -23754.911360016456,
   -3856.1237975617983,
   -1853.6378973050682,
   1407.3123739759067,
   -1334.1944665539638,
   7477.857595431938,
   -690.3775992764516,
   -29580.786104618164,
   -10109.14990622643,
   -1308.6017279394832
  ],
  [
   -39076.76249533707,
   26357.10362980958,
   -14136.362274539419,
   2883.9777435386745,
   11891.392014886524,
   -33088.8425586379,
   42656.449890553595,
   4744.778990262499,
   3655.33933737994,
   12892.97815352975,
   -4386.684887807735,
   -8114.1926167834445,
   15049.694629410413,
   -40363.18565189854,
   -22092.948075652468,
   -14938.730458628681
  ],
  [
   -90072.21414708938,
   -199900.10312324687,
   -60135.71492686674,
   8141.080671399196,
   -49106.41835000779,
   -73913.10076605214,
   -51192.63303431686,
   8544.858659533476,
   -1924.1553169502388,
   -31031.539379859452,
   -11104.37173065325,
   -1071.9248850821884,
   -10670.742871752142,
   -149230.77032032624,
   -26609.339935385447,
   11201.062561004006
  ],
  [
   221.73420611748887,
   -7423.0329389123,
   -56817.38544005635,
   3212.158526663263,
   -17241.96185598387,
   27202.600874360352,
   -17874.592646586258,
   -8856.140307144491,
   -17623.13642380199,
   -867.4422708006641,
   -11608.699760350699,
   -5410.071209734168,
   27143.007815840785,
   16084.495962054554,
   -33946.89574590996,
   -4081.818347613054
  ]
 ],