{
 "input_nodes": 12,
 "hidden_nodes": 16,
 "output_nodes": 20,
 "epochs": 1000,
 "lr": 0.4,
 "output": 0,
 "epsilon": 0.01,
 "synapse0": [
  [
   -252893.03705733857,
   -82153.53166611545,
   -63137.46399820293,
   -86825.28946710659,
   -43711.02067989265,
   -131224.38465027986,
   -77583.9826865159,
   -93849.3774538379,
   -66209.47497613853,
   -47213.90483898894,
   -420980.3018470619,
   -96404.92828434556,
   -76379.35734990572,
   -52893.692785363906,
   -32092.984426123454,
   -149250.47079575606
  ],
  [
   175248.89213228144,
   43692.77839064145,
   44883.634278985664,
   52188.49296777079,
   17315.04894066315,
   81693.87238125151,
   52947.80006930493,
   62440.873056277254,
   39703.07319740758,
   33112.89900141005,
   947456.9332010993,
   64531.63614045836,
   52287.76436186622,
   35609.428019893036,
   22877.51749145348,
   104863.07056281192
  ],
  [
   -261071.2490707096,
   -51045.420353617206,
   -81563.0239143729,
   -71214.520276544,
   -69832.09023011792,
   -120250.53325733231,
   -77418.39375919702,
   -85602.86675059346,
   -41681.308291977504,
   -52925.71625867553,
   -1623355.1219691627,
   -109493.08691529797,
   -55070.12214318495,
   -38807.75426520792,
   -41543.57756763705,
   -177640.16287946698
  ],
  [
   -63876.27021089304,
   -20068.53274639041,
   -20141.631715048134,
   -19539.61606776049,
   -32450.96764146894,
   -36869.25105123578,
   -18546.916510350544,
   -19902.10082520291,
   -12298.298917820808,
   -10869.68726215253,
   84490.47044544992,
   -29412.57695316249,
   -10107.413061668658,
   -7257.575899114999,
   -10754.143263957485,
   -44346.22257981105
  ],
  [
   -84534.92337166076,
   -18864.32642622271,
   -27835.400244759814,
   -22939.56201406955,
   -36634.86446860444,
   -43173.13766414667,
   -23976.05855301642,
   -25335.69008511966,
   -12348.08087201361,
   -15638.02718057974,
   -284516.9110140688,
   -38969.69816224412,
   -10889.742606934908,
   -8334.132212358489,
   -14640.799250566164,
   -60711.004184419886
  ],
  [
   -38876.97615459118,
   -14450.924577861779,
   -9413.661777981406,
   -14373.391184921116,
   -8245.422006050832,
   -21312.323555553005,
   -11950.146055650488,
   -14676.154054801205,
   -11259.368258833847,
   -6935.240879489666,
   23498.225326238717,
   -15416.38700146102,
   -11243.232612841202,
   -8041.760558859882,
   -4671.541977942782,
   -22747.126363525127
  ],
  [
   -55190.924980846314,
   -25726.741408011516,
   -11466.756968163576,
   -24134.229522339167,
   -10319.55596704179,
   -32867.30806026543,
   -17158.531907543726,
   -22622.19901635218,
   -19313.10299359958,
   -9963.640443009746,
   222216.6991033181,
   -21306.973176478048,
   -17878.853422030654,
   -13039.218485323476,
   -5741.598404461141,
   -29875.37911139876
  ],
  [
   -57609.30559536655,
   -30979.34493763078,
   -9036.724435643182,
   -28446.50650630229,
   1518.7454881592555,
   -34051.26851785924,
   -19861.85189414173,
   -27700.087372379774,
   -25327.424153509714,
   -11266.699196530755,
   284546.6500182004,
   -17865.81776836484,
   -29582.692858709615,
   -20165.688123832748,
   -4003.536389153355,
   -25259.556632613003
  ],
  [
   -25015.77694975496,
   -16990.872324774326,
   -4213.468282610109,
   -13379.404364249203,
   -8490.615980257724,
   -18816.537595851358,
   -8144.823978577727,
   -11001.192278332599,
   -11597.318579205219,
   -3666.0587741070185,
   369182.4562663914,
   -9685.825780066147,
   -9524.243786327474,
   -6751.715574118818,
   -2169.759676520197,
   -12006.152034287128
  ],
  [
   -49582.8901934163,
   -22031.24557301192,
   -10992.557983632929,
   -19858.398686129516,
   -11947.98133111567,
   -29757.515228331155,
   -15326.516128623804,
   -19215.965262303675,
   -16194.639627273948,
   -8347.283693411766,
   198746.81704240656,
   -19081.93301320778,
   -15761.828249810955,
   -11012.11890317426,
   -5710.958516589847,
   -27522.37691556165
  ],
  [
   -250972.14427548536,
   -75141.25905581415,
   -60163.26439681639,
   -84004.4645546456,
   -21993.297370813067,
   -122762.39373486128,
   -77085.10064694606,
   -94072.31179597075,
   -66281.68781376762,
   -46986.38356349306,
   -885181.771103512,
   -92428.46837225882,
   -79221.54885505018,
   -55179.68293127355,
   -29741.326228293234,
   -144660.46447114376
  ],
  [
   32885.10573075791,
   2943.712477786976,
   3899.1726538338326,
   5095.740460015498,
   -19356.360099775906,
   9841.413006132807,
   9050.580073106232,
   10584.869801005556,
   8875.073542521812,
   3396.8360569957954,
   558900.2607262767,
   7132.502125914377,
   13203.289444340078,
   8642.675423911565,
   1925.1550208382414,
   13849.641833434778
  ]
 ],