{
 "input_nodes": 12,
 "hidden_nodes": 16,
 "output_nodes": 20,
 "epochs": 1000,
 "lr": 0.4,
 "output": 0,
 "epsilon": 0.01,
 "synapse0": [
  [
   -346993.2258412689,
   -112433.82670594787,
   -87130.1444416939,
   -120043.56645666348,
   -59685.726890368445,
   -181088.98367216598,
   -106636.66003079692,
   -128463.81000245523,
   -90657.78454329006,
   -64615.10948636538,
   -622986.1641400233,
   -131890.14637942598,
   -104627.60538204627,
   -73030.54358431467,
   -43889.07107883305,
   -205192.0685553104
  ],
  [
   239741.8841722873,
   59673.428277175015,
   61564.34548097531,
   71575.92223147227,
   23868.217096143788,
   112073.65067876027,
   72444.2693117199,
   85256.62401998532,
   54183.252826348784,
   45230.365181899135,
   1404601.448826657,
   88213.37339819386,
   71337.70923240598,
   48731.129972239665,
   31291.95745509818,
   143634.45370082674
  ],
  [
   -357166.5581337833,
   -69899.98790865556,
   -111589.08932006004,
   -97581.7189572795,
   -95245.06998788241,
   -164637.46385204094,
   -105954.25079338507,
   -117126.61893336308,
   -57120.293448509074,
   -72366.60104250259,
   -2408468.9144507693,
   -149663.48571710108,
   -75457.21833333725,
   -53285.198527931985,
   -56756.1050971704,
   -242955.21108898404
  ],
  [
   -87356.44969000178,
   -27300.171702160103,
   -27750.69995147771,
   -27137.548408396433,
   -44337.808346166734,
   -50851.88238091887,
   -25440.36378165172,
   -27095.88664376425,
   -16713.08606623893,
   -14818.204705668044,
   126158.53365587274,
   -40094.2453662284,
   -13728.587964635484,
   -10082.642734052417,
   -14662.060427372022,
   -60799.04457538267
  ],
  [
   -116259.59417485291,
   -26010.448115738633,
   -38298.46368481711,
   -31842.013392866633,
   -49934.59850059643,
   -59561.46040393673,
   -33058.94612241785,
   -34902.45871216052,
   -17114.205206746203,
   -21487.168733352144,
   -422817.8969437908,
   -53415.37717427428,
   -15205.025077266044,
   -11744.557554764668,
   -20034.86865338198,
   -83407.59697027986
  ],
  [
   -53043.92160124168,
   -19640.95983039454,
   -12954.50891485423,
   -19834.26176281647,
   -11193.386169115278,
   -29319.337531212932,
   -16348.20137859287,
   -19960.683597221763,
   -15312.622033187507,
   -9434.692792291427,
   35331.87141369578,
   -20955.317451748622,
   -15295.037292229525,
   -11067.713849212607,
   -6342.9519082036395,
   -31121.920861217295
  ],
  [
   -76486.99062106347,
   -35428.46363527263,
   -16110.990144262707,
   -33750.42520884042,
   -13914.667488038673,
   -45847.74409302337,
   -23886.196250371715,
   -31253.651291260016,
   -26684.831962129916,
   -13754.616310042557,
   329129.0702499303,
   -29315.205295261676,
   -24829.908223136175,
   -18337.150326757754,
   -7881.497609601717,
   -41555.011514728154
  ],
  [
   -78989.21486813981,
   -42239.23330597458,
   -12654.881397110626,
   -39401.065676356644,
   2198.5052952378664,
   -47181.94337621979,
   -27306.23728945724,
   -37782.37309734456,
   -34565.062455944906,
   -15358.500652812703,
   422841.23975600465,
   -24324.244459078793,
   -40386.070838846914,
   -27810.54580653128,
   -5434.5550658099055,
   -34878.04627410159
  ],
  [
   -34672.00712627429,
   -23318.716288208,
   -6024.905110282415,
   -18832.867359001466,
   -11391.481754255281,
   -26339.656989550134,
   -11359.2200672397,
   -15148.617201016528,
   -15978.503135512527,
   -5039.777370149105,
   548575.4606853094,
   -13245.921644877155,
   -13185.560481487215,
   -9561.082680615344,
   -2945.7943701324753,
   -16784.25477892015
  ],
  [
   -68488.06053352676,
   -30235.272516373905,
   -15385.259407814996,
   -27799.399941363616,
   -16185.559667118323,
   -41442.03443162231,
   -21267.194947549477,
   -26460.291658319566,
   -22291.73779654082,
   -11495.321251323508,
   293839.29203886614,
   -26184.908992543355,
   -21780.0453807641,
   -15438.883423549487,
   -7820.969560261399,
   -38165.263350515925
  ],
  [
   -343737.1748757646,
   -102777.66126049141,
   -82721.14729851416,
   -115659.15024677866,
   -29915.324754738773,
   -168857.51376484116,
   -105698.14702936936,
   -128640.7153059832,
   -90685.32495152389,
   -64230.158676226834,
   -1310956.8391038573,
   -126305.81304790471,
   -108410.74358844444,
   -75901.1605255241,
   -40623.05432235514,
   -198387.44272849875
  ],
  [
   45425.39688836636,
   4265.442528213099,
   5349.147424316637,
   7008.733830766793,
   -26403.70071391857,
   13543.27570542809,
   12493.701039294552,
   14720.872134024892,
   12326.77637926057,
   4760.153239299931,
   830854.6474790002,
   9968.69153211107,
   18289.203579066754,
   11871.13680481285,
   2701.264450784626,
   19132.55566956464
  ]
 ],