{
 "input_nodes": 12,
 "hidden_nodes": 16,
 "output_nodes": 20,
 "epochs": 1000,
 "lr": 0.6500000000000001,
 "output": 0,
 "epsilon": 0.01,
 "synapse0": [
  [
   -2427398.323928776,
   -1942325.1661642273,
   -96883.25631473948,
   -2769192.1816292764,
   -790973.0443582571,
   -149576.97404441115,
   -490291.6924055691,
   -2111259.8282369445,
   -100017.94732171937,
   -832534.7996177019,
   -2333053.266534487,
   -307416.0825802269,
   -2205192.799062874,
   -622927.8481691309,
   -105111.2340136106,
   -1744875.8119781183
  ],
  [
   2354886.272117938,
   1694801.093677648,
   76586.0161412989,
   2663107.4653185266,
   661516.95907574,
   110794.15074961085,
   444025.2782162715,
   1802365.6508595739,
   66679.13602013151,
   746559.9788365255,
   2005059.2000706817,
   254581.0294766974,
   2145434.093066901,
   534126.1225859319,
   86237.25373217274,
   1500994.4021141536
  ],
  [
   -1555357.035672842,
   -972283.2317255166,
   -61351.38378366246,
   -1897429.0347734021,
   -405214.48082830914,
   -103751.35728968978,
   -344968.7580226538,
   -1100440.496375259,
   -51110.00646983896,
   -413321.7495871002,
   -1178235.1522633997,
   -156564.37206426906,
   -1459812.7515664613,
   -362701.5932598776,
   -66637.00526272837,
   -929075.7277646862
  ],
  [
   -1021539.4362340583,
   -621227.3520860762,
   -34849.634625239785,
   -1375758.543344019,
   -239518.60053034217,
   -82754.77004430219,
   -199152.12386672146,
   -707404.2951408041,
   -56583.64900084736,
   -250885.97320134996,
   -751287.7000426836,
   -95862.46573280505,
   -1310743.1011756551,
   -374598.5869480177,
   -58879.895937095695,
   -583631.828313001
  ],
  [
   -208898.44489963705,
   -266280.8478543711,
   -37559.09268618799,
   -436460.1470651194,
   -106400.26448030675,
   -42782.514168364214,
   -87066.73784610805,
   -217960.23878579098,
   -39148.37864925488,
   -151062.59282381766,
   -272529.18346456013,
   -64297.724034086525,
   -129671.60690392718,
   -186278.71424410268,
   -21839.350748977577,
   -176677.07528334256
  ],
  [
   -71578.17365297193,
   -193613.49008647352,
   4831.539424218007,
   62465.42813314127,
   -83701.24958217592,
   -6537.107979532009,
   -21656.112144958468,
   -221586.78466170293,
   -1782.3055047087462,
   -74877.66774002173,
   -236627.95885197425,
   -36536.265483966876,
   99813.55171978146,
   68277.45437574119,
   -8353.91877616642,
   -173078.26886774553
  ],
  [
   -34806.17669678117,
   -109966.7287590999,
   -16361.568495166664,
   32293.316148968777,
   -28847.84823630473,
   -11617.901691152916,
   -33081.99294934062,
   -30196.565610795806,
   -23984.404601531907,
   -107869.23916706305,
   -106580.57881714754,
   -7360.013209238415,
   52352.448268383756,
   -47901.24495635646,
   5303.781312093382,
   -35993.27617435925
  ],
  [
   328390.0192914346,
   198193.65594243855,
   -9958.551420607573,
   272923.9599170856,
   71822.88435048082,
   11840.858046556694,
   43914.22491513474,
   222893.1250206066,
   11803.662259124281,
   100385.96800412446,
   229598.60998852653,
   39545.11921430426,
   160267.7751498201,
   55177.62508661503,
   14534.758042908794,
   179740.73332214914
  ],
  [
   103082.90460485188,
   1119.8131727737252,
   -410.7013317941175,
   28311.85352008553,
   -5532.01322361537,
   -11610.104153802391,
   19285.066776628806,
   30754.19032816307,
   -17831.03989108576,
   14283.540118261999,
   13467.1249779136,
   -3344.0666147138536,
   30911.245784372855,
   -128307.08474412576,
   -2332.8766238428493,
   31957.088442548153
  ],
  [
   35166.55292253716,
   -44969.548031586404,
   -5347.431406425194,
   211212.48374824636,
   -43278.566348400236,
   -8910.22049231506,
   3983.1904606855364,
   -112979.09349121145,
   -29697.149429360023,
   -21773.05140467999,
   -93621.75349909955,
   -13892.113687238656,
   160407.90207234546,
   -49376.37836415529,
   -129.09396715541848,
   -86044.49445092565
  ],
  [
   -2714789.9144338197,
   -2179779.7505397927,
   -129340.27984651667,
   -3179528.9370988687,
   -884078.7420213623,
   -200689.4168660089,
   -557454.1301674503,
   -2409733.510667028,
   -134259.025122981,
   -991471.6043513893,
   -2666040.3938424382,
   -331404.22906389536,
   -2716951.507180306,
   -759190.4162810679,
   -123231.05358816245,
   -1985842.5424065813
  ],
  [
   -1590126.828945501,
   -1443511.9827741608,
   -50588.661738504736,
   -1584928.7290910007,
   -564179.2929070398,
   -114858.05074953465,
   -320071.63696447073,
   -1510411.683975448,
   -77232.73730642947,
   -616272.0503139608,
   -1714400.9174533307,
   -251197.4934650953,
   -959856.5259925608,
   -294864.3160007185,
   -81165.98181738525,
   -1219827.2774698772
  ]
 ],