{
 "input_nodes": 12,
 "hidden_nodes": 16,
 "output_nodes": 20,
 "epochs": 1000,
 "lr": 0.7000000000000002,
 "output": 0,
 "epsilon": 0.01,
 "synapse0": [
  [
   -2318725.752171558,
   -1854133.403427536,
   -94014.86992419776,
   -2669506.8163082087,
   -767174.4498733559,
   -145148.44630506076,
   -475767.2567898114,
   -2036729.3642641644,
   -97056.7391849985,
   -750061.4496551368,
   -2258180.141959266,
   -298121.7731058165,
   -2118202.8119749385,
   -555171.9541450309,
   -101998.37936196115,
   -1692587.4807796571
  ],
  [
   2249183.7221972,
   1620282.5251485552,
   74280.23598160394,
   2566886.189028455,
   642601.9619469556,
   107521.89559776221,
   430638.9377555161,
   1736659.9042113544,
   64729.70323919706,
   674642.5622713069,
   1941871.0344140623,
   247098.01783448746,
   2060307.6838261446,
   475691.3062503354,
   83719.39263863134,
   1456412.337094443
  ],
  [
   -1484895.8495947411,
   -925710.6347956469,
   -59613.21657158045,
   -1829705.9445729044,
   -392222.6201862986,
   -100697.75287054792,
   -335291.598697388,
   -1061892.9389462858,
   -49568.92126800761,
   -372111.1769071688,
   -1138427.1175428205,
   -151658.2276208863,
   -1405646.3022588,
   -322741.9611892591,
   -64666.25875494166,
   -900354.5717452366
  ],
  [
   -972747.7048404724,
   -592017.8248521718,
   -33843.92173048983,
   -1324494.6732286122,
   -232157.78126417572,
   -80369.23143667527,
   -193585.1238880924,
   -683675.8719550994,
   -54935.96968754109,
   -225731.62488487543,
   -727089.0494831869,
   -93037.61595795078,
   -1263622.8289055398,
   -334611.3261533149,
   -57176.80174081884,
   -566381.9380429034
  ],
  [
   -193356.30127826877,
   -253728.30900570133,
   -36382.18369712555,
   -419447.2645857222,
   -102251.57558709582,
   -41438.92772586066,
   -84359.9309099825,
   -207207.09928154814,
   -37918.926848920084,
   -136659.13876750687,
   -261315.56145356956,
   -62033.3223054066,
   -124355.58319701506,
   -166276.0093290448,
   -21156.676036567904,
   -169402.54302012737
  ],
  [
   -75155.25639402136,
   -186812.85219274,
   4518.871565291726,
   57158.792470135304,
   -81660.49253312912,
   -6446.563882557358,
   -21639.091537931643,
   -216971.38936747346,
   -1778.5649119380564,
   -70436.95521307054,
   -231378.38001224934,
   -35652.019685264146,
   93118.84977071256,
   58892.28830454603,
   -8146.169676592225,
   -169496.4005487803
  ],
  [
   -32423.873503132545,
   -107021.97965984092,
   -15847.319946959708,
   32013.214128828822,
   -27163.475344454233,
   -11177.905741227505,
   -31838.450139109304,
   -28875.78900872447,
   -23228.974133828717,
   -100738.10080400524,
   -101916.56195916412,
   -6835.800915264829,
   52375.419532538435,
   -42283.308329323714,
   5256.216778452796,
   -33765.88282579951
  ],
  [
   316026.0573876811,
   190998.14383598158,
   -9637.1594673135,
   262313.83870413026,
   70624.16565609466,
   11580.037851786483,
   42692.67153102512,
   215378.95586729635,
   11542.605952576485,
   94203.64556415034,
   224157.39639413668,
   38684.19342106057,
   157237.58417436763,
   52189.82498804375,
   14186.858647469475,
   175566.3874370803
  ],
  [
   98685.73499742674,
   976.4932756065048,
   -437.3294020587572,
   26029.487024969047,
   -5098.40672373762,
   -11291.146511969477,
   18589.720180537293,
   29623.459852264346,
   -17322.365145586235,
   13422.8553841429,
   12992.74783500794,
   -3195.711168295666,
   27784.279505193626,
   -118002.2047717068,
   -2268.4924667572463,
   31188.33937450148
  ],
  [
   30067.473777394316,
   -39544.88938857703,
   -5237.352013530744,
   204038.17735083585,
   -41211.54375710903,
   -8623.706529806976,
   3807.1720012389387,
   -109968.149372712,
   -28832.451737736734,
   -19800.070300368196,
   -89411.19487716518,
   -13290.42362640262,
   155251.40364396982,
   -46688.77507065949,
   -82.06887488551388,
   -82912.7083755615
  ],
  [
   -2588751.5747970343,
   -2081379.7329349872,
   -125512.42842636294,
   -3065238.987406161,
   -856742.2122760796,
   -194676.96569411183,
   -540656.126538692,
   -2327184.6753367796,
   -130257.52430796668,
   -898017.0253604556,
   -2579295.174225079,
   -321151.0417280507,
   -2610184.9180035517,
   -677651.7926626354,
   -119496.79939658685,
   -1925873.1637108033
  ],
  [
   -1521508.706349796,
   -1381489.89203083,
   -49059.96221254229,
   -1526932.843817102,
   -547590.6852970346,
   -111499.36205992628,
   -310744.86736183544,
   -1457627.9480744868,
   -74949.67643802354,
   -556058.0082171827,
   -1660977.9453583586,
   -243811.26642639595,
   -922901.8567271146,
   -263996.8510608685,
   -78818.62140390289,
   -1183965.2561728612
  ]
 ],