{
 "input_nodes": 12,
 "hidden_nodes": 16,
 "output_nodes": 20,
 "epochs": 1000,
 "lr": 0.7000000000000002,
 "output": 0,
 "epsilon": 0.01,
 "synapse0": [
  [
   -1924341.3940431296,
   -1522293.4155684079,
   -83153.4581837723,
   -2296450.93531878,
   -677058.8593110924,
   -128379.41430173848,
   -420769.13100029196,
   -1761419.1174211719,
   -85843.84927306497,
   -467351.4168814266,
   -1974666.0948329926,
   -262928.00619297917,
   -1790693.6555616453,
   -317245.36175815616,
   -90211.26582273714,
   -1494592.853473117
  ],
  [
   1863813.1154182747,
   1335696.7970329737,
   65828.64353262688,
   2208300.3782478324,
   569987.827032194,
   95396.10545670848,
   380418.85384142306,
   1502629.8297107122,
   57387.03349830424,
   422266.27855698275,
   1699396.146346072,
   218288.25254599153,
   1743067.2205238424,
   271215.80077482545,
   74074.77686977235,
   1284755.8435396664
  ],
  [
   -1223837.5783424054,
   -751150.5320401428,
   -52918.64215931261,
   -1578453.8041369615,
   -343393.14798364666,
   -88946.90423543786,
   -298197.0801144116,
   -913096.3404347404,
   -43759.683113768915,
   -232543.63259922838,
   -988555.3037520556,
   -133246.29084093845,
   -1201921.7473613974,
   -184090.93633789607,
   -57266.30368578961,
   -793024.498368114
  ],
  [
   -791407.5238958852,
   -489495.75617796957,
   -29572.205170120666,
   -1135104.46241934,
   -205827.16448628186,
   -71164.94118145009,
   -171643.92465489043,
   -596996.4069349125,
   -48609.56614606386,
   -144856.72886137274,
   -640516.6231524855,
   -83072.44472192047,
   -1088870.8310113007,
   -195062.44623068877,
   -50937.488010836765,
   -504869.5824867688
  ],
  [
   -152895.58279890407,
   -231006.12238435555,
   -32208.63138876236,
   -378273.1337876397,
   -93331.21702739081,
   -36932.64776399142,
   -77162.05829575412,
   -189737.37362382794,
   -33691.98407960462,
   -100505.21043998,
   -240772.8421267569,
   -56427.02114113096,
   -115475.46466624785,
   -100743.22777172322,
   -19296.803584111458,
   -157173.63752365083
  ],
  [
   -70085.66931348645,
   -141493.2348677675,
   3941.3337120284086,
   60146.233016662605,
   -68436.83356673874,
   -5159.973742185426,
   -18156.80237040633,
   -179367.72728214966,
   -1235.641010929518,
   -39449.982628056285,
   -193730.94292431066,
   -29935.38739177839,
   84637.624498518,
   34977.52042827454,
   -6710.1102552089405,
   -144148.6756764372
  ],
  [
   -36578.916094969354,
   -104332.91330377731,
   -14137.472214383391,
   22879.03584648202,
   -23994.829097233887,
   -9769.662599522067,
   -28788.423085408955,
   -27239.884378705618,
   -20640.136384570913,
   -77002.1581999888,
   -94593.0901783192,
   -6289.501233408157,
   47582.81855378496,
   -25974.954625930448,
   4713.958032928908,
   -32977.03919660093
  ],
  [
   258121.81188933976,
   150762.83748230562,
   -8501.243605344482,
   212139.7913081274,
   62754.4504974139,
   10372.795020213842,
   36743.9529652784,
   183259.9309952077,
   10224.377974956778,
   59999.795784588016,
   191653.9717734986,
   33856.17321147889,
   137619.3935926439,
   34668.786470477884,
   12479.932402679846,
   151774.59529931282
  ],
  [
   75482.21108784156,
   -18649.205057598618,
   -389.98988332335654,
   12813.711809048526,
   -8701.534225234953,
   -10088.859709436325,
   14559.129877622021,
   10063.950135465007,
   -15362.591381258115,
   3145.827006530365,
   -4098.715486409521,
   -4780.165731102895,
   17431.35852824964,
   -73543.979220957,
   -2480.106940350099,
   16299.1252157484
  ],
  [
   21082.66356408055,
   -8751.693356386908,
   -4520.226533307827,
   194006.87895010062,
   -30635.482318929386,
   -6832.83758724395,
   4309.534989448697,
   -82230.26707856497,
   -25113.4193506861,
   -8547.396198327306,
   -63791.38682245141,
   -9857.623762394138,
   151967.05529545885,
   -22770.900252623745,
   493.7270881490185,
   -65212.60194611359
  ],
  [
   -2127338.726076097,
   -1708669.0348510437,
   -111022.00046294011,
   -2637328.6915952056,
   -753430.6048663442,
   -171858.1972599604,
   -477265.8773443073,
   -2008667.143809632,
   -115064.41278534709,
   -577145.5175113166,
   -2251477.32161897,
   -282390.8694816956,
   -2211982.9330027085,
   -388748.805153457,
   -105339.58831646238,
   -1699401.0125311739
  ],
  [
   -1274181.9799671632,
   -1146255.5134848703,
   -43280.641574204325,
   -1308094.759869239,
   -484449.22633742314,
   -98715.00299603606,
   -275369.49450114445,
   -1264394.890141172,
   -66369.77849919217,
   -343499.511876621,
   -1457875.9466295827,
   -215765.95306692756,
   -780244.342289082,
   -156774.96268256448,
   -69913.2745138719,
   -1047408.9327114767
  ]
 ],