{
 "input_nodes": 12,
 "hidden_nodes": 16,
 "output_nodes": 20,
 "epochs": 1000,
 "lr": 0.8000000000000003,
 "output": 0,
 "epsilon": 0.01,
 "synapse0": [
  [
   -2947.9341775139274,
   351.5267697401184,
   -1667.3892225793159,
   -2038.673739334623,
   -1431.72163733301,
   -2831.8043057294476,
   -1298.1964536679804,
   -1425.6840320351048,
   -2547.510801166066,
   4947.346077349645,
   -2635.60435241443,
   -722.3548606062294,
   -4441.378535731679,
   -3051.1536540750767,
   -7949.0688554134495,
   -7015.231089433737
  ],
  [
   -3649.619595922172,
   1582.3797534761616,
   -5508.767137622938,
   439.20209167413327,
   2979.4321618491826,
   -7942.863030427003,
   -6590.036441113412,
   -5127.7040075899395,
   4148.4571458705905,
   -10821.682404293719,
   -13756.143692537204,
   -15598.115896571515,
   853.2700964298987,
   1703.5299470876027,
   13185.964370379315,
   2401.937916854267
  ],
  [
   -15273.531768980949,
   2551.124911756507,
   -300.3860114458234,
   6431.206435345681,
   -3453.9526335767964,
   -4590.726229767496,
   19013.716569483535,
   16572.242421139385,
   3450.972767324454,
   -5060.168489555145,
   9358.165380483026,
   -6362.931637275313,
   -2743.2830635701866,
   3885.161280748064,
   -8232.785751774509,
   -2415.418267111175
  ],
  [
   7043.461817220741,
   -6549.378402702793,
   -4639.9816008765165,
   -2087.6194809834765,
   1084.3279604552001,
   -10529.817643357219,
   -18827.25545126308,
   5048.904113778112,
   -4222.841642191475,
   -1061.5900958158372,
   -15229.131505767327,
   -25222.86988209024,
   5978.920996202286,
   6260.182971704975,
   -3334.2504044617763,
   3200.5261204926855
  ],
  [
   -20201.19102335812,
   -9143.974377832741,
   -19578.149666687426,
   2963.4023820179673,
   -5421.744173559404,
   -39655.159930870315,
   169.87629291026985,
   1033.3666940514133,
   2832.6015276106586,
   -591.9389367681836,
   -46631.71931493967,
   -42487.9452131168,
   -9100.630293749073,
   -3182.884568325492,
   8504.140926867627,
   -14419.717844205683
  ],
  [
   -10058.173434225575,
   168.68336490774814,
   -11524.478769565387,
   -3761.578064275648,
   162.46478814694407,
   -6214.2936171817555,
   10248.910331021421,
   4051.7192842954796,
   294.71830271713105,
   -1609.5495340269551,
   -18528.208632385624,
   -25312.48361243488,
   -2719.425787531642,
   -7421.705225742195,
   -4623.85433140849,
   -25001.12172221274
  ],
  [
   432.2973635703402,
   -6164.744123098472,
   1479.7032058486536,
   2813.4606995359427,
   1045.892647173995,
   -6919.566193003403,
   -2478.398634365997,
   -9648.208627811138,
   -1801.8544095832256,
   1518.8387876075155,
   -9754.277200633935,
   2590.437707451236,
   -4950.834695489025,
   -658.9633110522178,
   -7064.390013208039,
   5161.370083793079
  ],
  [
   -8781.884570658749,
   -8715.612627226148,
   -7557.076656136792,
   -358.0462743259109,
   -6761.622664483819,
   -47773.340967286495,
   -1970.2106389793541,
   -10322.453075349356,
   -149.85529382332518,
   -999.3794114323345,
   -45139.47436867819,
   -35074.2408386994,
   -1817.458562412986,
   -2867.8473828206643,
   1884.8274514943143,
   16196.398611300907
  ],
  [
   10238.267670250436,
   -503.655736721585,
   2696.6128245690293,
   2730.1425374706405,
   2642.802229380454,
   1733.8429947555799,
   -5229.765465871493,
   -11357.768499091544,
   -236.62677851140654,
   2075.6074876680564,
   -6954.190799066663,
   4208.213323709898,
   6439.863344746566,
   -1269.2687260068674,
   13687.270928519676,
   -5123.575387529301
  ],
  [
   -22013.173051280046,
   6145.572662637244,
   -9918.951818890306,
   -839.8760007238044,
   -4796.439384549203,
   -28184.979054639494,
   3827.921062844929,
   -1313.8304474644942,
   -2382.4929354924825,
   -65.72903214513408,
   -23048.928115634902,
   -31775.03712921324,
   -7808.36834441881,
   -3297.8938463552317,
   -13751.957573854117,
   78.97064183581995
  ],
  [
   -11174.903326332604,
   -4358.067561092511,
   -14524.444249878308,
   973.0788051974804,
   -5857.887763658673,
   -26925.27106529058,
   -28212.316770717345,
   -11908.671760221787,
   -3348.3561365458536,
   2232.1056580791196,
   -20884.564300869828,
   -18197.492758080014,
   -13560.653013190693,
   -8110.402844220685,
   -74.50588310605562,
   -19002.37205807712
  ],
  [
   -12395.575328801335,
   7339.9136345089255,
   -6103.304759596625,
   -1095.8584262653042,
   1517.8655966700417,
   -19418.871169980794,
   -22039.520528213252,
   -21008.767451325726,
   -10912.589107874519,
   2230.8629280460455,
   -25201.19086123362,
   -3914.9043559078327,
   5502.996109649072,
   4084.291083448729,
   9538.739780070442,
   3596.28022376408
  ]
 ],