{
 "input_nodes": 12,
 "hidden_nodes": 16,
 "output_nodes": 20,
 "epochs": 1000,
 "lr": 0.5,
 "output": 0,
 "epsilon": 0.01,
 "synapse0": [
  [
   -425.6583239671275,
   -4761.636742109617,
   -2345.1615723236905,
   -3611.0334493461605,
   -1216.201821474501,
   -787.8713701865717,
   -2664.3937101508564,
   -1825.5188565605458,
   2116.8691720211327,
   7942.0565524041285,
   -2953.9749316499274,
   -189.5816399157404,
   -3439.033337261494,
   -1942.1409217126077,
   -9832.68878806815,
   -10344.645247412884
  ],
  [
   -37746.25035565704,
   -9739.227674107204,
   -16240.511840129373,
   1624.896837744349,
   -1242.3955050849434,
   -61521.869864312604,
   -4690.770394638397,
   -8796.812476003339,
   -30261.78371500213,
   -15001.106016027541,
   -45914.163073072836,
   -40637.8737329498,
   -8259.498915108768,
   -1149.1496237787026,
   15710.952375655439,
   2515.2388777078363
  ],
  [
   -26537.733254411156,
   -14426.247629652684,
   4562.934691434436,
   5920.466538989066,
   -16847.0299896531,
   29490.699575640352,
   22785.58605233612,
   28795.80600954776,
   9979.53065981953,
   -10391.127281916866,
   36455.584146503745,
   5519.33160953748,
   18591.172940882592,
   16427.187631273322,
   -6243.733719101232,
   -3351.088943164561
  ],
  [
   -2742.78270840465,
   -22537.64112929644,
   -8032.877405077537,
   -6485.098152548794,
   -3411.107788816644,
   -31256.193294624372,
   -33509.288653438,
   10799.079156328373,
   -2452.3294501137066,
   -769.4764150415481,
   -25156.511567203368,
   -45697.644212641935,
   405.33421794585,
   9697.692384828091,
   -4687.828195247677,
   9102.53005480276
  ],
  [
   -65408.277151859176,
   -32416.718549063004,
   -38232.19010200172,
   2904.5622522980034,
   -13592.830587945886,
   -109728.8045299162,
   -4676.03808757923,
   3470.3944934292476,
   -30391.728329790698,
   90.56141055693918,
   -92072.18866759143,
   -84429.1116767482,
   -16974.543325289233,
   218.45418114373774,
   10064.176772513742,
   -20766.250480457726
  ],
  [
   -23246.686783790617,
   -9827.790114249858,
   -26497.948060634822,
   -8404.228432162352,
   -1494.5372882275885,
   -63840.18196277921,
   17857.23890804649,
   12177.769203717084,
   -22886.701850430687,
   -6323.711100597251,
   -60512.55853443188,
   -60598.71406739801,
   -8795.10537791266,
   -13312.607831281892,
   5465.9276050189765,
   -31674.023850713416
  ],
  [
   -17958.829104602206,
   -17894.26537758997,
   -3340.0905383618165,
   3152.823744392481,
   -1695.9582035449123,
   -39314.71315078665,
   728.2996760191586,
   -15752.965879085807,
   -13261.860646574401,
   3255.5790587820206,
   -35958.70477366357,
   -6792.906415666409,
   -13579.624135472663,
   2625.817884871071,
   -8055.543021656408,
   4891.936233345537
  ],
  [
   -68516.28354696857,
   -43916.503784528584,
   -17773.151741121488,
   3315.737154136186,
   -10260.875850353517,
   -128714.62190916573,
   -8707.038167148394,
   -22650.830853154963,
   -45885.253246689295,
   392.92336998443693,
   -94516.81774333926,
   -67549.5637032013,
   -30866.35389218315,
   -3677.0461445742085,
   -2617.5273869402504,
   15793.10876040469
  ],
  [
   5815.675193723622,
   -4666.18730487583,
   887.3991067084203,
   2884.1464300282873,
   12173.584776618694,
   -31435.164650596045,
   -4623.272179408623,
   -20824.841187037706,
   1067.130739313727,
   3798.5197679442813,
   -32103.033951310765,
   -6152.22761023137,
   1891.104531361883,
   1992.562216169645,
   14769.81793710707,
   -3491.149917707154
  ],
  [
   -66988.60439765078,
   154.98426519304022,
   -23502.936091928776,
   340.8951405180417,
   -7299.8552382595,
   -99661.49164017924,
   3857.5778456786634,
   -4386.774507600866,
   -40274.429697466156,
   -4157.851368693424,
   -62039.10804928851,
   -69524.25282647499,
   -7607.8533702743125,
   -13663.994534967034,
   -18367.459250742042,
   3025.4812905184926
  ],
  [
   -8201.043339011258,
   -3610.885068109489,
   -16895.221293083236,
   3544.7097345367915,
   -10839.295158443563,
   -37827.317663358685,
   -37103.07692204483,
   -25617.65584631117,
   -16391.831648088642,
   9506.493738172569,
   -15616.315109890887,
   -19236.02792068007,
   -21657.752594348305,
   -16402.586242100675,
   -12450.02292246604,
   -25406.803538556065
  ],
  [
   -13999.452141093629,
   5830.282925529277,
   -11030.02157636448,
   48.71674397098081,
   25957.72609948943,
   -49038.600023806255,
   -29176.51369592106,
   -23210.245748347017,
   -29490.059860063986,
   -2990.283992459696,
   -48312.599606450975,
   -10867.11726654651,
   28879.33153152113,
   -2627.5478481276527,
   2907.1249219484016,
   4387.300577986553
  ]
 ],