{
 "input_nodes": 12,
 "hidden_nodes": 16,
 "output_nodes": 20,
 "epochs": 1000,
 "lr": 0.7500000000000002,
 "output": 0,
 "epsilon": 0.01,
 "synapse0": [
  [
   -2095.9433387251474,
   -12677.937949030018,
   -4314.238507933722,
   -5558.781486292486,
   -1576.7048278348784,
   -6090.2699931443985,
   -8772.510818401277,
   -2435.1739164713767,
   -1559.4309671516178,
   13590.186938815223,
   -6942.64081490779,
   -3448.1740714846087,
   -8621.341571507519,
   -2165.4671627684666,
   -14770.423102992903,
   -15627.171765040555
  ],
  [
   -45355.142382833474,
   -10763.366245962356,
   -17432.328458337528,
   3600.293246523597,
   -979.0919300562742,
   -72005.45700026242,
   1752.0576023184474,
   -6591.497569526562,
   -39089.60214341178,
   -22495.956214269867,
   -50595.48611921999,
   -45783.807179976444,
   -10157.500323117989,
   -433.57570537327894,
   20620.349459109726,
   4531.45004258653
  ],
  [
   -36382.11681152357,
   -35962.80562545829,
   666.6107825500479,
   5918.903841738532,
   -18686.804784912634,
   19831.653496259147,
   17079.85509761054,
   30912.074611296208,
   -5344.770645324098,
   -7318.540313316646,
   30769.291462322515,
   -549.5722423508034,
   25550.159850914813,
   17375.041241064082,
   -11138.64151863222,
   -973.0421142110786
  ],
  [
   -10835.976866832989,
   -29866.32105517337,
   -10681.621263171686,
   -6967.788274732624,
   -5407.488732932198,
   -46416.23216593995,
   -34364.615627552645,
   13473.123579571182,
   -5613.360583630429,
   -840.1784491476856,
   -30173.000805049356,
   -60113.289791549956,
   -22908.95591215837,
   8887.972535055944,
   -8234.913957438077,
   6476.486693327185
  ],
  [
   -89283.85059627789,
   -56972.30332752886,
   -47558.3254662333,
   4802.183353584941,
   -13599.701282284286,
   -147445.93397148087,
   -9151.341932040135,
   2341.53991153129,
   -62696.14722544372,
   -1631.995273185912,
   -115939.32490990021,
   -103608.50642787998,
   -22568.415874315386,
   3871.818559786244,
   11850.052755640654,
   -26961.602085366445
  ],
  [
   -29107.429854647282,
   -24104.543476729774,
   -31961.19495755866,
   -11284.678465057726,
   208.9413207394824,
   -85765.39900816839,
   20886.428303709778,
   18003.662685548898,
   -29233.925723946108,
   -9696.823704589095,
   -78506.63995457023,
   -72425.5860170361,
   -7303.098648133228,
   -14438.57069205685,
   9361.262291704947,
   -34518.62882674181
  ],
  [
   -22332.84760364922,
   -20638.684410237387,
   -3471.359815954119,
   4617.07326499025,
   -619.1165909561165,
   -53127.367699647955,
   4489.193358354865,
   -14205.500118633978,
   -22513.550263437803,
   759.1870666012819,
   -41384.58413769735,
   -12694.117350493536,
   -37830.862294651335,
   2687.5527833536607,
   -8915.417369325025,
   4547.189222271903
  ],
  [
   -91896.7623445122,
   -49213.62668213155,
   -19785.32893525972,
   4111.454931434984,
   -9376.384526271942,
   -151063.7858823655,
   -4989.125179212346,
   -21774.529916165244,
   -65380.982565872815,
   -3216.270773858215,
   -105906.84164154172,
   -79475.77199932683,
   -64161.799199405854,
   -4465.100974920741,
   -5013.1196333261305,
   13645.248224724959
  ],
  [
   1119.1245287741974,
   -22592.45308052963,
   -3181.850502021927,
   2823.822506591223,
   14787.369976902566,
   -53317.51361230206,
   -3830.0643306660204,
   -17291.61796493135,
   -6504.265495578173,
   1268.4974929089406,
   -46151.28573275996,
   -14074.343874235965,
   6886.433343142117,
   4658.710711777675,
   14924.951692894232,
   -3921.2251479906336
  ],
  [
   -75614.59585209604,
   10424.613473584985,
   -23237.556449842472,
   -19.320634690440276,
   -9753.356286005095,
   -109217.70710109857,
   11884.078782654113,
   -237.50910552536897,
   -51486.883332410296,
   -5908.275683790906,
   -60035.14964616063,
   -77868.38095204167,
   -33973.36993477804,
   -16408.104223247512,
   -20650.954028321135,
   -3542.830023476191
  ],
  [
   -6598.959220170426,
   -13153.783654967458,
   -18932.356960685793,
   2820.494532527324,
   -11168.304083928138,
   -45078.819983893896,
   -42858.8873913832,
   -26217.83756517106,
   -24965.31126390065,
   12139.078611859826,
   -16719.687128252433,
   -20794.71093134205,
   -24482.154474355102,
   -14555.419212161487,
   -14736.907485853528,
   -33235.01579207907
  ],
  [
   -26207.236027392682,
   548.5196423340517,
   -14236.361299860599,
   1893.8328918206453,
   29104.218417961914,
   -60950.641269246546,
   -26578.920882813243,
   -17282.56337010475,
   -38828.07215739105,
   -8614.832676201382,
   -57816.660317376416,
   -18619.540548112425,
   52675.9543676653,
   -7247.800463769236,
   3922.281867527102,
   13416.97942557087
  ]
 ],