{
 "input_nodes": 12,
 "hidden_nodes": 16,
 "output_nodes": 20,
 "epochs": 1000,
 "lr": 0.30000000000000004,
 "output": 0,
 "epsilon": 0.01,
 "synapse0": [
  [
   -57764.36089812075,
   -2167.022687676988,
   -45988.48867726031,
   -26499.045131492792,
   -3109.728898142103,
   -13877.494729778344,
   -23839.811384245008,
   -3481.3062958844666,
   -17547.08581873197,
   -21255.731839748158,
   -19370.32809879757,
   -1.822897893457783,
   -1.35615984314137,
   -55775.93782977796,
   -15900.853931947917,
   -33708.070374835275
  ],
  [
   93349.07341628386,
   -20360.959527614385,
   135117.7220045168,
   27641.53548663835,
   15437.976164644158,
   47188.364834253174,
   26438.057054430777,
   32976.17966068123,
   29660.989915926726,
   2363.997748067555,
   110856.72623785879,
   73015.9873369743,
   31172.474484329563,
   55846.24445241387,
   35070.90730220973,
   72204.92495638906
  ],
  [
   -122109.670921902,
   21837.105557199764,
   -69233.33646840278,
   -167025.64278644026,
   -110193.5433627738,
   -79574.12453265692,
   -59914.47813900228,
   -68495.73793049915,
   -83998.00496762256,
   -106251.0714587455,
   -113890.35261409379,
   -72978.54529502396,
   13081.618811364304,
   -127046.95609812206,
   -52898.30953496399,
   -99879.10282668222
  ],
  [
   -75148.800888093,
   17550.296835470584,
   -92089.36952091141,
   -17940.264908004126,
   810.6821756537407,
   -45031.43584150592,
   -60426.61400449998,
   5944.674105785792,
   -24298.576393403768,
   21173.13262852143,
   -110013.72749276052,
   16467.733198254406,
   -31172.2580147623,
   -85502.00300439488,
   -18597.830587012228,
   -68484.816581251
  ],
  [
   -67272.10683187083,
   13169.913385552094,
   -18838.52937973441,
   -97694.92376399461,
   -18166.508894420724,
   -30964.47249842166,
   -17333.40371203921,
   -5221.727287360121,
   -36823.371895755656,
   -9273.095350629848,
   -69917.43724727344,
   -32438.82524221989,
   -3136.7957810376743,
   -62782.98385755189,
   -19150.49149969695,
   -40916.54653180102
  ],
  [
   -35679.57788915534,
   446.63165946296226,
   17493.965090003443,
   -19436.240282836763,
   -18549.839691762485,
   -18734.06605041394,
   -20351.798676104314,
   -53905.211718952094,
   -41590.973018565994,
   -24566.341060048195,
   74989.5445433714,
   8230.754200543848,
   -13519.875080066684,
   -37896.11209553293,
   6527.8835809183865,
   -22365.450115565796
  ],
  [
   -8757.711391521434,
   8045.148847997011,
   -18360.758795859398,
   30368.966705127325,
   9664.525050068283,
   25656.35189929985,
   -1505.6282824937448,
   50426.34076430636,
   -1905.6809033900029,
   15291.189141361463,
   -99649.36182501938,
   913.2936613874047,
   -5936.447485779656,
   8710.446883565304,
   1786.0837925629612,
   23557.013704593355
  ],
  [
   -67271.9228861116,
   13169.434062592425,
   -18838.985758683953,
   -97694.55509997699,
   -18166.35282309146,
   -30966.267706302686,
   -17333.11072819947,
   -5221.5733364636835,
   -36822.98222413208,
   -9271.645214350354,
   -69917.75020915047,
   -32439.445668136235,
   -3136.0356173862097,
   -62782.71417879816,
   -19149.932329354986,
   -40917.330176421856
  ],
  [
   -35679.28001371908,
   447.1540363045251,
   17492.7904631011,
   -19435.046872522507,
   -18550.06149044797,
   -18734.395871426514,
   -20351.05108317911,
   -53907.002962489205,
   -41590.59265670176,
   -24565.67967626082,
   74990.87216019571,
   8232.286666412485,
   -13520.466253961242,
   -37897.295055977265,
   6528.471067113164,
   -22365.276517266724
  ],
  [
   -8757.746997450477,
   8045.052039451354,
   -18360.294964477715,
   30368.510910253597,
   9664.044559793,
   25656.518928440826,
   -1504.5188892127649,
   50424.820974756345,
   -1904.9292532493148,
   15289.795438554405,
   -99649.36505249719,
   913.7941677752526,
   -5936.777466462647,
   8711.450083499267,
   1787.667703210313,
   23555.43217026044
  ],
  [
   -64283.67291547097,
   11518.316192957252,
   -18529.879975529773,
   -69924.84984499084,
   3150.4885268896824,
   -17968.399726847838,
   -472.9429729630483,
   10446.330821364192,
   -19322.90217192434,
   18626.257643435994,
   -31472.617902785012,
   -18288.18582435147,
   -12262.578969451615,
   -30458.22826994195,
   -19580.397412068858,
   -11454.267906644216
  ],
  [
   -50416.15762020357,
   11796.16425642749,
   -1485.3751908626198,
   -44609.42421604737,
   -51516.05876229288,
   -19073.874178195667,
   -55577.95480758531,
   -34816.35322097643,
   -78498.04028495119,
   -65072.97607876971,
   -101550.0745244861,
   -19154.986894737194,
   -1205.4594683493656,
   -93837.63388958464,
   9174.844855492298,
   -57731.95645540571
  ]
 ],