{
 "input_nodes": 12,
 "hidden_nodes": 16,
 "output_nodes": 20,
 "epochs": 1000,
 "lr": 0.30000000000000004,
 "output": 0,
 "epsilon": 0.01,
 "synapse0": [
  [
   -152966.15297107532,
   -54683.8146566828,
   -86632.78390376401,
   -121944.72638888008,
   -125286.82444756615,
   -109852.70518883846,
   -119565.06320296736,
   -81940.28111465114,
   -125473.8012223951,
   -159242.28352445742,
   -98072.53667405176,
   -66315.68959293676,
   -131983.03564339728,
   -98566.67949124273,
   -133520.81681344958,
   -112580.0382788288
  ],
  [
   324356.9839362892,
   433154.90819749393,
   301704.7175204954,
   356580.3327825212,
   432223.72703773127,
   437964.52374006284,
   290412.78568172356,
   132719.44746173124,
   315622.2071272766,
   332352.69107959274,
   182542.98178151605,
   203693.16743738513,
   356705.7535061657,
   149138.80191279322,
   267225.32489391096,
   416502.94681782194
  ],
  [
   -441988.9005645873,
   -518643.2583083147,
   -244011.08458022223,
   -388797.9784368593,
   -316465.9571215806,
   -613745.9678120246,
   -501088.49499816104,
   -77865.51305954566,
   -213070.5223745373,
   -350935.88880251534,
   -110960.74348000163,
   -126540.3173292797,
   -303017.7083596803,
   -131692.3227501653,
   -257436.84888587214,
   -375900.3032011434
  ],
  [
   -167891.9840901746,
   -375533.95213795773,
   -122424.92773345257,
   -137811.54807867203,
   -198952.2209034899,
   -210122.57955061487,
   -220754.1725275026,
   -96033.47562791764,
   -233446.77351661486,
   -256643.8880427045,
   -113615.54175146726,
   -116813.67075989624,
   -181508.21371228894,
   -84934.23610793971,
   -193482.9428733447,
   -217427.11963517393
  ],
  [
   -81483.92585977893,
   -50834.64474164123,
   -8540.526731793456,
   -5093.249877184288,
   -81148.68667583262,
   -152496.5989778159,
   -189133.307387823,
   -65036.03955647406,
   -50713.57760555327,
   -107791.53722117974,
   -25571.039415615658,
   -82510.2126912232,
   -110213.19687470344,
   -24713.39671542732,
   -108611.78742665419,
   -74022.6071298516
  ],
  [
   76866.4686446182,
   -45701.394633204116,
   -73325.35050004382,
   -11995.177759196546,
   -34963.23337758786,
   40580.363639111245,
   96274.55647368726,
   58409.872468091926,
   33395.242757225875,
   54774.019881013664,
   32786.586367222655,
   -56930.426013421,
   39831.66413895114,
   64408.65150610157,
   69779.47062083377,
   -24928.446857203457
  ],
  [
   -81581.32786387662,
   -12406.238461843073,
   -41196.0065383666,
   -69534.13686470343,
   -11456.168987289346,
   7372.015272030818,
   -1009.3335492204452,
   -650.355013511837,
   106475.67782376384,
   -37686.60071202084,
   -13700.046150658452,
   2288.6172557353207,
   -112876.891162502,
   -18888.522312266934,
   16420.07906600052,
   -18897.932570207253
  ],
  [
   -2216.3718109817114,
   50838.57898501089,
   52481.027228852865,
   89832.79889379854,
   -10357.324634137782,
   135797.91735385958,
   99207.77618043333,
   -38634.62464027206,
   -8962.702808932443,
   -47787.4009090301,
   -34123.94356093468,
   45697.670696989175,
   -3557.980068006871,
   -46061.53573217689,
   -28099.26978002607,
   2907.5578391247245
  ],
  [
   -23954.02476604201,
   46565.98222646791,
   52244.80791612136,
   62368.12769171918,
   -18381.930615468817,
   14256.930290173066,
   33698.76285154563,
   21089.08378382138,
   24427.08147849379,
   -9257.505174514405,
   22058.479193088424,
   20009.514181289112,
   100949.92757585291,
   6705.70824567519,
   5147.50058158989,
   10475.495961089857
  ],
  [
   -62148.02606273225,
   67113.29425002984,
   20806.36462660302,
   -28952.868048442262,
   71617.08762543004,
   47651.15235036996,
   -62342.757291493464,
   -70655.8535433085,
   -48705.40427177283,
   -85054.0831281698,
   -66414.50714848688,
   32487.948700630786,
   -12951.017364184256,
   -87859.16070591933,
   -76163.7665634133,
   60012.875323960034
  ],
  [
   -334920.86884926073,
   -372638.4267339752,
   -312014.3827417725,
   -431889.81136538193,
   -344154.25254964415,
   -628495.4587896232,
   -457422.53366918996,
   -111280.24700087801,
   -344640.8232153527,
   -278874.564200335,
   -139676.8846305049,
   -212102.28128394042,
   -366501.78445088386,
   -136441.07825249626,
   -280773.22280090104,
   -403385.1433909702
  ],
  [
   423452.72185905,
   793893.2475512003,
   387936.40272617055,
   408417.31929762114,
   624219.447660462,
   626153.1248756682,
   437001.0971086622,
   213329.03060665866,
   495061.8516468593,
   571626.8035732078,
   272701.4895500993,
   297052.8953659865,
   534265.7477214494,
   221127.0138614857,
   415858.9905744114,
   659251.4083789134
  ]
 ],