{
 "input_nodes": 12,
 "hidden_nodes": 16,
 "output_nodes": 20,
 "epochs": 1000,
 "lr": 0.8000000000000003,
 "output": 0,
 "epsilon": 0.01,
 "synapse0": [
  [
   -88776.05563166851,
   -25358.498876759288,
   -40459.10798258717,
   -66991.54919760191,
   -74150.50242933263,
   -55055.74041753377,
   -73739.95877681769,
   -52342.09161762007,
   -59254.52283923671,
   -90684.32378156949,
   -66111.68800051825,
   -45323.13614195038,
   -52175.28388093511,
   -61370.45578472093,
   -76601.27215220893,
   -59663.74206603775
  ],
  [
   199311.33665559895,
   186263.98524219554,
   143769.82516043336,
   177632.80495388334,
   251564.5289501496,
   239801.89610796273,
   164744.260941371,
   80256.4197459441,
   131365.98900951547,
   202013.7447076233,
   115103.63602449032,
   121516.2146251547,
   177633.56056852548,
   95272.95520501058,
   161162.70333415343,
   248716.81969581754
  ],
  [
   -261051.5117215191,
   -187399.4958148004,
   -92086.40533182422,
   -152960.58103191823,
   -192472.5619368767,
   -466195.55056610017,
   -176909.47463202078,
   -63140.38036340167,
   -82323.2137435369,
   -213950.07184592367,
   -83962.58424624278,
   -77306.5353300108,
   -160264.12620777695,
   -90219.01560328373,
   -148768.00645387426,
   -282169.45387030544
  ],
  [
   -82290.41340589563,
   -142839.35359506524,
   -72489.88817120116,
   -65778.06789376677,
   -128400.89072431119,
   -117249.75895914476,
   -90327.01435200853,
   -56430.90685175221,
   -89648.2310097442,
   -142685.02695471828,
   -64342.97145782917,
   -64525.96729843923,
   -99085.9218605624,
   -49139.12579597373,
   -110701.64787553439,
   -124787.3046371647
  ],
  [
   -32763.612146957683,
   -14496.57454609206,
   -21961.700709568366,
   13701.34922986864,
   -37523.63201088179,
   -83991.9156167671,
   -66543.85717756953,
   -33218.57412147842,
   -19793.43692419274,
   -51821.60782790481,
   -11918.96074983376,
   -51838.42775604397,
   -71201.52866207538,
   -9672.364029074528,
   -53739.056914641085,
   -31910.533467186633
  ],
  [
   40065.88057284376,
   -19514.951208110062,
   -28529.12305626181,
   -8329.3741950642,
   -30968.15592862512,
   61640.10718444968,
   48944.3454350886,
   31307.36278007975,
   31585.063997193767,
   25697.418519832394,
   21872.134285228964,
   -28783.148219051836,
   15149.199159927693,
   35189.52568300802,
   41086.983774930406,
   15572.962117707562
  ],
  [
   -56884.39424631469,
   -17342.90919486798,
   -3980.4419061552076,
   -41262.40457277437,
   -33103.57893904804,
   -25530.883742681388,
   -41867.75195835257,
   -4998.843273445617,
   32530.666319905355,
   -32079.798442920972,
   -14727.417712831084,
   -19136.849353704252,
   -62942.542340866145,
   -13058.637457409519,
   4460.432426751638,
   -25605.156199934663
  ],
  [
   6453.1019014374715,
   10140.886768038692,
   17090.762709623938,
   37635.932438683645,
   -17960.52645369182,
   85147.51536841253,
   8024.302382718611,
   -23861.48822332154,
   -23511.664267142918,
   -28467.860876764473,
   -22191.774990598427,
   26459.80214598127,
   -20384.16259590393,
   -24940.435479128937,
   -16325.37236213274,
   -5139.429767518783
  ],
  [
   -13884.185729432944,
   14874.886214358643,
   21265.933101443024,
   30963.390828677173,
   -13031.924481281732,
   -10722.576147608292,
   42879.62833562393,
   6120.755269004051,
   8066.786773958187,
   -2197.961933180752,
   4015.7395718109606,
   14007.613052204359,
   33704.62606581977,
   -2379.7423498795265,
   12060.509629389415,
   5787.965266399888
  ],
  [
   -21858.114315277297,
   47068.719425321935,
   25670.66184854362,
   -10650.460220387024,
   50858.6322286838,
   29676.78599646627,
   -24351.46607284431,
   -42552.10147688492,
   -20694.019877304454,
   -37183.96720886758,
   -40452.47314950599,
   18170.410804611383,
   32879.43646373734,
   -46307.8245754412,
   -39032.377766172016,
   35511.50506841805
  ],
  [
   -213604.9830221036,
   -154415.4580685548,
   -153571.57077940158,
   -202519.97488419616,
   -189606.5905940587,
   -375880.6003134224,
   -202967.13119337475,
   -74153.26101434306,
   -147503.87848547456,
   -179473.97978793946,
   -96007.85861282174,
   -132444.49799477012,
   -181005.94809176133,
   -90755.7517571009,
   -167217.16123644696,
   -264925.94484293624
  ],
  [
   236774.86420643143,
   312420.3247773786,
   198260.15575295192,
   183352.28901313565,
   360430.4797387055,
   335749.81096025027,
   228925.35133173002,
   114799.95771275996,
   187546.20137819237,
   337483.1984033439,
   153814.0724507196,
   157900.54194505126,
   281590.61136437656,
   121605.73055032213,
   232156.90329084016,
   402349.2018756113
  ]
 ],