{
 "input_nodes": 12,
 "hidden_nodes": 16,
 "output_nodes": 20,
 "epochs": 1000,
 "lr": 0.10000000000000007,
 "output": 0,
 "epsilon": 0.01,
 "synapse0": [
  [
   -140075.918486843,
   -47533.44145393634,
   -75591.34659329723,
   -105970.99300549352,
   -113368.97577500626,
   -96068.27810465364,
   -108530.06101853515,
   -76643.15589695092,
   -109619.45866881427,
   -145780.10072523306,
   -94053.34121161947,
   -60951.480338096386,
   -110630.63835558336,
   -91200.19485699388,
   -122214.55712343099,
   -102504.23258297228
  ],
  [
   297390.7081355704,
   373945.888649048,
   261291.9820973034,
   318582.49203409435,
   396121.88001709833,
   394734.3729266317,
   264115.10231670615,
   120141.09463017753,
   270043.21405370976,
   304800.28562865703,
   169104.46909573398,
   184828.44143951204,
   313660.91488707275,
   137239.13575116976,
   244216.97550713376,
   381940.91351495293
  ],
  [
   -408165.481909183,
   -442458.57349758816,
   -203620.16083754544,
   -334012.278056243,
   -287428.9762486294,
   -583814.5766022597,
   -429008.3339191765,
   -75133.09358555725,
   -179279.27268323343,
   -325712.56814552145,
   -106747.79103662456,
   -116090.86104962899,
   -267985.1904056856,
   -126290.16179788549,
   -237968.9195890874,
   -359526.0184365244
  ],
  [
   -153164.46523867562,
   -326745.69186321774,
   -113904.39285313661,
   -125779.51835356565,
   -186992.28846631738,
   -191480.9557025936,
   -192650.10637309274,
   -88648.50778642007,
   -204709.90253584343,
   -236157.18693597944,
   -101889.57413657683,
   -111118.77052920585,
   -164536.7720024662,
   -79075.9865493108,
   -178612.88658582355,
   -196842.0555186896
  ],
  [
   -71052.10847355508,
   -40636.81241743991,
   -8710.484296121562,
   2374.577773764462,
   -70033.88157264072,
   -139261.13580999733,
   -163695.29442175868,
   -60943.06836630632,
   -42301.06017241095,
   -95727.71443679984,
   -24015.77828052495,
   -82289.79654341872,
   -101402.96582771577,
   -21641.375921276245,
   -97613.09183326748,
   -63438.26981647943
  ],
  [
   69694.32343303478,
   -37534.408331301296,
   -62796.5865490754,
   -16234.818754884851,
   -34533.768121537374,
   45315.01159087926,
   87470.82479225921,
   54444.19170052745,
   32821.173454665506,
   49402.31646703502,
   36354.34292722411,
   -49623.01689694402,
   32928.83356534191,
   58426.46198795404,
   64201.12812108187,
   -14144.690448600759
  ],
  [
   -76304.46933016396,
   -13598.863257107992,
   -28576.19402915598,
   -60575.16576727904,
   -14369.974785112052,
   -4497.76113345875,
   -14962.866703807655,
   -2606.7488584065395,
   94246.43700013531,
   -35860.13602355186,
   -14437.763939470846,
   -2941.245278824993,
   -98702.60837926548,
   -17162.192848774463,
   14299.958070996427,
   -21722.48323310781
  ],
  [
   -1127.7485380099665,
   40636.714347703884,
   42698.58988632524,
   88079.84033331448,
   -8594.399615434797,
   123503.26514742624,
   78927.3905688702,
   -37306.83827176881,
   -13130.379601707265,
   -44623.613590693974,
   -35964.31692897888,
   40491.27005549501,
   -4943.067900206461,
   -42123.7839199427,
   -26142.70412885913,
   1028.044342942615
  ],
  [
   -25083.31385726098,
   37535.140002357475,
   42131.43827684202,
   64398.44809418747,
   -12200.265220222505,
   8740.612789996629,
   40014.57538992745,
   16326.696186893805,
   19692.150498200022,
   -10911.148921319136,
   14408.085928296072,
   16674.24099403883,
   86757.44641312318,
   2221.4858402186123,
   3964.6563459387257,
   9583.565003454201
  ],
  [
   -54371.19360752702,
   61130.044902932255,
   22241.590620831954,
   -22658.634726718974,
   68080.64413658546,
   46439.610937085374,
   -52566.92486558597,
   -67157.30120488758,
   -45263.32375670266,
   -76522.96360295052,
   -65695.56663500756,
   29929.22908551087,
   -827.8560521689041,
   -80206.17386925659,
   -69695.63523678215,
   51042.95365963167
  ],
  [
   -309700.2262197632,
   -319715.65266814065,
   -273609.7636066518,
   -385058.4016903956,
   -313349.4795406352,
   -572237.2753817493,
   -400547.96768915275,
   -102331.9838749242,
   -298131.1046891437,
   -258259.43490506228,
   -130963.72799114043,
   -189381.35472517792,
   -322659.66505637043,
   -127533.26671886205,
   -257973.68136113518,
   -378401.6289291416
  ],
  [
   383004.3947651061,
   683994.3723288507,
   341207.98544347455,
   363825.1046144758,
   570463.2447913674,
   569338.3671442025,
   400288.46649664454,
   191820.27927072716,
   424490.6925259824,
   521098.03044765803,
   250949.57986343952,
   273909.2283271745,
   478379.27203924657,
   198184.37351058287,
   375792.38985557243,
   605578.614078369
  ]
 ],