{
 "input_nodes": 12,
 "hidden_nodes": 16,
 "output_nodes": 20,
 "epochs": 1000,
 "lr": 0.8000000000000003,
 "output": 0,
 "epsilon": 0.01,
 "synapse0": [
  [
   -93760.79462405977,
   -26560.508742336733,
   -42885.28534389319,
   -70929.23556672555,
   -75954.42971025093,
   -56576.41433993168,
   -75633.99250883203,
   -55113.85928851231,
   -64561.9041931669,
   -95821.84575599457,
   -69204.85076397349,
   -47030.9658378888,
   -55395.80530042349,
   -64895.15074269013,
   -81223.20952549258,
   -61588.37819923004
  ],
  [
   208743.64074174408,
   201830.9586585101,
   152542.90618997865,
   191359.3398971078,
   263683.0791091274,
   252433.00285738875,
   173713.67575944588,
   84001.6035781773,
   143855.6270328409,
   211732.34276138427,
   120308.67396921842,
   126828.10659397252,
   188599.36935963613,
   99525.75632865442,
   168921.52838611824,
   261314.62380588174
  ],
  [
   -276591.45763109537,
   -209854.19726322524,
   -99499.26631068139,
   -167471.10777017692,
   -201718.53790174142,
   -485945.9353552166,
   -199142.95913711804,
   -65712.03367380578,
   -90909.89684263266,
   -226059.0394469716,
   -87499.20296849511,
   -86282.26056789282,
   -167236.8348369792,
   -94947.88533094674,
   -159162.1806635879,
   -289092.82284861524
  ],
  [
   -89833.88857326427,
   -160362.98245034594,
   -77030.91467166979,
   -72747.76392341878,
   -138111.47509780762,
   -128790.48115158158,
   -99847.23869351736,
   -60395.21852161711,
   -100680.30483151408,
   -152576.43067152245,
   -68896.1190042589,
   -68952.54572779949,
   -106609.68511749846,
   -52944.03002605664,
   -118591.37269487251,
   -132584.03612301333
  ],
  [
   -36669.05350914935,
   -16910.519536845826,
   -20823.013803389847,
   15713.923848834887,
   -43980.54601923955,
   -90976.44108433249,
   -74183.7385263599,
   -35522.151108236765,
   -21927.45464435167,
   -56341.9520622389,
   -12999.138808654623,
   -55874.4582644968,
   -74154.59526770977,
   -10616.596963511218,
   -57830.34644349734,
   -35008.228554124405
  ],
  [
   42861.1096434603,
   -21334.829234647903,
   -31898.92094991297,
   -11123.55799446533,
   -35350.125708781125,
   58187.27873041198,
   50752.6098245835,
   33264.18455150913,
   32871.12813781957,
   27633.02374813437,
   23399.105565936836,
   -28751.47109595736,
   14828.520820649492,
   37865.56684643914,
   42957.86291331664,
   12091.684281642827
  ],
  [
   -58288.07707315113,
   -16395.34012176033,
   -5923.004197781462,
   -44377.07743926225,
   -31843.97914936639,
   -25009.72692528383,
   -42224.065292074076,
   -4156.430888628401,
   39043.97906202163,
   -31300.72019958396,
   -14188.379207136426,
   -18233.5471800202,
   -65695.91299573211,
   -13056.972651355145,
   5801.52356893273,
   -24280.771952653682
  ],
  [
   5064.362284402314,
   11862.79105866218,
   18991.1390393812,
   42324.94640397507,
   -17641.63571364643,
   92307.04358448075,
   15019.56026138778,
   -26312.62879098225,
   -24138.64703968167,
   -30816.304253427166,
   -24691.814597743996,
   27912.376754340075,
   -19700.257060205968,
   -27857.915610251388,
   -18424.937841960338,
   -4778.826711541019
  ],
  [
   -15973.887449761254,
   16268.709850889903,
   23606.396618809085,
   35214.21809485665,
   -12785.163301363218,
   -8084.07553465335,
   44609.085139617884,
   5848.716551148176,
   8712.133605216903,
   -3740.43767881684,
   4046.0706545054763,
   13396.117249158118,
   39550.11554904183,
   -3103.729918491928,
   10085.21361331767,
   7934.8792914390515
  ],
  [
   -25414.66529228526,
   48053.67864166378,
   25854.14383322152,
   -12495.219434053111,
   54168.762618665576,
   31523.55452123221,
   -26240.045827607446,
   -45809.453590951955,
   -24260.524982210456,
   -41745.68417735504,
   -43627.13352213993,
   17865.157844247413,
   30892.528695514306,
   -50266.206299530124,
   -42704.02392983112,
   38091.30502783331
  ],
  [
   -222896.93137887097,
   -168473.64066340477,
   -163213.17361611998,
   -218527.5040857878,
   -197879.18686725918,
   -394810.38379457314,
   -219567.62827275874,
   -76825.86942376372,
   -161265.05759524173,
   -187220.51813881067,
   -99473.76563457388,
   -139052.46549942388,
   -190375.27030941684,
   -94503.42037047516,
   -175794.16154402695,
   -276525.92365332175
  ],
  [
   250736.83947047367,
   345139.856672536,
   209125.78428021658,
   199660.86738776436,
   383085.8990174718,
   361500.22667050577,
   249409.5836696925,
   121287.14808457645,
   207190.041662724,
   355079.4825187948,
   162246.43854252223,
   168342.32554159648,
   301005.2300109099,
   127826.8810613554,
   245517.07379559588,
   424067.0249201516
  ]
 ],