{
 "input_nodes": 12,
 "hidden_nodes": 16,
 "output_nodes": 20,
 "epochs": 1000,
 "lr": 0.5,
 "output": 0,
 "epsilon": 0.01,
 "synapse0": [
  [
   -10190.80814471401,
   417.97933229537296,
   5937.156068963199,
   2635.9636864438844,
   -9838.73231073577,
   3302.6060344019024,
   6892.876711790351,
   -7630.547411854235,
   -7276.940745541696,
   1399.1588997675735,
   9232.685649825604,
   16469.838203275398,
   -555.6652637443892,
   3602.9760278703,
   -1496.4114601001347,
   -19796.080156072345
  ],
  [
   -6469.570882297716,
   782.0380682985452,
   -3093.205463509924,
   -12364.552420705157,
   -12689.383998117968,
   -15904.861763000206,
   9702.990386521375,
   10929.283092639573,
   4236.607826067178,
   2144.99606395442,
   -9531.804722769695,
   -20734.981579925632,
   976.6300915993401,
   -1980.0224261813937,
   -392.0531574659655,
   15326.469300957126
  ],
  [
   -17545.76886308092,
   -17702.144613747412,
   18118.193783427123,
   4855.004270950736,
   -31663.379732575246,
   7082.787384485617,
   -12246.408167254362,
   -16174.54779664756,
   -13376.648432268314,
   -20712.223265081462,
   12351.268495557897,
   24108.87090026421,
   -59563.02764154824,
   12438.698891955948,
   -10318.055177475788,
   -27872.8362340925
  ],
  [
   -1084.6446395929272,
   -30694.60690126679,
   -7822.696995076889,
   -719.0526118147741,
   -29781.10477609898,
   405.48440694347926,
   -35789.94862598188,
   -8783.947061752919,
   -10492.782618985419,
   -10207.566107646711,
   -2991.337523588871,
   -5473.173267688944,
   -35061.615973042295,
   -5936.178031393609,
   9578.70557947425,
   -5022.659914265752
  ],
  [
   6467.776819998454,
   -5854.594862795571,
   2122.958911314547,
   -94.2334440800172,
   -15926.073750333639,
   7496.044643002065,
   18486.167940101754,
   -8597.513243722797,
   1278.4298033105863,
   15957.441699644545,
   2180.3426303228835,
   8595.66761804763,
   4136.9019654742315,
   1193.859414064222,
   5557.202806444645,
   756.542476066395
  ],
  [
   -15962.019896262884,
   3243.709893533051,
   -10715.360297928004,
   -1118.6248007763463,
   -15389.244494568085,
   -7315.190758287857,
   2668.847541855928,
   5938.920445948942,
   -8629.107303230625,
   -1262.8238268715868,
   1705.9041824702824,
   -1589.8932375222782,
   -21374.148582843656,
   -9260.836216845435,
   1124.9025782011022,
   -25702.094739863576
  ],
  [
   -3703.65987044639,
   -26103.47961608724,
   -3401.002249399779,
   -1002.8468777104888,
   -6171.602686820462,
   -5001.2528091665745,
   11177.057600627222,
   1458.1297050840228,
   2635.568068687365,
   -688.5994298839493,
   -4458.575876848755,
   -3170.81828306689,
   -26614.2680090535,
   -5087.6547246199025,
   2348.2265644881363,
   -6539.168664202688
  ],
  [
   -22535.678285521677,
   -8045.933227609196,
   405.6524298091427,
   -1939.0970139875378,
   3874.4262270382724,
   -2361.463156481673,
   -12169.01076472094,
   -678.3177493320667,
   -2968.1424748433747,
   -24763.455827395133,
   4799.2584986776055,
   2534.0080177545933,
   -31537.754670363356,
   -6114.618291275897,
   -4244.070254561193,
   -6148.702420254617
  ],
  [
   3228.8306449018496,
   15533.58540350617,
   -3803.7742125032346,
   -380.3096834776493,
   9239.941691097045,
   -10452.60365865821,
   -7939.058089844052,
   -3834.6076674962364,
   6520.755427196961,
   -3098.0075574145003,
   -6609.880034335446,
   -8748.83202061113,
   38907.84376779872,
   353.34537093304857,
   -3718.035904098826,
   8388.757042057718
  ],
  [
   2429.7072199878376,
   -3535.1653013377822,
   -356.8949365582537,
   -838.6746129791164,
   -21929.31968983918,
   -8665.075578232487,
   -7884.787784635912,
   -2137.1953913763455,
   -4146.835496103797,
   -9172.414928245793,
   5252.959593603406,
   -2967.741582682889,
   7708.506756586395,
   4925.6127088444855,
   -2398.62304123349,
   -2059.620591967187
  ],
  [
   -14768.271321743616,
   -17941.780209431552,
   6600.203436989089,
   -2498.8331574730987,
   -11237.85872001488,
   -473.8175752404833,
   -49219.40351488246,
   -9098.325182045384,
   2225.657405067813,
   -11879.775087400907,
   1379.3931668628848,
   1052.2991050594576,
   -57119.46458308808,
   465.5675347916478,
   -2629.338759996839,
   -14150.458157897438
  ],
  [
   -788.3608957636233,
   -7982.02543852647,
   -960.7360343159819,
   2136.949865484726,
   4905.416724299156,
   578.1940987841297,
   -31848.899918011022,
   -5021.891316324046,
   8553.78201744219,
   -1364.5656844243936,
   -10121.005063016339,
   -5756.666437473279,
   21564.101796823794,
   2697.5174503572493,
   -7237.433321899489,
   14648.698633153714
  ]
 ],