{
 "input_nodes": 12,
 "hidden_nodes": 16,
 "output_nodes": 20,
 "epochs": 1000,
 "lr": 0.5,
 "output": 0,
 "epsilon": 0.01,
 "synapse0": [
  [
   4143.106556793349,
   2016.5646922389276,
   5228.143760229856,
   222.0167973358565,
   6855.807379693541,
   -1613.8643941513726,
   -4668.980685698535,
   -2990.0332784934108,
   2765.956816507231,
   -3336.83540841856,
   3075.4701030384745,
   1338.8240108007546,
   -3600.1497375421463,
   2999.4971532495165,
   10443.879460086815,
   3129.2068556657846
  ],
  [
   -3307.1078831554173,
   -3720.301338913295,
   -992.4581796454002,
   -8740.573666532473,
   -7200.3700091680685,
   -3955.8483694211336,
   2201.823018737414,
   3750.3628432637543,
   -12640.540510517945,
   81.17284871997227,
   -2103.190615161408,
   2105.482073578182,
   -4139.0388697142025,
   -9236.317184381167,
   -10197.52488635261,
   -5019.700013834545
  ],
  [
   3246.70691107357,
   2360.477454724157,
   -237.602629215527,
   -33158.22002166306,
   -28319.766269159118,
   1387.0300073885605,
   5181.788335915965,
   2309.9942219465643,
   -42369.00455106545,
   -941.8558379751012,
   -4571.198773446224,
   241.42797111090923,
   -2759.115726198741,
   -18434.809628444913,
   -20162.82191555403,
   4950.558976009036
  ],
  [
   -1975.9468533163654,
   14.065833794500865,
   -13735.980471689396,
   1305.2998233099,
   -7872.107727889711,
   1701.1124446473555,
   2694.1379421548127,
   1581.7900153927494,
   -6943.060348662507,
   -1886.2763327660825,
   1947.1726703297747,
   2662.536163151658,
   5616.961013940617,
   3609.8969916795754,
   -8089.891488156818,
   2105.529341188734
  ],
  [
   -7845.906303909055,
   -4661.033107479183,
   2725.1693016731747,
   1521.664084485023,
   3460.7078789795355,
   2362.5377320032344,
   -313.8481529187112,
   -311.24230022150766,
   8142.858117617078,
   -909.4820580709561,
   -2149.1108248868545,
   -61.52041683982471,
   -3529.201507649083,
   -2373.9951124448007,
   3737.668130178073,
   -1756.8522443679224
  ],
  [
   -12228.047137836136,
   -7546.239175070218,
   -9708.29713818935,
   -8302.919962891721,
   -7690.74945310495,
   216.00287986039407,
   -3165.8744163706456,
   -2693.362905708034,
   -7263.57033122121,
   -3417.135756322072,
   1819.3628748076221,
   2446.410167472195,
   -1064.2232870762002,
   -9304.175519183678,
   -6336.70789206607,
   -6121.070183316635
  ],
  [
   -10125.07907543755,
   -2866.2503215681872,
   2374.933275287606,
   -9439.826544261776,
   -3341.144441576001,
   693.4444835298387,
   -4334.691510035764,
   -2405.275436325155,
   -94.98639963082749,
   -2403.890581446708,
   3694.654845095723,
   7.964357670913879,
   -3169.733144708995,
   -7471.797490600785,
   -3271.9777893375112,
   -6681.144028095825
  ],
  [
   7940.573868179347,
   2112.0846113247862,
   -6854.548646697222,
   7786.757220810414,
   17087.80445107443,
   -79.98580184778233,
   1317.733105379639,
   590.8485655325021,
   5542.333904235222,
   4166.898370114438,
   2386.408932539563,
   -2666.9125586195164,
   6324.289817665291,
   6480.474199733884,
   3727.5821505238314,
   1411.7640952124584
  ],
  [
   -5808.410914544395,
   -7854.082790175689,
   -11145.350504878645,
   -2283.009202543261,
   -3847.591168080738,
   -2303.518408156857,
   -3211.4054991075636,
   -590.8175493422877,
   1014.1063012471946,
   5632.229716407819,
   -916.9114360754264,
   -1552.6832411558485,
   -795.7222325351189,
   -1515.7777849911733,
   2911.3150971886103,
   -9225.061590867164
  ],
  [
   -2543.172035812902,
   -6779.514386922795,
   794.5771002151507,
   -2846.7211281289406,
   -1763.3633845321324,
   -1451.9635252353419,
   -1023.7474657952539,
   -579.060607393861,
   -4749.709185116532,
   -2745.3272697378047,
   -2069.102360030762,
   4.496090727636462,
   -8560.228246838677,
   -385.69371865708155,
   -3582.4582165656675,
   -604.1761346975459
  ],
  [
   7336.972188442941,
   10552.801301885162,
   1085.9424626544683,
   9303.289766996133,
   -629.264675615433,
   1214.071760068751,
   304.226849416218,
   -876.9966292135775,
   11662.175561892927,
   -3949.667623639707,
   4716.033279636397,
   -162.85245047256157,
   10714.645163153795,
   8512.61360348822,
   6897.57749243244,
   -1654.287575540666
  ],
  [
   5376.09884975751,
   2798.5270600185563,
   -7008.645044748595,
   8915.632781711176,
   -77.86397753927959,
   -4048.830622067837,
   2425.1211003362414,
   2081.8248377103373,
   1342.4656279748633,
   407.9451637386962,
   -2317.968724550526,
   -2240.521145157734,
   5250.127249595782,
   5040.424602440973,
   3515.0594068014348,
   -187.609423650002
  ]
 ],