{
 "input_nodes": 12,
 "hidden_nodes": 16,
 "output_nodes": 20,
 "epochs": 1000,
 "lr": 0.8000000000000003,
 "output": 0,
 "epsilon": 0.01,
 "synapse0": [
  [
   4794.612192264394,
   2309.30746175179,
   6168.7417752786105,
   -2064.3089434325416,
   9430.63109392086,
   -1116.5519450897561,
   -3827.818591009892,
   -1935.6427876953771,
   -372.06497972958306,
   -3146.095745017483,
   3577.288897073385,
   1229.225969854073,
   -3308.8131867906227,
   1239.6409973784757,
   9624.478126110658,
   3393.60110266464
  ],
  [
   -5944.451915307905,
   -2573.138896832934,
   294.11302831524824,
   -2835.2118299667045,
   -5916.74439376959,
   -2834.1677810927786,
   2843.279827883006,
   3388.1157936387526,
   -4747.38192962532,
   26.2771645696486,
   -1592.0315442413207,
   1520.596735685685,
   -3635.1969541585477,
   -4476.42803053817,
   -9126.285023733091,
   -917.4313976763578
  ],
  [
   -109.29748025543526,
   1865.456926125527,
   1673.3809641204746,
   -22454.05974901712,
   -25970.945787805842,
   -415.3298119441143,
   3133.626975722896,
   2266.012309460329,
   -27596.98370854911,
   -1679.427963403355,
   -4811.385000506475,
   -248.90223330890612,
   -4085.1756293045687,
   -9234.78657725371,
   -20263.402465705487,
   4665.212676701108
  ],
  [
   -334.0265402912903,
   -7187.392164341201,
   -6460.031208525541,
   1431.610642659023,
   -7633.628114061199,
   1627.459409662617,
   1969.6355024611346,
   834.7688491619658,
   -6133.680075052733,
   -2313.4401798871327,
   -240.73838455702372,
   2160.745594895318,
   3966.1882354550266,
   2534.8422348296067,
   -8644.677501019345,
   -672.5422563728039
  ],
  [
   -7134.027778007409,
   -6372.421995312761,
   -1065.8259228320835,
   -2345.0454756727004,
   585.3957177982351,
   1494.6940671670836,
   -149.3262116193815,
   -957.4393290191161,
   2686.4567708531167,
   -1090.2485405848686,
   -1506.3852820407908,
   827.4722986567767,
   -4768.713993834164,
   -5613.8109741196695,
   4418.577625560422,
   -1996.3177418973305
  ],
  [
   -9399.790648541672,
   -10461.460274673962,
   -6050.52381861777,
   -1978.84558867996,
   -3183.340007621295,
   1252.5970205198814,
   -2552.446611501784,
   -3283.529213077502,
   1449.6928326398436,
   -2177.7513082441405,
   1280.6996174702701,
   1402.1934506230125,
   -1123.3283243925823,
   -4612.397196532349,
   -7176.073872501989,
   -1485.1962569667776
  ],
  [
   -7597.522655713039,
   -3187.090464170896,
   -2036.3438027874295,
   -7413.556293382921,
   -5274.149833049949,
   1127.8750726050262,
   -2085.3305342975623,
   -3344.0434054434486,
   4844.8011144951615,
   -1584.8259992623478,
   3607.0190499881437,
   -158.68221859494062,
   -3126.544624448229,
   -7632.404280846319,
   -2534.771655133695,
   -3869.6977558336202
  ],
  [
   6586.31360113008,
   3439.638167109045,
   -5517.821741545385,
   8163.091314771702,
   8849.332363390262,
   -672.6018772413465,
   1344.319365136222,
   547.4987034795878,
   6139.648842703751,
   3661.889399538676,
   2687.594571338699,
   -2220.0685382945962,
   6760.599877504132,
   5640.383013441161,
   3251.8954539062393,
   729.5331050427857
  ],
  [
   -9763.02866386759,
   -8542.05773451492,
   -5007.0422913590955,
   -4126.030963788219,
   -6651.695199695612,
   1134.5796424421037,
   -932.6377520682017,
   -1197.7598518672228,
   -1664.6315052596674,
   3346.65199705385,
   -232.05128614387738,
   -2210.2774994206416,
   -3024.5092473389973,
   -5414.386540892464,
   1959.3797271405745,
   -2565.2375086594493
  ],
  [
   -1288.5077153112982,
   -2555.1538775659237,
   3651.5311556606757,
   -917.2251549740529,
   1574.9310705803293,
   -1005.2512264933924,
   -824.7777261879188,
   418.84399828366577,
   -3927.971490083512,
   -696.1112637192762,
   -873.3976575543938,
   928.0550980538028,
   -4898.243400867269,
   2293.997787150463,
   -1681.1872932702388,
   -418.7962027845594
  ],
  [
   7911.314375449337,
   10643.824393748077,
   -1868.292180136692,
   5691.793389036552,
   978.927626197062,
   -7.701371291450633,
   446.5570349657136,
   -552.6897359866472,
   9624.376403529579,
   -4154.101069531001,
   4236.293845681379,
   1981.744672836178,
   10651.487094112488,
   4488.659944739895,
   6441.636299915058,
   -4563.431877665576
  ],
  [
   1920.337405866942,
   810.9019754989323,
   853.7374804724982,
   8670.437119789574,
   2892.003965366243,
   -3250.949169899697,
   1428.1576078711612,
   1102.7400626887204,
   2083.8290496652353,
   -324.12053109154095,
   -3078.849213293827,
   -1231.4148577599506,
   3689.6405562153477,
   4835.433222110379,
   4040.0087620850527,
   -769.307599736463
  ]
 ],