{
 "input_nodes": 12,
 "hidden_nodes": 16,
 "output_nodes": 20,
 "epochs": 1000,
 "lr": 0.6000000000000001,
 "output": 0,
 "epsilon": 0.01,
 "synapse0": [
  [
   2960.101369723477,
   3509.7251752137036,
   4688.367524864331,
   -1454.5648211161483,
   8374.640736269936,
   -872.6235199491354,
   -3195.927703454277,
   -1548.8869861409241,
   294.0117391675374,
   -3659.0698411343105,
   4052.166611441696,
   797.6648088360573,
   -2829.605457987204,
   1795.2746698027008,
   9373.050856938864,
   3689.005378801282
  ],
  [
   -4964.752854198906,
   -3744.588145157994,
   1517.1443273677012,
   -2486.8274720651248,
   -6985.733984103988,
   -2718.5234912191495,
   2530.3190743115165,
   2347.000832504974,
   -4456.926512446689,
   222.18587566480537,
   -2237.1529972245594,
   1702.6470642634729,
   -4169.352855800023,
   -3373.7068530937554,
   -8684.755837755974,
   232.6925233508749
  ],
  [
   -2345.9771342821527,
   3626.473711435349,
   -1869.7689260467714,
   -21045.038629330993,
   -23040.894228779798,
   -229.3975500504525,
   2579.686552568702,
   1264.9335151875819,
   -24493.68148299567,
   -1423.83698839909,
   -4988.891391984052,
   -3.457121680657676,
   -4477.57204454302,
   -8799.852056328768,
   -21977.637118730996,
   4525.040597830333
  ],
  [
   -1460.0452894904238,
   -8357.599903463872,
   -4901.377989249322,
   381.6480802981288,
   -6050.0896673889665,
   1791.2251959074258,
   1648.915639276229,
   -46.11584167799,
   -5654.440654526751,
   -529.1385368146963,
   -555.7393720914472,
   2317.7610647103334,
   2482.063866693053,
   34.606173333812954,
   -10763.065268655508,
   -1295.9610546437527
  ],
  [
   -5286.200374493123,
   -6335.119234237287,
   -1433.4117402421489,
   -1361.8090232404122,
   88.14553416990083,
   1548.7814474783036,
   261.8166557113192,
   -4.131297283648304,
   3527.4005666971852,
   153.8203891230075,
   -981.4790696002481,
   285.38928412962997,
   -3098.6395398795376,
   -3618.625051784464,
   5225.4309671920455,
   -890.3377974410683
  ],
  [
   -7949.3161085245065,
   -12523.532248072379,
   -3210.3166189750323,
   -2442.8337223059466,
   -6100.702222691243,
   939.2820543280403,
   -2449.088800348192,
   -3496.1649031569746,
   -65.1441813860927,
   -948.6611869386617,
   1204.7072158697054,
   1202.7666331964206,
   -1279.1409391923355,
   -2784.317217007515,
   -5309.185596456052,
   -828.555390640348
  ],
  [
   -7202.272013159057,
   -3763.3698782599336,
   -1641.3167118986798,
   -6994.838929464229,
   -8215.659367190385,
   1145.872287511682,
   -2171.9500764279264,
   -4090.3013399577862,
   3874.258928730915,
   -1572.940692668588,
   3368.9762540535617,
   -128.00551017369486,
   -3582.5933745796174,
   -5264.550028892569,
   -1596.492948078079,
   -2743.7079896279533
  ],
  [
   5172.52310674268,
   3312.1069965558945,
   -5386.252012167336,
   6985.860519994686,
   8135.440814401366,
   -654.8606442359383,
   785.2236360620118,
   -70.10299005359362,
   4564.836063168033,
   790.4833818593925,
   2528.8340750866473,
   -1619.1898504444193,
   5586.1783987139515,
   3250.9041746663056,
   3507.0746088689,
   72.58014024131593
  ],
  [
   -8610.448514437041,
   -9800.096260268041,
   -2488.2341485732263,
   -3936.777112541103,
   -8349.159824619604,
   1326.484842884574,
   -1384.3543798452731,
   -1614.0758383668535,
   -2158.989524037709,
   2087.850782012192,
   -411.3955237244502,
   -2101.991527703341,
   -3453.3277547627636,
   -4684.410832729416,
   2676.2994487474243,
   -1683.1259101789267
  ],
  [
   -804.220848590992,
   -1520.764840217911,
   3330.084519213719,
   -563.8737265634817,
   2704.6822299854543,
   -889.8270510386496,
   -129.92708423577454,
   704.2232147436441,
   -3229.8551143836708,
   -890.1708627614456,
   -446.96595709820724,
   729.659556206026,
   -3874.128930796381,
   1951.455886995882,
   -1886.8135138163448,
   -441.8237175412016
  ],
  [
   8957.361245788014,
   9137.498971842826,
   481.47469122531334,
   4599.958437567728,
   2409.812410723344,
   -112.95654085684633,
   209.33229294552868,
   181.29364423114896,
   9316.92403663719,
   -441.63883245010226,
   4099.641127070134,
   2347.092934042745,
   10646.733994624343,
   4585.989570232939,
   6758.131386934455,
   -4678.005279229083
  ],
  [
   2517.3929031773387,
   1014.6395309681069,
   1493.5457836023552,
   8525.815300354045,
   4585.407007500106,
   -2773.089223297303,
   1474.5570398266645,
   848.6909129761526,
   3331.6379529866285,
   160.00704160729313,
   -3030.5438228034345,
   -1197.3539166091427,
   3864.1414695911067,
   3275.004978290596,
   2700.023613352373,
   -904.9033388134762
  ]
 ],