{
 "input_nodes": 12,
 "hidden_nodes": 16,
 "output_nodes": 20,
 "epochs": 1000,
 "lr": 0.7000000000000002,
 "output": 0,
 "epsilon": 0.01,
 "synapse0": [
  [
   8787.658004819545,
   -678.6933430497726,
   13795.749139253052,
   3055.352709710378,
   6331.316223907806,
   -1671.1578127023333,
   -7062.95247097076,
   -3749.1643965352564,
   6962.378876298712,
   -4982.028061018249,
   4658.005033670075,
   1307.3172959602814,
   -2866.957895342382,
   6016.9030672624,
   8919.066008250404,
   2134.141273307724
  ],
  [
   -505.3565034487335,
   -1048.0038157654114,
   -8115.4231845702725,
   -10822.822532071063,
   -7100.896490971794,
   -8509.40502301175,
   2870.218189933673,
   3073.9531392299878,
   -12145.87129891261,
   422.18101695132265,
   -3928.0127267675484,
   2847.6487808622696,
   -6995.924562513105,
   -13714.051448054535,
   -7911.990428706221,
   -5413.7843099486945
  ],
  [
   1441.4844778840998,
   1358.6235617145858,
   1733.375035813346,
   -35639.45151451528,
   -27061.466454713336,
   4441.546274526622,
   6869.933815989156,
   3207.6352664806623,
   -44752.554809221394,
   -945.816282020798,
   -5248.309096892832,
   -299.315418693894,
   -1136.5486259898598,
   -20328.415546544453,
   -25863.103977090195,
   3752.8246882578624
  ],
  [
   -11808.109586353394,
   1963.301776754074,
   -22650.934537836783,
   1971.9551598703454,
   -3778.787948890976,
   6385.816452374054,
   6080.408324092641,
   2309.450246840621,
   -11730.27994739913,
   -1420.763392465455,
   634.8538677813872,
   3453.8473354186212,
   5921.599036560701,
   -1362.2969003375204,
   -8950.021465611102,
   2773.1257808647833
  ],
  [
   -10086.545231216505,
   -7949.524593026721,
   8947.433889339736,
   1806.3194465888594,
   5798.599384609367,
   4691.28717889562,
   -618.5447211760115,
   -596.0010959812919,
   11921.794444817142,
   725.9573598371118,
   -3001.500132721951,
   -469.7162880367924,
   -4120.901737164994,
   -6121.015653766814,
   -4994.983380703857,
   -2679.8479251807244
  ],
  [
   -4321.157311919599,
   -8943.409250275581,
   -10236.903657555746,
   -984.6637463729635,
   -14549.735374634072,
   -3403.8741349537127,
   -3808.3055899707347,
   -2575.2368802085666,
   -2472.948500032792,
   -4545.891333835326,
   3977.9612124155956,
   1733.8824581526255,
   -1964.6320581284754,
   -10080.745452697194,
   -802.8586887251633,
   -8635.340870087357
  ],
  [
   -6272.188188777549,
   -2327.3736501637786,
   920.2200802820624,
   -2011.640097780436,
   -5713.0370609157535,
   -5260.142527915776,
   -5820.807266922497,
   -2951.911767878306,
   3373.3877895739674,
   -2731.7045058790127,
   2431.851623325987,
   -123.03213701031163,
   -5286.045218717385,
   -10930.92668290281,
   -4514.730845042108,
   -7045.608656123666
  ],
  [
   1542.7282896509255,
   3381.445502922896,
   -9473.490257504089,
   16976.438882042406,
   15357.216905433435,
   1827.8057097858584,
   2670.040233530572,
   976.4385497042922,
   2464.023426022751,
   5262.517483022385,
   -105.65408654930377,
   -2467.664905954551,
   7322.133192702532,
   10208.054600003452,
   5961.078578186173,
   3139.7972095905893
  ],
  [
   -7700.250189730677,
   -9845.56654741986,
   -13747.768098760062,
   169.90734687268778,
   -1156.6168886147125,
   -4791.447427828912,
   -3287.8032138351878,
   -57.111443815592864,
   3899.9816275577964,
   6049.815292259802,
   -4363.699059547703,
   -1300.8016706677313,
   1236.3421476873223,
   -10245.582379436875,
   -2405.6460225994024,
   -10207.515025781138
  ],
  [
   -140.0838286973186,
   -805.4332707011243,
   -2155.6257463062084,
   -12603.870345956,
   7510.4173283812515,
   -6786.320078905886,
   -1594.932386028646,
   -1477.017727178504,
   -5439.524958972184,
   -4688.848911781517,
   -3742.182172736998,
   1867.3550293313626,
   -9927.62283041411,
   3071.4125930647324,
   -1792.546182010234,
   1294.1680931468447
  ],
  [
   6413.176621845106,
   10748.37669049359,
   4591.066324763715,
   18583.0636712937,
   -5905.603702582009,
   5625.075612094334,
   808.5968996701278,
   -1810.7393569114138,
   19388.626688752982,
   -4008.1316355245403,
   4732.2549130613215,
   -1732.5192507068298,
   11257.023811538098,
   5069.934344276702,
   2186.8740355584414,
   1076.2841515932828
  ],
  [
   -272.41004925744267,
   7102.202451420519,
   -18026.940810475993,
   6784.793962773157,
   1153.8753045965411,
   -10265.62733370703,
   1559.4452869682616,
   -1158.4337813310017,
   5499.8877194476845,
   94.57006920804932,
   -5826.9083930637335,
   -2001.30917940294,
   1307.0525348961912,
   3396.679204241298,
   2215.1601787701047,
   2745.883127520683
  ]
 ],