{
 "input_nodes": 12,
 "hidden_nodes": 16,
 "output_nodes": 20,
 "epochs": 1000,
 "lr": 0.20000000000000007,
 "output": 0,
 "epsilon": 0.01,
 "synapse0": [
  [
   -1649.0608669724438,
   -15814.097562315494,
   -5011.575602698163,
   3169.774361348075,
   -7422.162628155617,
   -3704.861327135863,
   -10739.750404781087,
   -8452.593826019947,
   -5132.249996720701,
   -16171.862404323741,
   -483.9414408864613,
   7420.392314435029,
   451.4443829661512,
   -18928.405168931717,
   -3748.689360448299,
   1771.6215489726885
  ],
  [
   838.6949504903386,
   -30959.930345895715,
   6695.956834388658,
   -43153.8605632346,
   -15066.39858341848,
   -2282.7199700083565,
   4119.745713637403,
   107.06149719822415,
   -5612.807869216387,
   10993.595160179622,
   -24506.49348519792,
   -3810.528236555766,
   3212.6319605643716,
   19272.43126231555,
   1674.3682074066517,
   -4265.438817361014
  ],
  [
   -19681.824398370387,
   -72043.8036756322,
   -13197.996866030233,
   -15589.560266327098,
   26386.180158055413,
   -165.23113842731826,
   17067.70400093746,
   -9296.996008713828,
   -39545.588468008966,
   -2485.000873153233,
   -44555.6488049847,
   -19648.36085598512,
   -71.17111761815698,
   31937.283165692537,
   -2336.9407569955447,
   5926.64038463805
  ],
  [
   -7319.240383377611,
   -234807.4658339765,
   -4893.2230603189855,
   -8989.743790648225,
   -178908.18134647654,
   -1114.6791659019536,
   -27238.393285516704,
   -40140.44866733841,
   -54562.23709125777,
   -73063.02562111426,
   -76399.53396917717,
   -23217.697349993556,
   7044.660231969951,
   -10742.866728538433,
   4765.681803012236,
   1135.2036627094358
  ],
  [
   -16084.091597794391,
   -130969.19146167634,
   10710.418086462967,
   -73953.6905622805,
   -2888.651841135408,
   3920.5203133852638,
   -56348.61259494696,
   -27324.092370403574,
   5922.867687621797,
   -25881.61049557801,
   10804.68665131302,
   -84296.18279266902,
   2803.262262168481,
   -18163.792029514207,
   2071.126061940737,
   577.5760931386031
  ],
  [
   5238.653353601438,
   -31277.482109051733,
   -14982.200075169347,
   -24496.62983984808,
   -8670.353706808095,
   102.76325602786868,
   -40446.13880814812,
   -17467.19129116482,
   -22797.025252234624,
   -2632.25726561284,
   -31817.746519139848,
   -37337.1959103808,
   974.5679941753705,
   7755.4823375825345,
   3407.019636846739,
   3173.1410289876644
  ],
  [
   33.186100501057716,
   -97195.71333681773,
   4110.258086772887,
   17865.516172597996,
   -26228.537248985143,
   -536.587878386798,
   61707.05357198432,
   -9910.364785621634,
   41632.918432238796,
   40947.31484471079,
   37131.13163700917,
   -6949.582668078039,
   -5546.226337692469,
   10316.6227740557,
   328.77866955888095,
   91.77851553305136
  ],
  [
   4851.017023172951,
   -116501.45253859887,
   -7661.554199610873,
   -82374.40652335901,
   -56323.314428982994,
   -50.644854261406834,
   -31610.769606530546,
   -14733.515078113645,
   4511.125170111715,
   -11603.28967616319,
   22396.394797865367,
   -28796.723721126913,
   -6734.24134116459,
   -39504.51076822428,
   2397.0509958855064,
   -5048.911931839367
  ],
  [
   -3593.196270152251,
   32771.152736702315,
   -3668.130417131203,
   -20140.624602379707,
   7675.403233820705,
   52.14155579551001,
   -6634.375227333944,
   21915.72364145099,
   -40821.14366792003,
   -87336.14406829055,
   -32831.89635956326,
   26047.509372922676,
   -53.73953140173289,
   -34315.61780111594,
   -2568.826540891879,
   -1873.9685933767628
  ],
  [
   2357.5010679181128,
   -1620.0577828107157,
   -203.06597575537083,
   -53805.79046345057,
   33873.15043265601,
   -332.04199216052274,
   -94790.119212901,
   -179.12008729310136,
   -36506.32089336506,
   -68121.89133470382,
   -37113.03122445326,
   -66737.84385353298,
   4247.264595979324,
   -19542.845888528536,
   3492.3496196229685,
   -4817.056703033188
  ],
  [
   2826.720212513114,
   30328.370574102937,
   -18654.116120253893,
   4340.619147960524,
   18601.94225774649,
   5558.845017941919,
   -5214.330980691349,
   -2935.993242600875,
   -5670.797208191927,
   -46345.362870601384,
   -4991.986852634256,
   -12117.410553455338,
   -11184.61308676353,
   -26382.088333099487,
   -4531.71379905552,
   -422.58591057165074
  ],
  [
   2523.8400777913575,
   -247146.95888387406,
   -9685.669927976563,
   -67749.9817817299,
   -116198.90205842459,
   -410.4980769755141,
   -6979.483461273907,
   -55840.914186560236,
   -36255.36866100996,
   -2785.0566557028483,
   -78577.9361529089,
   -21350.362969694615,
   2237.8666098612975,
   7745.255398938205,
   193.29632747332204,
   -2051.391207531841
  ]
 ],