{
 "input_nodes": 12,
 "hidden_nodes": 16,
 "output_nodes": 20,
 "epochs": 1000,
 "lr": 0.55,
 "output": 0,
 "epsilon": 0.01,
 "synapse0": [
  [
   -1728.4487440224952,
   -16212.232342259504,
   -4608.848130371787,
   3799.212044424132,
   -6877.309794683771,
   -3606.7828679955574,
   -10881.717272616443,
   -8255.564369997033,
   -4271.652316567081,
   -15565.530327607952,
   636.2339140400644,
   6979.310579771693,
   477.9084148155878,
   -18783.81487302712,
   -3715.870181384636,
   1666.2783419191699
  ],
  [
   857.8940850606522,
   -31660.79505962676,
   6488.146563914668,
   -42197.39911712412,
   -16313.081509517391,
   -2308.92832303697,
   4462.532913593716,
   -907.071641535551,
   -6045.056207738735,
   10153.326531150646,
   -25225.097788093466,
   -4018.954841752239,
   3100.901615079449,
   19268.298723017313,
   1658.5352484611544,
   -4134.5371451471765
  ],
  [
   -19596.516213508723,
   -72365.7323727236,
   -12062.810692946658,
   -14204.098020740992,
   24513.129682671915,
   -105.51627752624947,
   15515.120168802221,
   -9376.108595971658,
   -38857.63701691971,
   -2930.320071990761,
   -44676.63180150542,
   -20125.346837041387,
   -57.87809937234635,
   32262.572179694645,
   -2378.380532060831,
   5863.5711026544595
  ],
  [
   -7224.78593173878,
   -229560.92678226967,
   -4263.530089345122,
   -6537.810547695191,
   -171259.30627258265,
   -1171.5241876703526,
   -25981.742113572458,
   -35405.89278943353,
   -51698.07923378508,
   -71550.54568368802,
   -73940.39657797666,
   -20728.65056455375,
   7037.474316706511,
   -11462.752693116963,
   4690.144996048621,
   1279.2995385273798
  ],
  [
   -15990.788945258852,
   -128770.3087191862,
   10376.480089721399,
   -72786.73970627788,
   -2476.11062933413,
   3954.0952706036824,
   -55745.2563193046,
   -26383.288524800173,
   4701.980080624218,
   -27072.610159496144,
   9853.482176303041,
   -83325.52171624222,
   2670.4407547795763,
   -18414.67812520157,
   2004.7965521692852,
   481.51677089427494
  ],
  [
   5415.299781471737,
   -30389.214883462537,
   -13559.359066652105,
   -21252.016729117357,
   -8444.507568620074,
   64.86545782099564,
   -39471.551457033405,
   -16173.437616415726,
   -19625.364565565997,
   -1486.0590405588823,
   -31688.995822775512,
   -35993.44579865486,
   1026.7682758710594,
   7834.792626564043,
   3364.676902413479,
   3123.2397823097917
  ],
  [
   54.12949784353328,
   -95696.19235356618,
   3903.0007133931645,
   17867.978159802668,
   -27993.932925386023,
   -776.071248268777,
   59414.4892711501,
   -9029.790692254981,
   39991.953698514015,
   39673.53112012309,
   35953.829161759764,
   -6414.232724643187,
   -5453.35568739125,
   11274.521284911092,
   426.3589039658183,
   190.41927856551393
  ],
  [
   4721.996883114447,
   -117376.63414301198,
   -8255.34455235971,
   -81357.15253302395,
   -58041.79096658103,
   -55.386158558289175,
   -31140.340511602175,
   -15282.925427223783,
   4693.1425132467675,
   -11135.54498749374,
   21495.4930319486,
   -28149.85600780844,
   -6736.293177089572,
   -38625.67979167905,
   2433.588088862366,
   -4828.896054440241
  ],
  [
   -3653.7533037605413,
   29026.70761021077,
   -3405.2439265374637,
   -22357.249855793987,
   5119.640142582665,
   206.67588564719972,
   -7006.8464242076,
   19325.628354733977,
   -40242.52214807996,
   -84555.57599838663,
   -32792.8216795043,
   24368.37601550741,
   39.401826685198394,
   -34231.30970975162,
   -2746.841151775147,
   -2034.5131101129161
  ],
  [
   2419.2194929320567,
   -3122.967040189741,
   -638.0673377105526,
   -52748.32519093473,
   31076.575480681895,
   -382.4254289265999,
   -93272.08139915614,
   -1368.2635310431851,
   -35884.91480173698,
   -67563.59287453745,
   -36868.65621691891,
   -66459.6373977853,
   4146.225401666997,
   -19468.829536765094,
   3606.053589639043,
   -4746.244160474885
  ],
  [
   2785.498346995344,
   29807.939922966267,
   -18630.586218381086,
   4011.776900549007,
   18253.07771724053,
   5547.553098364036,
   -3996.72951427957,
   -2725.2144720884135,
   -4204.119625160419,
   -44077.091089734524,
   -4177.6323415352235,
   -11609.909896274114,
   -11077.080377994811,
   -26173.703161924048,
   -4550.355117886136,
   -401.9485592056533
  ],
  [
   2619.7109594849917,
   -243019.27121417667,
   -8791.292533247046,
   -65382.97289193799,
   -115460.20709943879,
   -538.6863603311093,
   -6756.066089104617,
   -52792.34918013715,
   -34061.94671453394,
   -2553.8210743645527,
   -78123.09921733613,
   -18712.11019226703,
   2220.1430385471067,
   7652.91748490689,
   284.4736805259188,
   -1908.8727225428174
  ]
 ],