{
 "input_nodes": 12,
 "hidden_nodes": 16,
 "output_nodes": 20,
 "epochs": 1000,
 "lr": 0.7500000000000002,
 "output": 0,
 "epsilon": 0.01,
 "synapse0": [
  [
   16.343968785544646,
   -18.322130476107876,
   -1.4315243459756983,
   -11.036531601901757,
   -0.6828504778081911,
   -28.544700976290095,
   26.27853605066685,
   86.09886804551708,
   21.965006806217215,
   -43.34363002864396,
   -9.794916450248158,
   31.053243511727956,
   20.49455471428935,
   -2.7802211079255943,
   -4.225828946973295,
   -31.940654361813706
  ],
  [
   -17.530244328891317,
   -79.47164784472983,
   -69.45666032480139,
   -46.37509554390566,
   -3.322523503230498,
   53.93057410877027,
   -17.40276577515678,
   -200.94013552293234,
   -63.0250436114824,
   34.205050815944404,
   -34.52093707443137,
   -36.99022032354467,
   36.56568690871392,
   7.6654539217691,
   -87.15937756940204,
   94.34599451233707
  ],
  [
   7.6246194873213495,
   -44.39181986873415,
   -0.18163785689377554,
   11.802966993914112,
   0.10837381888465755,
   -53.96593445237813,
   2.0515555054626344,
   -77.49189151478218,
   -88.30406531574647,
   41.8054768563443,
   7.55278653385153,
   -58.913354002644404,
   -64.82361783656052,
   -6.857034618734589,
   -91.12751309604434,
   -93.3588493622483
  ],
  [
   -13.856589240293586,
   79.36013679435739,
   -17.03917692621278,
   28.497331444869538,
   122.16397161158437,
   -131.41819030209916,
   19.14864715276369,
   164.22322072098595,
   -5.396619746112453,
   -160.72397558197187,
   -30.664100648981876,
   123.79262396584524,
   84.85343439117658,
   1.0712735306644678,
   88.90042679478046,
   -80.56178625311885
  ],
  [
   -17.78038512025801,
   -1.3574334482397878,
   -47.29110779443015,
   -11.293002006573005,
   -21.600820910395942,
   -77.96137533949924,
   -38.77986723021266,
   18.1356286173071,
   14.506747138633395,
   22.451884290397793,
   -71.8534620260996,
   0.06810159154609154,
   -2.566224209142216,
   -163.18911175826233,
   -22.963825680487194,
   -129.56547676629103
  ],
  [
   -1.1134066805802005,
   7.029275556507286,
   -48.47410916822659,
   5.700582672078406,
   -25.908226457581453,
   -39.67667406703009,
   -46.85640891808945,
   -11.104740686571125,
   31.30700554897762,
   4.499062167920904,
   -37.66453631799539,
   -7.242793089938207,
   -6.380319648232093,
   -94.27191648193904,
   -11.572254591749232,
   -85.15589251511429
  ],
  [
   23.113100043297873,
   15.071123336154162,
   -48.3562973317298,
   17.616209872697883,
   -28.149108819580434,
   31.58388612568819,
   -34.816586912316026,
   -77.62558756883725,
   43.332391427365636,
   -31.084722918636242,
   40.969217629342,
   -8.150254462112043,
   -18.072256612434174,
   19.928751303051133,
   -5.56326896509165,
   10.097580631339397
  ],
  [
   8.420175862624145,
   7.057884421134694,
   -47.8262290709916,
   0.1791903232639987,
   -24.635664905083217,
   -5.236593554044291,
   -25.480686647480223,
   -48.879348136153006,
   25.344815379843006,
   -13.29253939476029,
   4.6633205251825105,
   -1.7795832359204948,
   -10.894334757647055,
   -48.61262544328438,
   -16.62778956221603,
   -33.47765028251236
  ],
  [
   -18.80905666724782,
   -1.341173291633997,
   -47.87428171886097,
   -11.654813253235137,
   -22.35687500314633,
   -76.50216843288761,
   -38.44880661554474,
   18.130831792146427,
   13.471729886878409,
   22.03118323942689,
   -72.8810936132157,
   -0.16842663981564426,
   -1.200862764286346,
   -162.37913293616194,
   -21.86921185191294,
   -129.88625562869387
  ],
  [
   -1.4269373507341667,
   6.787723309374296,
   -47.20412049269768,
   4.119538072269355,
   -24.902640982707542,
   -38.98472717130417,
   -46.888310241612224,
   -10.580917210606719,
   30.91585806490766,
   4.01876558590169,
   -38.02337410054335,
   -7.446429438353402,
   -5.966388256080347,
   -95.46170769191512,
   -12.219337540853584,
   -85.49163169869217
  ],
  [
   9.444428132113323,
   14.80992305805875,
   -77.51565455037067,
   8.227351805232477,
   -40.55161204539633,
   8.149780484293895,
   -50.49339084129564,
   -84.39540626352574,
   43.75445206622438,
   -19.847144044031378,
   16.107287348192827,
   -3.0617850456962326,
   -20.5567992409806,
   -42.32064422978168,
   -19.424552628198377,
   -9.115001399203651
  ],
  [
   18.81904513691609,
   7.338410532272956,
   -38.61076791782705,
   8.958837743248635,
   -23.75005520180097,
   -32.70935320392549,
   -30.113311213934605,
   -15.701100951897224,
   37.87204770417793,
   -12.139819587912234,
   -20.098218346467906,
   -14.701122795970036,
   -6.831179913745758,
   -83.71613126284589,
   -13.731047765157985,
   -122.53606830724073
  ]
 ],