{
 "input_nodes": 12,
 "hidden_nodes": 16,
 "output_nodes": 20,
 "epochs": 1000,
 "lr": 0.5,
 "output": 0,
 "epsilon": 0.01,
 "synapse0": [
  [
   18.631038199953913,
   -13.582365637235261,
   0.7743821550943433,
   -16.672729500649854,
   -2.764788240296266,
   -32.75722269039946,
   27.366648654178498,
   90.53360991312074,
   22.273044773205438,
   -50.54474577045579,
   -12.252533960708305,
   29.197976508344794,
   15.45046141766809,
   -2.651487846143583,
   -3.064368762431147,
   -25.94741781354617
  ],
  [
   -8.754823685356996,
   -84.76236801250796,
   -70.82454202218729,
   -52.19066731941444,
   -3.7743544494960783,
   55.092013287603514,
   -19.015483023428086,
   -210.5886903441522,
   -63.64158115046459,
   36.19896349352228,
   -35.383763214671056,
   -35.2416192155815,
   46.308751319732444,
   7.001765708642506,
   -97.91915538165648,
   103.35983276313272
  ],
  [
   9.163302374074382,
   -51.27101287469899,
   -0.25935332766495256,
   16.157886399229334,
   3.01171718781029,
   -52.557531127196576,
   1.7121010630189972,
   -82.31199270602734,
   -95.43814533452009,
   50.030242355064374,
   10.832251121862864,
   -58.46117405378425,
   -66.22490293135009,
   -5.84675592044459,
   -96.90233797850645,
   -103.77336604060392
  ],
  [
   -17.943087288291906,
   91.93440585906285,
   -16.233364292355667,
   25.02366571377391,
   117.99646044462341,
   -138.28313267080543,
   16.619931953286837,
   165.0183191789507,
   -5.619242618043341,
   -172.44828604511412,
   -30.487414932610836,
   123.38659028507712,
   92.29967751101383,
   0.8998627713273224,
   83.03365211495493,
   -73.93619800482712
  ],
  [
   -31.24270193922214,
   -3.072860725598548,
   -49.63117737564644,
   -8.148922587067865,
   -20.614131006625882,
   -72.39531190579595,
   -43.405310565510355,
   20.15923382037993,
   18.778186783858168,
   33.87658845340629,
   -77.20863541845394,
   0.4857531294702425,
   -5.756490141447582,
   -181.48022327586264,
   -18.546164915458576,
   -147.30579474104252
  ],
  [
   -8.046639800550997,
   6.5616722893431545,
   -48.0541287363426,
   4.6391072061702,
   -24.94068169673233,
   -33.88105062986535,
   -54.2931110165056,
   -12.565962257729693,
   32.10409685877511,
   1.5209119277112102,
   -40.426733358262524,
   -5.70521797791587,
   -9.412462072941313,
   -96.32594946859459,
   -11.224978774411865,
   -80.67840874704433
  ],
  [
   25.92882458807723,
   15.312435575810749,
   -46.5099234222815,
   16.62835849618945,
   -28.719990855713434,
   32.644452620548684,
   -40.27845320707207,
   -80.68684766052507,
   43.41546945976405,
   -40.68102045769663,
   43.06989487686673,
   -9.05339942514868,
   -22.37886157892923,
   33.27252355410385,
   -6.289079389476807,
   24.477062558417543
  ],
  [
   4.706816708410053,
   6.0513726505967,
   -48.73990517464399,
   3.3968938321689945,
   -25.18740179829533,
   -4.405587062645332,
   -28.131294179118008,
   -48.45578145360849,
   28.902241747668253,
   -8.485982530602325,
   4.171021420619851,
   -3.8026517730553624,
   -15.35906323173826,
   -51.505931723177326,
   -13.283215038909997,
   -41.31597009825512
  ],
  [
   -32.27137348621199,
   -3.0566005689927573,
   -50.21435130007726,
   -8.510733833730002,
   -21.370185099376272,
   -70.93610499918432,
   -43.074249950842436,
   20.15443699521926,
   17.74316953210318,
   33.455887402435344,
   -78.23626700557003,
   0.24922489810850498,
   -4.391128696591695,
   -180.67024445376225,
   -17.451551086884322,
   -147.62657360344537
  ],
  [
   -8.360170470704976,
   6.320120042210164,
   -46.78414006081369,
   3.0580626063611804,
   -23.93509622185842,
   -33.18910373413943,
   -54.32501234002837,
   -12.042138781765287,
   31.712949374705143,
   1.040615345691995,
   -40.78557114081048,
   -5.908854326331065,
   -8.998530680789555,
   -97.51574067857067,
   -11.872061723516216,
   -81.01414793062222
  ],
  [
   8.173664646563422,
   14.183248821509235,
   -78.35070912032312,
   12.641546121747314,
   -41.75123393087368,
   12.4655858788539,
   -58.95172538921571,
   -84.93186018070286,
   48.35232647665103,
   -16.835311841138477,
   15.71697310595588,
   -7.886026419264574,
   -29.894718707376594,
   -47.43734026245313,
   -14.862113726563802,
   -12.41246520079124
  ],
  [
   9.816345224396212,
   6.352444436788204,
   -36.501656643892524,
   4.516529285612423,
   -22.05762249255496,
   -32.82276107822218,
   -31.396425574541936,
   -18.303541415299094,
   36.67132096117025,
   -21.124818044652322,
   -20.963707863862034,
   -8.464346974117412,
   -4.423545320340289,
   -67.97961249289156,
   -16.54531112886292,
   -112.7608146404028
  ]
 ],