{
 "input_nodes": 12,
 "hidden_nodes": 16,
 "output_nodes": 20,
 "epochs": 1000,
 "lr": 0.8500000000000003,
 "output": 0,
 "epsilon": 0.01,
 "synapse0": [
  [
   17.0206043052419,
   -17.268030889147127,
   -0.7165893653558605,
   -12.426612925041223,
   -0.9536997328868901,
   -29.73932595192036,
   26.971444823575162,
   87.19253045116321,
   22.174874337365996,
   -45.43919876705683,
   -10.626304740912168,
   30.600555887112122,
   20.175137351922082,
   -2.672920737715815,
   -4.078274626613803,
   -30.130579808014115
  ],
  [
   -16.137669011609955,
   -80.35466232715059,
   -69.87424553393464,
   -47.408186002461896,
   -3.9793458821660628,
   54.378042858696666,
   -17.107034747866678,
   -202.92965912890162,
   -63.34591744882798,
   35.43556554177252,
   -33.79521686920337,
   -36.377692690925045,
   37.109498271369645,
   8.417403448619275,
   -88.76270384260653,
   95.26685803729742
  ],
  [
   7.998168969299317,
   -45.61142166429435,
   -0.1005739341641943,
   12.474984266189447,
   0.15844556159548343,
   -53.25003422243944,
   1.9726507791653205,
   -78.54185159230256,
   -89.29744943912625,
   44.522260085291,
   8.219681571607476,
   -59.56319147988669,
   -66.1003345239978,
   -7.603180986247994,
   -91.73190631385233,
   -94.249739396435
  ],
  [
   -14.516400911762796,
   80.88975748217801,
   -16.545989740446153,
   26.782842866745266,
   122.38540377078947,
   -132.20784255643866,
   17.613946843992824,
   164.17350150607098,
   -3.7786077216036342,
   -164.6671257228003,
   -32.37055332460383,
   123.99787983419075,
   88.2454581734189,
   1.6469314552133985,
   88.0373166906902,
   -74.87362429530333
  ],
  [
   -19.219769606341647,
   -1.7184496515589864,
   -48.060952432432124,
   -10.067774857587514,
   -21.216660236387618,
   -77.24137129368196,
   -40.266325920777604,
   19.25575774176515,
   15.977637547500215,
   25.005404749616076,
   -73.69246062500338,
   -0.4345386181555617,
   -2.5518386053581787,
   -169.11803264138612,
   -21.655401106822247,
   -132.95232487951446
  ],
  [
   -2.945421315109798,
   6.831871223267257,
   -48.69949553354588,
   5.482645724033394,
   -26.052202088517237,
   -38.13134552960533,
   -48.07203564210356,
   -11.714209352611098,
   31.575016192246174,
   5.4876771102876845,
   -37.80467560789082,
   -7.002224497451418,
   -6.782851143945125,
   -94.63651743186028,
   -10.92417509051216,
   -84.85907441213331
  ],
  [
   22.563105650237624,
   15.194695146072869,
   -47.709983533436095,
   17.086845179723138,
   -28.624154201897042,
   31.79912203018426,
   -34.6883969986066,
   -78.83760598478577,
   42.92503859598826,
   -32.65895668296847,
   42.78494968173947,
   -8.023653949504714,
   -19.208924732894676,
   25.574944831787537,
   -5.495467586750788,
   12.813837115240764
  ],
  [
   8.262811618009822,
   7.017844360974227,
   -47.72437354538059,
   1.0929897273197773,
   -24.582573982455777,
   -5.846682141155807,
   -25.6233287003217,
   -48.36176876160326,
   26.14034231406387,
   -13.301867642241076,
   4.780193268571767,
   -2.396191525501616,
   -11.6140857786105,
   -48.53075184775124,
   -15.899643111447253,
   -34.44506001481531
  ],
  [
   -20.248441153331456,
   -1.7021894949531955,
   -48.64412635686295,
   -10.429586104249646,
   -21.972714329138007,
   -75.78216438707034,
   -39.935265306109685,
   19.25096091660448,
   14.942620295745229,
   24.584703698645175,
   -74.72009221211947,
   -0.671066849517297,
   -1.1864771605023148,
   -168.30805381928573,
   -20.560787278247993,
   -133.2731037419173
  ],
  [
   -3.258951985263765,
   6.590318976134267,
   -47.42950685801697,
   3.901601124224347,
   -25.046616613643327,
   -37.439398633879414,
   -48.10393696562633,
   -11.190385876646692,
   31.183868708176213,
   5.00738052826847,
   -38.16351339043878,
   -7.205860845866613,
   -6.3689197517933795,
   -95.82630864183636,
   -11.571258039616511,
   -85.1948135957112
  ],
  [
   8.175993135010241,
   14.624748226142415,
   -77.5563181233796,
   9.455906286345602,
   -40.98256386684108,
   8.994095377829236,
   -51.457144801153284,
   -84.54811060790848,
   44.44206968985791,
   -18.09206437457109,
   17.0599296042274,
   -4.20754369149965,
   -22.78723372617345,
   -41.82525656554692,
   -17.831624477525224,
   -10.620200525746087
  ],
  [
   18.659177614303744,
   7.554847552463344,
   -37.90480228761227,
   7.58202594811413,
   -23.40099072690916,
   -33.85759572329813,
   -29.558524210206677,
   -16.182020596020102,
   37.948524137243915,
   -16.254254243759842,
   -20.094164609256428,
   -13.27565297843137,
   -5.3490126014604815,
   -79.26156682143407,
   -14.744730285388938,
   -118.44741493187946
  ]
 ],