{
 "input_nodes": 12,
 "hidden_nodes": 16,
 "output_nodes": 20,
 "epochs": 1000,
 "lr": 0.5,
 "output": 0,
 "epsilon": 0.01,
 "synapse0": [
  [
   17.332229049405015,
   -16.565027518081138,
   -0.2953577487567099,
   -12.924490338320265,
   -1.0191873071076671,
   -30.591776583262885,
   27.39620440108697,
   88.09764100476832,
   22.095411143254005,
   -46.68810405952697,
   -11.064802134253645,
   30.359567489577348,
   19.66365533982507,
   -2.6257810748641366,
   -3.801689994001898,
   -29.766699473778466
  ],
  [
   -13.6468746171426,
   -80.1396605147952,
   -70.28860788155514,
   -49.44299127537835,
   -4.932372885213242,
   54.264137514646016,
   -16.90882277011273,
   -204.50625752239796,
   -63.19290742575262,
   35.554476819589475,
   -33.56599075558826,
   -36.0136020586894,
   38.625179798301,
   8.710525287796862,
   -90.52077401126473,
   96.58953228861367
  ],
  [
   9.105181993046736,
   -46.23016983287785,
   -0.17706456311091712,
   12.629464255560942,
   0.17743347461665607,
   -53.10162372376505,
   2.112410791593761,
   -79.12331252219128,
   -90.13232253816888,
   45.90076382218685,
   8.631582492475774,
   -59.81897947067989,
   -66.45490397956081,
   -7.9708746138143605,
   -92.56726876270875,
   -95.87892465137844
  ],
  [
   -15.225803434628629,
   81.91879233454115,
   -16.34691829192714,
   26.224976416173345,
   122.27241154075993,
   -132.83722568833423,
   16.761441663540154,
   164.4333278029818,
   -3.406037266020513,
   -166.342008020465,
   -32.96500989286879,
   123.85154714456297,
   89.47206005126934,
   1.5876342778947363,
   87.59377128902666,
   -73.24598246919624
  ],
  [
   -20.378852020084366,
   -1.8318393400102029,
   -48.39530154041474,
   -9.455290791290432,
   -21.10804273724343,
   -76.7260816887411,
   -40.99524610951461,
   19.900510966648902,
   16.659425697809112,
   26.5172434614101,
   -74.5164251935426,
   -0.7010659725459515,
   -2.73353672435664,
   -172.23158761018632,
   -20.848641589532853,
   -135.19924885511983
  ],
  [
   -4.32258193789822,
   6.708887431567193,
   -48.6802194460044,
   5.473236139353185,
   -25.77698873154231,
   -37.149705056640165,
   -49.291104393655374,
   -11.656672038682869,
   31.610027696234088,
   5.64548348966067,
   -37.90833082996948,
   -6.938150001899251,
   -6.992249926323453,
   -94.83270059968513,
   -10.45541737411827,
   -84.6856571037093
  ],
  [
   22.08087417213923,
   14.915722603791739,
   -47.49401802069067,
   17.36335919146226,
   -28.453877536373206,
   31.930748832085204,
   -35.10155492079666,
   -79.05972603088577,
   42.7161645026935,
   -33.57035657057891,
   43.65335868898235,
   -7.984257373781086,
   -19.927885503961967,
   28.195057863692213,
   -5.216177741414334,
   13.483422849235716
  ],
  [
   7.998658348957186,
   6.748465921941973,
   -47.86203322815964,
   1.9913973900361661,
   -24.578893174762527,
   -6.1814062072790845,
   -25.546338059696673,
   -47.99667289674771,
   26.57824486709015,
   -12.85923519743046,
   4.928292929354165,
   -2.6873967997205592,
   -12.305345886297895,
   -48.82801061682241,
   -15.282351465215314,
   -36.19581556484935
  ],
  [
   -21.407523567074175,
   -1.815579183404412,
   -48.978475464845566,
   -9.817102037952564,
   -21.86409682999382,
   -75.26687478212948,
   -40.66418549484669,
   19.89571414148823,
   15.624408446054057,
   26.0965424104392,
   -75.54405678065869,
   -0.937594203907688,
   -1.3681752795007693,
   -171.42160878808593,
   -19.7540277609586,
   -135.52002771752268
  ],
  [
   -4.636112608052181,
   6.467335184434203,
   -47.41023077047549,
   3.892191539544144,
   -24.7714032566684,
   -36.457758160914246,
   -49.32300571717815,
   -11.132848562718463,
   31.218880212164127,
   5.165186907641456,
   -38.26716861251744,
   -7.141786350314446,
   -6.578318534171707,
   -96.0224918096612,
   -11.102500323222621,
   -85.02139628728719
  ],
  [
   7.176018110527562,
   14.323499802623537,
   -77.7190986133173,
   10.85567063258019,
   -40.8787532944874,
   9.480673860474848,
   -52.34508381647356,
   -84.04543592545076,
   44.812480872216206,
   -17.008801316219976,
   17.630845776709446,
   -4.909383506350819,
   -24.365806404684633,
   -42.13405131745477,
   -16.501586266079396,
   -13.024736416841648
  ],
  [
   18.27142902427694,
   7.216631187455345,
   -37.61931907300768,
   6.846417008136674,
   -23.155760233731648,
   -34.386933545969875,
   -29.260891572058426,
   -16.62176096339635,
   37.90964428927308,
   -18.289108979078236,
   -20.175043847491512,
   -12.35091282589113,
   -4.502747013258549,
   -76.81456499168033,
   -15.422175854086385,
   -116.29685120733697
  ]
 ],