{
 "input_nodes": 12,
 "hidden_nodes": 16,
 "output_nodes": 20,
 "epochs": 1000,
 "lr": 0.5,
 "output": 0,
 "epsilon": 0.01,
 "synapse0": [
  [
   18.139730739876434,
   -14.833685764913673,
   0.49851205147998695,
   -15.978168330682072,
   -2.092820922983223,
   -32.113583625072486,
   27.544431554990318,
   89.50657072420084,
   22.18601856279542,
   -49.48851798041596,
   -12.145450871190548,
   29.612386398283984,
   17.852072001497813,
   -2.8570111555268487,
   -3.7727412673434233,
   -26.43994960151143
  ],
  [
   -9.66125584377914,
   -83.15994432011054,
   -70.63748862394758,
   -51.16540561802442,
   -4.237854452886839,
   54.92731300518247,
   -18.81311509460746,
   -208.29837780454858,
   -63.35541993014725,
   35.50124411131265,
   -35.025848569128165,
   -36.08310427973355,
   43.24347602927647,
   7.950594677553833,
   -95.33369464999296,
   101.58144664072962
  ],
  [
   9.400933873349437,
   -49.80692182324355,
   -0.07655649789691202,
   15.808249928261722,
   2.2110446747972556,
   -52.42261288071747,
   1.351683649199187,
   -80.67886428578659,
   -93.91755704208988,
   48.66442341304375,
   9.967193930685243,
   -59.724795038617856,
   -67.52933135193142,
   -6.350028533778263,
   -95.0374335235841,
   -101.57339254733067
  ],
  [
   -17.240894095256078,
   87.58494771720135,
   -16.58132330752632,
   25.82755656469262,
   119.33862361746544,
   -136.5190381713638,
   17.3428368539037,
   164.66051071967905,
   -4.957731365323803,
   -169.62234479583958,
   -31.399316558247342,
   123.63895556360856,
   90.64008060913807,
   1.151560633955116,
   84.43072292795681,
   -75.73332977743821
  ],
  [
   -29.311716836302377,
   -2.618255219084548,
   -48.89261566627928,
   -6.976945195814111,
   -20.856376815943285,
   -74.0305125168042,
   -41.90102596422535,
   21.258285803517396,
   16.545149579668696,
   32.68027185912424,
   -74.60366217341523,
   -0.19030295608628878,
   -6.801151021795773,
   -176.82586302259432,
   -18.16110210212352,
   -147.8386697773899
  ],
  [
   -6.963705906313721,
   7.011967418750023,
   -48.03963911728615,
   4.531627627405941,
   -25.371628060253887,
   -35.08620515236281,
   -52.436083164962966,
   -12.050474205284184,
   31.553418307248045,
   2.6470698305865072,
   -38.880145011322085,
   -6.072371699937007,
   -8.025459609433726,
   -94.27299343686944,
   -10.855180218399113,
   -81.53193603950102
  ],
  [
   25.258957382036957,
   15.242199645151251,
   -47.40934005508066,
   15.812221850039185,
   -28.79057228249188,
   32.55604662059609,
   -38.52654768056874,
   -81.02276567859612,
   44.07080617283752,
   -38.70989380068286,
   42.931314961897165,
   -8.31097498294418,
   -19.733580238178533,
   31.3764138562171,
   -6.487268095767426,
   22.489759120553323
  ],
  [
   4.885000711052334,
   5.985447097044348,
   -48.91524971713248,
   3.86021415603675,
   -25.069282670869747,
   -4.924039151108877,
   -26.732131902871945,
   -48.208135540987676,
   27.875219808079535,
   -8.837330370745851,
   5.090826403748736,
   -3.369129694386239,
   -15.145445234843255,
   -50.800637199520885,
   -13.466139487878348,
   -42.9826212800101
  ],
  [
   -30.340388383292186,
   -2.6019950624787573,
   -49.47578959071011,
   -7.338756442476249,
   -21.612430908693675,
   -72.57130561019257,
   -41.56996534955743,
   21.253488978356724,
   15.510132327913734,
   32.25957080815329,
   -75.63129376053132,
   -0.42683118744802534,
   -5.435789576939886,
   -176.01588420049393,
   -17.06648827354927,
   -148.15944863979274
  ],
  [
   -7.277236576467682,
   6.770415171617033,
   -46.76965044175724,
   2.9505830275969145,
   -24.366042585379976,
   -34.39425825663689,
   -52.46798448848574,
   -11.526650729319778,
   31.162270823178083,
   2.166773248567293,
   -39.23898279387004,
   -6.276008048352202,
   -7.611528217281974,
   -95.46278464684552,
   -11.502263167503465,
   -81.8676752230789
  ],
  [
   6.531256972029964,
   14.497713963995382,
   -78.74003935240097,
   12.867451423725527,
   -41.79234540908767,
   11.721381637955842,
   -56.24291613992983,
   -84.60323472819087,
   46.900761893012934,
   -15.160453961122164,
   17.554792381477036,
   -6.884974759026325,
   -28.86673925658635,
   -45.26682548640443,
   -14.580408446169052,
   -16.62768731777745
  ],
  [
   13.870595266944663,
   5.971722243458615,
   -36.958612278456485,
   4.067743104476982,
   -22.240689071576018,
   -33.6648172958032,
   -30.40678614257565,
   -18.285930460707124,
   37.62506441081604,
   -22.07994492508277,
   -21.39172801667569,
   -9.22413541707237,
   -2.019984423872497,
   -70.75320666383746,
   -17.30296073786691,
   -110.50450350026104
  ]
 ],