{
 "input_nodes": 12,
 "hidden_nodes": 16,
 "output_nodes": 20,
 "epochs": 1000,
 "lr": 0.6500000000000001,
 "output": 0,
 "epsilon": 0.01,
 "synapse0": [
  [
   -2680.182840109657,
   -20648.011018903697,
   25443.597378322,
   877.9121219956513,
   -74294.62651790597,
   -204.63193125095736,
   -5718.732445281541,
   -57358.91849971861,
   -14120.971068570061,
   -4605.356397227678,
   -6518.98351481895,
   -2181.308099514977,
   -41680.675122888075,
   -49653.4748457588,
   -7806.410669962379,
   -47911.111063633725
  ],
  [
   -7843.791674642286,
   -23982.643179069888,
   -39021.94145790312,
   -5981.892382609349,
   90367.90962092974,
   -9877.028133742942,
   -15799.417787604005,
   70653.76495165822,
   16591.45176505096,
   -21839.986674264386,
   6273.070622428131,
   -8745.395486737021,
   51507.86616009369,
   26150.15341690267,
   -27974.295417072255,
   55549.97339328575
  ],
  [
   -25965.401587263295,
   -180165.79502849243,
   7215.9608638878835,
   -18679.211453217762,
   -63300.275619239015,
   -24141.480464492728,
   -107109.14620592413,
   -49637.8113058984,
   -25248.5888312167,
   -73160.16055808985,
   -1822.7544395718353,
   -27895.775978147347,
   -86564.42469204504,
   -120362.92825985706,
   -78091.15440742153,
   -142208.063971433
  ],
  [
   -32852.88358322057,
   -40520.38559295254,
   2752.846782765419,
   -9121.847261289899,
   440.12656369588274,
   -12163.072915971312,
   -21474.647193466193,
   -31870.348225821937,
   8964.38090539314,
   -93845.78378372084,
   -12160.479992348657,
   -37187.70019472866,
   -50844.35726900809,
   -84214.48353696262,
   -105390.47474512446,
   -42625.764152740194
  ],
  [
   -3857.666623944833,
   64242.17921459625,
   -1383.7743877668518,
   -7833.960387144,
   -19972.39823778788,
   -9417.97498192882,
   26484.596128256813,
   -18365.107453035107,
   -187.89366203663687,
   -19095.989688526628,
   -8798.579963090984,
   -6600.605805903473,
   -50853.92372951458,
   -44829.061536924826,
   -10965.462121827564,
   -29098.321313587676
  ],
  [
   15774.937311847292,
   -22503.230688781467,
   -10307.195908628508,
   823.0599475550204,
   782.1958936565048,
   -517.1339137647831,
   -9050.829221648482,
   -3674.056472489831,
   4446.874092696949,
   38533.056271882975,
   -7320.14123917037,
   14168.171173049113,
   11465.48009048846,
   34584.92469495077,
   55388.09161317131,
   -780.9669089971071
  ],
  [
   -5991.8654918285565,
   -6247.724507591194,
   3952.590465573785,
   83.8332585707387,
   -7884.486971840297,
   602.016675149423,
   505.1228006261555,
   4225.256835110952,
   -6391.00883912883,
   -16937.142849059084,
   -1192.9842606905888,
   -7256.718355546638,
   13923.65109333663,
   -14445.83093972725,
   -20774.571341734587,
   10374.087090096406
  ],
  [
   -45586.01034760357,
   -92804.79747929655,
   -3734.504986747952,
   -11822.684477775761,
   -6221.850293640282,
   -22288.34461489989,
   -46592.055445569524,
   -20388.823612547854,
   -17236.40731188314,
   -114360.52110476536,
   10660.700270828202,
   -41413.47773284329,
   2682.8185682617036,
   -109254.73671644495,
   -154263.55215227482,
   -20590.083186175543
  ],
  [
   -23249.101397802184,
   -74314.62906915887,
   -10962.689588533567,
   -9957.858366782873,
   -5691.127373978837,
   -13706.577644231504,
   -48274.631851665414,
   -6873.199520292287,
   -10613.45713965646,
   -54918.60892008427,
   4908.397833444667,
   -20461.532669116034,
   916.7233474523389,
   -57338.924081056626,
   -73102.32102960465,
   -24401.44486028497
  ],
  [
   -27660.17546570534,
   -12972.350491531399,
   -9582.596310125165,
   -6641.479762950918,
   10878.39997907643,
   -10362.401796496475,
   -12859.476635215544,
   -4748.293813642065,
   -735.011325781887,
   -66381.36344037809,
   3343.5827743119294,
   -24954.440115032197,
   26164.26529601992,
   -57912.219211689844,
   -88903.8567741666,
   25589.151380682757
  ],
  [
   -24132.782678017982,
   -64379.271086066845,
   -6609.044794759773,
   -3316.148063619762,
   -2184.5202703083555,
   4568.21546505747,
   -43738.97583616669,
   28746.610699212633,
   -8534.410847513449,
   -57014.57386783867,
   -1102.4136683979914,
   -24228.55746358183,
   3573.536922605933,
   -44012.044390224684,
   -71005.77497679966,
   9268.532379826074
  ],
  [
   -17764.063274036846,
   -27549.052445024285,
   2438.765107552539,
   -2397.313258517232,
   -7430.143614467556,
   -5352.873256321405,
   -7982.930076175627,
   -2940.1045242472987,
   5331.300589145228,
   -47096.200870284476,
   -625.6320675664174,
   -17238.479563050114,
   -38073.070161174204,
   -47134.36807340805,
   -60602.78696595197,
   -5182.159316962909
  ]
 ],