{
 "input_nodes": 12,
 "hidden_nodes": 16,
 "output_nodes": 20,
 "epochs": 1000,
 "lr": 0.6500000000000001,
 "output": 0,
 "epsilon": 0.01,
 "synapse0": [
  [
   -1893.7485233167429,
   -15396.92692116072,
   23815.04434523956,
   673.5789752280712,
   -71122.27051334981,
   176.29289232855447,
   -3644.9545529417765,
   -53811.15420191566,
   -11924.224156001528,
   -3167.2521957800527,
   -5245.727046168929,
   -1598.8954433026158,
   -45527.742474821134,
   -44026.1318363867,
   -4840.92708313914,
   -43549.18821636317
  ],
  [
   -7144.369632429124,
   -24469.471050947104,
   -36480.27878249175,
   -5348.097368687977,
   85625.85839641588,
   -9355.782336418248,
   -15753.59908024249,
   65830.51233036158,
   15708.327160384968,
   -19093.032629407342,
   3553.8231297754783,
   -7661.902691028021,
   51606.96334743918,
   27906.629425847063,
   -25545.307157505144,
   57122.71529493868
  ],
  [
   -23535.950038468916,
   -155122.9648847645,
   1233.9888002859773,
   -16738.261608851408,
   -55135.80957401415,
   -21702.56264644154,
   -90872.49481774421,
   -41854.55321861602,
   -15170.061100449986,
   -66056.6183537062,
   -198.49427863383704,
   -25377.059236195913,
   -79026.56408427653,
   -95176.76724237585,
   -70635.5284210034,
   -94960.70040276305
  ],
  [
   -27064.295145032575,
   -38520.50519744105,
   2466.7994173729,
   -7985.953978863766,
   -7814.222720346092,
   -10350.902433053176,
   -19644.744204227813,
   -31208.428654996256,
   8033.846792977053,
   -77273.93614342614,
   -13174.404354789784,
   -30181.061981145005,
   -42118.74960894728,
   -65822.27527890331,
   -86008.51897911384,
   -30408.62254190738
  ],
  [
   -2786.7054163075836,
   55762.55016437152,
   -875.8153770065937,
   -6548.6923730439785,
   -17759.682769452826,
   -7788.101106823983,
   19358.289972162573,
   -20327.425612179042,
   1559.5744108872166,
   -14601.435798308888,
   -8077.519399412927,
   -5065.991142331422,
   -48350.00251734255,
   -39719.14510494175,
   -7131.21258738147,
   -28372.43596660372
  ],
  [
   11918.631992891444,
   -19476.8100193446,
   -10419.67070661051,
   -72.51773099577974,
   -2948.87592916924,
   -907.5798489512713,
   -9366.780674002586,
   3478.8594420644604,
   6290.498279236029,
   28375.344460761327,
   -4856.1186105949655,
   10298.081521024304,
   9265.5382902382,
   20351.518882661298,
   41999.64412028012,
   -2712.010635634534
  ],
  [
   -5034.540597364032,
   -5910.598397877752,
   3789.9344925616697,
   -185.87693644072573,
   -6133.547397949053,
   376.7063142992307,
   1044.3358822678545,
   2307.374594347133,
   -6766.957505182818,
   -14468.549401546921,
   -1024.997169457421,
   -6314.460490053034,
   9055.604451187648,
   -9482.204183506745,
   -17022.745577268826,
   8842.429605942725
  ],
  [
   -37938.543531323936,
   -81491.66102963088,
   -3414.3241074565954,
   -10040.671707785752,
   -10422.115893850623,
   -19909.894159173207,
   -36667.84773034254,
   -20414.221121406325,
   -13940.084116159014,
   -94767.78946854208,
   9365.788405392412,
   -33947.265589675415,
   -3987.0176967457664,
   -79853.65737062547,
   -128635.74253656904,
   -2889.1279248642913
  ],
  [
   -19116.190862889165,
   -64241.638051698545,
   -9867.34179702155,
   -8510.186203350067,
   -9100.017130403612,
   -12080.856968238757,
   -38679.05703301723,
   -5887.252314008626,
   -6457.27525464945,
   -45388.69997699866,
   4525.330044857673,
   -16956.80150612086,
   -4783.907604859679,
   -42496.45783066927,
   -60338.987666368026,
   -12945.1242201735
  ],
  [
   -22358.61508156224,
   -9075.841507750614,
   -5372.886817904339,
   -5878.01262130045,
   -664.2281094045927,
   -9241.875391695628,
   -9481.27415810769,
   -11644.683007431955,
   -1420.563664587834,
   -53530.43459866517,
   1019.8700072591123,
   -19791.500625690194,
   15443.213878112529,
   -46323.82897184813,
   -71501.93562038038,
   19623.99444693359
  ],
  [
   -21141.205371378433,
   -52309.5510153388,
   -4518.516254432614,
   -3250.059253833582,
   2032.8885927069189,
   4455.447267940702,
   -35677.20158837919,
   19539.571319992836,
   -6394.985458593139,
   -51517.21224533973,
   -2896.2005144229734,
   -21840.916075863643,
   944.1520340423704,
   -33801.61231538218,
   -61782.864861084774,
   6578.450115196338
  ],
  [
   -15945.61255738064,
   -27973.01679837073,
   -996.2893455846531,
   -2662.9854224341098,
   1893.7992835968923,
   -5860.902279140765,
   -10349.247025889457,
   -5612.407878174601,
   1477.8870913052563,
   -41855.82462616308,
   -862.9191990194252,
   -15191.702799436913,
   -27905.65830052461,
   -36941.62140207589,
   -53773.5507332023,
   -520.6248516348624
  ]
 ],