{
 "input_nodes": 12,
 "hidden_nodes": 16,
 "output_nodes": 20,
 "epochs": 1000,
 "lr": 0.4,
 "output": 0,
 "epsilon": 0.01,
 "synapse0": [
  [
   -8353.765280884105,
   -21148.810036176146,
   4560.849152652624,
   -38785.45558818187,
   8930.777090866031,
   -127501.35547760506,
   -56652.94448793096,
   -16350.262391198221,
   -121547.85743993193,
   -9824.090592730714,
   -17784.620867927682,
   11888.70395074104,
   -67670.48135673383,
   -105978.53686414847,
   -27440.196668751953,
   15440.523561748461
  ],
  [
   6663.078158999226,
   23815.225767864573,
   -12164.660792413018,
   44639.412704288734,
   -10268.624565111608,
   52325.53267181035,
   28738.31403025775,
   29692.500579950003,
   61821.52486976634,
   23598.445342430085,
   16333.753313111129,
   -13582.458118406952,
   -7744.504215176468,
   43090.98826525936,
   29441.187421046678,
   -18313.04244159273
  ],
  [
   -23358.822582697503,
   -3098.2403566041094,
   4939.192997294777,
   -71518.9524423803,
   776.1494849588429,
   -127726.79434480597,
   -74475.39844634317,
   -69860.08149737024,
   -122994.37031496874,
   -72736.8358304967,
   -42488.47198128638,
   -743.5347001874511,
   -3232.8817527419383,
   -65089.10530739115,
   -36580.23465013259,
   -217067.94455201583
  ],
  [
   -11674.738491187542,
   -13837.828650947762,
   8456.771632880762,
   -12358.89258953158,
   9545.670859575046,
   43393.83602814074,
   11794.75521303445,
   -47421.90580207462,
   45961.10725057319,
   -2834.6880058337465,
   8998.842711897943,
   9515.394733695655,
   19669.708935169678,
   42614.55390614423,
   -22296.69471496679,
   -51982.02578647681
  ],
  [
   -13263.727932315061,
   13795.91852944482,
   5581.058537966279,
   -8377.39140944226,
   -10593.571673647932,
   -87869.81232845076,
   -8034.621050550798,
   32741.78499014692,
   -93046.16734313309,
   -27109.99465751592,
   -6069.662613569944,
   -8754.741994832657,
   -134598.66083903227,
   -51150.08817397929,
   1284.5110165163892,
   56621.808957066416
  ],
  [
   -1342.136882803924,
   13907.589282516368,
   -3336.745512712081,
   -32663.622052420345,
   -5946.85735838002,
   -104614.97502140171,
   -34677.32727108892,
   -17372.05183290774,
   -38618.26064660597,
   20174.08993885577,
   -1339.4702440581339,
   165.57669387818424,
   -20316.62987507666,
   23116.709711325355,
   -23729.836045054824,
   -48857.39572456651
  ],
  [
   6267.453842500637,
   -5998.82006159653,
   283.017700887581,
   17269.488770310385,
   71.54044033175298,
   -124639.55157595404,
   -50401.30926069382,
   5994.33314068642,
   -88029.1803055759,
   16856.081349458378,
   12975.03447179791,
   3946.2902000714644,
   -38002.15766042476,
   -53767.853577239424,
   11549.022721366156,
   -19060.200040500236
  ],
  [
   1899.3816767211995,
   -13391.757693076957,
   -17571.045285371598,
   -8512.36589482654,
   10205.518660339212,
   -107431.9854242666,
   -70906.97161366549,
   -16394.569944483603,
   -108507.5940394607,
   2357.214682778135,
   3658.1981385670783,
   701.4428837677693,
   -6106.272516851863,
   -208988.8536708074,
   -13972.580740505591,
   -98788.08405139095
  ],
  [
   6624.9438868138295,
   -13495.661050604249,
   -2997.4018980972714,
   24189.358470669737,
   2601.677646065088,
   -70617.36932163457,
   -32400.47547826685,
   -4224.48204796608,
   -42281.44263273312,
   -26970.82230457194,
   6938.781186255044,
   2727.104341943804,
   -76496.51609597569,
   -131015.19361230607,
   17624.93921225458,
   16788.077662362026
  ],
  [
   -8701.506964239854,
   -7290.499211134288,
   5212.343487777809,
   12048.478951772571,
   3294.9070470225706,
   4453.4954274132015,
   -21255.39459868245,
   -5992.099061053555,
   -28194.827022411795,
   -1049.0901883703216,
   -9365.786338357271,
   1948.964412780006,
   21853.624767727473,
   -7563.529944164764,
   23325.03146098791,
   -16510.776447815184
  ],
  [
   -1885.155734199976,
   -8369.13539022245,
   7755.201971272665,
   -40839.89924036651,
   -9123.205190049957,
   -75743.51208938747,
   -69018.13356804845,
   -100270.21885857686,
   -72872.3982158626,
   -56941.05987221084,
   -6580.83334484429,
   581.5764156376076,
   -3934.8136473275786,
   -49762.25405255865,
   -51220.68914262304,
   -153758.4937773665
  ],
  [
   21432.420467140793,
   -7940.159883216808,
   -2028.382382020288,
   -2992.52772297246,
   -18576.441460551683,
   -166306.56717354694,
   -86418.1978962762,
   -32444.68074277431,
   -144263.87443318864,
   7800.492269969972,
   21982.774249825772,
   -15154.391018544236,
   -125045.67877592676,
   -152604.83104896508,
   3132.677416930103,
   34873.64233370111
  ]
 ],