{
 "input_nodes": 12,
 "hidden_nodes": 16,
 "output_nodes": 20,
 "epochs": 20000,
 "lr": 0.6500000000000001,
 "output": 0,
 "epsilon": 0.01,
 "synapse0": [
  [
   -4214.710423041077,
   -11394.528595068407,
   1376.898709335465,
   -22661.147592507634,
   5558.7645234443125,
   -39142.43356987603,
   -20243.779078877684,
   -9051.664893822059,
   -21914.25367545227,
   -118.80797918223742,
   -13470.289927990603,
   6081.353042891614,
   -19327.292594045,
   -10595.827374495477,
   -25179.8656942454,
   -5577.1137199874565
  ],
  [
   7871.573376356532,
   9860.947074491707,
   -4990.171101648655,
   22353.352813735608,
   -7816.245620017893,
   20810.85905182754,
   11937.248977473593,
   17836.3885522885,
   11023.464410233211,
   7612.783994417414,
   7670.2448109023735,
   -10861.421050041841,
   13027.586408186398,
   -1631.9335654461565,
   17622.62166700161,
   12784.488837015111
  ],
  [
   -15354.80660775777,
   -234.21545534679484,
   -653.9650017441808,
   -45409.64552018348,
   -569.3841502299637,
   -42188.79400228494,
   -29387.78473015205,
   -23274.935047024606,
   -24860.44680117394,
   -30898.314119121616,
   -35075.427591586486,
   5314.068669012386,
   -22326.35646970327,
   -9409.631030117418,
   -10463.909648928677,
   -76184.56428390712
  ],
  [
   323.9885455626862,
   -10827.094743909503,
   4587.820614410171,
   -11449.568202922466,
   5682.29983087,
   20012.033509048717,
   5015.311201573973,
   -21548.378979606845,
   22429.68632158036,
   9787.99659978295,
   9089.825322009778,
   3955.6846610890757,
   -6668.916525963766,
   12736.446240562536,
   -12131.0562795696,
   -42824.6637300281
  ],
  [
   -7666.085269246894,
   -300.5616359833928,
   6659.561606921055,
   13947.099859161657,
   -1455.1851942877038,
   -33606.470675777135,
   -4251.28673127948,
   958.0289569011574,
   -15456.193761074299,
   -30003.674792601396,
   -6130.528497691103,
   -3723.67759950349,
   -18281.202748733154,
   6871.021370493359,
   -539.9359331840151,
   19509.309891802128
  ],
  [
   1300.8612573926805,
   5216.362011125467,
   -2300.3512348353684,
   -36344.77801763452,
   -6281.806142528975,
   -43014.46081644714,
   -15694.393180663195,
   774.9824428599247,
   -15684.229505857002,
   20010.131930293664,
   -1954.441416960117,
   -1031.583387751293,
   -3431.7625521543773,
   -1446.595832839012,
   -27246.469899185726,
   -17960.69473501051
  ],
  [
   2476.729533654383,
   -5921.580385872013,
   1171.422091727071,
   17468.427979182794,
   2340.768249574755,
   -38527.24185097318,
   -22050.839864130452,
   1880.2031958965094,
   -15473.554944890297,
   5663.461163091335,
   8325.160273767477,
   3573.807592617263,
   9188.009019256579,
   -252.67011163606205,
   -171.9724581782071,
   2222.2192258286573
  ],
  [
   -3436.546012194741,
   -3067.0914624120774,
   -9326.19643919718,
   -11772.707771483032,
   846.1220660778926,
   -41827.38618565287,
   -31619.302710930595,
   -6644.695938849638,
   -38608.06885899327,
   -12056.90664936658,
   6443.575189162368,
   1122.454373240352,
   3742.805003380079,
   -53551.632735037936,
   -12126.592893030864,
   -13931.493142889087
  ],
  [
   4046.159074570602,
   -3550.7672551485102,
   737.9758530460425,
   14856.356811805777,
   973.1207763243817,
   -26640.058247965047,
   -12375.245776034004,
   1362.4707345613226,
   -4080.5660015713506,
   -22742.368097324674,
   3366.5884028729834,
   -1528.7582720516489,
   -4402.881607948912,
   -40267.621696551316,
   12445.319260422531,
   12922.368481304466
  ],
  [
   -4898.367990384835,
   -5489.1531792743235,
   2614.8099658701494,
   3546.150988588028,
   991.8102459602823,
   3517.745381290948,
   -7859.48893614652,
   1430.3805599881946,
   -8547.200432894808,
   8460.051531999863,
   -12701.605278442987,
   4440.760261942018,
   -800.8274783701495,
   6631.264253458479,
   16977.44355778537,
   -3162.323554533826
  ],
  [
   99.54122836341462,
   356.30322023453425,
   3904.5715715530428,
   -30632.8808676605,
   -6524.432626298624,
   -4841.140307779507,
   -27697.79665431479,
   -51274.77236785215,
   3514.6843166717563,
   -34408.07967525948,
   -3077.308150103527,
   379.067355362337,
   -21291.08191648925,
   -5995.663096040063,
   -31144.12197003503,
   -104590.49430128989
  ],
  [
   10252.947172405484,
   -2705.200521214175,
   618.5467458859946,
   -3054.854890206223,
   -6763.596700672233,
   -71476.41532967606,
   -41695.526340370954,
   -15695.909967346292,
   -39992.03129994794,
   -12207.333314676565,
   7973.159497584228,
   -11364.511804864425,
   603.0081002884601,
   -55090.931539195815,
   -11522.08521802697,
   8035.079555210422
  ]
 ],