{
 "input_nodes": 12,
 "hidden_nodes": 16,
 "output_nodes": 20,
 "epochs": 1000,
 "lr": 0.30000000000000004,
 "output": 0,
 "epsilon": 0.01,
 "synapse0": [
  [
   -10007.922299143675,
   7224.306019149541,
   -35252.76492319692,
   -20000.320604484237,
   -6249.016962740988,
   -60278.106735912836,
   -27142.66792985174,
   -19067.028965462778,
   -24900.17109973657,
   -4324.580415990639,
   -15199.237271062197,
   -17339.318503190218,
   -61473.39373829536,
   -10251.347607633143,
   -50497.685252495714,
   -55303.675987526956
  ],
  [
   -9302.45514709012,
   -28342.7200778186,
   25946.080188778353,
   -9536.288777214651,
   -4683.539013760649,
   -75659.83302568115,
   35658.899798386665,
   -17373.775560666312,
   46307.24133459196,
   -58740.36774967225,
   -10332.441729609875,
   -20972.111098503712,
   -599.9581866110738,
   -15046.420296498723,
   1842.9568164491488,
   -13778.291834561307
  ],
  [
   -39226.288072751566,
   -8084.190197917303,
   -39522.72693283077,
   -103400.45039343242,
   -6063.930617706948,
   -29958.167791839656,
   21311.96239589251,
   -20035.93804369081,
   -26034.633281620743,
   -84531.16616318993,
   -16713.58274948383,
   -30957.57050020454,
   -217941.05545981653,
   -16326.514874565315,
   -114744.87826091785,
   -121223.29726489312
  ],
  [
   -29379.118769193432,
   -1059.9984049302032,
   -29006.047652107594,
   -50882.319069014,
   -50422.99247911002,
   -354322.2010095666,
   2615.0133796738455,
   -49931.64278210889,
   -2740.7682603673097,
   -79836.51655839133,
   -51264.49534058537,
   -104195.0925958757,
   -168180.6808851599,
   -64103.94955290464,
   -287784.5905094099,
   -416357.79150097753
  ],
  [
   -22453.265173923555,
   17322.60627317561,
   74143.22651387616,
   12999.26182607344,
   -8157.836152574407,
   -135193.78862812286,
   4458.440913944498,
   -2712.5365223605872,
   -13566.20500331077,
   -5763.145895222675,
   -9937.653367611676,
   -47950.53245847052,
   -63477.43563155654,
   -10648.463388552944,
   -7649.592449993214,
   99854.9262220167
  ],
  [
   -21414.08711125882,
   14865.917979003709,
   12025.003127426326,
   56965.7783481592,
   -15363.231363138806,
   -88904.25005540061,
   15291.164170312535,
   -10404.95514726982,
   -7228.8963143772935,
   15620.182526532357,
   -11832.986858126107,
   -35876.556209476905,
   -97311.09682398618,
   -56909.831474943734,
   8336.263305551327,
   26469.753521102837
  ],
  [
   -31517.352504637256,
   -13918.43843088709,
   -62409.257900072305,
   -48443.11573636146,
   -3741.3903121260787,
   -62565.462945737585,
   -28959.329640706022,
   18590.13671732955,
   13949.959753827019,
   -20824.018965178377,
   -34162.168264402164,
   -11364.835951742934,
   -222118.58781366225,
   12646.636240856244,
   -195042.32122941862,
   -197970.7029515895
  ],
  [
   13093.839114378312,
   3403.4083641939455,
   -73551.47554315093,
   -40730.128433647056,
   -22886.246111843582,
   -158450.86351569305,
   -37530.955329476106,
   -75751.97913724261,
   -14911.803884487135,
   -24122.192331019796,
   -12810.917008171004,
   -36626.53054210743,
   133753.14133199357,
   -25090.46629287731,
   -28272.943367507563,
   -213934.99240430418
  ],
  [
   -1323.029988504247,
   5862.954608123537,
   -11580.9171018601,
   43873.81668340069,
   -18.824423318382678,
   49724.83085740821,
   19050.820959737463,
   23312.10476271379,
   -21543.621210495956,
   30075.539310658023,
   5827.935376006332,
   2939.8573528899583,
   -60574.64885112202,
   -2996.329091961644,
   11386.522642159465,
   -70929.46442827223
  ],
  [
   -28573.458483044822,
   -14033.870083031708,
   -41861.7854285285,
   -31929.291754539467,
   -9684.61122895694,
   -59074.69452700453,
   -26514.072319312032,
   -19371.073567757747,
   10945.720928770685,
   -22865.55013597769,
   -41169.44448771523,
   -37625.22309708837,
   -203344.23969276543,
   -52322.46172393278,
   -215523.13446035032,
   -210294.82889690116
  ],
  [
   -13186.440674979023,
   12549.615931089935,
   -43777.46511380879,
   -42319.019090247595,
   2950.914385537436,
   64080.25547361571,
   -32466.96913649405,
   -62975.74564286638,
   -26779.15872054133,
   2597.2495154330577,
   -1176.4936106277137,
   1396.329891735924,
   -101095.71774607136,
   -12737.104696934997,
   -68261.33691457064,
   -8370.329712212317
  ],
  [
   34248.631080893865,
   6996.478691114191,
   34937.584807454485,
   76201.45360437351,
   -10205.767584840733,
   -43432.36049406597,
   -4843.272571519422,
   124344.37171283703,
   4442.037171177391,
   91996.4959159057,
   5579.299156771969,
   -2687.064775267424,
   214741.02408008924,
   20560.12229150077,
   -7839.111285049592,
   -181950.05577483837
  ]
 ],