{
 "input_nodes": 12,
 "hidden_nodes": 16,
 "output_nodes": 20,
 "epochs": 1000,
 "lr": 0.55,
 "output": 0,
 "epsilon": 0.01,
 "synapse0": [
  [
   12343.521809049344,
   8100.616803849269,
   312.190345443342,
   16044.133371637203,
   2019.9593680475223,
   12503.92575388774,
   3297.0994956809614,
   -36329.83517103868,
   -12019.06097860324,
   12625.036454679963,
   -2164.666122545595,
   1490.587894286824,
   -18398.369487474447,
   -3455.681724975643,
   6696.526701888411,
   -1863.279879471367
  ],
  [
   -2304.9631367013835,
   2653.785295369769,
   6175.31748262595,
   -19205.331819643583,
   -16699.693395761245,
   -22079.490653923727,
   -11424.11981175149,
   17891.142348874804,
   4685.018815809173,
   -12978.497635963136,
   -7303.2696894181945,
   -12836.866336051,
   29359.44177368626,
   -13977.20188567466,
   -23499.21310798358,
   -10020.705932716397
  ],
  [
   6737.6453461999345,
   -21821.214961228234,
   11803.653769343242,
   -3931.884847978301,
   12969.108570663093,
   6343.363654431962,
   5963.7034450162255,
   -2963.275443741665,
   -17056.108725233284,
   -18401.846810936906,
   8555.78278977794,
   11790.518211414748,
   17371.519286624865,
   7823.312484126789,
   2191.071578378405,
   12046.319148662516
  ],
  [
   30245.8492917278,
   -27830.80699401105,
   15327.356813700368,
   23603.71343661887,
   16634.50836573132,
   12688.399444773973,
   5750.854467176841,
   -893.9703518809599,
   -25491.49110168352,
   11781.048668692953,
   6911.410518513307,
   23056.050923865354,
   9105.877483948196,
   -4910.885125247927,
   16603.413918618528,
   6256.8795163560135
  ],
  [
   4845.26079062677,
   -16835.053689906686,
   293.97344019082635,
   2169.3902406550756,
   1470.5974473178642,
   -111.03389875554154,
   5525.549506339019,
   2794.8546566855493,
   8303.703005586596,
   -3277.72896297626,
   8946.746232040181,
   16697.59830455848,
   -122610.22788652538,
   6389.039238245481,
   17068.252044343768,
   6576.467565741571
  ],
  [
   -30374.089805381787,
   -26469.783212541937,
   -11886.983484015429,
   -7687.4750986656545,
   -7359.761833345257,
   -13559.65075649153,
   -5482.241947606687,
   -9500.680456398817,
   -14976.661452920507,
   -10333.927725301324,
   -4662.734806694279,
   220.42184335737454,
   -29564.93240732175,
   -17340.551807315784,
   -4012.0729289728647,
   2645.1147741017203
  ],
  [
   9698.944045059254,
   7946.943037111014,
   -16501.947122372334,
   16753.605989300086,
   -13300.369051691898,
   -10956.664226138537,
   10504.429153756713,
   -23223.231088013446,
   -858.1621038019598,
   18839.866284954216,
   -8940.270260512934,
   13501.957274739509,
   -508.75666869341643,
   -10283.631012640899,
   3806.8663324155627,
   -4913.465091101015
  ],
  [
   -15200.952744877037,
   28952.142331608688,
   -1039.1247804355505,
   -20998.504920755957,
   -14588.456681069109,
   -25606.427153068646,
   -9116.162400349407,
   4270.746330192277,
   -3572.9868485689967,
   -8032.51096733058,
   -7097.442314320481,
   -24128.11534614609,
   -25761.261301014587,
   -6124.198552490807,
   -19379.886664370577,
   -18327.078530200743
  ],
  [
   -30665.486320667223,
   -8063.002202030357,
   -895.7365255776999,
   -12393.194961559822,
   -4224.160479898293,
   4262.028849068666,
   -6206.614154410458,
   -10472.237207405886,
   5360.0538350280885,
   -4900.299409817622,
   -14026.438974526693,
   -38665.468131325375,
   -50218.1347652683,
   -24378.310295876458,
   3218.104407054648,
   -6883.377808796423
  ],
  [
   13427.392152647528,
   1413.1371308762139,
   -21164.50904931077,
   18991.370353473027,
   -5269.530889411578,
   -1935.1202144312888,
   8405.459723571788,
   -21388.24560944964,
   1054.2030906732173,
   13764.814369102329,
   -2567.4829846059706,
   -6912.205838399912,
   -59823.02329142872,
   10977.598886068861,
   5503.643428292988,
   -4040.968683188825
  ],
  [
   -41681.35395676873,
   -60663.97854007631,
   -23772.9835724174,
   -20108.39643601604,
   -11857.78382824643,
   -10296.229330778524,
   -4552.346326880283,
   -33398.459797375835,
   8503.126856187482,
   -13945.459874178783,
   -8838.521739362965,
   -24835.99761234941,
   -97256.28663584485,
   -3480.0283247063676,
   2820.1115732171,
   5062.615564101821
  ],
  [
   2678.420717502187,
   14508.749637355711,
   10262.512006990833,
   -11961.92581195849,
   17937.3942345224,
   -2040.3174246114158,
   -5003.052427003815,
   -15785.282164906486,
   -19002.939308132914,
   -12363.587462638814,
   19711.982457174003,
   -1708.828226986145,
   -100573.50133776784,
   28923.23473977901,
   -21245.31390933178,
   1460.8470487448403
  ]
 ],