{
 "input_nodes": 12,
 "hidden_nodes": 16,
 "output_nodes": 20,
 "epochs": 1000,
 "lr": 0.4,
 "output": 0,
 "epsilon": 0.01,
 "synapse0": [
  [
   -8685.701940879268,
   -13330.513272741835,
   408.01682128325757,
   -3286.6138056251175,
   -28417.429048439968,
   -3307.2604046556157,
   8549.19951310317,
   425.1667704685683,
   -19454.25922774703,
   -3597.7941016873256,
   -2467.3432541816924,
   -8604.753159283553,
   -9471.875933978936,
   -1660.5658336793822,
   -765.3733032478706,
   -6799.72236107482
  ],
  [
   11974.261260115574,
   14185.298344045688,
   -5092.198180882377,
   21940.208215903072,
   5923.03038754644,
   -8476.727392791336,
   -6601.794745578907,
   2381.2845547231104,
   -3392.040970834578,
   2746.5902139723844,
   389.0710310704829,
   3448.1009386647816,
   1708.5984440888885,
   -1377.110411104748,
   3370.3333293361343,
   31765.005981655955
  ],
  [
   -15347.742979688126,
   -8853.82564251748,
   8093.977399393384,
   -62062.228644795265,
   -20766.413572091293,
   8640.258984945207,
   -12657.238631186052,
   -4195.414053950466,
   -2358.292764702791,
   8788.040167755218,
   2849.7618450058467,
   9490.576177891862,
   -55973.34001511313,
   -2516.8281154996175,
   -12138.658240463144,
   -52435.97014544402
  ],
  [
   -4451.84157127456,
   -1301.1398667979229,
   -548.3487413698973,
   14021.218892549883,
   12743.602349427758,
   11155.973380956411,
   -7526.142023243748,
   -19761.634714800595,
   20493.556921696963,
   -1612.7034916172868,
   10411.142442627664,
   -4313.864501727271,
   -3116.8912229882085,
   2339.2463473491425,
   2128.8860094709926,
   -37909.031750487746
  ],
  [
   4878.991585908887,
   -8850.54215642854,
   3836.5134175314397,
   -26872.514619451442,
   22323.468808594662,
   2002.994687737043,
   -4191.6293546751585,
   -4905.079191195761,
   -7224.044437795949,
   4343.28181832872,
   3728.0367077152664,
   -9412.869793442684,
   -1994.3509937051163,
   4509.676060489381,
   -16174.304974200333,
   -95198.39760819823
  ],
  [
   -8783.52437277075,
   -2227.2077413608654,
   5451.561398682056,
   -3770.5181478795957,
   -353.1622555925335,
   -1272.1625904973807,
   -8534.132175562094,
   -5110.429211397051,
   8821.857127938254,
   2609.2932357875134,
   1720.1153736619126,
   -2047.7092617568612,
   1781.7582927436072,
   1763.3574778246334,
   4570.680081405678,
   16671.599526406215
  ],
  [
   -389.52011482643724,
   -2321.8814427458683,
   3.9263585704176474,
   -11716.573918380336,
   -13835.885307933315,
   -2148.6609237001544,
   -4445.028165273126,
   6966.646459819499,
   -22868.811176929077,
   2580.706319709726,
   -1200.5103658284845,
   511.3116369645304,
   -14569.700649324252,
   469.8082775510683,
   -12260.146164079495,
   -16260.262231629225
  ],
  [
   -1665.9796303234111,
   -4153.49850827264,
   -8804.11177669336,
   -2927.016127382695,
   -17538.504909579206,
   -8834.320054295022,
   4125.134955079413,
   6497.69029197848,
   -19288.36715371847,
   -470.5780588677365,
   -1619.3349362086444,
   433.8996727625574,
   -10371.624336624884,
   325.95133989205596,
   11960.395546702019,
   20375.682459976277
  ],
  [
   2486.5033366766884,
   1699.1306255551153,
   -3721.419215086681,
   857.9009905887701,
   -416.8860102565209,
   -6771.339029281737,
   -4499.380183202976,
   -89.40309061198829,
   -34818.02397964252,
   1442.1906574410223,
   -2302.1676205121084,
   6210.032110939283,
   -14454.968989885594,
   -1178.6126653483173,
   -11313.694543075504,
   -25049.7774678043
  ],
  [
   1770.6605175987702,
   7262.068074551123,
   -131.31631040131214,
   14284.568601221994,
   -9807.409649285204,
   -2525.3442309133407,
   -4119.69614561208,
   -5737.042023448174,
   -22290.37341315182,
   -2176.3371755258026,
   -3816.854884386521,
   2887.2066589526476,
   -7936.122135372717,
   -3446.029748808955,
   -10535.48593889517,
   1982.454469802391
  ],
  [
   -9839.612108911653,
   -11609.620765116428,
   -7220.324063484447,
   -8735.836992029464,
   -25733.924055501717,
   4149.128272565454,
   8400.606720625938,
   -3062.88884789504,
   -22649.80194373605,
   -6511.027109075327,
   -1749.623405959019,
   -4057.3688521236,
   -19241.48354934434,
   166.59850846179907,
   -26515.48348371536,
   -36761.59427902326
  ],
  [
   830.7774094436411,
   -9688.43145298775,
   -5763.278673835995,
   -20514.807156545754,
   -460.24006038902326,
   -6050.511932275829,
   8840.66210990715,
   -804.5893427141492,
   -58120.61334212289,
   770.0927251523107,
   -3015.0202599571217,
   -5796.327774025893,
   -23351.062345253184,
   -1199.3367129392486,
   -22875.58377118549,
   -33080.6597205469
  ]
 ],