{
 "input_nodes": 12,
 "hidden_nodes": 16,
 "output_nodes": 20,
 "epochs": 1000,
 "lr": 0.7000000000000002,
 "output": 0,
 "epsilon": 0.01,
 "synapse0": [
  [
   -41206.517438782466,
   -286417.29388133547,
   -383453.2842749027,
   -66284.98705356759,
   -237826.79496396435,
   -84018.98158905328,
   -337354.2062037224,
   -137694.006351774,
   -142409.74598556894,
   -78425.02008468262,
   -120610.88850832201,
   -60794.543207580726,
   -116623.52718557593,
   -43471.32030284016,
   -341058.2505984683,
   -83861.25879982805
  ],
  [
   15810.527207046245,
   147515.798715836,
   130055.54933947932,
   18787.08633513344,
   88089.71603377572,
   38599.96084475524,
   181862.48283889526,
   133987.58062406362,
   37883.06029262259,
   89945.19331986604,
   51789.300465270804,
   24598.970634985144,
   286577.21569389594,
   21215.86825128391,
   280838.39045656525,
   24512.99909163957
  ],
  [
   -35661.17035010036,
   -225529.76374392738,
   -269311.8013042316,
   -39515.574555482104,
   -213967.14471242923,
   -111301.85148497959,
   -255235.76288176503,
   -279891.2561636261,
   -32455.42140086166,
   -68045.14460743344,
   -121460.01586507223,
   -13897.308714752993,
   -363928.5433233768,
   -25045.47469174592,
   -372875.3319180202,
   -64008.743193844755
  ],
  [
   -15326.278092521641,
   -126788.32735440249,
   -270776.7728049323,
   -16516.797767566015,
   -86317.65084174812,
   -39590.39415377373,
   -243629.8997040787,
   -163213.54519639938,
   -76146.7633904284,
   -98217.1596942522,
   -63532.97787748558,
   -38076.27181780338,
   -207223.5219197337,
   -16909.980238088312,
   -215990.76550809215,
   -56765.905788844415
  ],
  [
   -12211.172529284588,
   -66495.81283796098,
   -198363.21483152985,
   -22066.613919425887,
   -138399.11685014534,
   -37797.57196456921,
   -111729.49741184631,
   -48535.15064895893,
   -46184.761812601086,
   -71636.42638832683,
   -64403.09899964179,
   -9838.514066613912,
   -20001.8052097952,
   9082.321196633955,
   -60256.34695682776,
   -30512.201720323148
  ],
  [
   1143.1497008786714,
   -79589.62529712543,
   12326.06766537725,
   -23511.473630159828,
   37885.10782225401,
   -9011.90287077287,
   -33202.94393684614,
   -83380.02575307149,
   -74319.83922501828,
   39664.52318566275,
   -3556.9030715841363,
   -28949.74342748087,
   -8779.678134477319,
   -35728.77447934847,
   -83114.9127101716,
   -42615.78705457208
  ],
  [
   967.781150486163,
   164845.56241011657,
   121608.71823278676,
   -8530.939942723158,
   99949.34116911577,
   19627.410244391616,
   154106.48993297463,
   4818.564679716073,
   59941.05139340192,
   18049.130450517783,
   -7874.29792192001,
   15054.654215368317,
   156654.54030587027,
   32520.370028732475,
   125834.74502447054,
   -18109.074848520868
  ],
  [
   -30864.922293985866,
   -169554.27639786407,
   64245.91581038982,
   -34858.447895819925,
   -143187.40125633418,
   -40896.10395469167,
   -33519.585188586105,
   31266.685444911156,
   -31708.193098529515,
   18594.54746797572,
   -81952.49619046011,
   -21864.177755362784,
   20009.60608902782,
   -29310.308451085046,
   -160019.04502919418,
   -42359.6542802393
  ],
  [
   -22670.638179036392,
   -250756.38229145415,
   -104674.61965655479,
   -25382.517787945257,
   -144252.67927823294,
   -63785.28286529312,
   -127454.06994561038,
   78812.92248344737,
   -103712.02599190481,
   33733.11822620997,
   -18029.82611929286,
   -33701.00345797773,
   127913.08892448712,
   -46427.062185694886,
   -58749.884495900515,
   -20467.622742722826
  ],
  [
   2867.620008634912,
   16261.076632072758,
   -96356.2665203796,
   -27601.43894092067,
   -40309.639479123856,
   5214.678969660543,
   -27988.163961714716,
   -91377.3329944098,
   -8601.882671963253,
   -76269.77565661825,
   -32130.636603883257,
   -11917.670082323093,
   -40001.44797058286,
   5758.438203365804,
   -36748.82137012742,
   -51584.322100593294
  ],
  [
   -15332.418467872534,
   -150949.7692597678,
   -356821.5127532564,
   -42422.75204064938,
   -133951.1427465661,
   -43495.38204434593,
   -280524.9224989841,
   -193133.64334241758,
   -63458.27126607767,
   -56528.06675702542,
   -52688.92083456427,
   -21809.38156434205,
   -217798.431508597,
   -40286.472017251894,
   -215729.38316055303,
   -40596.019659007485
  ],
  [
   -8187.866149798226,
   -63448.68435070048,
   -283924.188571025,
   -12397.246409662623,
   -65459.11597829842,
   -31739.164866783285,
   -128835.09571016837,
   214540.53033373502,
   -76414.33588127249,
   150674.57377335738,
   51358.222040334505,
   755.2069078307201,
   433767.33693268534,
   -30122.75371525251,
   250971.48592299627,
   19398.1490912789
  ]
 ],