{
 "input_nodes": 12,
 "hidden_nodes": 16,
 "output_nodes": 20,
 "epochs": 1000,
 "lr": 0.7000000000000002,
 "output": 0,
 "epsilon": 0.01,
 "synapse0": [
  [
   -48609.25506994157,
   -102233.99335172278,
   -88175.22512718267,
   -88864.57167577498,
   -113741.93358551378,
   -61614.615333839356,
   -128313.04784295963,
   -69217.73453112955,
   -81741.79596162449,
   -206974.42372175856,
   -103440.27325452905,
   -72012.5376172911,
   -94936.74661447575,
   -352498.2424587766,
   -131389.81293633766,
   -333533.1598930912
  ],
  [
   -2538.7605318235637,
   74821.5295392026,
   63888.22026952852,
   76943.9121889801,
   97779.7676779647,
   16655.29813957692,
   76800.21871354118,
   10258.96434468999,
   41816.401448766635,
   26966.58801243765,
   26663.479777751556,
   432.65843178962166,
   67466.84569830491,
   153921.7567489807,
   294425.46508483327,
   146374.01183737183
  ],
  [
   -92784.38249943378,
   -119705.21152188526,
   -79727.69542826219,
   -158022.9531632981,
   -165467.25227057876,
   -55921.03777618776,
   -126698.81471227191,
   -65535.81753625242,
   -90815.43244813377,
   -114679.60403648266,
   -41923.393222034,
   -102329.45938801294,
   -118289.97370657447,
   -22835.787737554852,
   -405179.603182681,
   -78820.48363379813
  ],
  [
   -150688.56096963858,
   -103805.25702084588,
   -46557.08372332728,
   -69938.26877266898,
   -53460.94125791331,
   -39777.455982596475,
   -163276.3536360978,
   -64489.093497641676,
   -76284.5745362427,
   -179245.07186500056,
   -117589.13638154323,
   -106134.32411086408,
   -102042.6794270373,
   -298144.50327909476,
   -77761.24129245017,
   -298347.314276526
  ],
  [
   -114375.11501577095,
   -50312.75350986085,
   -37512.78581545047,
   -29385.36465132864,
   -16116.476363955617,
   -47184.401135528766,
   -54225.457353230864,
   -41194.40833169903,
   -52368.98510896193,
   -117392.51143029134,
   -89083.25822139668,
   -69760.6168758905,
   -34666.796688916176,
   -183129.77823535886,
   -97136.61480653536,
   -161281.00851638964
  ],
  [
   55415.6356765973,
   -39041.836267978586,
   -21827.71379271156,
   -24034.81630591075,
   -38137.28133727703,
   -13379.9545515083,
   -11172.344481697635,
   -11737.8762735573,
   16956.471607118427,
   -14845.821594195297,
   -16383.452320514156,
   -74793.31010591533,
   -22695.5668993715,
   -103925.26059070046,
   17158.028766715466,
   -96115.81118147919
  ],
  [
   4921.028676854701,
   17534.785621119456,
   -14163.523628983809,
   24867.150427137072,
   23312.307527379555,
   1259.549528223634,
   44636.65165504347,
   -13058.904573126903,
   21384.862292852034,
   -36631.82216360347,
   30452.70511203203,
   -22803.572994030583,
   -11638.79595741417,
   123942.50949614569,
   74280.93591828612,
   84985.09661892272
  ],
  [
   -15492.897835874404,
   13509.853300774434,
   -465.6074911978169,
   -30479.741432438957,
   -14228.846063170497,
   -9966.475410678759,
   5689.912548299884,
   -13147.960928156528,
   -30940.14595742003,
   -16456.33008459698,
   31314.90448517805,
   -50168.07264564422,
   -24379.903973940676,
   107195.69835246814,
   97143.43883488356,
   94465.35733004088
  ],
  [
   -75882.68863688274,
   13819.970187648585,
   -12524.653582551147,
   -16855.157783798408,
   4933.5674483099565,
   9506.850631702064,
   -88328.72049418386,
   4616.042583839731,
   -81048.94296766733,
   -20122.46418605323,
   -2102.9865911205025,
   14019.085071710891,
   -13253.602461371353,
   -24436.79705934533,
   114256.9396217023,
   -22186.966280995624
  ],
  [
   -41414.01925168838,
   -26356.097424524618,
   -41891.27790386303,
   -27906.190868057398,
   -16956.835743846073,
   -25925.17661000474,
   -29137.74894016388,
   -48279.857103703405,
   -14459.064896024569,
   -128003.97357068353,
   -39845.436926663424,
   -17865.732355067747,
   -19025.154945692426,
   -85199.63976576002,
   57134.59519736332,
   -70092.58650708375
  ],
  [
   -12252.06453723346,
   -63109.858745904516,
   -87576.89039389147,
   -105872.97123618821,
   -104701.89206194972,
   -38469.834306445766,
   -75109.68050707549,
   -34047.381331389915,
   -29469.024450690697,
   -62167.41473196746,
   -52758.82451772457,
   -32756.89024925098,
   -34617.980973656304,
   -171508.53185222996,
   -271554.0700670809,
   -137436.80603756147
  ],
  [
   54398.85396973343,
   72697.07887008466,
   38129.185740727524,
   106330.63860390494,
   65019.7335496805,
   -28213.41168866783,
   55386.854650173635,
   -25245.565321347694,
   62982.94436052862,
   -91436.8663138956,
   -43478.93792637539,
   7117.782475127573,
   97146.97925771038,
   -218583.16338874944,
   332179.9044622034,
   -174983.46853726017
  ]
 ],