{
 "input_nodes": 12,
 "hidden_nodes": 16,
 "output_nodes": 20,
 "epochs": 1000,
 "lr": 0.8000000000000003,
 "output": 0,
 "epsilon": 0.01,
 "synapse0": [
  [
   -47492.588117992454,
   -77860.71217216621,
   -71411.45445999625,
   -78221.95989047868,
   -93766.23841945818,
   -53578.9412763018,
   -115326.85724276162,
   -60063.985269628894,
   -70293.59773475137,
   -176147.68076560218,
   -89566.1484812275,
   -63972.882004065155,
   -74607.9808577972,
   -281950.48018664104,
   -107895.23845542414,
   -258725.0463215255
  ],
  [
   4435.099131487448,
   65602.25590518425,
   49999.22892721408,
   64886.255187979805,
   83958.80986241106,
   14996.564042027961,
   72082.48162141538,
   9169.150837443898,
   33030.48299646042,
   22310.062669442763,
   23398.011075004764,
   1545.4336392575942,
   52044.09135161855,
   117391.20284624782,
   240651.32336327352,
   115552.30272957841
  ],
  [
   -81214.32453282979,
   -99385.40575913008,
   -65643.98208388366,
   -127738.00779926634,
   -139797.05009173826,
   -47784.74609314684,
   -106203.84270077255,
   -55836.444876027635,
   -86327.75614121776,
   -96658.69048425926,
   -35756.1630096592,
   -87883.69831226491,
   -106149.61617050061,
   -32551.42694085959,
   -331327.03959290753,
   -64755.34348994175
  ],
  [
   -119270.9735025851,
   -73715.34361532313,
   -54754.55616898192,
   -60090.20904044083,
   -35828.38543471669,
   -35625.124017006805,
   -134861.52632805204,
   -56632.95522498408,
   -53092.84338869818,
   -157447.50406809276,
   -103052.76463870073,
   -93655.39873525684,
   -89484.26914659933,
   -249661.80671908372,
   -64124.1904625712,
   -240428.75307299514
  ],
  [
   -97676.08003104926,
   -37936.11215163281,
   -39799.87713151613,
   -29128.524885036288,
   -17686.84157484836,
   -40237.23298742375,
   -44279.73258779558,
   -35065.058748771284,
   -42278.53543437132,
   -100169.45415341176,
   -76356.532179089,
   -61238.462454441105,
   -33388.483416258125,
   -153352.18268466566,
   -79779.82921758009,
   -125301.32057644907
  ],
  [
   50969.45706758186,
   -24576.085299438942,
   -17528.073171361175,
   -25615.680577371295,
   -17207.236044540263,
   -12576.54905699868,
   -12802.910604704795,
   -11066.612641125841,
   27401.313828352384,
   -16853.164719551296,
   -15698.12476238379,
   -64084.48052380788,
   -21586.865019151977,
   -90358.20185567877,
   14076.995158585578,
   -75272.62750469327
  ],
  [
   8344.24749263486,
   17326.283139499155,
   -7301.801743922728,
   11700.041439106202,
   23115.17423451706,
   1165.3581213352782,
   30318.884753708102,
   -11196.908631728318,
   22091.02694797899,
   -32875.37499489474,
   26180.63677196784,
   -21239.123672064357,
   -12369.093778621922,
   103733.06169059861,
   60985.04901982352,
   71076.7673465898
  ],
  [
   -23442.270002942732,
   6507.138053597557,
   14987.577079357505,
   -9908.47816361838,
   -28791.463956587668,
   -9197.613018709873,
   -482.60317027313465,
   -11995.869983986859,
   -33460.04980871075,
   -17242.291703108105,
   25677.770967230663,
   -44408.017871691525,
   -17469.509703919386,
   76577.4641131027,
   79772.84294276791,
   71764.76845930037
  ],
  [
   -78176.73807660218,
   8972.354878246075,
   -2723.927245848135,
   -5682.53813680428,
   -5773.547406235339,
   8993.686483289588,
   -79815.25988034859,
   4810.0682632848475,
   -84600.20816260633,
   -13536.518148760368,
   -1749.7367605750414,
   10245.31124772762,
   -6384.002757282245,
   -12519.421847925372,
   93820.31340697061,
   -22324.389998838094
  ],
  [
   -28419.757373409215,
   -19669.182205487545,
   -31861.393202353564,
   -19646.175958154283,
   -24761.554991691446,
   -22843.757475950602,
   -27737.315585875975,
   -41538.17450577656,
   -1437.4158730838606,
   -107353.18500223977,
   -33639.77909269116,
   -17637.250839199423,
   -20000.27485951603,
   -62945.60570388005,
   46908.68154749974,
   -53916.62350125555
  ],
  [
   -19799.71734611126,
   -54647.80214487077,
   -65429.648414094714,
   -86784.65444697019,
   -89381.75312997933,
   -32773.249885447745,
   -66574.6253806834,
   -29624.598573248204,
   -25994.422209035984,
   -53697.030463022915,
   -45149.69454424371,
   -27602.42067692655,
   -28740.775012148286,
   -131877.1655790151,
   -221854.4794503867,
   -106874.32665857622
  ],
  [
   43595.78121787201,
   56692.58777066547,
   31852.549392341472,
   75566.39902751795,
   64322.64091523662,
   -24054.813861645627,
   49323.686484130725,
   -21116.242626814314,
   40342.23763582995,
   -75856.76399410736,
   -37129.990043452315,
   5754.708554755117,
   88834.83796652257,
   -177843.88317711675,
   271903.6074102763,
   -130463.38039797038
  ]
 ],