{
 "input_nodes": 12,
 "hidden_nodes": 16,
 "output_nodes": 20,
 "epochs": 1000,
 "lr": 0.6000000000000001,
 "output": 0,
 "epsilon": 0.01,
 "synapse0": [
  [
   -30677.620364311806,
   -210158.9459765974,
   -284461.99025412597,
   -51447.758473148424,
   -179267.4463388929,
   -62283.16508474008,
   -232821.19574783946,
   -58653.92069243914,
   -108862.36420451965,
   -52053.0801376221,
   -92787.13034634851,
   -46522.76000458805,
   -70274.31467383384,
   -32880.191993329485,
   -229322.97397089316,
   -65710.36911447547
  ],
  [
   11197.073938869964,
   107480.80117698765,
   102668.27751639992,
   13345.774157080601,
   61958.969845909654,
   29067.817157281846,
   134059.30460824553,
   91845.11758135067,
   27012.39471252089,
   52060.67449076918,
   38527.493624515075,
   17938.63625316292,
   190094.1563740773,
   14460.301784779982,
   178154.59541045275,
   20064.42780109522
  ],
  [
   -28199.206555592213,
   -180316.20967072452,
   -198466.4995395486,
   -31429.185218486644,
   -171156.27777634072,
   -85822.23755831023,
   -185183.8224280553,
   -162265.29422223248,
   -25682.031026694545,
   -26990.758552901778,
   -93275.89799733541,
   -10140.782562782637,
   -237527.34369778173,
   -21540.333488889744,
   -267111.9648578085,
   -46812.236721130306
  ],
  [
   -10776.83878915,
   -84534.42492319108,
   -185671.8260904486,
   -12187.620985133532,
   -61214.942046583805,
   -28413.03712995242,
   -156133.74278013327,
   -94321.5543817977,
   -58321.19495224004,
   -55833.27497851913,
   -48225.556557449934,
   -29683.375155289305,
   -136735.574697014,
   -12859.141884351158,
   -174581.7556237907,
   -43672.43689790253
  ],
  [
   -9521.705562494395,
   -50032.49948216896,
   -155268.11869907807,
   -17016.22607261928,
   -110975.50959143076,
   -29996.118049549677,
   -77144.96893162129,
   -21491.968531626706,
   -34034.27425384531,
   -43579.46923078421,
   -52104.8279757219,
   -6710.53910223641,
   -15709.18976613447,
   6390.404650468704,
   -62020.35214147512,
   -24035.37486226222
  ],
  [
   -152.0786510110501,
   -58352.03523936919,
   -2496.3862399522955,
   -19764.905019806276,
   23186.96919230519,
   -4640.60981231218,
   -42887.09720641586,
   -28077.08055488674,
   -51020.193651380076,
   12239.586079465395,
   -6474.672735549081,
   -19823.51095200043,
   -10844.294233754605,
   -24581.025730664023,
   -71322.72618487687,
   -30821.866742684764
  ],
  [
   6.382095110285224,
   132126.35450557194,
   99471.05671663601,
   -8444.17706745165,
   70872.55670410662,
   15098.45029468952,
   121392.98884287478,
   43326.08022864155,
   40638.016832158835,
   7715.068531625826,
   -6752.406622023209,
   9325.365447157059,
   100772.29978597247,
   21868.80061429521,
   28433.43994560909,
   -13472.172998083863
  ],
  [
   -22857.798306492106,
   -152363.98951179514,
   40944.88846572479,
   -26436.751602281598,
   -104933.32678254718,
   -30453.30030301709,
   -60311.67481262301,
   40960.86643248054,
   -27500.884716872675,
   10800.89968772507,
   -59343.47679634201,
   -17951.05156513599,
   6568.961940271111,
   -23895.258162191814,
   -84936.87051713666,
   -31428.557513474647
  ],
  [
   -16570.6305118212,
   -210355.87022309125,
   -98243.53194792582,
   -20409.41424821105,
   -109454.25370412176,
   -47168.96984293417,
   -124902.850331187,
   42305.63424265103,
   -78338.96442259724,
   6735.814651034246,
   -17387.785397222284,
   -25704.257514563462,
   83388.42303449548,
   -33167.37350152468,
   -6128.009691576929,
   -19230.544003403644
  ],
  [
   1515.1443571867167,
   15269.735127173375,
   -66564.7480216792,
   -22424.541174702324,
   -36671.42148452366,
   4007.9367668802565,
   -20372.982095936088,
   -38578.624188762646,
   -7133.429371467962,
   -35933.99267532962,
   -27267.270512558593,
   -9260.695549591988,
   -22262.496767232406,
   3852.9410109414507,
   -66807.02533037012,
   -39649.066490936595
  ],
  [
   -11900.609256249652,
   -97673.28292945276,
   -223861.7752083803,
   -34722.11566835582,
   -94055.9631396177,
   -28748.34582833097,
   -162041.2411970261,
   -129224.1081939955,
   -45626.85246019378,
   -20683.993453257764,
   -43693.033774867006,
   -17879.591877125647,
   -141283.9723080541,
   -30136.520490352937,
   -169530.75851455505,
   -33189.484701022746
  ],
  [
   -6804.487279624583,
   -37551.85115857974,
   -198122.16493055155,
   -10854.783472272911,
   -54344.241851732986,
   -25293.84059820485,
   -60738.447753973785,
   132440.09628712598,
   -58577.461730534626,
   82179.56208505476,
   34780.211712936834,
   86.36097615827161,
   280593.0653168619,
   -24736.93104809476,
   192074.1943426982,
   13230.167705518568
  ]
 ],