{
 "input_nodes": 12,
 "hidden_nodes": 16,
 "output_nodes": 20,
 "epochs": 1000,
 "lr": 0.05000000000000007,
 "output": 0,
 "epsilon": 0.01,
 "synapse0": [
  [
   -84364.25440436049,
   -200273.14371846296,
   -131081.90639144785,
   -109954.79775922115,
   -227346.26215528217,
   -92722.14388170857,
   -191594.59556013998,
   -105216.22685840748,
   -136997.70127270685,
   -330066.29810253956,
   -169281.10869764126,
   -104833.86035529013,
   -168922.5957243032,
   -623904.3907102811,
   -223315.41559470774,
   -637517.3143253576
  ],
  [
   -2431.571181338961,
   137708.51609698462,
   105505.6165198749,
   96814.88686177258,
   170068.05501511067,
   26703.228172898725,
   98836.33257208625,
   18910.44529650171,
   65310.60154095377,
   60961.93882008558,
   50370.29857518755,
   3220.759816826295,
   126755.91506461566,
   280159.2494923513,
   502021.8728708264,
   278099.38840326783
  ],
  [
   -154708.98075965774,
   -186926.21045626298,
   -120101.63461805852,
   -273176.74451362906,
   -249897.47734642652,
   -81884.91983832023,
   -201485.01393862392,
   -94824.38411795245,
   -143285.0912335429,
   -164684.39922581994,
   -58442.14746691371,
   -152082.00116781873,
   -157594.0760857658,
   -14512.709465386524,
   -691485.1576626735,
   -101910.17589964373
  ],
  [
   -256784.3358558121,
   -186048.36134877504,
   -79961.52819321373,
   -109707.02344249786,
   -153195.89948633916,
   -58517.79250427419,
   -281158.5990807554,
   -96202.87044126204,
   -130871.6069953403,
   -273780.2740834134,
   -181965.94648377813,
   -155101.5452969893,
   -125307.17373950336,
   -515469.02738868824,
   -131034.55809098428,
   -554082.9267146453
  ],
  [
   -180836.38538331588,
   -60665.68823915215,
   -34009.53648095977,
   -44710.29228638872,
   -17978.547293558306,
   -70679.33871337314,
   -133005.4591658565,
   -61915.430215398505,
   -79791.09926230028,
   -180290.68489612712,
   -134663.46210984766,
   -100405.95345773242,
   -45382.08289990942,
   -303805.05234592705,
   -165422.2399610829,
   -288825.33675788564
  ],
  [
   72678.14556720186,
   -66396.66660918058,
   -62740.226869824364,
   -45728.82143404434,
   -79502.1247466222,
   -15743.573417572821,
   -2116.9823610525023,
   -13270.982723639327,
   33030.34572733408,
   -1554.644647718547,
   -13742.569448676966,
   -107904.68994967137,
   -36784.18743119054,
   -198977.06453907292,
   28950.48349672594,
   -135019.3874468137
  ],
  [
   2498.3759497180417,
   -9692.169536439742,
   10535.002874081372,
   35923.82136780124,
   50687.31465500282,
   571.0491468487986,
   76519.65989182114,
   -22044.25948809901,
   17481.87786378153,
   -60385.31589917604,
   41280.04154133011,
   -28512.525739155222,
   110.87107645293104,
   199357.9619793298,
   126132.12039506511,
   137763.1506790239
  ],
  [
   -1685.2368237920657,
   33268.936966214875,
   -9916.959061960517,
   -63610.12328382924,
   -11276.61900951892,
   -11890.787067824112,
   10476.19195960647,
   -13729.621734920205,
   -54813.41999747545,
   -2067.5379716946686,
   57646.70648947457,
   -68581.46538090512,
   -54894.78239018596,
   193012.88965599725,
   165422.8581747191,
   196143.60215827625
  ],
  [
   -73627.7316734512,
   -24299.14224291533,
   2064.2470826148874,
   -16582.68007565569,
   -18046.865605614792,
   9673.495362743442,
   -116321.50516101814,
   2462.3497937250663,
   -89975.60073232098,
   -46843.84774181813,
   -16333.06951115348,
   20500.553657342498,
   -52974.24777221266,
   -39916.849361679946,
   194365.596974233,
   -93906.6566846712
  ],
  [
   -75698.94385523233,
   -44349.052571418484,
   -50106.63200524947,
   -53872.125512766404,
   -41123.363707936,
   -39727.65269433939,
   -76523.77550965948,
   -74397.45408472532,
   -23801.26748164219,
   -207723.34233940294,
   -72220.86819599953,
   -22601.434448037435,
   -4468.859026913597,
   -136976.9585027728,
   97182.41546681896,
   -166931.24299611454
  ],
  [
   -9220.988518288837,
   -89979.07956844446,
   -124044.69670052272,
   -131806.66765521557,
   -182531.13358327036,
   -55420.96607516805,
   -98661.80945966596,
   -49154.9107156801,
   -29693.056406651245,
   -88104.75987964291,
   -77947.18606587213,
   -43582.344391752886,
   -85959.40043539072,
   -296661.7749822932,
   -462733.65826473926,
   -245321.33046573508
  ],
  [
   79372.66760499797,
   126780.96117928906,
   80942.0457677311,
   210893.56962713142,
   87724.2998235839,
   -41081.75921657538,
   94287.44790835872,
   -35271.41656612287,
   88090.90060660894,
   -133589.54431738087,
   -63088.284217197666,
   10311.323706433137,
   91663.66804694229,
   -376781.3754995788,
   564821.1821197984,
   -308502.8167874463
  ]
 ],