{
 "input_nodes": 12,
 "hidden_nodes": 16,
 "output_nodes": 20,
 "epochs": 1000,
 "lr": 0.5,
 "output": 0,
 "epsilon": 0.01,
 "synapse0": [
  [
   -77317.34974734306,
   -178475.9377410212,
   -119371.3412437512,
   -107799.50418927928,
   -204832.40261394408,
   -86623.88894425769,
   -175861.5185206045,
   -98011.00389251215,
   -129895.70747618793,
   -306073.7083652671,
   -148262.60808265564,
   -98459.6149820532,
   -158367.47805960488,
   -565620.7750359526,
   -203217.96072434328,
   -573229.5682034363
  ],
  [
   -2166.1625871649867,
   122126.46755061754,
   102994.42854398397,
   92025.71610204857,
   153819.12475466417,
   24994.33918930352,
   93520.49185419921,
   17216.334070601108,
   63700.77407851303,
   55203.3813635712,
   43463.81927616233,
   2835.84786770012,
   117666.3079239294,
   255779.3802204618,
   456379.2521133891,
   251328.7710603661
  ],
  [
   -141239.01377182954,
   -178631.81879777988,
   -99677.87064952271,
   -252223.6404876486,
   -239808.3080558215,
   -77145.67515365328,
   -187708.29056787735,
   -89545.9131813354,
   -130649.14312928461,
   -156223.50975359313,
   -55879.707736939396,
   -142253.46548200387,
   -149247.68635648655,
   -15251.383445539961,
   -628633.274367207,
   -107473.95615758412
  ],
  [
   -238860.16127195244,
   -167699.86929429416,
   -65786.28804623749,
   -103764.19518658167,
   -138707.5549358539,
   -54765.15972737183,
   -255713.51160591317,
   -89666.25704156057,
   -124823.62095427279,
   -254865.63436887442,
   -163988.02611359605,
   -145652.10854944732,
   -116680.6681837897,
   -467200.5553784391,
   -119361.31056641189,
   -497443.27389363036
  ],
  [
   -165685.5827619171,
   -59413.64215343584,
   -31102.222653314944,
   -35528.58579554116,
   -25050.532150507443,
   -64990.76230010176,
   -114015.39918121458,
   -57194.24845369979,
   -74430.59041716413,
   -165861.11647729506,
   -122744.81030862492,
   -93455.04356648223,
   -39979.527666721675,
   -277697.4599091335,
   -150440.9309420028,
   -264828.5417997314
  ],
  [
   71119.85716880023,
   -60256.40718818415,
   -52903.482076325025,
   -41437.270357222784,
   -77452.65228048558,
   -15346.59677813167,
   -1707.9555824127115,
   -13108.788735245573,
   31494.5949912497,
   -3861.856175407183,
   -16476.484119811663,
   -101246.43777241105,
   -33252.5778744624,
   -169774.06705385746,
   26410.221647708982,
   -135136.19551364382
  ],
  [
   1777.5863617202474,
   -9140.210749782522,
   13363.733073168094,
   32005.42539303421,
   43017.87109204916,
   614.8237464916856,
   69235.42552886062,
   -20599.663560980724,
   17914.52272914775,
   -57220.35400721155,
   38635.69291025932,
   -27239.02708721794,
   891.7774021197409,
   188216.21520749337,
   114815.33231961267,
   123266.19094324995
  ],
  [
   -3332.2292041218298,
   28112.21889136008,
   -3793.5565153113507,
   -52199.91616939389,
   -18012.368133485284,
   -11564.78559785805,
   9108.895694078223,
   -13474.881576771882,
   -50986.44705493951,
   -4760.24831461194,
   50590.669752937225,
   -65814.45137765941,
   -57584.96066071566,
   176855.0516282219,
   150447.08591883836,
   169209.40770514018
  ],
  [
   -78695.84674091007,
   -13989.149315648363,
   -5247.823244934536,
   -16168.872853393588,
   -7002.785819740049,
   9213.745834585765,
   -113329.68019254936,
   3022.7348106907916,
   -89713.80769681235,
   -41295.66178368705,
   -8065.441463840967,
   17883.555146960938,
   -52749.639935452775,
   -47962.98566067283,
   176819.75797150162,
   -66589.03433218102
  ],
  [
   -72932.18301188636,
   -38402.10511626196,
   -48174.31346632912,
   -43845.8084012696,
   -48104.71513315765,
   -37819.40414303083,
   -69253.02356654443,
   -69967.05705752743,
   -22907.277794887585,
   -193995.851618774,
   -62453.612895603364,
   -22290.847381076095,
   -6021.963232301387,
   -136019.6963787146,
   88411.68789242841,
   -145885.52221542402
  ],
  [
   -7083.434763743541,
   -79249.04191263739,
   -125083.30201350336,
   -117108.2318792042,
   -167999.50025124176,
   -51288.13095763852,
   -90338.89530179248,
   -45515.479058355115,
   -31484.88053256474,
   -80908.39122101625,
   -70542.51326380111,
   -40732.1328777311,
   -78735.72161865233,
   -267105.6449561264,
   -420746.3922873167,
   -218827.8742277117
  ],
  [
   74609.77253859068,
   114722.82469475105,
   71632.93967008543,
   188231.410618684,
   85051.83569530628,
   -38816.79804393827,
   86784.8587662216,
   -33718.11116285908,
   85161.39862506164,
   -125937.81716133228,
   -57158.88629948701,
   9168.918972048215,
   89454.10465967184,
   -342850.88582239504,
   513709.5461096108,
   -289076.3282811014
  ]
 ],