{
 "input_nodes": 12,
 "hidden_nodes": 16,
 "output_nodes": 20,
 "epochs": 1000,
 "lr": 0.9000000000000004,
 "output": 0,
 "epsilon": 0.01,
 "synapse0": [
  [
   1578.4062203556593,
   7141.762908960876,
   -1062.135498769824,
   -4179.943502695194,
   5132.039006734593,
   -8213.950135304438,
   1940.8059632182967,
   16401.66554951779,
   -8894.903209177242,
   9128.049748536585,
   -2996.3453117784525,
   -3655.91152249627,
   1515.9681317966306,
   -10329.37290874825,
   11639.85675018336,
   -35860.64369425552
  ],
  [
   -6402.561014668223,
   -6745.0569199856245,
   9047.982782738894,
   -4548.854974632731,
   -18640.523366577778,
   1309.1954157105529,
   -20167.796490488323,
   -18669.52623431264,
   -2542.694118839295,
   -34084.215051639774,
   -16184.35228413178,
   10704.913410563082,
   -4489.565935907403,
   8506.20744114784,
   -41.89806855879092,
   -1865.50020444399
  ],
  [
   -113.05572498781413,
   -3638.480379328546,
   -1359.886679804655,
   8238.004947947386,
   19419.281134241515,
   -16858.606248677985,
   26117.038710678433,
   -4604.682494946352,
   1508.6234442847544,
   20926.280516821218,
   17811.07294988368,
   -5262.462900450022,
   11406.701839384923,
   -11013.434494449046,
   -7494.067682068851,
   -13259.656732215622
  ],
  [
   5499.297022867524,
   -6752.5475027971725,
   -11894.501561846237,
   -16214.73045353885,
   -8448.940958597377,
   -10239.339132387118,
   -26728.497038601767,
   5422.163827241748,
   -19664.267933334908,
   -12666.416912765,
   -16917.775401553074,
   -14817.490753087315,
   -3590.699008613157,
   -17398.928057061516,
   3697.693207041707,
   -61749.93635235848
  ],
  [
   5175.8717747027395,
   -2457.461338965105,
   10998.778869822387,
   7500.843192132479,
   -10497.831026420723,
   9644.574607090994,
   1345.358281313945,
   -4381.93013643088,
   -15018.366085134146,
   16089.135723809453,
   -6853.494577559987,
   -6189.033428501544,
   -15970.87871532083,
   -10196.691932326146,
   -5855.142094491259,
   -35557.71545776662
  ],
  [
   -4165.728791775512,
   9169.772961605073,
   -6598.80965522619,
   -12193.89945466547,
   581.0069165229513,
   -3941.670186492441,
   6359.760691313355,
   -1178.107094280091,
   -8849.698353372403,
   -20391.679508118334,
   -10133.445282669221,
   6803.287275393304,
   -8521.096956984924,
   -4548.202822436058,
   -2363.402522189593,
   -17422.892312480053
  ],
  [
   -30924.97640318688,
   -1374.649900594163,
   7040.481037316517,
   986.4896309221375,
   8142.099094713618,
   -8641.225869959677,
   -8619.084143080298,
   -13798.886251411963,
   -4140.187464526893,
   -15590.44673613148,
   -6429.708089871198,
   5401.731563839402,
   3348.4766969862417,
   2080.1833084480363,
   -43110.058010900284,
   -28260.53160393622
  ],
  [
   5979.395198650823,
   -2210.4631213446096,
   -4149.499828441455,
   -671.0214138502284,
   -6881.584475603965,
   -2449.7824321724897,
   5166.060437397015,
   -10441.853982998071,
   7921.276133812373,
   -17664.45176196196,
   -8563.949761294512,
   -4528.971696009447,
   2560.0187613865246,
   1146.9298354153295,
   -6951.586203670032,
   -7976.408415272219
  ],
  [
   14380.697989152897,
   -9724.616103127588,
   -502.92832075406244,
   4352.4924985854705,
   300.23978499176974,
   18312.864202458906,
   4411.681718932243,
   -12227.340068727144,
   -13825.182447895366,
   10026.32061996545,
   8168.470441160452,
   -438.69187139320684,
   -1273.4008007747723,
   -9774.73932949862,
   -16443.401581954615,
   437.2135651080653
  ],
  [
   665.4101502077716,
   -636.5575506210797,
   -4512.163927972237,
   -4696.045020138617,
   -743.9669386091174,
   -6662.564957700638,
   -8110.400901582895,
   10482.255883062757,
   -14944.50375644742,
   -1562.892738259025,
   7692.95580967658,
   -2458.9602814830682,
   6201.955105301049,
   5401.185572352789,
   8916.40184098282,
   -40284.57707498687
  ],
  [
   3133.836683653975,
   6266.049185076213,
   -3923.4864959204538,
   4549.228759200746,
   -6520.410069073174,
   31.90651456538203,
   -7608.01584880344,
   -3014.0046421643997,
   -7540.840205870951,
   6019.3708129726265,
   7742.85118201052,
   -5641.385839911441,
   -4373.105288023577,
   3350.4049488751066,
   1255.5961096518568,
   -27628.056892475255
  ],
  [
   -21979.139055224186,
   -13812.808610195754,
   -16729.0302625566,
   -23669.701140113117,
   -2805.5006571441727,
   -1017.3271256289885,
   1332.481886067587,
   -14767.186555121527,
   -21569.829620567732,
   6614.359076356832,
   -6313.150084911974,
   3497.0181082724775,
   -1957.8657353293886,
   6148.09326510228,
   -2275.119051279345,
   -80092.71749927099
  ]
 ],