{
 "input_nodes": 12,
 "hidden_nodes": 16,
 "output_nodes": 20,
 "epochs": 1000,
 "lr": 0.20000000000000007,
 "output": 0,
 "epsilon": 0.01,
 "synapse0": [
  [
   -26814.48296580855,
   -3617.6724635566356,
   -67674.65090693162,
   -8945.567534941301,
   -948.8228791247599,
   -22847.245706810445,
   188.98794533096103,
   -8139.810095382166,
   6205.386645057169,
   -14499.007261303102,
   -19106.484105292213,
   -38427.887238408075,
   -20626.21196140051,
   -40214.25163457357,
   -22536.43383502167,
   -4860.802969951203
  ],
  [
   17506.45488304714,
   -9471.366567761906,
   9412.086158455535,
   27060.108630725794,
   -247.69695042363358,
   30726.42738744409,
   -17828.554838496228,
   -1186.605410171635,
   -4952.854615858456,
   20826.732541120306,
   -20908.535024700523,
   31549.40307834536,
   3173.4601394312426,
   2258.030123541345,
   -8440.566988997654,
   -13526.492099606194
  ],
  [
   -18325.396758890925,
   -19290.443207592587,
   -88618.86129701439,
   -8001.634404697917,
   -6429.720972019909,
   -17679.300768490157,
   1595.1820301137202,
   -11239.490311765914,
   -566.9270586670938,
   5951.43387938304,
   -16883.255626093727,
   -3543.7857352428537,
   -14060.925094442287,
   -39133.33686521652,
   -64029.34162961556,
   -24189.332875563225
  ],
  [
   -81612.21710399498,
   -13548.554634183478,
   -131011.24600724432,
   -14071.685622187646,
   -1624.966815889416,
   -13153.022347502889,
   -4921.78564134846,
   -14424.530287534206,
   -7490.599460208969,
   -41788.153826571965,
   -102485.79450932622,
   -32163.531384926187,
   -117578.31053267856,
   -58338.193130540225,
   -36812.163516206885,
   -2158.685684629026
  ],
  [
   -9201.869563081105,
   -4871.953276257581,
   -67920.15725116321,
   23318.920202955713,
   1725.3277295728892,
   7975.806861774493,
   -2060.53196480879,
   -7064.554509330223,
   16808.18383821168,
   27590.67018260906,
   -28605.63657471196,
   -5972.715786828189,
   -9295.308169985314,
   -26585.063328497217,
   -19649.25183806789,
   -11818.959525963002
  ],
  [
   10777.517594539886,
   -1565.7443208694162,
   91148.94499669485,
   4411.455725297747,
   -1340.6549808082768,
   8139.01377111524,
   -1125.0130272677573,
   3793.061089681363,
   -25607.717615911206,
   -15385.005028696994,
   -9871.077130107926,
   -3126.8967677485657,
   -16266.733143161266,
   4005.4860395810665,
   -10154.777057732605,
   14116.146434206858
  ],
  [
   -53919.565400016814,
   -17515.62993175353,
   -106346.84715811833,
   -4832.770433303742,
   3616.048526576951,
   -13395.816095605893,
   3538.720822379912,
   -14186.579877927008,
   -27887.715894750094,
   -26274.566394471112,
   -47942.299610175556,
   -16753.743379898955,
   -36527.80360563505,
   -82150.66813023617,
   -102805.69070515624,
   -14414.191818222816
  ],
  [
   -20057.1726410409,
   -24662.490489353073,
   -53016.387060104695,
   6116.337246590216,
   -4600.6525061477805,
   2899.2497633169,
   -8580.142324565855,
   -12422.528533270484,
   17093.21554044139,
   14632.93652954194,
   -42735.32345614727,
   8744.562603572738,
   -38034.63646975436,
   -47156.425409447256,
   -38617.15856162944,
   -26480.63434645565
  ],
  [
   -55368.692540837954,
   -15938.886831957392,
   -23477.230295424863,
   22031.81456365095,
   -628.3466424429837,
   6515.970718283063,
   937.7165176572059,
   -15587.391731262753,
   -15138.184057520823,
   -12537.02159016535,
   -50869.66677859424,
   13819.211295857176,
   -71583.18517261899,
   -85485.91753779458,
   -85211.24204861172,
   -33735.763685017446
  ],
  [
   565.3923024005527,
   -5784.7204522676875,
   -70127.63335939863,
   -9243.255029096572,
   965.3682417960982,
   -1568.2428396573628,
   -11548.57515899161,
   -2159.6806343300727,
   -16590.15405256337,
   -24438.409192025345,
   -29186.137312121293,
   -40081.323039298586,
   12229.242195531888,
   -26582.678048331476,
   -12921.77180339374,
   2900.3294201638328
  ],
  [
   -42896.32722998732,
   -22742.48567708827,
   -4160.374789023502,
   -45549.283880050454,
   -1101.831927380173,
   -45273.92083122759,
   23453.870349722805,
   -5237.591661254946,
   -27015.320543632224,
   -65325.78382859928,
   -37955.82700878771,
   -12282.290343404464,
   -61066.22750506138,
   -41903.813252510445,
   -49466.86991528626,
   -2066.6312187613244
  ],
  [
   -1490.9389267007691,
   -5999.094553829437,
   38598.46648732132,
   -23047.65048471899,
   5478.738774294285,
   -21732.037270619458,
   -9587.345044047926,
   -670.3037515671649,
   21157.153628762786,
   23487.199624092736,
   35988.68124638994,
   23207.628857619697,
   31590.169180550736,
   16190.130906015624,
   26310.930059186416,
   -5031.23744572361
  ]
 ],