{
 "input_nodes": 12,
 "hidden_nodes": 16,
 "output_nodes": 20,
 "epochs": 1000,
 "lr": 0.7000000000000002,
 "output": 0,
 "epsilon": 0.01,
 "synapse0": [
  [
   -101412.21819099109,
   -3147.575233185688,
   -128937.55694727864,
   -58592.48615849817,
   -3042.4192954792206,
   -52025.42253331658,
   -1491.6120388053785,
   -15500.775922352088,
   7366.07036914959,
   -13308.360959689328,
   -33939.97886588687,
   -97125.92117976864,
   -38455.24996725556,
   -94222.48587782406,
   -65292.77340485899,
   -38527.77460555763
  ],
  [
   41357.29321658025,
   -22739.78876340173,
   -59625.52282127387,
   86435.60328465741,
   482.7897380388943,
   64777.74967923317,
   -29065.45403486753,
   -3518.608815708618,
   -13791.488034591164,
   59491.722254044296,
   -35882.76453943663,
   77308.03494087224,
   13855.590054743869,
   -16686.812204902133,
   -64654.65348701208,
   -97394.3702024216
  ],
  [
   -68225.38793833157,
   -42424.43298825769,
   -351866.1461728228,
   -37805.25490860418,
   -14261.824206825711,
   -44160.09920252787,
   3768.123804766511,
   -23607.51570844446,
   6430.653597566364,
   -12326.665029941869,
   -31153.446293237583,
   -30864.214055538305,
   -24711.703513877143,
   -78549.68120764755,
   -162984.62252359392,
   -137862.45336709346
  ],
  [
   -176595.30469777004,
   -24817.097082486955,
   -503378.05082467216,
   -33672.2418819281,
   231.23119521424266,
   -49154.38869676207,
   -8396.546752203089,
   -29000.624181930372,
   -10000.465888073582,
   -72710.17847544524,
   -187446.41238265357,
   -75596.10389954026,
   -247806.20249050952,
   -152105.9837271356,
   -123539.24861488835,
   -49185.30788818976
  ],
  [
   -11464.360445116892,
   -4519.110300609301,
   -217938.17303617802,
   26602.5565630537,
   3146.9281305705053,
   7528.099474798756,
   607.8624079005892,
   -12696.646090828763,
   12482.939376355964,
   57142.17983566904,
   -53385.96465781261,
   -13260.312439609157,
   -23684.959783958362,
   -88130.02225434867,
   -86042.61634681845,
   -28449.64742285538
  ],
  [
   53973.155994608205,
   -1309.786257848089,
   220631.30876524845,
   29435.517552478035,
   -3747.7357758915714,
   22241.59615622948,
   -2995.7503154690025,
   9509.304210718423,
   -36125.752522719165,
   -683.5948541866076,
   10255.076885675851,
   24375.950813854037,
   4585.479030344806,
   12970.387981464344,
   -16583.60633718648,
   37565.69973052638
  ],
  [
   -164121.64942806505,
   -37039.54018239044,
   -315349.9332086882,
   -27422.978606265417,
   2283.0249198228416,
   -26483.60775524073,
   2622.7394102048656,
   -24617.93774681135,
   -43769.21737334944,
   -2279.236833910077,
   -78065.51920643286,
   -34733.452005324994,
   -26416.84165270283,
   -181901.3075947409,
   -247701.95575998255,
   -6101.729652549905
  ],
  [
   -52306.26916021728,
   -50359.15896939748,
   -130584.9398308153,
   14749.215538255597,
   -6439.41978228219,
   14598.046466263208,
   -11554.692361505211,
   -26114.65805697859,
   28429.428565541006,
   12330.634575494945,
   -91144.97576127616,
   4724.7119473083885,
   -103772.36439735665,
   -120893.68550371839,
   -134021.4628903027,
   -241344.6808254453
  ],
  [
   -223292.08462113893,
   -32880.00357583107,
   -91692.15793079184,
   35072.40129257983,
   1790.7764894657714,
   902.7019885647874,
   1477.4270358193705,
   -32363.928231963764,
   -39310.77878114691,
   38938.52130905842,
   -95981.54719195301,
   33081.952589539,
   -144612.8044348998,
   -204624.95036901577,
   -234529.24424556366,
   -124946.92318875446
  ],
  [
   -6368.992367602855,
   -10876.08887330795,
   -231957.09238934677,
   -29967.155623715218,
   2143.4841723138707,
   -12418.419949573617,
   -20884.46051044346,
   -3564.438259644608,
   -25496.05235678827,
   -31075.45559206494,
   -53128.98897120068,
   -71173.78822231741,
   21176.694402689733,
   -73450.42668796635,
   -74087.84338994461,
   6144.192000926823
  ],
  [
   -91056.43364572116,
   -42113.28589605309,
   -5402.274695449648,
   -109743.68172177301,
   -2030.3261222806314,
   -91473.02482266666,
   40081.01359812431,
   -9226.879710313164,
   -35237.98200836868,
   -113730.73154265792,
   -67238.5176032598,
   -37182.72215691392,
   -105163.34088625423,
   -98122.38249481608,
   -131375.20129168965,
   -26575.589651756964
  ],
  [
   -19897.11447765483,
   -18218.517926265842,
   84032.6084949846,
   -66882.56487259307,
   7323.644587293819,
   -39686.60005794664,
   -14016.748509698089,
   -2968.1177007408974,
   52429.000379637575,
   -17330.472254576434,
   53054.18848442557,
   29454.956792483612,
   39030.071731994816,
   43035.63666932899,
   76544.16888427273,
   76725.60994695187
  ]
 ],