{
 "input_nodes": 12,
 "hidden_nodes": 16,
 "output_nodes": 20,
 "epochs": 1000,
 "lr": 0.4,
 "output": 0,
 "epsilon": 0.01,
 "synapse0": [
  [
   -84439.80525485611,
   -4157.757280253558,
   -111467.16143552255,
   -52835.30623056362,
   -2603.188082600107,
   -55263.10204536707,
   622.7205953876536,
   -14323.90244086389,
   6836.186546991692,
   -15951.416041901039,
   -29647.838458171827,
   -86867.36248048756,
   -36461.678705746715,
   -85503.35957304081,
   -60563.82933096145,
   -32161.097204722668
  ],
  [
   46347.21424493163,
   -20218.137845283974,
   -66021.3964096019,
   79030.31572985843,
   416.0403401532617,
   64820.633644547845,
   -27944.49367633907,
   -3607.2738933805854,
   -12600.883699753756,
   54588.09313993966,
   -34869.279745961205,
   68519.48916230255,
   12089.889693497076,
   -12476.719982252158,
   -53606.84859982645,
   -88151.23175537254
  ],
  [
   -39774.01209814523,
   -36548.368208640844,
   -333169.5790559409,
   -26081.72564252655,
   -13230.505223266959,
   -36062.34148787421,
   1033.4165321610078,
   -21619.33995022296,
   7246.343031934057,
   -3196.3591303863313,
   -28621.61618643056,
   -25321.368760386198,
   -18727.5927221725,
   -69852.3521479868,
   -142224.8161433312,
   -128286.0937607171
  ],
  [
   -154324.99675523286,
   -23051.745515270035,
   -465264.41869880207,
   -31506.754323388534,
   369.0856954378672,
   -38939.12027058009,
   -8887.890802273429,
   -26625.622581243308,
   -8909.188192931208,
   -67792.9751997261,
   -177414.97996864133,
   -68496.14505832682,
   -234425.86254002227,
   -138739.61888631003,
   -108581.54750211803,
   -27285.491577199024
  ],
  [
   -5723.370745513997,
   -4242.685863337885,
   -188332.67767423435,
   33648.56552215729,
   3562.1805787888325,
   12484.367876394435,
   -1631.6421481313828,
   -11590.503142086074,
   13542.38775276131,
   59218.745458692836,
   -47392.47679229831,
   -10144.206823870118,
   -17288.03254011092,
   -75190.12883159827,
   -72531.08765087592,
   -33996.234053259606
  ],
  [
   45597.11333680023,
   -2285.370589585097,
   202643.20484221552,
   17478.39686465984,
   -3969.8489802118183,
   14269.913107311644,
   -1962.6735786311501,
   8393.083226048995,
   -33823.384059743024,
   -8995.538749344474,
   9693.826093023228,
   17589.834885901986,
   -466.79400513424633,
   11740.142965507042,
   -16086.314913090106,
   41087.32085128974
  ],
  [
   -126082.35985385245,
   -33956.374770739894,
   -293341.1630723807,
   -22631.269490902996,
   2817.5324027442434,
   -28167.75911332041,
   3768.5821509866937,
   -23227.69519913351,
   -42604.14756923994,
   -7703.844928394457,
   -75090.8078400702,
   -34423.63504467772,
   -29808.745032481474,
   -165970.04994811187,
   -226073.66034118494,
   -15677.020651930648
  ],
  [
   -34747.90716631474,
   -45123.00690971603,
   -140641.2513364269,
   16867.66472878444,
   -6433.397211059487,
   13262.414993710236,
   -11553.733428454512,
   -23956.767672819555,
   28056.631422804745,
   12876.324625465224,
   -82843.78657620467,
   5622.820592114537,
   -92487.98414505007,
   -107590.67609737474,
   -115534.0877678364,
   -211232.20117012004
  ],
  [
   -175670.858263024,
   -29852.66492788619,
   -97524.52680213162,
   33822.06273741285,
   1317.265779669277,
   642.8067335780773,
   1528.3270828784955,
   -29684.724068951367,
   -36062.40628300476,
   31174.980189278805,
   -89175.22869939286,
   25153.91797853961,
   -133619.0191887762,
   -184990.8151555977,
   -210104.7528163802,
   -117056.30556463276
  ],
  [
   -3449.9671412195576,
   -10687.977959209877,
   -216316.22454741952,
   -27545.962883323988,
   2436.7590427632445,
   -15581.189939829253,
   -17925.01484739194,
   -3572.820295252664,
   -25636.231276719038,
   -36056.70422452091,
   -50758.37875280804,
   -66470.75966720017,
   15668.16038706349,
   -67539.32500357693,
   -67468.87727304507,
   15680.056358620659
  ],
  [
   -82772.96138754065,
   -39849.53930227031,
   -9063.955678543824,
   -97026.52804485895,
   -2444.0280463394893,
   -81576.77203502537,
   37140.7257272351,
   -8565.764112640385,
   -33093.877645063745,
   -106105.82213025374,
   -61356.16256873354,
   -34040.68156281729,
   -95727.8321267813,
   -89586.55332689501,
   -119681.36486932954,
   -25321.92391930044
  ],
  [
   -23297.321279747208,
   -15848.726774748773,
   69233.46047498583,
   -54376.47366706085,
   7181.927008949459,
   -38118.871753006395,
   -14618.65518841512,
   -2995.280279859084,
   49529.21547122984,
   -11502.764417341617,
   47968.47840309529,
   30157.65427917112,
   37313.34217816689,
   41654.78303647314,
   73526.66494760544,
   43684.35200625569
  ]
 ],