{
 "input_nodes": 12,
 "hidden_nodes": 16,
 "output_nodes": 20,
 "epochs": 1000,
 "lr": 0.4,
 "output": 0,
 "epsilon": 0.01,
 "synapse0": [
  [
   -65.57618245923567,
   -565.3367517134351,
   361.1494041566107,
   -2000.5529536313543,
   274.1965069643052,
   82.03249833469911,
   -48.39484009646675,
   1105.0122476640615,
   -20.29923198568568,
   454.47565309716424,
   629.9338825061681,
   315.0760914984364,
   447.0155808262567,
   -693.8593079020515,
   1060.3794501488478,
   309.3789484792496
  ],
  [
   -118.6226943205936,
   885.6595278418063,
   -268.30524879699254,
   866.6958603024657,
   -242.91570884420213,
   -595.4634081823383,
   80.82570447815836,
   -2589.2848018678364,
   103.82675465915098,
   -1514.822132255137,
   -470.37196200032866,
   -1123.997052268927,
   -955.7536889106217,
   670.3893227577565,
   -2145.3451622707366,
   -691.2042027793298
  ],
  [
   -270.09724598128895,
   -555.3080508147652,
   792.391847555032,
   -2195.9062124737507,
   -360.8831980635314,
   581.0090791823188,
   -987.8965780541021,
   31.886140579534544,
   -32.69420188366476,
   188.618073668604,
   430.3075875380486,
   717.0715986907038,
   -188.1959690233792,
   -396.693020481964,
   881.7827502174346,
   513.8841283118759
  ],
  [
   -546.5562536021301,
   -1496.6453177115704,
   -337.08807250763715,
   -2417.3894825467974,
   -472.66571136549544,
   -93.65759671228533,
   -434.01591120083816,
   -392.14716418862236,
   86.13297404465783,
   -100.7932591159605,
   615.6013243555699,
   355.6337129101456,
   -26.22537189107556,
   31.13861366764091,
   142.93791782243258,
   773.177216117466
  ],
  [
   -920.8711957084147,
   6.205007869590704,
   -562.5938608675654,
   -61.960718350221576,
   99.60248441539322,
   297.2258732785548,
   -959.6668951022796,
   -1122.4572630869595,
   527.4982812825602,
   -387.2711208739359,
   -10.205953851105281,
   76.81499402695866,
   218.147070276119,
   -507.84618063647923,
   -544.2549799251236,
   -231.43095785243153
  ],
  [
   -175.18689183276211,
   601.4083027251305,
   135.7320688800964,
   -1569.1965790740023,
   -9.66796324374099,
   -35.30635032881421,
   58.38321446403061,
   682.7351266557887,
   -427.32885282221713,
   67.74239443406982,
   126.35552882485146,
   507.5979632892918,
   193.65651262517346,
   -223.57494852636717,
   -366.05448646878625,
   -319.6912807687381
  ],
  [
   468.5648973608127,
   189.5641824039221,
   258.7326866644814,
   -419.97461031285445,
   -60.154359336514894,
   -282.114846663229,
   -17.448611839045682,
   101.27807042958152,
   -445.8543391674781,
   -291.8152926734108,
   -87.24668393480219,
   -567.4745650421726,
   -256.8774688873963,
   470.5450334682689,
   -514.8040105946432,
   -430.6530534446105
  ],
  [
   -73.06629682214839,
   -809.7530338048992,
   -531.7608955306721,
   764.6812895122196,
   121.3326258773814,
   -408.1682223025898,
   72.13560832369863,
   -1091.6550619106022,
   217.24369069242297,
   -209.262287655797,
   164.5454016266463,
   -470.5090046118533,
   -137.03842419396665,
   37.183510962509104,
   -262.82401935543595,
   -109.98853127495926
  ],
  [
   -189.90054936656054,
   -526.9258146806213,
   -96.78678819463519,
   336.3296964801269,
   91.07568233759677,
   0.652285877771284,
   275.51843512192386,
   -306.84715507463306,
   -44.14452253137731,
   240.25840392801314,
   99.6978335925973,
   -15.356397462508534,
   610.8323561105632,
   -236.94325801610628,
   -567.5758561710755,
   222.82533563047687
  ],
  [
   2.431117174208566,
   -750.5727859410536,
   -1.2402716674545624,
   159.53927174949547,
   138.40817645087066,
   -264.1772837502965,
   495.4981804962228,
   -446.8727345999617,
   -41.473002228315295,
   -20.176517075845013,
   -175.7758993901287,
   -225.1562302100453,
   -324.7595323752764,
   -68.72386838307183,
   -518.6894222472101,
   69.49564432662444
  ],
  [
   639.524303574101,
   1335.9580833246318,
   632.088653421661,
   -1249.575395030833,
   -714.0084012877356,
   -229.3300622425551,
   -244.39013999522444,
   211.84820214292046,
   -261.3239879881657,
   -245.13860741053975,
   -209.97937271817892,
   -729.7601409363862,
   -549.7394859487268,
   666.2257517823145,
   -229.31551077778542,
   289.80924257341235
  ],
  [
   -496.9125792963475,
   -179.96326503321527,
   -501.6620546450583,
   -720.0327411194369,
   -82.20370476597148,
   -263.04161065658116,
   248.4947480502238,
   -597.4336945379729,
   121.95740986355607,
   -138.68247243873034,
   -299.17349344799715,
   158.51690525741864,
   -564.2502822207257,
   29.38425082361002,
   227.09777507615732,
   91.07769916476214
  ]
 ],