{
 "input_nodes": 12,
 "hidden_nodes": 16,
 "output_nodes": 20,
 "epochs": 1000,
 "lr": 0.35000000000000003,
 "output": 0,
 "epsilon": 0.01,
 "synapse0": [
  [
   -1740.7042423998064,
   -1631.5709455298925,
   -24181.832975302874,
   2043.2214810000305,
   -13563.430695431285,
   -3464.951593072509,
   -56727.84966778851,
   10454.589687680811,
   -25857.275440203925,
   12390.1029475517,
   -6156.465458426498,
   -2296.642445280868,
   -12056.926429536965,
   -243030.0921325015,
   1549.0185355971698,
   -12911.18456503832
  ],
  [
   -6369.623555602637,
   -6191.995921367046,
   -1578.1665924505587,
   -39546.509012438095,
   -4954.633192911687,
   -3927.1024773767267,
   78158.15268625633,
   -10815.798259228413,
   13673.448049219909,
   -10665.230608475884,
   -382.7879611736614,
   -6686.760163848775,
   -14750.355077862749,
   242100.74796524807,
   -6977.464393781181,
   -153.21104146448667
  ],
  [
   -29804.500984682552,
   -91321.51231648093,
   -32530.29519129171,
   -234813.42001295058,
   -68620.52781148054,
   -38298.53829800409,
   -183350.0598659687,
   -10167.95127511122,
   30574.781506685416,
   -11311.78211147945,
   -6882.003535622393,
   -98713.08181578085,
   -120478.72918543652,
   -93863.24223003123,
   12217.755858326282,
   -81441.53557540746
  ],
  [
   -2336.0098774198527,
   -14820.298115147301,
   -7635.664739625868,
   -37517.422479417524,
   -16002.718365743382,
   -7119.434037839885,
   33042.61866102161,
   -24000.279501572255,
   39342.60360899198,
   6139.045501304262,
   -20353.19893137992,
   -12563.399907050918,
   45782.41768047287,
   -14815.26853378292,
   11935.406797555393,
   4263.113137140359
  ],
  [
   -7518.196056519678,
   -7786.343345995623,
   -23519.549529542117,
   40938.14848358632,
   -23509.67718385846,
   -6363.44488125734,
   -23990.070544572725,
   -1277.4401660982887,
   -10458.828905653441,
   1396.939544391439,
   16174.878683586709,
   -25529.83545412297,
   -14350.597989128535,
   -93142.46858058023,
   -2858.5167632603952,
   -17261.24063144479
  ],
  [
   -8068.924471315451,
   -40292.26244321396,
   -50001.32031986139,
   -131264.40025199912,
   -33862.63832665358,
   -8779.962060041924,
   -33843.80768401598,
   -35915.54869135103,
   -27886.0337469337,
   -17617.958247468934,
   -44691.86055099151,
   -41579.05929169501,
   -50353.87513114088,
   -66685.29898651119,
   14796.941346851827,
   -22590.16408679118
  ],
  [
   -18636.369707529,
   -16366.316951720011,
   -22921.710297768663,
   -29276.73928187372,
   -26965.092153911923,
   -8244.385286910607,
   -42846.622783743296,
   -24470.675311988147,
   -21316.039513957356,
   -1768.6778112532827,
   -5701.192097162,
   -2584.3823160990178,
   -52877.359798951475,
   -37732.21975489002,
   -991.8506450306237,
   -32958.18828156027
  ],
  [
   -18994.29592393114,
   -63924.86227472392,
   -21144.142375707896,
   -202553.2023884291,
   -47240.09847519702,
   -18059.208329875237,
   -95960.89419979733,
   5603.205457655308,
   -15605.376611790703,
   2364.112781318042,
   -28704.473413199747,
   -56509.1105534532,
   -129003.38955179129,
   26187.012013575884,
   -3248.6565043233322,
   -57463.58434111773
  ],
  [
   -15654.313519587013,
   -16957.95094818972,
   -48882.49982582715,
   -79545.47228591434,
   -52692.85827682602,
   -20940.81992667733,
   -54177.863584572595,
   4561.570077722938,
   -12207.747504504776,
   5219.181883684947,
   -42540.40522647036,
   -43640.330060375476,
   -100427.54881143167,
   -81597.59241349595,
   -5461.089041075091,
   -56010.3216601794
  ],
  [
   -30345.901893485297,
   -57960.445056512515,
   -78551.95825755289,
   -183965.5750143122,
   -86288.68145819525,
   -39833.5583342983,
   -49090.942031377286,
   9327.947392090766,
   -21936.454622126017,
   7618.5202824867765,
   -20207.244493868082,
   -105764.5800150869,
   -100474.04025688575,
   28952.64142107316,
   -9022.055929444583,
   -79750.57384584188
  ],
  [
   -4068.1359979736726,
   -21328.748008261067,
   -16155.231541993642,
   -176556.47999621124,
   -46208.25460143028,
   -9158.026766970312,
   -152212.62067521532,
   13579.632998987714,
   -58458.56686480882,
   -14755.751315032476,
   1089.335307768189,
   -4512.351884303165,
   -90470.5771387797,
   -14811.227253345256,
   2425.9546967236715,
   -38199.80274480225
  ],
  [
   -6084.283004740782,
   -9355.054271683108,
   -16345.526423377252,
   23800.101898161854,
   -15315.33856444737,
   907.0171881483998,
   44348.38290651481,
   1709.006018399066,
   -13363.841862282432,
   -8956.12225959833,
   -33601.54008468598,
   3349.5838936812393,
   -29872.222388305847,
   -40279.82354112477,
   422.785322892708,
   -6121.391458045708
  ]
 ],