{
 "input_nodes": 12,
 "hidden_nodes": 16,
 "output_nodes": 20,
 "epochs": 1000,
 "lr": 0.7000000000000002,
 "output": 0,
 "epsilon": 0.01,
 "synapse0": [
  [
   -472.9857008397491,
   -22748.5681823028,
   -7480.812986080307,
   3435.830900370584,
   -12615.122441795585,
   13252.939717900126,
   -5538.955918771549,
   9332.071469848497,
   1093.6634030828443,
   -6592.7256148485,
   32.50851761127391,
   259.2476253185707,
   -5.194730866086348,
   6895.439606916046,
   -12206.141284689133,
   -3779.9766127172616
  ],
  [
   -3970.1574730220273,
   -35723.47414579261,
   -4745.870100599617,
   -11478.367379555932,
   16832.587746597655,
   -22713.5818543966,
   3010.972423400426,
   -25636.286424091664,
   -5692.658482637812,
   1984.8053898961236,
   -12544.008638682692,
   2244.3195107152283,
   -14715.732627095862,
   -23001.076655648325,
   11063.795725807488,
   -3060.0269936971795
  ],
  [
   -17114.29521821371,
   -101416.76812096115,
   10399.795173866192,
   4556.478726400299,
   -71012.51733877606,
   18999.983664281317,
   -70480.93937675646,
   4865.714570629728,
   4463.687676549654,
   7464.360362671938,
   7228.111780014161,
   -31427.393317225848,
   1722.9355012747517,
   -14320.488176623949,
   -42235.98093816003,
   -4818.344341314807
  ],
  [
   -13170.343718846638,
   21078.686695905555,
   18671.099125400604,
   6670.59922815113,
   -14189.074341315258,
   8177.001791015069,
   -13797.523305587714,
   1587.2342965368057,
   -8729.248018310624,
   -106.8940419545557,
   9545.105769484888,
   -1234.5379386852958,
   10401.596949796181,
   -8852.438168549008,
   -4047.526481219681,
   -1511.1481377233338
  ],
  [
   -1552.5879856937456,
   -48222.029504220765,
   -30946.121725238696,
   5085.260602378079,
   -23224.07337995694,
   6463.507176822335,
   -6076.628432792211,
   2423.660528224891,
   2562.1970495876853,
   -6630.587772379947,
   1897.3491792913758,
   -6526.915814787375,
   -18976.47201016017,
   15064.823271033776,
   -14168.732759555776,
   -3255.1949723424423
  ],
  [
   -4665.419729839105,
   33980.45525613771,
   15214.11943176586,
   -1745.4880015072663,
   -2092.3342328912495,
   -13101.423758612762,
   -66777.198124268,
   -4202.863711537664,
   -3653.2594204565885,
   5279.985929542437,
   -10065.526377251512,
   -12307.946339980293,
   5774.786607127431,
   -21581.784296199417,
   4579.0531006172305,
   21254.862322700163
  ],
  [
   3721.838834562464,
   -71131.38408073694,
   -34256.12472168674,
   -2198.597170924652,
   -5349.749158019739,
   -7339.950342550322,
   -15873.24584063157,
   -3004.0832124065205,
   1028.553401967045,
   -2523.441210146122,
   -15517.120111570655,
   8938.618808609912,
   -20759.8480532787,
   3199.5909395878894,
   14230.879349686364,
   -10446.883488546211
  ],
  [
   4718.598908846419,
   5111.951648043376,
   4550.911631701681,
   -369.2060936193789,
   -5782.151894072042,
   16448.23255785541,
   -13633.094690905978,
   2124.474135030454,
   -11151.559320333812,
   -3764.7737095308303,
   10411.281551590744,
   15006.83744802585,
   7758.484267379228,
   18629.280687898554,
   -9593.475261790485,
   13231.112879334429
  ],
  [
   6927.888002165308,
   -41905.463046868565,
   -24490.282117071343,
   3769.292216950919,
   -10301.102476119415,
   8569.232355970524,
   94371.62730741152,
   3304.9433577514737,
   2473.0712331081368,
   -5470.711801236677,
   6385.229819959519,
   13527.28173526761,
   1845.0889806009793,
   -282.69289605027103,
   -13849.21274009676,
   -14168.847938792758
  ],
  [
   -382.72102994346756,
   -96878.09472299875,
   -21969.711168525704,
   -3056.9444995076265,
   -11358.826707746988,
   78.48922668284672,
   -38619.76982118203,
   -6652.3699045824205,
   -2169.909743257245,
   580.2266706150305,
   -16546.055144455066,
   -8189.408871121331,
   -16806.867579971753,
   -5700.755540995064,
   -5592.2322373830375,
   -16478.337706768878
  ],
  [
   7715.032282773573,
   -13425.25988010752,
   -14392.992657534249,
   -3122.9240825483134,
   -8087.137192598091,
   -9346.028788511041,
   -17482.157846504837,
   3507.470108132268,
   6590.972731282096,
   1760.154936431309,
   -4082.3196032132687,
   -4789.323387311748,
   -9062.836449308166,
   22452.636347248525,
   -15.276747915427741,
   -10235.906062120215
  ],
  [
   7650.649500652855,
   -90848.1254108616,
   438.4809855962531,
   -13250.555785360384,
   14511.863443652925,
   -32600.74982627128,
   -3322.2757867291784,
   -10504.325222623936,
   -103.06978175825012,
   -7540.567241682617,
   -18143.577835791537,
   6420.626010122323,
   -19251.621285938018,
   2251.1113850108363,
   2933.50836185569,
   -13430.920275519076
  ]
 ],