{
 "input_nodes": 12,
 "hidden_nodes": 16,
 "output_nodes": 20,
 "epochs": 1000,
 "lr": 0.7000000000000002,
 "output": 0,
 "epsilon": 0.01,
 "synapse0": [
  [
   -1580.046783914578,
   -6087.7499803884575,
   -11733.169469637773,
   2427.441913935438,
   -6227.79774438877,
   7629.899249498731,
   -7315.886273626584,
   5015.798791567526,
   2222.960386390373,
   -5365.892546616448,
   -2142.700994692914,
   1741.3072470453517,
   -348.0259352680018,
   4473.9812780452585,
   -3564.2997045015536,
   116.12510822798366
  ],
  [
   383.62901490776085,
   -1288.0477818567006,
   3850.166415910827,
   -4140.656683002056,
   6515.883425207439,
   -4501.183629844808,
   14217.420165135427,
   -10585.448327580085,
   -8057.744558241728,
   3741.3254172760235,
   -1292.786062804533,
   -2024.1041771516889,
   -1368.374101199927,
   -19444.938764844275,
   3560.2340630272656,
   -4150.367660282456
  ],
  [
   -8068.867049782993,
   -52543.100204190974,
   4932.656921327499,
   3012.3209754151735,
   -48265.82554696769,
   7535.077719346802,
   -50184.65781003197,
   -730.3095142350523,
   9372.848655613172,
   5295.809020946745,
   4185.435229316216,
   -25771.30384874258,
   -650.9052766933137,
   -14845.013554853027,
   -19847.363230717896,
   5458.814273778683
  ],
  [
   -8058.305173730446,
   16793.394580100943,
   12308.167840835064,
   255.65075862857276,
   -14197.530229814134,
   3861.165271743442,
   -9921.833169985253,
   2107.4214667790425,
   -4025.6016829067435,
   16.167151688155535,
   4395.523826334012,
   3450.9878095310282,
   5397.04905916595,
   -8718.240514504689,
   1076.3376496480282,
   -1142.0938637627803
  ],
  [
   -1536.797654415539,
   -15017.655360547842,
   -12851.50556845329,
   3700.4507198049823,
   -10842.622444831459,
   1938.2880376686696,
   8025.270896154009,
   6893.631336099675,
   2030.0210705034972,
   -4050.338048683313,
   978.8548973324638,
   -1916.9793952233542,
   -7167.214211115287,
   4928.725726095888,
   53.829154138834134,
   -5092.322075506922
  ],
  [
   -1606.807534983656,
   -2505.111538391615,
   8583.115480835206,
   -332.25577943669344,
   -7329.310844394518,
   -7711.19676741607,
   -71372.17189226803,
   671.3810926329107,
   -752.8676149076857,
   3627.7206911651692,
   -4379.35777929972,
   -6550.9223748816785,
   3045.7113452904755,
   -18909.931257477714,
   -6038.32875414854,
   13451.202239582959
  ],
  [
   1515.524593062663,
   -8978.488122830777,
   -25114.453238005182,
   2066.1188627630045,
   6539.027648545499,
   1599.5186857341855,
   -24478.789040452226,
   -1590.7897103621765,
   1356.98438188038,
   -100.65388583671414,
   -8118.597650816667,
   288.2928401775461,
   -12407.751187546137,
   1658.4739706060532,
   3783.354957466869,
   -4198.739768370383
  ],
  [
   -195.11890681705282,
   -1586.0991443143985,
   3289.18858449793,
   -6006.372218653569,
   -2213.6224098799667,
   -776.1775173317154,
   -40396.13933958287,
   -5937.510663588901,
   -2725.1759998761086,
   -3677.055802259125,
   1789.2345945117884,
   -4797.5525330777,
   4729.27894687537,
   8455.868994664412,
   1018.147031066317,
   12117.366939529402
  ],
  [
   716.7148045053808,
   9848.030629348086,
   -24338.201876361465,
   3404.257338363684,
   6856.074915748615,
   -2641.7464940449786,
   70283.14523332598,
   -1275.6798335583776,
   1021.4698467230983,
   -2798.513972566591,
   115.5906769551629,
   7506.300077635965,
   -3020.9358029066557,
   -7311.535147518914,
   -3678.330626539355,
   -3103.962933631604
  ],
  [
   64.86132875870679,
   -24401.859305184997,
   -19997.045040739904,
   -1933.0610004423784,
   -1846.6911844215026,
   3473.2324309444557,
   -30679.735491820767,
   -7025.860904611397,
   -3370.3579431323315,
   1449.3587932486896,
   -9857.706130462348,
   -10033.776805149166,
   -5198.731003360539,
   -10006.273630639022,
   -481.2104840064878,
   -4845.220516019134
  ],
  [
   2693.1278957897944,
   -1804.6891041620331,
   -11204.632817046091,
   -114.22440523874941,
   -11402.196524288014,
   -2238.400832666846,
   -26518.534085252708,
   2811.60238717874,
   3773.7407530581645,
   -782.1401280276912,
   59.86083672997288,
   -1392.2134236102654,
   -3950.105559942406,
   17843.645868552092,
   1450.1560011030444,
   -9255.64062606988
  ],
  [
   6972.68911322102,
   -33765.46170922404,
   -5416.257200702057,
   -2378.6386150211997,
   3823.3993001798353,
   -6615.461404790784,
   -1950.1274026533974,
   -4029.918404245492,
   -1636.4351368024165,
   -4896.24958010775,
   -11094.575658164604,
   -682.1799844880408,
   -4124.260709920865,
   9096.604758163427,
   -308.998948775087,
   -12968.377134037455
  ]
 ],