{
 "input_nodes": 12,
 "hidden_nodes": 16,
 "output_nodes": 20,
 "epochs": 1000,
 "lr": 0.30000000000000004,
 "output": 0,
 "epsilon": 0.01,
 "synapse0": [
  [
   19566.012937061514,
   22644.679076520417,
   20979.265608316706,
   33337.01715033367,
   41647.653524359084,
   7709.564192260156,
   6228.851438563866,
   -27785.972121552837,
   -5344.499057744086,
   -6087.105894793397,
   -25999.78761057495,
   -21178.380546280936,
   46975.76294628454,
   12803.487846323627,
   8001.834489029653,
   44847.81938609262
  ],
  [
   -17770.67417248746,
   -26263.553670581307,
   2796.733528846427,
   13058.12255060066,
   -19638.576706142892,
   -12387.622522361155,
   -10168.116987228497,
   56118.74390920663,
   -838.3523799697952,
   14164.924013047525,
   30429.97301087294,
   46736.71456208178,
   -30934.23672236102,
   -14197.432400197426,
   6566.208246364233,
   -23672.2456630857
  ],
  [
   -46635.69238895922,
   -29992.941502684705,
   -42374.20216588147,
   -163815.2793872496,
   -148311.61094370874,
   8170.8960956645915,
   -5343.817615780659,
   -76067.07461217685,
   16138.30470652743,
   -36120.28982387934,
   -99608.81950367018,
   -67527.95468932396,
   -150351.76131402838,
   -3711.164235947986,
   17832.25616290777,
   -118841.83294163978
  ],
  [
   -74973.42386995014,
   -147838.53272289902,
   -83512.61357007915,
   -104216.19748105538,
   -224333.4407308675,
   -788.6714224537074,
   13975.80557133262,
   10914.94547549729,
   -33.515528906709406,
   -24555.48751338913,
   -32774.213676212916,
   8818.857801379036,
   -227651.61793415662,
   -100680.59452856022,
   -1543.8489115293348,
   -212970.7486728437
  ],
  [
   -6247.113615378635,
   -56853.45979352633,
   -62015.19379255396,
   13476.345877286307,
   33050.27135497705,
   6831.6420751045325,
   -7285.516726894322,
   -40330.306543825776,
   3028.7448692119683,
   2834.631752279244,
   -5970.097570070399,
   -3642.1679090993653,
   -2647.348919755553,
   -29446.393813378945,
   -15589.10667041269,
   10973.440979627365
  ],
  [
   -6225.328355973987,
   -35315.4730471363,
   -3505.5411294186583,
   2721.022650431441,
   2366.9731732606906,
   12338.013943735345,
   -4939.3986557537655,
   21671.560266808505,
   -3228.12409880034,
   1663.100927652244,
   565.8881313653402,
   3511.6197314017413,
   -20282.742962415698,
   -8931.628541320748,
   -26504.20352021985,
   5638.7855279172345
  ],
  [
   -34726.1586014485,
   -33525.78143743157,
   -17578.302005097827,
   -24409.491633930193,
   -100393.21338637781,
   1242.993978933789,
   1043.1850913455173,
   6447.127898221564,
   1060.5709112645422,
   11375.353785101554,
   532.5896690543996,
   -5691.263837759657,
   -90138.12307094448,
   -44828.147860989935,
   -31096.604098599644,
   -60367.61341795085
  ],
  [
   -25145.090857550167,
   14840.839190240506,
   26940.80286841052,
   -46814.157703047946,
   -115054.68802039204,
   -3892.9807459426693,
   6023.40478375493,
   -18426.449103816045,
   -13098.56632414835,
   -13857.949825537562,
   22557.633011611786,
   8763.715673247709,
   -102472.51589030681,
   -47676.73463650054,
   6741.327019532468,
   -77907.09355143632
  ],
  [
   -34795.05302717346,
   -79373.70010535151,
   -63532.17118057279,
   -53059.71002709382,
   -107252.38557481895,
   984.3157206205726,
   -4851.9185891137595,
   -21015.01993049096,
   -6130.070355489778,
   -1803.0356876622354,
   3430.6166589858285,
   17671.39992079071,
   -104643.10396363646,
   -49672.018460965424,
   5614.836695697564,
   -88189.64662018043
  ],
  [
   12478.003009537571,
   43294.29254161268,
   51777.271507363716,
   32674.6267842778,
   78955.54844690415,
   -9741.034677626623,
   -390.0919198391721,
   -4966.277756905774,
   -11.19175948903846,
   -11878.451970153947,
   -22263.425901159542,
   13684.184282172995,
   42888.80287997915,
   23819.732229797217,
   58358.81575228381,
   21016.113182078312
  ],
  [
   -119251.31021522472,
   -152330.38875062714,
   -156084.64725696907,
   -226843.5020589884,
   -352580.13042854884,
   4084.9725726966194,
   2645.0633345237156,
   -83630.7963267177,
   7343.933227060902,
   -3888.27752177709,
   -2763.389681472915,
   -60280.24982057414,
   -324353.06669875124,
   -91626.58438012782,
   -94079.38331961924,
   -304457.86436129076
  ],
  [
   -46686.62773307416,
   -78139.25262457036,
   -103487.9891677294,
   -77166.52887746974,
   -149538.0292225119,
   -17056.65164477086,
   -4703.608829947153,
   27023.32948072863,
   1029.8106829474661,
   34008.15415437064,
   8073.339279693853,
   -1979.7984242672273,
   -96446.69251509674,
   -33276.17294984188,
   -60148.40849624767,
   -99477.85793081044
  ]
 ],