{
 "input_nodes": 12,
 "hidden_nodes": 16,
 "output_nodes": 20,
 "epochs": 1000,
 "lr": 0.30000000000000004,
 "output": 0,
 "epsilon": 0.01,
 "synapse0": [
  [
   14969.138453730597,
   13289.165634240097,
   13670.084475424232,
   23988.680501334264,
   33369.96136744497,
   6758.3942190324715,
   4671.3559318266,
   -26031.34227282751,
   -3326.824039289222,
   -5615.046095378224,
   -22705.335525096565,
   -19027.14441306413,
   35847.852991324464,
   264.16635152519,
   3005.2935813480663,
   35659.84251261979
  ],
  [
   -16395.34285706877,
   -21542.470092832904,
   2564.6421436960013,
   6031.963098477198,
   -23158.47230659726,
   -11098.31650643084,
   -8148.428539533953,
   42763.80400893982,
   -1247.9167148422105,
   17358.176310937117,
   22662.751072871215,
   28526.447241211623,
   -31184.173198854533,
   -9817.94919584495,
   3725.6587035950774,
   -23586.233832557667
  ],
  [
   -37084.45719828283,
   -20097.50664150744,
   -24034.483772570704,
   -118520.81676969677,
   -111277.55504753295,
   7558.634740196951,
   -6170.540356316884,
   -63021.500874595244,
   15374.647886088795,
   -39527.420390079424,
   -84572.40293027775,
   -39706.86284968078,
   -115233.43562663822,
   15432.74792462794,
   21570.98807060884,
   -90551.21936345806
  ],
  [
   -69876.97561240126,
   -131560.41182367838,
   -71827.176097189,
   -88879.2882788707,
   -200672.9460732619,
   -741.2734237519206,
   11164.09945526911,
   7394.625601639462,
   100.8022085914277,
   -23394.21574663995,
   -29801.935793015942,
   9153.47453835998,
   -206566.41036477522,
   -76674.05961127058,
   -6151.694983656705,
   -195031.82941105694
  ],
  [
   -9222.176916046743,
   -53429.16056206208,
   -59026.94504524293,
   1927.0288847505328,
   17607.59527485691,
   6333.597643931321,
   -5630.753110358753,
   -40679.806828996094,
   3343.956055298182,
   3353.580231992988,
   -10788.187466959711,
   -10040.518681575695,
   -15011.154910370184,
   -33065.32006202764,
   -13303.233764468412,
   1093.54933038252
  ],
  [
   -2920.981541720996,
   -29428.60710280877,
   -3114.9398439519255,
   7857.347083540767,
   6840.956813233835,
   10686.469701472604,
   -3752.1098509223557,
   19106.82073477378,
   -3073.543212959004,
   2171.749362729607,
   455.3915551810455,
   81.98908520455427,
   -10353.893499693218,
   5993.9580245839625,
   -22458.226970557233,
   11493.952757689281
  ],
  [
   -33614.45198349656,
   -34385.468798049624,
   -23953.70298234986,
   -24756.27725151218,
   -99943.83564944759,
   647.5916605781833,
   1860.513348760734,
   3260.933831741132,
   1098.2722228453813,
   11498.098006985281,
   2506.6605253375633,
   -6757.063117592797,
   -85487.85850165028,
   -38676.35861312745,
   -30124.260921681554,
   -62193.590201949
  ],
  [
   -23427.37870422867,
   11601.89140904256,
   29974.67283453019,
   -38674.36633139647,
   -102800.28962156706,
   -3722.0727638926246,
   5689.341390555706,
   -9381.664038420733,
   -12059.060521275731,
   -14219.843738733418,
   16379.362855937348,
   8609.10591091609,
   -92899.9437584013,
   -35812.21424414462,
   10474.233898309938,
   -72116.81473917516
  ],
  [
   -30277.190594369673,
   -66049.93485203342,
   -49099.21379096648,
   -39266.95206369511,
   -90737.70033911456,
   1055.7192474725289,
   -4134.289631327233,
   -20533.19840645381,
   -6309.742782193503,
   -1261.687333363638,
   210.19469348031427,
   16625.57697007796,
   -89639.25357387471,
   -28779.84194846167,
   9814.14336188298,
   -75704.30791083854
  ],
  [
   10494.508425871729,
   37667.21567848527,
   45743.8774388192,
   28102.490749969675,
   68068.98546681515,
   -8997.541075410114,
   -1207.1125297525327,
   961.5446393315327,
   -990.9089232557943,
   -11497.019503158752,
   -13042.152804249576,
   20726.014747910674,
   31411.95679724645,
   4532.9041465161545,
   48825.0018896734,
   15534.663927641486
  ],
  [
   -110023.34936869227,
   -139583.19021468158,
   -133738.13863050347,
   -184824.20772029957,
   -322461.8708766416,
   4187.561541497433,
   4086.7926612568526,
   -64077.39112059924,
   4883.992024347477,
   -7298.5775330860415,
   7645.877332525319,
   -32073.90972652995,
   -296894.8839091347,
   -76896.45456072601,
   -81623.37961141451,
   -279615.90527436725
  ],
  [
   -44847.60331763591,
   -74666.39607079812,
   -95831.22195075033,
   -71755.59012637525,
   -138661.25489495357,
   -15839.884016600767,
   -4142.413590439889,
   19469.685554891585,
   1307.8178060179353,
   34217.08012782143,
   2559.443658305881,
   -4016.564001305656,
   -92326.63329649247,
   -35853.391650928934,
   -58112.892255769984,
   -93611.67146746858
  ]
 ],