{
 "input_nodes": 12,
 "hidden_nodes": 16,
 "output_nodes": 20,
 "epochs": 1000,
 "lr": 0.9000000000000004,
 "output": 0,
 "epsilon": 0.01,
 "synapse0": [
  [
   9202.34156041592,
   46.67951233175365,
   3528.786975482105,
   14847.16126409522,
   20500.74626548114,
   5164.8445007131095,
   4528.445778581817,
   -14321.023705605168,
   -1292.4086507570491,
   -6206.258878333551,
   -24343.52280295567,
   -15413.221710424994,
   22100.877960779624,
   -4264.960747672329,
   4549.541214441673,
   21332.85717806001
  ],
  [
   -16996.202481229393,
   -21042.820875440557,
   -110.87792304816313,
   -5219.126455783082,
   -32528.523159831777,
   -9568.683338946674,
   -5900.833850507661,
   29712.03975072359,
   -1580.8868327496632,
   17637.316462436404,
   18752.929783142088,
   18090.273101016122,
   -39124.97321273133,
   -19901.92312545917,
   -3020.4892168662273,
   -28023.75051168155
  ],
  [
   -32346.34365617781,
   -18914.761833032066,
   -12109.627589491249,
   -83098.88600009405,
   -87509.30499975498,
   9020.238014518885,
   -7578.851550303368,
   -38960.38730887127,
   11973.188334032573,
   -36586.14133231729,
   -63482.39892733371,
   -18356.08318049966,
   -95116.9484206257,
   20395.361083055875,
   22270.71817107396,
   -75928.51026994518
  ],
  [
   -54979.42615446288,
   -90243.97760797042,
   -44194.02861148012,
   -61858.13931263427,
   -156590.94560171643,
   -884.7402353507917,
   7605.138442182499,
   -1761.4598051224714,
   61.31700617300851,
   -19528.5655371183,
   -32824.03731282068,
   241.44090659782304,
   -159492.1097863238,
   -34741.913315710146,
   -5625.254198839215,
   -151795.85550728714
  ],
  [
   -9719.996978162708,
   -48268.65862267249,
   -49967.71807353882,
   4668.392288286536,
   9358.458741503306,
   5330.383067526779,
   -2692.8202378858687,
   -28559.859927993002,
   2127.5536741387214,
   3837.395831015072,
   -12454.475073730226,
   -5876.67909521942,
   -17046.864693150783,
   -27950.96623687001,
   -7821.911510582671,
   -2859.4283430612854
  ],
  [
   -1756.5170124973129,
   -25145.797375204093,
   -10525.949037476496,
   1202.2841307891595,
   2192.331161538482,
   8780.994093317582,
   -2276.151756191637,
   5709.697513327172,
   -2533.258481990047,
   2730.9716763539654,
   3952.4595746348737,
   -8091.828102243989,
   -7520.942977922582,
   8058.667623663501,
   -23625.207253508284,
   12335.95311840443
  ],
  [
   -27978.762494098486,
   -25939.240888785796,
   -18572.417655742564,
   -14815.23472479204,
   -83342.66436013964,
   1325.3471283583021,
   1511.0490297074614,
   -885.7123648738544,
   1814.7809014808329,
   8792.588196744768,
   -4446.365084384972,
   -4711.887245905343,
   -68562.1009626489,
   -27002.277041268324,
   -25691.49379501161,
   -50171.594493436016
  ],
  [
   -24026.797239125794,
   -486.70169399914937,
   28087.658723839533,
   -32794.97672139556,
   -92600.28966600177,
   -3454.367931146047,
   3421.347756652154,
   6510.545674840405,
   -9709.13307395411,
   -10514.57643262205,
   10726.397624873118,
   6286.3925639882555,
   -85633.32011840997,
   -24999.35907931983,
   10557.347887196433,
   -70899.32040810642
  ],
  [
   -25865.22686020302,
   -56603.447288719166,
   -34622.4691194192,
   -23926.657703425164,
   -73159.52168003682,
   -119.92306740065742,
   -3668.878586897471,
   -12835.895779438024,
   -4622.817527937656,
   3475.743480498084,
   -5759.055920090853,
   9209.780631296917,
   -71875.90818317648,
   -6757.81789311128,
   9882.116604690356,
   -61746.284934008094
  ],
  [
   6945.218239465837,
   27570.80944032753,
   31367.499776234334,
   13761.86844236044,
   49741.95725599123,
   -8934.743411538697,
   -1511.7307948388027,
   7168.52190968184,
   -1807.0750020022624,
   -4209.957591860168,
   -15978.474153843523,
   11394.541905358477,
   19451.252363270993,
   -6865.273206089835,
   35022.43923236901,
   6333.419789596399
  ],
  [
   -95707.88491769608,
   -113623.62900553484,
   -101903.77736210181,
   -130214.15861250377,
   -273063.711397703,
   4587.134542104061,
   4078.017667137095,
   -46236.13540503829,
   1748.2643214833001,
   -8588.643314421628,
   5723.6074811571425,
   -13470.357063932088,
   -251936.2238874976,
   -40988.13004493996,
   -62989.39187566682,
   -243021.41659036593
  ],
  [
   -36906.016332601714,
   -61470.993586989236,
   -76663.27024580959,
   -45966.03814063149,
   -110436.89835713094,
   -15197.031124355768,
   -780.8138284725328,
   11686.117418224598,
   1868.4293463703088,
   27015.6411802877,
   -17289.465813793555,
   1793.4219843146093,
   -73270.0952346325,
   -19599.18361771641,
   -42518.308684556796,
   -77740.60668614465
  ]
 ],