{
 "input_nodes": 12,
 "hidden_nodes": 16,
 "output_nodes": 20,
 "epochs": 1000,
 "lr": 0.35000000000000003,
 "output": 0,
 "epsilon": 0.01,
 "synapse0": [
  [
   71937.23252943465,
   23085.252658147456,
   -4784.4464830519255,
   -28841.6736666315,
   13206.525342169638,
   63889.7762303711,
   -2875.2026827434543,
   402.5693424792697,
   21868.27609290109,
   623.5228123669767,
   46103.69650724463,
   -2566.468772456379,
   -23427.514530573048,
   27179.425170039285,
   2253.1512585456267,
   292.2063797503355
  ],
  [
   -56391.26945193498,
   -23135.00566667889,
   13639.392834075305,
   22816.843788326176,
   -10381.774408258863,
   -49582.72031371454,
   6591.697955141873,
   10342.760285967213,
   -26466.091197691847,
   -243.35943809286917,
   -37494.0306181833,
   -7170.759126874509,
   27300.95216665662,
   -23162.21071747193,
   -10312.997206302822,
   -8018.60148069123
  ],
  [
   11281.57181966304,
   -6689.760384150328,
   -20576.9553598438,
   -7087.438001768377,
   24669.792620930584,
   -7034.813839508421,
   -3430.3725900208574,
   14511.516009548246,
   -21827.115956341753,
   -3906.0180415034333,
   -10456.85256357253,
   1450.2565850715484,
   -11987.749551486666,
   7242.871138617059,
   7996.949611242062,
   -8096.436374624133
  ],
  [
   -35476.4011924392,
   -32679.026351340683,
   -2168.1250858675317,
   -7726.253183790905,
   -25780.55761681318,
   -18410.105222220045,
   -2890.5594819363982,
   3511.616913210443,
   -51027.59287156825,
   5373.818046068781,
   -31420.53210343944,
   4059.606792559713,
   -5142.126222513585,
   -6618.5576690066655,
   6134.4077481639815,
   -4397.77718145871
  ],
  [
   -65100.574763329496,
   -3347.828180036814,
   -14015.182577607959,
   -7126.25864761566,
   -5717.7202632195485,
   -48869.71697254824,
   -12315.74030836309,
   -296.02824341855353,
   -246.4089964587877,
   -1505.2660974095847,
   -47748.994917277305,
   4014.840644544458,
   -9235.454114124585,
   -13164.780313143645,
   -39.10312013398075,
   827.650418778591
  ],
  [
   -18510.927759782706,
   -8469.514610797545,
   -13305.7176445036,
   -7408.89448642645,
   39607.44647042102,
   -23016.74602605541,
   -3470.7688738870174,
   1565.1975355782095,
   -23929.9168877234,
   -2423.6153870608155,
   -13183.765175613542,
   -1066.9453765585026,
   -10662.788062341107,
   -9529.789386735478,
   -1286.78212597667,
   -957.4613881981785
  ],
  [
   -74504.99161545017,
   -29583.44331431013,
   -15713.772533038527,
   -435.19844914110735,
   -22685.885051244844,
   -76145.58349825643,
   -6923.722418234529,
   -7960.585785215115,
   -31671.291358798204,
   -2216.2837400751805,
   -53059.32155368239,
   -1916.6372857512172,
   -11339.826776229216,
   -19971.79320151229,
   -1344.4871579461505,
   -617.9001515776713
  ],
  [
   -6758.705468718603,
   -19042.22671762025,
   17199.39000499776,
   4613.669196091172,
   -17928.553248440337,
   -18575.302292585362,
   149.75594581049543,
   1020.0771865305625,
   6369.434725273245,
   -2916.8260135554547,
   -20728.990827037702,
   -4561.682268092416,
   9870.62919748048,
   -2093.314835516883,
   2020.3925830863614,
   -3217.4419283749835
  ],
  [
   -86808.41044336317,
   -37973.98411572093,
   363.8927066857419,
   -11403.936591736348,
   -69110.41545764433,
   -86014.27541202033,
   16447.030346874955,
   -4519.4947878887,
   -14982.404423297301,
   -1089.4790364100966,
   -65417.89659177361,
   -4259.405342057273,
   26868.923436778958,
   -22605.860365819815,
   1290.1824303433755,
   -2506.1317941089383
  ],
  [
   -21442.777587074874,
   -13193.399325659868,
   -1972.721977884952,
   -5461.44737703379,
   33361.56838115338,
   -15882.758083074057,
   -2953.972233945541,
   -13212.457130858931,
   -40157.30690651959,
   1520.48491152228,
   -21261.398018786236,
   4092.8084417690634,
   -21129.460046179454,
   -7221.756480179494,
   -911.6493600650524,
   3783.294973065552
  ],
  [
   -32247.84332216937,
   -10508.872942942297,
   -2028.4692421280408,
   -12998.094951675608,
   -35055.20491263164,
   -30950.32929289645,
   -7554.004951289322,
   -15181.514641017815,
   -4075.4027255343294,
   3678.0051340554173,
   -15194.80452375754,
   -2294.4922731437277,
   -10941.895735384101,
   -18892.609067796857,
   -8266.523776826905,
   8230.83960822956
  ],
  [
   -104165.51086433957,
   -29075.967065712844,
   -13842.19149023662,
   4126.608961484742,
   -18057.010517559684,
   -111021.63713231379,
   -3028.009132859348,
   -18457.329650848777,
   -7338.19970721143,
   -1408.2968276257693,
   -78016.98179463611,
   8496.8613732555,
   -18375.607395709354,
   -39331.686554470696,
   1167.4333019127193,
   5082.946932097799
  ]
 ],