{
 "input_nodes": 12,
 "hidden_nodes": 16,
 "output_nodes": 20,
 "epochs": 1000,
 "lr": 0.55,
 "output": 0,
 "epsilon": 0.01,
 "synapse0": [
  [
   -3121.2714497010666,
   -3340.4208758326536,
   2980.9455983525295,
   5823.773034266841,
   11003.977689961222,
   -17897.81454793294,
   -8698.44356323143,
   -4531.802675141991,
   -9918.557414718458,
   4474.43588949895,
   -22956.60672689352,
   98.31394118271535,
   2567.1978259805264,
   1770.7136530237551,
   5484.953014272445,
   -10811.264753746873
  ],
  [
   1290.6335023543588,
   4811.821291189441,
   -1914.3761927013943,
   -12039.515104103442,
   -18205.123559745458,
   -28658.906021032413,
   7644.162942563777,
   -11918.958428852158,
   7325.229401145685,
   4454.748796315754,
   -31635.555927744954,
   -682.2390013678869,
   -12454.089976858719,
   -8696.378407942944,
   -15828.349357024455,
   331.0509304155802
  ],
  [
   -21380.14751224841,
   -18600.08696478018,
   523.3963132607483,
   1187.21936951381,
   5792.165558944718,
   -13486.589528948385,
   -22692.255607106777,
   -19684.18938687787,
   -8034.9061916902765,
   -44774.92435028524,
   -38125.363919302974,
   6225.676469293228,
   1064.8182896069834,
   -26790.8320700288,
   4630.189936945703,
   -1003.0783779419505
  ],
  [
   -35247.470558983725,
   -13285.63834688727,
   595.288839915316,
   -1611.414623671153,
   -937.5384450151648,
   -107903.61912018308,
   -967.3909512783611,
   -12678.0591165956,
   -16062.46850757096,
   -18279.501859865257,
   -151502.52573287903,
   1858.4858493391293,
   854.7502709114805,
   -60062.19604135522,
   7083.7448357450185,
   -26785.70526330414
  ],
  [
   5041.879335708694,
   4956.448388440609,
   -2513.268920942731,
   -5100.402025069511,
   -3986.668007464829,
   43773.72148577158,
   -33881.174818157706,
   -13127.206315672382,
   -15798.185247672216,
   -9505.430567153158,
   100717.83530004256,
   5118.027013842362,
   -7678.2732276678735,
   -1738.2677951400158,
   -591.4234791653207,
   -6436.624354863555
  ],
  [
   -106.24568757458242,
   -6420.272256223685,
   -3055.502955597848,
   -6164.917472927035,
   -3568.3402698823647,
   -27777.662576745584,
   -4681.249722308153,
   -435.9617754310948,
   4500.890154751824,
   29525.90315037639,
   -3115.567580986825,
   6092.898609443487,
   -2930.885344428708,
   20984.24213651549,
   -2445.179642730428,
   -2203.245801609518
  ],
  [
   -12153.517301110602,
   -6076.305590523712,
   1735.4946139941121,
   -5085.399386810231,
   -2666.958033943268,
   -30108.658498717195,
   -6619.878586944931,
   3906.20642857892,
   -7433.309041432956,
   -26035.478436840007,
   -33643.70290279365,
   388.12079409093053,
   -4052.1557140902864,
   -12088.991537377357,
   -3035.733996063784,
   -5154.225457214604
  ],
  [
   -31868.607348022022,
   13141.5597312446,
   1928.7893956919552,
   4983.057896074334,
   -2041.4351986730892,
   -79584.8785042728,
   -12268.19676682655,
   -40118.04223558317,
   5528.745066467887,
   -17425.95718805649,
   -150195.930728037,
   -4727.522581821019,
   1039.6915128535927,
   -39288.97264024395,
   -582.1696749111778,
   -26291.566634013037
  ],
  [
   -33956.98300717091,
   -6844.7595208683915,
   -376.06262698057753,
   858.5998155385001,
   -2315.829014265947,
   -88411.50430948027,
   2577.74316933886,
   -5051.083577874578,
   5744.110867430246,
   -50773.99156221243,
   -172734.01311775812,
   4009.455864541145,
   3107.1446896221805,
   -69263.88708807343,
   -6578.104155724814,
   -9203.257209810872
  ],
  [
   1039.2617185723047,
   5081.1161506194485,
   1261.9211633374387,
   862.52262978211,
   -3854.475903011292,
   -22442.963724621928,
   6345.021958116666,
   -31965.98741636994,
   3790.147023606866,
   42808.833213368016,
   -9889.182254833031,
   2946.5408575613524,
   207.43046872624888,
   -3116.667281057299,
   -2617.5911327474428,
   18314.75332977825
  ],
  [
   -36237.57918860429,
   -3693.4033782605243,
   -4593.055226303819,
   -9354.715053848553,
   -8830.505561155787,
   -32292.88580587639,
   7001.695604944575,
   -23859.49235636369,
   -19467.11244278249,
   -19020.83424008282,
   -35443.07631178882,
   -9901.973239482044,
   -9448.915802488613,
   -33642.917596736814,
   -6800.169341803121,
   -26604.50226592267
  ],
  [
   -23023.417605019895,
   1380.0541994441035,
   715.3555938365765,
   13605.70240444103,
   4300.759956286088,
   -53230.406285766636,
   12212.80825168285,
   -23137.914311416862,
   5230.478143866718,
   -3817.950603474395,
   -99700.88834101513,
   -4518.065762658893,
   14440.662052119518,
   -17418.719628223796,
   5694.60782918502,
   -6396.990878098444
  ]
 ],