{
 "input_nodes": 12,
 "hidden_nodes": 16,
 "output_nodes": 20,
 "epochs": 1000,
 "lr": 0.4,
 "output": 0,
 "epsilon": 0.01,
 "synapse0": [
  [
   -4258.67614875844,
   -7496.477562691729,
   5880.043962962677,
   8503.731511313948,
   16757.75018619496,
   -6241.512267809816,
   -12452.087761260118,
   -2396.858023033144,
   -4154.714913838517,
   -3912.0273033946496,
   -11865.343380175911,
   1996.279501830622,
   2973.8278716714954,
   25837.428182600746,
   10682.977596768342,
   7272.4271399081545
  ],
  [
   473.11727454936323,
   11327.976585617278,
   -1942.8052482268477,
   -18236.33826787626,
   -27275.40638039722,
   -45617.41733689583,
   11084.627874724543,
   -22110.94033609707,
   -2495.104626141371,
   8750.89944029705,
   -66511.74933901259,
   -6889.7568287400245,
   -15910.56071285103,
   -32239.755319437823,
   -29483.814603260016,
   -16732.358018257157
  ],
  [
   -32514.85558555517,
   -33406.51015164457,
   3097.8772232548845,
   5350.711764701352,
   11667.296444629512,
   -17763.844838767815,
   -46396.961693422876,
   -34696.350849553135,
   -4024.9032489955903,
   -52213.17221755976,
   -67850.09905929577,
   12078.881984342597,
   2938.332585329209,
   -26890.760819942963,
   5239.568300563474,
   14863.901518169409
  ],
  [
   -54638.86627958661,
   -16695.325066728627,
   -2528.7597854239752,
   -978.40333864269,
   697.6308268756983,
   -141010.3962785725,
   -16028.362390054144,
   -34119.66688487565,
   -18327.02985484085,
   -23680.23133560005,
   -223739.4605618026,
   2651.704706118568,
   5046.520758157884,
   -102478.45041153602,
   10255.00974154244,
   -50627.206391367865
  ],
  [
   11393.242883726623,
   3154.0225398259995,
   -1341.5594692603256,
   -5851.760436388496,
   543.143201523026,
   68422.68734434026,
   -70477.05349699932,
   -20643.789713187172,
   -20185.477370760767,
   -24941.55782786007,
   158784.90776770696,
   8157.416504954605,
   -5606.854345633188,
   5991.40179946914,
   1521.3336845902893,
   -7056.899576537094
  ],
  [
   -4442.828348651474,
   -5824.143320944676,
   -5471.3224081755,
   -9837.267949010096,
   -9706.916456995965,
   -51436.98063269998,
   -7741.870418075726,
   -17275.908007218248,
   7363.687120558115,
   64110.87029215483,
   -27288.132224698023,
   11873.439960013742,
   -4500.416981329978,
   7987.534712669056,
   1002.1334852116886,
   -6785.307826421855
  ],
  [
   -25287.8058248458,
   -11588.19266960201,
   2919.0472857674818,
   -7543.839226189469,
   -2215.1352118682003,
   -36772.3246023654,
   -9040.622340399992,
   10868.669821539226,
   -15822.425506402784,
   -37421.03930074761,
   -52770.38222101743,
   -3057.2026190931556,
   -6931.106923719408,
   -11253.520329486462,
   -8148.991339705965,
   -10022.213431113592
  ],
  [
   -48643.72719521101,
   17497.31199857103,
   15.291942653140019,
   4196.76114166648,
   -7756.790848082769,
   -98586.14434062535,
   -17512.47264133227,
   -52951.365760334724,
   7079.562543262161,
   -30274.245572327953,
   -220642.27576016216,
   -8809.534475148139,
   -3350.963209886997,
   -44016.98102638194,
   -7702.694823818912,
   -25008.834168394074
  ],
  [
   -57604.82235057861,
   -14628.886485699051,
   -5412.7368470261545,
   -894.5630944697093,
   -1824.0013068513476,
   -111037.78374978827,
   4555.2709114420895,
   -20.34212976138781,
   12680.65189329909,
   -79238.14479690378,
   -257041.5728721568,
   9823.636280875578,
   4132.653146314706,
   -95972.90867013215,
   -5058.255181763217,
   -14094.570551998657
  ],
  [
   -7385.507511121213,
   4833.749899263937,
   -1129.9801234676117,
   -321.13106270435605,
   -9637.403317265156,
   -29184.137293174557,
   8304.039900632302,
   -48262.09114432429,
   81.39906195323557,
   56459.44227071025,
   -17690.74612184883,
   2987.0908347048507,
   -3538.360078129885,
   -16185.42697866725,
   -8008.362478201842,
   24000.311661355398
  ],
  [
   -51933.60815058444,
   -1620.9730943534166,
   -5015.997541078991,
   -17237.76068118419,
   -17323.76888045973,
   -30355.964281423774,
   10353.198877956358,
   -39516.97882174036,
   -24719.632656405916,
   -32072.680260525944,
   -38286.76546599739,
   -16646.331748933277,
   -14149.904602475866,
   -47921.768852026384,
   -10416.873694899305,
   -24724.241470505625
  ],
  [
   -30920.610181450233,
   -544.4499380827243,
   -534.2528045694814,
   22570.848144527317,
   5434.689746121606,
   -60436.61270451806,
   31496.672318539997,
   -26986.45574458549,
   9216.542510207006,
   -11136.707248646695,
   -129342.76931295582,
   -5587.639364151026,
   18098.345177995838,
   -32264.656238703457,
   6763.237175613312,
   2773.038747381863
  ]
 ],