{
 "input_nodes": 12,
 "hidden_nodes": 16,
 "output_nodes": 20,
 "epochs": 1000,
 "lr": 0.20000000000000007,
 "output": 0,
 "epsilon": 0.01,
 "synapse0": [
  [
   -7099.300381663318,
   -4373.603317397389,
   6531.626660697106,
   7256.984560410182,
   17885.52427622879,
   -8123.697814295123,
   -13501.55836591703,
   -5347.289327643924,
   -6048.853004147122,
   -3939.2783585226566,
   -21687.20805959279,
   2490.1795806156997,
   4878.389814979059,
   26483.43437067989,
   9692.436293351322,
   10511.483782585148
  ],
  [
   3581.997374656871,
   10521.043487193801,
   -2474.9011620537303,
   -19304.522343500943,
   -28893.03054248961,
   -45427.82698011832,
   12312.790406590018,
   -19526.18714434956,
   -2807.6473190363704,
   7852.827211533169,
   -66152.7005727632,
   -8722.317814779663,
   -16844.950123327577,
   -31330.647774380428,
   -31775.187480022043,
   -19241.65146397548
  ],
  [
   -32869.81198023806,
   -33120.50175134322,
   4680.659669078268,
   3661.3242491848587,
   11754.242345874747,
   -16569.982438582312,
   -52985.83057642336,
   -35712.603963791444,
   -3190.7895548802667,
   -52854.83541777387,
   -71318.23128845543,
   13562.566759023382,
   6613.603572247393,
   -24162.533242899986,
   2586.2196061557793,
   20009.958090941185
  ],
  [
   -59190.35567902291,
   -17663.237171301436,
   -2369.4664280280936,
   -1591.4444772202032,
   932.6364326703545,
   -150056.66250571946,
   -22313.159817163592,
   -40476.46801742884,
   -20618.8522445138,
   -22285.59511325034,
   -240865.0799922392,
   2764.572513055238,
   5592.961429415053,
   -112061.92933160112,
   10499.214430082882,
   -53026.39185064806
  ],
  [
   11454.320043928617,
   3649.394780058996,
   -2219.6556526228865,
   -7348.703501006803,
   1925.8601079039097,
   75863.59712122401,
   -86449.26124492273,
   -23353.486216442372,
   -21444.41677152801,
   -27781.737285948722,
   181887.5989057088,
   9561.053701693654,
   -5964.159346124603,
   6521.026684469581,
   2789.0405515627754,
   -5187.345587650955
  ],
  [
   -7204.728458564414,
   -8076.134866976291,
   -5356.486745680784,
   -7748.923891755645,
   -8153.051219281803,
   -56658.01480987141,
   -5190.341731145753,
   -20491.666574239014,
   9888.973438249306,
   68494.07625794139,
   -34526.25951747833,
   14722.162161036023,
   -4861.250094772209,
   1491.0290867818298,
   5161.616620962368,
   -5839.971912700161
  ],
  [
   -27013.71711108754,
   -13164.364811092162,
   3379.9607291914394,
   -7495.8907333400575,
   -3224.67633781051,
   -39194.41324655391,
   -8290.143857729145,
   12445.553719017926,
   -16856.862648749473,
   -40983.96808323073,
   -62693.61542504433,
   -4909.325144470001,
   -7706.827801702103,
   -11351.957807827794,
   -10028.008814941744,
   -13273.717598236039
  ],
  [
   -49742.45788765761,
   20388.908606975776,
   286.4672140904953,
   2915.570097455375,
   -9535.477216045505,
   -103326.54679286004,
   -17653.82166403286,
   -54339.76320828007,
   5972.31776205582,
   -30098.523330395252,
   -240085.73126562618,
   -10208.424403415514,
   -1468.46880485518,
   -42583.595268892976,
   -12212.56924937738,
   -24228.64894244622
  ],
  [
   -60028.18845055894,
   -15851.30826939291,
   -4315.750670083178,
   -1580.7968697900988,
   -568.9231842079429,
   -114285.74202554346,
   3537.7484304074765,
   4421.607233633602,
   15583.329058862933,
   -82209.40376343693,
   -272608.5011752457,
   12665.23993548704,
   6408.438177347498,
   -96492.73942168865,
   -5463.20350131599,
   -14945.279702001108
  ],
  [
   -8931.496524272095,
   4482.917537625801,
   -2482.745731665597,
   -14.283655072915664,
   -9419.424978506997,
   -34307.429718600644,
   10293.601494300983,
   -52957.646658717655,
   -1842.4330271961608,
   59828.97166749787,
   -25732.008729181427,
   3064.54621996227,
   -5143.699359337929,
   -19666.650498953048,
   -8391.253050731499,
   23274.99267869232
  ],
  [
   -58290.82358804929,
   1836.3757651947424,
   -6647.910040792051,
   -18983.103316458975,
   -17242.452302707,
   -33382.85645897325,
   6991.091446515091,
   -44829.49213246986,
   -28639.497246400435,
   -37071.44254133568,
   -53045.665473882196,
   -18625.415688688896,
   -15017.22316674236,
   -53943.675565515325,
   -12447.926586261277,
   -23648.676971516215
  ],
  [
   -35002.66684788347,
   -84.3102042696126,
   -655.8038155837908,
   23446.35615780986,
   4336.817179700413,
   -62929.19489376811,
   35940.73495699189,
   -28769.902833403394,
   8834.772430320158,
   -14128.427426413364,
   -139077.5438518142,
   -6736.694619915813,
   18877.69299045441,
   -37643.640230890116,
   5477.221733839872,
   3047.532653504623
  ]
 ],