{
 "input_nodes": 12,
 "hidden_nodes": 16,
 "output_nodes": 20,
 "epochs": 1000,
 "lr": 0.5,
 "output": 0,
 "epsilon": 0.01,
 "synapse0": [
  [
   918.7162629392398,
   -23645.80235173542,
   8038.2636085958775,
   -6431.621347512717,
   -19852.95828014235,
   8632.820616638986,
   2050.356353864909,
   -6097.909725777206,
   -7235.020797444008,
   -7439.447944714544,
   11900.400638144647,
   5322.890441121104,
   -23382.276654131365,
   162.39732376247332,
   -10018.54030933908,
   -14042.602154444456
  ],
  [
   -3471.5384151019616,
   42307.44165089251,
   -13010.852131204882,
   -1130.1250755213298,
   37324.938093555815,
   2596.56541989881,
   2055.099442385626,
   4888.8336720729785,
   6783.117506762068,
   11084.176535354183,
   1859.0884835511636,
   -8737.343091218076,
   46340.9785571061,
   3453.464421900479,
   -1687.0189874171244,
   15894.203940719497
  ],
  [
   2518.1332426742515,
   -54117.639809284665,
   -10506.908178616915,
   8600.52705769152,
   -20506.63429595772,
   -21301.410855795708,
   -9468.4860910833,
   -49135.16762593406,
   -56443.22421236974,
   -63356.32448867916,
   16987.43657620013,
   -2777.7547185899602,
   -24682.55906553604,
   -13126.435419116826,
   4738.357315476384,
   -23299.285001293338
  ],
  [
   1688.5131465924546,
   -29757.84786950299,
   8710.735311775468,
   -1345.7592875091636,
   -9270.181389577956,
   -9225.305900228885,
   -2981.079351339604,
   -52811.64230451094,
   -40395.40709730098,
   379.8933455571498,
   9157.81679548402,
   17.246975161959167,
   -26544.193366802792,
   2855.5789027747055,
   5629.638547461496,
   -6495.4330644750735
  ],
  [
   3158.3537529350033,
   -23705.10053070337,
   -12656.858300024354,
   6416.850343680575,
   1450.627464410959,
   -54460.9776339168,
   -3507.9623075634104,
   -4994.463030946975,
   -33913.86551420607,
   -19639.821965349114,
   -26144.545318305365,
   5814.889091309974,
   -827.8809147587592,
   -48115.10997202202,
   9190.359694994107,
   -937.1140132211772
  ],
  [
   -3048.873350095734,
   702.0787371530611,
   12493.078710062751,
   2231.8205343969453,
   10864.537221019616,
   11681.740928911882,
   -2638.3018429363347,
   -45854.893627724356,
   -23370.593522489777,
   -15272.975181400552,
   -9352.270466715778,
   -1457.295173968976,
   18696.869646264684,
   9724.211199845091,
   -6154.807578964624,
   9572.831134837748
  ],
  [
   -1808.8868077974073,
   -834.3056448906513,
   -13863.315163448655,
   505.23537732825304,
   -3885.918556638292,
   -32077.553618921593,
   853.0669493562757,
   -12527.230860275307,
   -24542.35546850443,
   -3023.4038358600415,
   15351.710733155276,
   -3112.2029240807024,
   -14965.154909672363,
   -3994.0351488932433,
   2259.441380778186,
   -11658.291321551917
  ],
  [
   -893.7089751359251,
   -30069.511086311883,
   3215.768779824357,
   -312.3423271933961,
   -4826.297746818228,
   -33502.49398252596,
   -4768.9155436638375,
   -60501.47523597755,
   -53877.74015050532,
   -6283.253568468256,
   -6728.54121812568,
   -12322.127662351206,
   -7416.914159550448,
   -28137.042576357137,
   602.9347393975678,
   -8542.901302824705
  ],
  [
   3626.446249855788,
   -5218.567554471411,
   -1595.3008936650597,
   -3779.8264818919174,
   6642.796259891463,
   20969.010190529207,
   1461.6690037436401,
   -45780.103742152794,
   -4747.640675537093,
   -25384.116674752553,
   -19772.073043685636,
   -2517.698094006428,
   19742.0309302308,
   -8984.778141762581,
   -16730.55119461469,
   8029.006706087686
  ],
  [
   -2783.1014536459,
   -15922.06818932841,
   -9356.680989855984,
   1525.699135196711,
   -228.71840656243864,
   -54709.21296954985,
   -1999.644565197968,
   -38412.79177852982,
   -68386.434475175,
   11543.886123510405,
   1353.801609713524,
   -833.6032239236997,
   -10241.229507200334,
   -36687.06132410529,
   4216.362757556347,
   7460.023196751644
  ],
  [
   5146.492636790576,
   -42414.39999080763,
   3129.4506756423093,
   -6051.508367898357,
   -34895.06222247633,
   -78429.04358301216,
   -1090.9469550729837,
   -27870.001184395867,
   -77832.57833725931,
   -13322.957361705989,
   -23319.018480335468,
   339.0887651117512,
   -58263.23104332103,
   -68593.3671406698,
   -5598.927426782629,
   -30635.118883315343
  ],
  [
   4620.427506319968,
   -22647.04696334988,
   7114.444861251414,
   -11419.558218507605,
   -19345.92742304636,
   -20229.775850401216,
   -1384.2331972024735,
   -17033.166540281516,
   -25554.665449747845,
   3988.978126410109,
   -44875.0864466468,
   525.9039816948786,
   -29395.003505166733,
   -35456.957356411636,
   -3033.963985943944,
   -9888.585195909101
  ]
 ],