{
 "input_nodes": 12,
 "hidden_nodes": 16,
 "output_nodes": 20,
 "epochs": 1000,
 "lr": 0.5,
 "output": 0,
 "epsilon": 0.01,
 "synapse0": [
  [
   4484.812984972472,
   -12646.449542057058,
   -26037.232410649096,
   -20851.79355359443,
   24955.399182236342,
   22903.79655487862,
   -30294.660012471006,
   23547.9457258962,
   49348.89425777925,
   7836.603375451976,
   16188.501959703954,
   -14963.706754073175,
   10172.062851125138,
   -10533.1239225819,
   25772.78823585009,
   -5655.953150565727
  ],
  [
   -25802.57294804399,
   12837.13753823607,
   16800.091766815756,
   25528.95473988797,
   -26548.960360197863,
   -31149.063087499595,
   23353.462639862002,
   -12959.651327713154,
   -66335.89217144244,
   -20573.072235605337,
   4183.924663897029,
   15751.377318768964,
   -14659.234416426014,
   11087.159021239062,
   -34656.53601969865,
   -6628.135063063615
  ],
  [
   10006.481617816167,
   -19066.806255732514,
   -21736.95824215646,
   -37364.24015405334,
   -20416.848474081355,
   40434.34408674901,
   5543.69126216987,
   -29356.84358776569,
   -25527.09289339207,
   -1812.9346824893664,
   -91242.66549688451,
   -6228.708493875047,
   27664.165371879033,
   -11218.216837722433,
   40422.208901945225,
   27059.351538442923
  ],
  [
   18119.676928048684,
   -15141.064919622213,
   -4730.919886411869,
   82190.7796008215,
   -23357.57035781456,
   6568.3714879895815,
   29195.138398837495,
   7117.676040717247,
   17125.225513319852,
   15694.640692091434,
   -39425.106213966974,
   2951.3179397011663,
   -9583.193882300791,
   -1689.014212243587,
   -11681.460785066203,
   -25983.78285509758
  ],
  [
   -93524.76757689104,
   6289.6430071084105,
   -132763.5161375436,
   -71784.69659156843,
   -24536.02082934607,
   1697.6743892273525,
   -132439.18817697564,
   -5050.782728105449,
   -69397.54380712501,
   -18865.86073503627,
   -90960.66016942034,
   -34238.79213034296,
   -22644.394625205252,
   -39763.07747501494,
   -1994.1285712282454,
   -22188.639784439394
  ],
  [
   65765.37010701852,
   -10258.106042100502,
   65069.28570195138,
   40865.96148391481,
   -21565.251098743076,
   -7413.676075332248,
   69855.4776050194,
   -3961.0191563740013,
   34123.870901737,
   25871.19731031899,
   15285.610975380563,
   12741.992445501046,
   -2068.5450134273865,
   28748.207840606963,
   -14771.550486691407,
   14535.475035762134
  ],
  [
   -5379.47531579588,
   25.186032487695016,
   -10989.006081064845,
   -6289.272104185385,
   -6505.923825140905,
   8704.524542920159,
   -32688.383732632086,
   -13590.25633935906,
   -35408.73469928007,
   -2199.0068464793508,
   -56493.99670503569,
   7582.335698692786,
   8755.446059326752,
   5264.682677110822,
   15596.66143276444,
   11554.87303599154
  ],
  [
   -168055.03990212528,
   4124.522931677511,
   -89435.26559978756,
   -57841.119989811115,
   23322.830281722396,
   -14765.628737106099,
   -167821.7798738619,
   -26962.50783411115,
   -130788.32499554692,
   -59620.60901961485,
   -67325.84487155003,
   -35007.93211907093,
   6420.968176919975,
   -36923.23380477445,
   15484.841006895316,
   -16667.856542195426
  ],
  [
   -76514.80211307184,
   20532.634548926275,
   -59701.80541641979,
   -78736.14398314209,
   -7318.497299983464,
   -24544.441106173857,
   -97438.36061831917,
   -28178.157881265917,
   -83454.09683198167,
   -53220.64994881526,
   -34960.00639921414,
   -20058.78090534118,
   -12173.528852740266,
   -19116.358940757927,
   -10507.093090709785,
   -10025.075848247114
  ],
  [
   -58777.661127439314,
   3470.4395907014155,
   -65100.34142517398,
   -9572.362388290918,
   -4146.742079544306,
   -2889.311273724156,
   -63291.25675821232,
   -1984.1059093111555,
   -48668.313247423044,
   -34445.04824194786,
   -14158.10991416182,
   -10895.368580220891,
   -17006.301413369623,
   -8573.1364355044,
   -4888.709416214667,
   -16371.394625726758
  ],
  [
   -85639.27067268844,
   -9854.290414706897,
   -148006.94546738258,
   -89386.37480888775,
   20109.271435805087,
   -6135.846110281245,
   -134756.0170681402,
   27583.23294252956,
   -56.926116111239374,
   -47618.14306021043,
   38776.93309231975,
   -24568.842771097465,
   -12095.066396621087,
   -32278.650961229843,
   -2287.7619588352245,
   -15691.438464239887
  ],
  [
   -143659.10158914997,
   -29051.06937251483,
   -185611.20728332168,
   -40369.01332511648,
   13711.122563014915,
   -18289.49442143115,
   -189551.4911004285,
   -9445.013292009246,
   -89997.3994643735,
   -82106.68346640906,
   -125615.56660277251,
   16052.264968434642,
   -22291.722824694083,
   -45784.62650822127,
   -1621.4048217431337,
   -48101.460547065624
  ]
 ],