{
 "input_nodes": 12,
 "hidden_nodes": 16,
 "output_nodes": 20,
 "epochs": 1000,
 "lr": 0.45,
 "output": 0,
 "epsilon": 0.01,
 "synapse0": [
  [
   13119.701315025608,
   -12911.460033541058,
   -5508.931876253557,
   -262.8398035890365,
   18506.90415413393,
   22917.97234001249,
   -13918.032661724637,
   18324.840352273164,
   31214.78524260702,
   9634.075644288747,
   6093.79000674679,
   -5180.151971888049,
   9303.752449572212,
   551.5250413227706,
   22169.12734568649,
   6483.177783651387
  ],
  [
   -40359.17607785843,
   12316.389237518839,
   -323.397228575202,
   1478.0090234475242,
   -22012.659199602884,
   -29703.754561990067,
   2579.175121433377,
   -8620.01889168064,
   -47585.292025573806,
   -23635.366921878212,
   15011.400831113759,
   5816.996891952213,
   -11671.549968182291,
   -5363.964308112357,
   -31477.870537386312,
   -14213.52783199054
  ],
  [
   53825.33669510553,
   -15828.936833808792,
   21244.500315713154,
   -12734.040403941714,
   -17637.68865875601,
   38144.80897570415,
   38705.190558316135,
   -25276.01862148821,
   13726.495355598207,
   26222.478706861042,
   -65459.36876787696,
   -7873.5475525044585,
   24858.21392420913,
   13553.128297525282,
   37492.53347378764,
   20790.213433013454
  ],
  [
   -964.3361322100014,
   -13568.69472674106,
   -1364.477582160574,
   32662.995138908675,
   -21815.327320789573,
   -2312.518666028691,
   15144.547449238938,
   7584.139355527292,
   -341.82572913994466,
   -2.184547128107949,
   -16919.383736349642,
   -4376.991627470404,
   -3693.7486134547953,
   -2898.2856065371434,
   -7184.653384364946,
   -8649.26897758384
  ],
  [
   -56643.52872053614,
   4664.394777415166,
   -84365.2128116733,
   -43055.36207566423,
   -23348.131785375015,
   -5349.96348741289,
   -91109.40571794187,
   -4953.779117855975,
   -56421.30278653873,
   -16943.92060912505,
   -44767.59956140359,
   -10360.055507236377,
   -15102.803425853695,
   -4695.026406519926,
   -1371.5516503662884,
   -2115.0098863036674
  ],
  [
   21556.062844094915,
   -9448.043288973562,
   21680.813720546288,
   17814.88441176375,
   -18547.35787292268,
   -4860.742521731088,
   30824.518685277148,
   -5863.521879285097,
   14182.505542663192,
   9451.059925178055,
   -8167.933252869235,
   -382.50965559278643,
   437.39450598965595,
   5264.63035695482,
   -12274.326590113888,
   403.5260554332456
  ],
  [
   4007.199981389493,
   1662.058170231762,
   -2882.1712341810226,
   -4700.773206361787,
   -6849.808781235983,
   5795.077188398916,
   -15156.175447506843,
   -11319.687452445762,
   -16299.520389523692,
   166.2884963847341,
   -29050.630611430486,
   2339.8091206594536,
   10349.340178221648,
   4365.82942530808,
   12986.09370812115,
   6042.633289760574
  ],
  [
   -106471.59349221269,
   5742.018446607886,
   -56507.492820906715,
   -33885.9186463146,
   19320.81606312161,
   -13293.849015955491,
   -121795.15404561546,
   -18208.37567104364,
   -81641.70418675107,
   -36932.27721109414,
   -28762.916820197333,
   -10136.908487372337,
   -794.0040503112738,
   -19058.332215714367,
   10547.0043670962,
   -4455.99298034396
  ],
  [
   -51976.92491389292,
   16350.424955285269,
   -33055.594834245705,
   -31425.106172806092,
   -7277.660332897726,
   -18593.052325816006,
   -69374.8573616458,
   -25849.634599549718,
   -64996.63654081575,
   -34096.87274745875,
   -25441.008223471094,
   -231.99158874470413,
   -9937.859347112664,
   -5508.998957205808,
   -11751.055835566256,
   -11475.456660217356
  ],
  [
   -47843.98673658704,
   5276.252937378981,
   -34534.926475369684,
   -8655.867702556532,
   -5018.694003127551,
   -10098.897411162987,
   -48770.30255232384,
   -1404.8523100921598,
   -33978.51965322007,
   -25745.541441831287,
   11173.20722637854,
   -5501.057966567825,
   -14510.680284185644,
   -5038.03398855995,
   -7565.559528486923,
   -9938.904215545865
  ],
  [
   -49953.34285073781,
   -9413.835700715787,
   -91193.22544971228,
   -44310.0824957318,
   16105.783721819866,
   -1837.7161834682272,
   -93831.21506598995,
   20839.611559988814,
   -8125.345861114316,
   -27267.776539576724,
   22252.359389902165,
   -15973.636833688553,
   -7512.797791369422,
   -6311.67814018115,
   -3508.487604679655,
   -5424.051985894947
  ],
  [
   -80909.51354695053,
   -30599.15588626103,
   -89716.2518717517,
   -4243.710317597387,
   2941.181774775129,
   -19167.64170634699,
   -122044.94711119874,
   -4409.7519375461225,
   -56477.962319518476,
   -46681.66192632849,
   -65713.3517230827,
   14594.013703712273,
   -15062.084767450155,
   -10097.155927503378,
   -2670.7718423950796,
   -23408.81035174781
  ]
 ],