{
 "input_nodes": 12,
 "hidden_nodes": 16,
 "output_nodes": 20,
 "epochs": 1000,
 "lr": 0.4,
 "output": 0,
 "epsilon": 0.01,
 "synapse0": [
  [
   18212.569810286575,
   -22271.32882687904,
   -16349.05750178403,
   362.5932350205652,
   6540.369401851941,
   -19219.336206534383,
   -7941.191987321365,
   2279.28915991284,
   6300.443379210026,
   2770.176132489363,
   -17859.43243001158,
   -13192.263233288442,
   -8150.583610006914,
   6634.075967371986,
   -6363.4188181320305,
   -13920.315625228637
  ],
  [
   -17547.61788715491,
   18483.35706146052,
   -17306.7938305324,
   879.057697601505,
   -9257.163570508827,
   11144.159483875992,
   2574.1763969125705,
   -32855.17083801299,
   -14096.277522008773,
   -12744.544890347448,
   -9504.226235723838,
   17585.773522207848,
   12493.24094123466,
   -5477.982074486142,
   2563.1360674316365,
   2050.329958353439
  ],
  [
   21560.53387124801,
   16624.968942751562,
   -15472.055177348184,
   -17228.6317124526,
   11373.442745497323,
   5787.871802705167,
   -20021.819609394617,
   -14957.977708311839,
   25310.012293624717,
   -18387.209876445268,
   -15121.286304537132,
   -33126.766890242296,
   11422.295331674002,
   -9590.239842755602,
   -11372.522597758169,
   -20198.294263801236
  ],
  [
   -11966.40035245198,
   -7798.595900170136,
   -28234.613165411756,
   -7717.71277259966,
   7128.855445670868,
   7001.088428049147,
   10683.469939635836,
   -67948.58071740196,
   2713.8198283409292,
   -36489.49516415359,
   -30612.562984815148,
   -34999.62282306936,
   -58605.480195672724,
   4498.165073442919,
   -1211.62233538686,
   -35165.5203490585
  ],
  [
   -717.3756692096777,
   -7652.505116738982,
   147.45017092483232,
   -7281.56230895303,
   1766.8166613011924,
   7932.279320421345,
   -3461.9270428416735,
   17996.877262888367,
   -3828.308324433998,
   697.8703677277673,
   -4122.72482265664,
   -32460.521498987087,
   -45769.722645948656,
   -16321.654075592256,
   -20236.37098219329,
   -2188.883544617469
  ],
  [
   2127.273852425537,
   -5287.555149485996,
   -59319.34735347439,
   -11084.804602978673,
   -2564.430525786353,
   -24496.388667906678,
   -3000.913601523373,
   -64305.17161272994,
   -16712.06454193897,
   -19193.412267948246,
   -60682.59629194472,
   370.8396323759845,
   -5432.952902877422,
   -4670.560246722232,
   -12979.814906627736,
   -29103.01836645883
  ],
  [
   5201.361779526116,
   -2742.0777112364385,
   -29671.65560291784,
   10393.283838022875,
   -192.97345774073426,
   -8457.494279815843,
   -2944.299997435692,
   844.2302043901885,
   2935.5287364041596,
   4806.742728648163,
   -13741.033625207427,
   4726.2333510895805,
   4371.057386597419,
   542.6082279973082,
   -6294.047346124946,
   -18866.105071274273
  ],
  [
   -1846.1348342448894,
   14469.698750684993,
   -47241.9154967226,
   -16648.885573255284,
   -5862.209892894708,
   -5428.583330353507,
   -9237.029837739226,
   -28722.543844909316,
   -7807.723144197976,
   13055.651853992298,
   -15541.013812930432,
   -46519.25107361142,
   -13095.5473439291,
   10739.356251019246,
   -975.4908545953951,
   6951.0546177012975
  ],
  [
   9178.000514214018,
   -19370.671475504107,
   14119.145045825231,
   8857.614682977457,
   -4661.055059269025,
   -62987.82160239357,
   8745.137226748791,
   -23521.13733626276,
   -2957.026963398082,
   -8461.764257997642,
   -33230.9436041895,
   -14497.834043468885,
   19398.249885199068,
   -19179.17932508711,
   -28259.05999371996,
   -33764.55217892183
  ],
  [
   -11019.606033794827,
   5998.615625727955,
   -12568.980370123307,
   -16170.547011573017,
   -3520.942665803905,
   -36604.10011898911,
   2791.949141307569,
   -13443.514866347437,
   5918.113287110378,
   -3949.0711962954206,
   -32501.844870373643,
   -65439.063078919324,
   -6661.834651781905,
   -23709.21746050473,
   -30744.332588077097,
   -17485.37802695436
  ],
  [
   1826.1824437783116,
   -11551.395997697511,
   -15719.748316788622,
   289.74599595213124,
   -6661.5754078435275,
   9686.349310388207,
   1096.3221027992977,
   17900.821659664947,
   -5809.70198686695,
   18192.553500293205,
   9790.44467042295,
   -14462.573415305951,
   -13363.565499968874,
   18838.565530790565,
   10962.990334292317,
   16558.026364317917
  ],
  [
   -4383.071594982542,
   -22545.979229676628,
   -10192.472914418348,
   13092.07587229594,
   -731.0912511424273,
   26844.89419701919,
   -3781.4001406471784,
   -2545.320513845293,
   -5481.992668017427,
   -19836.679886062135,
   11372.741166766653,
   21454.592661457555,
   -5387.177722725312,
   -14520.018982131036,
   -10125.6019584759,
   -40991.9660507447
  ]
 ],