{
 "input_nodes": 12,
 "hidden_nodes": 16,
 "output_nodes": 20,
 "epochs": 1000,
 "lr": 0.7500000000000002,
 "output": 0,
 "epsilon": 0.01,
 "synapse0": [
  [
   12064.42445178517,
   -20648.54201644073,
   -16988.12596317477,
   2404.9179464077615,
   5740.460123042257,
   -15643.257674033108,
   -6890.599686449246,
   6725.590295291257,
   2973.026388972653,
   9706.722651614758,
   -10942.57225098646,
   -9050.960907488417,
   -14788.74629417851,
   7311.541619495686,
   -491.2498711711315,
   132.05593250227977
  ],
  [
   -11045.891436753607,
   18537.672640339475,
   -12094.31988637148,
   -596.4132064091774,
   -7904.74046626161,
   7363.570966701978,
   2049.8531802417865,
   -24777.985556555952,
   -8141.666065488204,
   -13807.858485888246,
   -6562.245585408007,
   11820.830786243061,
   15543.639778319775,
   -5569.999372580611,
   -1441.2143614311087,
   -4361.071919189274
  ],
  [
   12145.961948510758,
   13711.6957067886,
   -12911.168660160132,
   -12524.933431085787,
   7327.074559816617,
   8586.334612231754,
   -16200.764119674455,
   -10443.165480248246,
   17751.626216045,
   -12590.249266837753,
   -6557.8404750845775,
   -15050.646539005209,
   8706.72447010104,
   -9612.500431886649,
   -7828.334330522494,
   -19149.81817179753
  ],
  [
   -8419.108307706563,
   -2798.8498694453806,
   -21854.65733109895,
   -7785.872741061111,
   5442.3873767999185,
   5831.16862096061,
   8541.010341624957,
   -47149.01097180677,
   1494.7159788894407,
   -25341.4708832814,
   -19307.136409495786,
   -25696.48125443459,
   -26964.730194619704,
   4400.8349717461515,
   -3674.063879440441,
   -34034.59465973384
  ],
  [
   -1641.4522020776117,
   -4058.3126368685757,
   6755.071251687967,
   -4643.720387839641,
   2498.1308494434466,
   10158.902650098633,
   -3517.0521691375006,
   12164.144098628654,
   -2226.5520323983897,
   -3855.197438129324,
   -812.9634155894817,
   -16949.62455528229,
   -17566.742743397965,
   -17110.581850382165,
   -16854.486284223243,
   -5665.667537744729
  ],
  [
   3959.1654351965853,
   -2803.6249598324694,
   -56400.711860220625,
   -11456.483276519051,
   33.99424271676688,
   -23346.20698938482,
   -3496.142934637401,
   -44113.08689032401,
   -9409.289354386292,
   -11491.310058354056,
   -47194.96586456537,
   -2057.543667489484,
   -9600.170253932778,
   -6689.619563822328,
   -13085.387488449554,
   -24078.075319514643
  ],
  [
   3758.5554502832642,
   -3240.840603480036,
   -15552.094474558226,
   11951.251306589513,
   -784.0442166492804,
   -9917.73087789965,
   -3058.119473850217,
   554.4273903578846,
   567.0836493908452,
   5318.71898562289,
   -9153.730246111165,
   8579.147514670502,
   7151.230931286514,
   2708.4299383646053,
   -3166.007652608956,
   -10795.069059615778
  ],
  [
   -379.587961939996,
   11828.403252128603,
   -41280.435940380405,
   -12092.955656845026,
   -5576.841590699594,
   -1492.6059313464145,
   -7676.605288585844,
   -16022.824312061402,
   -3757.9933188261707,
   11616.517594992678,
   424.9928104265923,
   -18650.752460357562,
   -3963.7449935386653,
   7523.180920467879,
   1347.9574420543458,
   -7270.470215278508
  ],
  [
   7059.224471525724,
   -18859.90375968946,
   -868.9539786934911,
   9052.176428436116,
   -3306.9030548943265,
   -56312.49570439221,
   7322.316118082518,
   -26942.826805030007,
   -4246.8607350158345,
   -7260.618141456757,
   -27188.708591894225,
   -11066.015433741715,
   3384.910163305696,
   -19045.051548922725,
   -25115.057121086455,
   -36994.715651239996
  ],
  [
   -5634.550581374639,
   294.3543789169375,
   85.7589416819567,
   -14576.510337265197,
   -4527.068436001618,
   -33579.15877972698,
   3386.324815301974,
   -9822.102257583769,
   4581.156591044997,
   -1140.18512827253,
   -22787.971004652547,
   -40989.81483344086,
   -2980.980108510733,
   -23323.517269099168,
   -23356.19453584438,
   -13150.770961268616
  ],
  [
   377.5650080029955,
   -11462.15944661188,
   -10575.870996827387,
   2211.2903265398936,
   -5186.663540921269,
   9519.33767130684,
   2004.0022724371981,
   13150.635173322586,
   -3905.9615441400015,
   13968.728713712377,
   12485.700819946522,
   -7097.351146672471,
   -14470.160338190331,
   19074.238412573766,
   13021.049312035733,
   17844.125433364523
  ],
  [
   -5061.929335258391,
   -20731.65036376811,
   -9572.916219270874,
   10927.221183650778,
   86.22776001471178,
   24051.96059690147,
   -2938.402016085624,
   2973.1905419640366,
   -4475.778372565304,
   -15661.565401622716,
   9206.58615707361,
   11414.278586754488,
   -10681.913398107585,
   -13243.149047948937,
   -7245.518851849106,
   -28863.53556644546
  ]
 ],