{
 "input_nodes": 12,
 "hidden_nodes": 16,
 "output_nodes": 20,
 "epochs": 1000,
 "lr": 0.8000000000000003,
 "output": 0,
 "epsilon": 0.01,
 "synapse0": [
  [
   -283.3277861775148,
   567.4475551633795,
   -1779.052834586035,
   3081.083551532408,
   -236.43320910236685,
   -1731.7063399509534,
   -400.54110224423954,
   2029.1832106978222,
   286.7808602756439,
   797.8967905584851,
   2854.2605239262302,
   -236.40366784161293,
   -2243.0406979865397,
   -2294.40345979763,
   -1276.5886111076095,
   -906.3371064398156
  ],
  [
   -2229.4839719684915,
   -3881.418371356755,
   2178.2975573391304,
   -10475.319004810442,
   588.8655830097769,
   1981.2847095154134,
   1617.395911021971,
   -5476.857878616875,
   -7390.131634107913,
   -3434.0515297669567,
   -4199.395680172986,
   -1858.4896143032838,
   -8213.31780641005,
   421.18575570482585,
   46.10404666512739,
   -1246.4296675908117
  ],
  [
   4045.036067538181,
   2017.3280816196143,
   2134.1002888864186,
   5733.681649017139,
   -2381.674370011151,
   -8576.468837287071,
   -905.1452434794744,
   9414.284646430995,
   1978.4317102642824,
   4627.453267784463,
   3492.5946996253087,
   -785.24874966304,
   11995.620623117338,
   -144.28499218954846,
   -13330.624774339218,
   3109.7241522755467
  ],
  [
   -833.9318864218114,
   3753.8138183740366,
   -9862.52313132159,
   2587.783388423973,
   1866.9980919028644,
   -14407.100074421745,
   -380.22782035579917,
   420.67098291066355,
   1742.2513722574474,
   -671.1217086334551,
   -322.55314618635776,
   1142.935222387867,
   -4998.430796953541,
   -1119.138339535781,
   -13083.346606030293,
   -7119.570107666336
  ],
  [
   -2972.9908436518713,
   523.0284239001086,
   5280.526601803004,
   -4179.047082932925,
   -5294.468101570232,
   -2098.931668969537,
   -2232.57801922274,
   -128.44121381844596,
   -476.8741839949612,
   169.0770635329625,
   894.7616830678338,
   -819.1637245936571,
   4626.722757488956,
   -166.55613560446545,
   541.5741866154407,
   1381.9885135040095
  ],
  [
   -3053.790895023763,
   800.9408565097923,
   -5483.321508833727,
   174.80658987597906,
   2108.8092327891895,
   -792.5410478743063,
   -497.23348157937596,
   -3816.5586698567236,
   615.0733507130751,
   -689.3469363144347,
   -2348.525536299876,
   1351.8385409602467,
   -5867.6911639321415,
   -1445.5058580500443,
   -1650.506344113963,
   -4734.850389151954
  ],
  [
   -2307.576032010577,
   -1161.29414950868,
   -9692.758053047186,
   774.9613533190405,
   368.7954608057691,
   5227.354233951455,
   447.22669243178876,
   -1578.8257224769682,
   1243.708996673745,
   2994.8702427387598,
   -371.27073858106274,
   396.1178195506688,
   2237.667167623315,
   207.83443180525273,
   -339.40621314587105,
   -2212.988504994307
  ],
  [
   742.9994662853021,
   -403.3526765526642,
   -10166.052132628836,
   1107.564709184927,
   2682.9783704201323,
   2014.6921393859297,
   -482.80891418466064,
   -2906.4275818403707,
   -4806.243065563709,
   -3714.099089218758,
   1169.8977036757494,
   2288.924938777862,
   -5070.957131433312,
   -199.62297911807278,
   -12332.501088114148,
   545.6663775343314
  ],
  [
   1324.8106998045798,
   -846.2145584163576,
   2593.849333126111,
   2743.7410073524097,
   -541.8537089075153,
   1216.027570847693,
   -1592.8224022091256,
   -337.88849208399176,
   -903.4395457787539,
   -1499.3316100268964,
   2416.493711931081,
   -158.215147858518,
   1424.259592166242,
   41.30365244233284,
   2444.692954638719,
   2225.412083948474
  ],
  [
   183.7369321746659,
   589.1306010888989,
   -1735.2103200538074,
   -760.5752234740679,
   5583.899411943137,
   -4369.934749029377,
   1757.2785578778428,
   -1661.9987269969347,
   3595.138347756414,
   1337.1853723305603,
   -2717.3989605641905,
   358.4553090626265,
   -1037.662433834007,
   -534.7677460032386,
   1288.0062581654595,
   -4180.699900573888
  ],
  [
   -13721.695428340321,
   -7184.267875355022,
   -1667.25760961653,
   -1214.208874905213,
   -9415.242381914508,
   -4474.706565230432,
   -635.8099517725162,
   -4147.929719578426,
   -5211.082058906395,
   -2826.265941021926,
   -4434.644771942444,
   -1638.4286943737407,
   1323.912812392083,
   1725.8471717528203,
   -18898.948731843062,
   -2377.0003305413748
  ],
  [
   3918.0621833741375,
   520.337177078783,
   7853.76334615641,
   -4631.487379243676,
   -10232.052236464762,
   -19202.060564302927,
   1517.7058597473483,
   6021.437411143957,
   -6031.200000814117,
   -1350.436896856707,
   -666.1768407688644,
   -782.4360894053477,
   -6408.083988228,
   2096.67294770661,
   -19034.19585737123,
   376.0258995555472
  ]
 ],