{
 "input_nodes": 12,
 "hidden_nodes": 16,
 "output_nodes": 20,
 "epochs": 1000,
 "lr": 0.6500000000000001,
 "output": 0,
 "epsilon": 0.01,
 "synapse0": [
  [
   -927.7892029790344,
   -73.29606081409158,
   428.4807602477534,
   433.77511558330144,
   160.39957880975703,
   102.47294028911368,
   -424.81318401344595,
   -137.72068600960063,
   -1013.1180947358399,
   83.54771303429068,
   -588.980731848836,
   1073.78570659061,
   -226.07047974871261,
   280.46141134813405,
   -26.93417178223275,
   542.7873836245332
  ],
  [
   902.0040906152326,
   -461.89647624707726,
   -565.9511419678156,
   -723.6560388513994,
   -410.61004277633947,
   220.42008841007728,
   -157.14086540500034,
   251.5681936587388,
   1180.9140703230241,
   -1210.1451269938166,
   493.7117095373763,
   -1689.1805397153987,
   328.66167513828714,
   -567.0347860148127,
   -430.57365243874966,
   -1785.4220057059065
  ],
  [
   -581.3912405340797,
   -2043.9973491116878,
   179.85324688884478,
   341.7219456118301,
   -670.9398700452571,
   -1060.1976315696745,
   -1232.79978333428,
   -1530.3487822289355,
   -1417.9518458706111,
   -1741.7842414128627,
   -484.207249625624,
   -1103.2568228994885,
   -486.2737751827686,
   -171.52260242550156,
   819.9701104631242,
   -1469.4205234959368
  ],
  [
   162.23284561509888,
   -1468.9474173006224,
   399.8200841576316,
   627.9399779624871,
   -245.26673014189703,
   -3002.5642609603146,
   -4239.838724993233,
   -481.47429760475643,
   -1042.7182477471738,
   -1678.653506195011,
   33.35720627672189,
   -1483.887824027375,
   -643.8882495375922,
   -239.25862797941235,
   -115.63060020877046,
   -1727.3037227887153
  ],
  [
   252.8451343147711,
   -520.9341945541287,
   312.8813947581072,
   182.70674951021238,
   -381.6776116279218,
   -426.1906527597917,
   -1707.7744481008551,
   -99.1917104977643,
   -133.4285569694344,
   -1037.8865782372857,
   -183.37711301610366,
   -676.6833294071592,
   249.0351453520953,
   -581.1040794124642,
   -99.21412916200173,
   -1149.0260404216156
  ],
  [
   -79.16348646830565,
   -1582.6461428863777,
   352.8719449602559,
   17.779373397958057,
   28.84346541396849,
   -396.66000658655594,
   -2376.406283710516,
   -130.04907389449667,
   -665.8254017088922,
   -1000.8867323215111,
   208.02329750063237,
   -1324.5137068529489,
   -272.0125346818918,
   -45.15913148574831,
   -204.85721762513336,
   -2193.042006093788
  ],
  [
   208.08797592861183,
   -2654.767225003362,
   79.28679731857507,
   -11.907544451483487,
   92.75860605915061,
   -90.99734400095646,
   -2472.9446432519785,
   635.1183506046342,
   -260.0560841886494,
   -1340.7189824595346,
   200.40782275908825,
   -550.491258221472,
   -745.5510162171071,
   242.2678890804391,
   -350.32429297409107,
   -2513.9664841935173
  ],
  [
   -1001.9991577188915,
   25.488903443105304,
   -101.2867468156441,
   -191.27296661378298,
   18.64630974146788,
   -1393.5356834778875,
   -573.2493482444444,
   -19.329018290495153,
   156.58120236359292,
   61.18041278719725,
   177.09302317896683,
   459.7225601566457,
   -1271.0308992238477,
   -114.06947022247834,
   -245.15772748370117,
   -107.15165088153707
  ],
  [
   -601.6835308902863,
   -1392.4713372768801,
   -104.9159549068331,
   -373.51816868337846,
   -82.52828982568276,
   -112.0602136562888,
   -1270.2077711563443,
   -266.40688957411834,
   -142.8473048153915,
   -593.9676271022006,
   -23.618138225869973,
   -96.5164437169799,
   -491.6288167636123,
   102.76815406431672,
   134.33765483966206,
   -1763.462612096392
  ],
  [
   -202.36027761310075,
   462.4144400615271,
   -553.2071927293207,
   -258.51452244781854,
   -229.99724831978187,
   800.2863550810048,
   1205.080034210011,
   -59.21751045968108,
   505.09469030631954,
   -2223.1695812434227,
   206.71804636707878,
   -1635.9140660087348,
   668.1535199616005,
   -635.7320662096004,
   -220.26519411907807,
   -404.18771258265923
  ],
  [
   60.500278755133714,
   1088.4702873355882,
   158.99816307972344,
   -235.50105841279137,
   -249.16747795943914,
   724.298764601795,
   1497.4867076125624,
   666.9568118158852,
   70.14742505376519,
   1685.3212791567564,
   18.472324381770772,
   1409.5300460041042,
   -12.534092961491401,
   -28.58948483048826,
   -201.1648560221969,
   810.3983361766681
  ],
  [
   -731.8354542069471,
   -1223.5715227281114,
   -249.14495686093213,
   -156.63642327448707,
   -340.53368095294695,
   -1064.7979126219177,
   -1772.2468912976449,
   55.0013602800108,
   314.9842741320933,
   -1039.9188543634687,
   -378.83690608310235,
   560.476847679847,
   -556.3659463538407,
   202.2682483337817,
   -153.12744342612706,
   -702.1532991687518
  ]
 ],