{
 "input_nodes": 12,
 "hidden_nodes": 16,
 "output_nodes": 20,
 "epochs": 1000,
 "lr": 0.7000000000000002,
 "output": 0,
 "epsilon": 0.01,
 "synapse0": [
  [
   -352.4308550876385,
   320.9238588105493,
   201.60140962719524,
   97.8790332204965,
   70.45638633365454,
   -340.84639183476594,
   -11.786540781788084,
   49.61192530473992,
   -510.28083116961653,
   137.5131651805431,
   -175.47640205011157,
   586.2237751231685,
   -122.9176161146295,
   150.7773132106849,
   58.65350424398112,
   511.89904174762495
  ],
  [
   192.49475480443797,
   -685.3772464823714,
   -376.66070242003383,
   -204.20496292838814,
   -281.9297270802202,
   442.50889871913284,
   -65.74909889591757,
   28.75466134204497,
   546.1023081986343,
   -407.17922264881304,
   149.73614633250892,
   -750.9303123764486,
   5.147416014770015,
   -223.57100918080363,
   -189.8023937949641,
   -1196.088374860137
  ],
  [
   -817.6322249427236,
   -1103.1385486545696,
   -143.79095802068193,
   51.35431712548716,
   -395.18358955221765,
   -44.3312617810401,
   -285.6593793753976,
   -617.4454242543986,
   -296.271660747396,
   -608.685136802261,
   -146.343915551006,
   -681.6694298798582,
   -253.0790955832857,
   52.678143708870685,
   251.74799311502346,
   -827.6447754052456
  ],
  [
   -152.98264468527296,
   -1277.8440441163302,
   -1.2557580951013279,
   179.85178536340112,
   -126.79022720682079,
   -921.3733997583097,
   -1951.4767230151645,
   16.94713961913451,
   -198.9459695600464,
   -22.27775789161495,
   -18.93942835219664,
   -605.5754434660089,
   -187.62980143806985,
   -385.62101623526723,
   46.356594316322216,
   -678.1112227713382
  ],
  [
   110.84725144888529,
   -311.3910643528402,
   -26.338034124050147,
   47.07986530682574,
   -226.18482586696706,
   14.67594512319506,
   -982.8664199099884,
   179.870595304413,
   -145.90116213629912,
   -219.17324267772585,
   21.8311295323478,
   -613.9148463909012,
   43.918951770589345,
   -90.52656362500952,
   16.225129783169884,
   -714.1471810646702
  ],
  [
   -189.74542264838917,
   -842.3150898821984,
   126.9749263356349,
   -22.6834413224043,
   3.9946026561516503,
   -341.34066724747714,
   -728.0643190748123,
   125.36811526675505,
   -120.19628819216317,
   -101.80668493663634,
   159.69560214194377,
   -363.74143400834174,
   -329.46753862061297,
   -366.73168602509355,
   -63.30123075364022,
   -836.1624789582089
  ],
  [
   -20.62802281458616,
   -1150.5509511268533,
   9.758235326427043,
   -26.274696664631723,
   6.578890104723913,
   42.30209970212792,
   50.39655763736907,
   215.98544918731093,
   -41.18376742255506,
   -364.44459411680106,
   77.78510044619146,
   -261.36187204897817,
   -260.5707035162369,
   -94.74275279387236,
   -5.7377424655951,
   -696.1932784500756
  ],
  [
   -854.72422872094,
   76.78445361974579,
   -7.527368843194757,
   -38.63395142852941,
   -24.012458821740832,
   -1133.1196593953382,
   -500.3724271138165,
   -75.19834767770911,
   65.66476588331972,
   53.85721594276436,
   24.501677430380255,
   300.37811773270886,
   -503.327598353629,
   -143.6483953743715,
   -87.75354739349348,
   -101.21212616595486
  ],
  [
   -457.47463092854326,
   -788.0981345224958,
   39.607974770700096,
   -86.43275747875254,
   -91.85264840544453,
   -229.27586117753495,
   -83.62888161635863,
   -254.92171527197974,
   -57.88789069437627,
   -473.8018680156881,
   -70.22976913641797,
   -47.80936881739477,
   -291.02527525067194,
   -51.19871188181734,
   112.66634169096962,
   -686.0407899840534
  ],
  [
   -154.38262136532717,
   67.72363201320607,
   -72.7471112881974,
   -12.548800247984392,
   -139.50483297226208,
   275.62451500984025,
   657.066679590571,
   -110.08185746663958,
   72.42349070446647,
   -290.4947905630826,
   -121.21057174683949,
   -133.1601508162564,
   -16.740387042790385,
   146.66804717828015,
   -51.83984616221703,
   -264.67733898798207
  ],
  [
   134.64481235816328,
   697.9072766712076,
   31.362273908036286,
   -72.63923481240815,
   -158.6887689943651,
   434.6374288000125,
   126.27241289354797,
   325.23391987644953,
   -93.35289047294445,
   315.7573179959537,
   128.41299943814195,
   98.03070491160886,
   109.88591237372665,
   -14.722771948793657,
   -107.60025099681698,
   33.24039874022456
  ],
  [
   -508.740811113973,
   42.13167870031034,
   -178.65180681396856,
   -35.206034758193894,
   -193.1881785246186,
   -494.27405301372954,
   -356.6188261693271,
   -103.38556524563599,
   -11.603052205726897,
   -125.3342123666847,
   -34.74330106862756,
   408.31545463728105,
   -374.23685473316823,
   172.42202501636987,
   -72.51586971968486,
   -189.14768435405634
  ]
 ],