{
 "input_nodes": 12,
 "hidden_nodes": 16,
 "output_nodes": 20,
 "epochs": 1000,
 "lr": 0.5,
 "output": 0,
 "epsilon": 0.01,
 "synapse0": [
  [
   -4144.0527470096695,
   -12363.291058151151,
   9555.52367162019,
   17298.452776933398,
   -10245.381021521962,
   -7640.846250131898,
   -16286.321233923614,
   -13536.257816666317,
   -6393.897963184681,
   -16645.443975970382,
   -13236.762672809295,
   9609.812910882403,
   1752.7493616062877,
   295.5949441285465,
   -3258.561627556551,
   -4637.582504557674
  ],
  [
   1574.803674369285,
   11122.730431426211,
   -9233.652253013464,
   -21941.940046232114,
   -1839.6781939702073,
   -458.66858457186487,
   1243.7279167318497,
   15145.755036026723,
   6099.651444319783,
   -12340.899715202853,
   8258.815710849594,
   -11157.736661095141,
   -8544.13288025074,
   1764.8190171008598,
   -1131.1118081185762,
   -6682.199710929828
  ],
  [
   9018.622718859573,
   -28908.836893572767,
   -1383.9841618961277,
   459.8347844370553,
   -4235.076968750553,
   1135.926743634234,
   -2207.8513899518675,
   -3407.2423237059725,
   -16794.991009018955,
   -17268.50754468845,
   -15848.510025464238,
   -6567.402464316435,
   -27528.47114907081,
   -8839.543091286061,
   1662.518776923314,
   -3166.1400828227133
  ],
  [
   -489.04941288918775,
   2445.851572101771,
   2439.3372161005855,
   15782.551048506108,
   -8356.66319653897,
   -18074.508970892522,
   -17816.290353941757,
   -15740.380359478311,
   -17427.91055306826,
   -26216.976673057685,
   -15771.666300427922,
   -556.7087694567075,
   -30511.494063500057,
   5997.537513806972,
   -762.7647718610656,
   -1372.7583915177534
  ],
  [
   -708.6760861847456,
   -2775.179566276424,
   8951.885002150086,
   5633.304588172713,
   4246.130770250574,
   -6935.852518066594,
   -7640.128617944291,
   -7436.071835336019,
   -2217.0100338729762,
   -940.0583462296726,
   -17207.176987481682,
   3242.069799878449,
   -23776.291209830582,
   2285.290130878199,
   -765.5201680512469,
   -4094.3941249079344
  ],
  [
   -790.4839943136129,
   670.2151692520839,
   4682.176187210009,
   2879.6307148565315,
   -13097.688111534817,
   -19761.31379855974,
   -39606.43867044777,
   -10409.944359556936,
   -7689.390816991005,
   -28945.838281103494,
   -6306.223045277501,
   -3874.38387623098,
   88.93205072665894,
   3019.174687162859,
   -657.1589667496837,
   -32316.597423243773
  ],
  [
   -1546.2785852669729,
   605.9289084015903,
   -3232.2901846945447,
   -12324.824222389281,
   -43103.28523804607,
   -38250.1999493717,
   -62415.969678278874,
   -527.5176366713869,
   -3785.3532404299394,
   -53782.5266530468,
   130.98694180662906,
   -4672.604862303344,
   -22019.336497745295,
   2677.4887020970514,
   -833.0842366511151,
   -40869.28697346984
  ],
  [
   -2943.5894831666997,
   -3760.3725919542585,
   -6812.343261747782,
   -6252.463259065396,
   -9748.247818131858,
   -8361.454286816588,
   -7973.067125961459,
   2709.033043690878,
   -2411.306395209097,
   -1108.7462138841738,
   4049.2486392447377,
   361.27333310122077,
   2985.4000441942358,
   1510.162579468381,
   -406.7247350567739,
   -1347.594396718164
  ],
  [
   -183.30048878874211,
   -6983.605883924054,
   -6929.184255097808,
   -7801.915133991157,
   -26338.3070400049,
   -25377.18903347216,
   -39024.66170667879,
   -8060.220003753725,
   -7057.173563084221,
   -10822.262339478548,
   8950.22269212261,
   -3780.936137012924,
   -4413.9062699641845,
   -4167.566474738136,
   1259.0849412710538,
   -26052.538162224715
  ],
  [
   -1774.6761943027147,
   4385.843051272118,
   -5366.992901918023,
   -6923.699422535967,
   -8870.724925457114,
   10817.108563324016,
   13188.455722464008,
   8346.851426101019,
   7234.798752474819,
   -71725.46363823887,
   2429.034373020694,
   -12997.51981514831,
   24884.207513787744,
   -319.4677679470874,
   -168.40244822072154,
   1938.7813631444778
  ],
  [
   -457.36799430569675,
   -3270.624659192602,
   4248.424973798192,
   2052.1267228478423,
   -5877.409875040272,
   -12284.369202016636,
   -4145.600312297771,
   -5067.716722717625,
   5352.936145167141,
   15616.183459374985,
   5377.386866427954,
   8945.495426302681,
   -7779.11823854516,
   5459.1140128154,
   -2148.4395836637846,
   -1175.4961896201062
  ],
  [
   -2918.478877324256,
   -2044.9722097180438,
   -2412.2698063456396,
   -3771.102336192994,
   -38050.36071061942,
   -38301.84977368611,
   -51672.698150826036,
   767.3033614082369,
   1131.7608715626423,
   -50367.80579289893,
   -6822.076699011799,
   -2886.763524130765,
   -39194.572704868675,
   975.1494947458939,
   1598.4690288018205,
   -19946.370616181903
  ]
 ],