{
 "input_nodes": 12,
 "hidden_nodes": 16,
 "output_nodes": 20,
 "epochs": 1000,
 "lr": 0.4,
 "output": 0,
 "epsilon": 0.01,
 "synapse0": [
  [
   -6073.162822638786,
   -397.76931224755543,
   -2312.4214491181247,
   -2386.1737004388365,
   -5668.7185713292165,
   -1920.2758241091399,
   -1489.572873941422,
   -7791.713191201584,
   -4796.487962329633,
   -4822.948779622694,
   -3348.402519097228,
   -4443.062587945205,
   -582.2070410438298,
   -1007.8790521495022,
   -2078.775005435256,
   -3028.3009086420116
  ],
  [
   5121.6506000613435,
   20.938342915397527,
   3377.423066858215,
   1890.3794031202929,
   4372.785541972856,
   1168.2705419734032,
   7056.830369806755,
   13766.359870552504,
   297.82626290490725,
   8333.007347725235,
   1746.3036950744522,
   7679.548697880388,
   300.0169234096424,
   -2717.989875420805,
   3161.2737882170727,
   852.206511607187
  ],
  [
   -8674.89310485559,
   -7819.188379399976,
   -14762.743750757276,
   -8627.08186169812,
   -13170.610154314718,
   -3414.6011513469325,
   -16269.811763971875,
   -17549.728393694582,
   -4816.6384019479465,
   -14393.745328316561,
   -9160.254054829908,
   -18080.524992142695,
   -1485.8110431220414,
   1418.4595157786496,
   -3721.1162018975037,
   -5964.547622196902
  ],
  [
   -5039.39068760257,
   -5746.040220814586,
   -11544.461339845831,
   -5228.951291587685,
   -8354.24622351606,
   -2830.684571227672,
   -2630.140579087721,
   -1725.1332874004859,
   -9432.536386742773,
   -1433.251398129274,
   -5836.157641001757,
   -3243.8213151388077,
   -359.5836923621852,
   -5441.024865522081,
   638.2813765499119,
   -7027.584477800066
  ],
  [
   1057.5546424016181,
   -2203.2997088199936,
   -6765.807857268568,
   -3540.077184637352,
   -5821.289917976226,
   -434.07635683031805,
   -3914.483760654942,
   -2897.476472864948,
   -915.5342553245231,
   -2595.445229229879,
   -2759.308544306855,
   -724.3160400636879,
   -336.4829041948711,
   -378.0244246046562,
   -468.2088280052637,
   -2989.9545734348517
  ],
  [
   -1220.8300156129503,
   -2007.2929261949155,
   -2295.987900491098,
   -925.1536020543653,
   -2800.652653208502,
   575.4542454852514,
   -35.019981601025,
   2190.5797197154916,
   -2177.143323617155,
   5149.945273123899,
   80.61259628643151,
   1822.1637507319308,
   220.22270779296534,
   -3242.719164943177,
   893.5190817691051,
   -836.1526565481904
  ],
  [
   2203.7808179929593,
   220.69653291608324,
   4830.831508815951,
   1200.1337493399244,
   3817.9785782943172,
   431.48525352465566,
   1351.1318036274938,
   4778.342333267006,
   -75.10927840539009,
   3525.006419145754,
   882.9780124560239,
   4064.4867502149036,
   -241.26232973742987,
   -1861.8940111603713,
   365.39822518714243,
   -246.86182294829817
  ],
  [
   -1699.066558810568,
   171.77609017922936,
   -623.9179227655065,
   646.1174994377011,
   302.3648178232831,
   -10.337862181055119,
   5400.905933045867,
   2124.801064904197,
   -3671.2638133815467,
   -1084.9641304422798,
   1436.3386174956047,
   2963.6046255283227,
   -288.845896100832,
   -2924.5377093980587,
   496.2883257229476,
   -1313.1785425308613
  ],
  [
   2286.373886312653,
   0.02492110405906023,
   2382.662043567409,
   2340.2206318476206,
   6221.772745822029,
   -1206.099106539412,
   1042.5035027982494,
   722.2848046446235,
   -1900.9662637672861,
   128.3156704712955,
   1747.2844778788367,
   2633.705195526632,
   -113.01006627543559,
   -1003.715041031552,
   -454.4279609469762,
   -2628.977819823139
  ],
  [
   -994.3425944033218,
   -1151.6639515926556,
   -4052.771472878171,
   -1818.167169477503,
   -988.3223674464967,
   -694.9072547904827,
   -865.2001523927868,
   703.7254275293667,
   -2951.6731534297246,
   -2321.1241805766754,
   -1315.692904995779,
   376.08149765286043,
   -201.84879393872873,
   -1123.8214159234753,
   -109.59987210663948,
   -2874.9910164722874
  ],
  [
   -3964.156611376125,
   -8025.797609875193,
   -2881.6091179140185,
   -2080.825073233653,
   -7526.440607773705,
   -1177.0627027203893,
   -12230.41405888953,
   -18864.899275218617,
   183.68400441806094,
   -9500.052036590589,
   -329.09643913261465,
   -15216.149384257364,
   -1860.800084462071,
   1553.0726088725098,
   -4200.771562462366,
   -2030.9833772931304
  ],
  [
   6464.000313970459,
   1203.2723244143083,
   17418.795235787806,
   8085.223682783125,
   15392.259137844785,
   695.9076477243052,
   10766.537419642007,
   12578.797598756242,
   746.9885382780467,
   10598.506759846232,
   7010.2280022900895,
   8813.24348364556,
   101.04541601506241,
   -462.62645323863154,
   2544.8943289165577,
   3380.3507351096205
  ]
 ],