{
 "input_nodes": 12,
 "hidden_nodes": 16,
 "output_nodes": 20,
 "epochs": 1000,
 "lr": 0.8000000000000003,
 "output": 0,
 "epsilon": 0.01,
 "synapse0": [
  [
   8330.424680748243,
   -8745.499835423836,
   -5563.925069110061,
   93.29303150182908,
   -5697.2094344704,
   36.4203803710365,
   697.6960913320692,
   3607.4382051010757,
   -9527.304583244368,
   -652.3605799515415,
   -1061.3357303042358,
   1359.4138580083836,
   -1855.0257045101891,
   993.9398460157104,
   -109.12918841802532,
   1218.4657610005852
  ],
  [
   -5132.622179131767,
   7655.736248638081,
   6852.008719002099,
   -556.6323421568278,
   4676.929914039369,
   -1746.7622983200183,
   -2788.5643043308723,
   -6907.973005582837,
   7984.988529601921,
   260.9495609445433,
   4440.014651462902,
   -781.2513997199425,
   1602.716429840258,
   -1395.114000640379,
   -1386.3730637251767,
   -3031.447836902077
  ],
  [
   6344.050965691838,
   3266.013922038252,
   1271.5727313447944,
   -1447.6854518388825,
   -2013.729165939653,
   -2383.1871278480517,
   2829.335941352257,
   -1629.2867658574341,
   3574.921479297046,
   -4712.616584297836,
   -742.3350239268073,
   -1082.5370078432306,
   587.9809357136785,
   38.973408269749385,
   1712.8191612507455,
   -1673.6614640476353
  ],
  [
   -8256.713438490857,
   2386.491820714719,
   -1465.7473425746807,
   -1770.8259880319463,
   -748.780382285604,
   -3072.8036938277064,
   2791.9427993821887,
   -2895.346439492764,
   -1608.5164213389626,
   118.8200386105729,
   -5235.450736923642,
   -11452.10878235915,
   -2164.993343365443,
   -2868.960949895241,
   452.59321122429225,
   2323.1410262376626
  ],
  [
   -3217.948575238147,
   5678.393729819705,
   1076.0901506667376,
   -2193.995028708404,
   -3537.434066439719,
   -365.8252451797788,
   -2020.1087624403128,
   2948.0907725255443,
   2207.4356885349,
   964.5124870659524,
   1725.2157605126224,
   -5689.626725669453,
   896.6552451882533,
   -1228.5917782162583,
   101.1007155891095,
   -6537.945403268408
  ],
  [
   -5030.495923434788,
   1166.1071352308995,
   -3684.136129827625,
   -3419.233799527897,
   -1780.8118543324936,
   -208.481294982874,
   686.8246811099851,
   -3389.5374376694954,
   -3413.4801405666185,
   7196.877732649999,
   -1758.7947434489595,
   2194.6859983946665,
   -134.71533069040137,
   -2605.3512390500127,
   -8.074394953221873,
   -74.91710409787358
  ],
  [
   3127.144613353116,
   2727.948853874775,
   -4399.33222999234,
   -1099.35685939158,
   2870.358839247038,
   247.79290070331547,
   -4235.378911966992,
   -1366.2204749170226,
   -5055.648342358978,
   -1490.6155691940962,
   1623.3696902001127,
   786.6266609186044,
   -1392.0692449227404,
   304.6226899087538,
   -1129.2877320439336,
   -628.5674535616772
  ],
  [
   -2676.1792628163475,
   -4485.577446437272,
   1438.8061715332335,
   3179.6591103924484,
   -125.73944866707788,
   347.6465991964796,
   -5855.47046895224,
   1559.9139368711287,
   -3318.2011079779627,
   -4532.71588570354,
   452.6539248038357,
   -5876.248272971311,
   -2156.8612108974444,
   1132.7580847192132,
   -1479.5123287778683,
   -354.26821714322006
  ],
  [
   -4938.971815010306,
   1267.1660226606855,
   1047.050964158856,
   573.963658444436,
   -2249.9503218785917,
   1592.4266183661712,
   -587.265573108004,
   3651.7475371895307,
   -78.79882133520596,
   -5358.02048098766,
   -7440.434126804316,
   -11238.857498883926,
   -3510.560069717814,
   2506.073110161172,
   -257.22795726683654,
   1895.994940877153
  ],
  [
   -10137.470997209053,
   -6917.981327171357,
   -5617.576845732442,
   -164.03286559772098,
   1868.1314883537766,
   -1700.957709958502,
   -107.98794253092056,
   -2522.036502106764,
   -5199.4690204861645,
   1489.7678754958367,
   -4869.839740449539,
   4282.825572643181,
   395.93616310896556,
   -4491.850390755132,
   508.5052998070992,
   -5600.204596113038
  ],
  [
   -1924.8617642542415,
   -5011.412395295948,
   1756.65387401507,
   404.27615912260063,
   -5201.301893929829,
   -1026.5301625393677,
   -618.3839310109184,
   1870.969466666462,
   1178.9676208060343,
   2435.4114641838223,
   -2929.785419379755,
   -13467.63526258053,
   -1487.368710797105,
   -2113.3128474045775,
   -811.5301907400647,
   -332.5052264171695
  ],
  [
   -7731.190096183715,
   -8864.6540120108,
   3109.236409566156,
   2726.7584887761373,
   -3649.537266234491,
   3353.8421965949333,
   3384.438977131352,
   944.2636110566682,
   5447.037810596953,
   -9097.18895326282,
   742.6562536943259,
   5916.321683144837,
   589.113733561217,
   3220.1160499502594,
   1082.7908269737827,
   497.20928572646454
  ]
 ],