{
 "input_nodes": 12,
 "hidden_nodes": 16,
 "output_nodes": 20,
 "epochs": 1000,
 "lr": 0.4,
 "output": 0,
 "epsilon": 0.01,
 "synapse0": [
  [
   -6269.211315175539,
   -16754.617318899567,
   -8676.535199303322,
   -4948.065784979783,
   -4925.712204691807,
   -53341.08562640306,
   -4296.517098760231,
   -8948.0689838236,
   -18286.79843134199,
   -26961.291786118374,
   -8637.421163082565,
   -31226.642365712763,
   -2835.200141435911,
   -6685.347955754179,
   -28983.636559293973,
   -8585.39258663568
  ],
  [
   11944.449768706172,
   27043.822083112747,
   19619.279204827813,
   9422.213050472421,
   10261.062998751051,
   6089.009152857408,
   38340.328618397965,
   35376.46672853154,
   1265.2051291208465,
   42183.761025821645,
   14566.05403012086,
   56882.29869201906,
   1812.129474426411,
   -15174.316146693638,
   51953.537694384126,
   3947.0978482905703
  ],
  [
   -31548.45025874692,
   -37835.37056300701,
   -57245.96800273363,
   -43037.98887130829,
   -34192.92719989799,
   -59398.60668021888,
   -61245.49458616601,
   -56665.94785254415,
   -13592.733831801499,
   -72258.75258786182,
   -24480.708478493034,
   -88522.9641697889,
   -5166.775433256502,
   12920.299396991917,
   -42669.20490678221,
   -16068.392965616044
  ],
  [
   -7184.7277776325,
   -7479.061130691266,
   -34611.41963351101,
   -10305.126016279879,
   -17169.05285543275,
   -88650.71727136326,
   13887.192749646516,
   -27722.11230490935,
   -37641.6490928929,
   11329.930765390101,
   -16205.850930452589,
   -9901.145089823132,
   -2412.8193239555562,
   3472.461157342168,
   -8668.291868249136,
   -21716.716475037276
  ],
  [
   -10228.390715361473,
   -7401.926188024585,
   -50014.20297350544,
   -21633.161518874054,
   -6513.1982884529425,
   23500.585943571332,
   -19788.59499517562,
   -21346.813077609168,
   -2940.924766472015,
   -17690.320483145642,
   -7588.031721218548,
   1553.6438282315921,
   -1748.6857534192209,
   3278.136305317241,
   -13647.541949227114,
   -9080.921865197039
  ],
  [
   5116.341446864194,
   22689.270855912266,
   11785.821249928405,
   3052.642722979116,
   -5101.507173787165,
   -20352.921247572587,
   17301.554451182947,
   1482.1358005722834,
   -11147.65555475433,
   35437.155471840764,
   -5990.41763694875,
   29711.66435513102,
   2044.8298976009391,
   -4034.578201743735,
   21214.440642305377,
   381.3479609934832
  ],
  [
   -630.2732359924354,
   15997.479938679526,
   17027.327847285105,
   3622.416939507113,
   6876.471487256157,
   2935.3351612726324,
   2592.772841201282,
   18230.857313373097,
   362.30724590222206,
   19549.1076073192,
   5244.606259990957,
   24326.504447184027,
   -2954.8763914440747,
   -10145.996929901363,
   22448.70459635542,
   -3606.433601213474
  ],
  [
   8590.41325278184,
   2569.164102445732,
   12555.276280732814,
   15524.405373506208,
   7888.682939682097,
   -50315.77852851762,
   24087.86425903933,
   13120.428861082832,
   -12299.250114406252,
   -4154.961397973221,
   954.2617645105267,
   6946.548031336489,
   -1696.6466505965916,
   -5401.045931172537,
   7009.055887815999,
   -5566.107008742629
  ],
  [
   1358.0692325082944,
   -2388.9234622316935,
   3477.3930659290077,
   3759.7479989056274,
   11553.768918114647,
   -30738.548333837345,
   -11223.547697708176,
   9671.058898582847,
   -8428.240668471595,
   -4690.055967840629,
   10323.15022868453,
   4705.628194913178,
   -4864.487567756892,
   -5204.170794596458,
   -16437.19997269352,
   -15869.787176471777
  ],
  [
   2774.5138914014437,
   737.371120830666,
   -19441.33578087181,
   -2619.6125645174316,
   -6233.374069494873,
   -19791.29329329632,
   -887.6449805570767,
   -15539.350936050407,
   -9624.632592371712,
   -14100.497804743616,
   -2874.2585158185034,
   1262.8904622287357,
   -1206.5375278106164,
   4892.842523017424,
   6528.11541520591,
   -9306.27126504638
  ],
  [
   -14554.819983169798,
   -61513.9728028373,
   -18960.871505094103,
   -14639.76634198256,
   -12406.620855220683,
   5099.136883454464,
   -68476.35038112581,
   -36886.952025347666,
   5958.02167696066,
   -45828.6886759138,
   -12566.705990370283,
   -102395.43533162848,
   -9242.61183115049,
   7529.568422893492,
   -67972.77805177144,
   -3533.2920480324897
  ],
  [
   15294.796031826938,
   -9843.866015720068,
   56060.996999719675,
   19577.81693130399,
   31906.420946823288,
   -37787.333899271434,
   26071.576124317995,
   69434.0145816568,
   -1822.5015090072518,
   25993.52164432467,
   29014.77531733645,
   17055.491592276885,
   -264.88958522247003,
   -34863.42757257817,
   14549.380636571881,
   7200.368789139694
  ]
 ],