{
 "input_nodes": 12,
 "hidden_nodes": 16,
 "output_nodes": 20,
 "epochs": 1000,
 "lr": 0.10000000000000007,
 "output": 0,
 "epsilon": 0.01,
 "synapse0": [
  [
   -120369.92224244852,
   -72422.08549925267,
   -187608.2649593478,
   -68064.98693469676,
   -40167.07116508926,
   -97438.98538982988,
   -51793.077121442875,
   -9899.238224432285,
   -142473.75418537718,
   -58611.99231479526,
   -32784.52355763157,
   -58773.92718464949,
   -52812.964642124614,
   -104633.76837343322,
   -129585.56812543576,
   -25932.092539403795
  ],
  [
   176235.66336447667,
   87260.41637458953,
   119821.13909367732,
   65883.3170457965,
   106635.46814149526,
   110255.70028240613,
   83317.2341981117,
   195430.74082168684,
   123498.7495939849,
   60677.96637524617,
   41968.864723407954,
   111924.23745916977,
   81881.52122835595,
   172089.59100259814,
   183527.5426779035,
   67243.90304571064
  ],
  [
   61208.96189665088,
   23999.795023096747,
   -86163.08368725707,
   6573.937835303841,
   107686.45540562806,
   50378.432999253055,
   38159.67028347862,
   313710.37233716506,
   -57091.75844070246,
   13551.370954732458,
   30758.607390810357,
   102355.10645805123,
   34310.03604532898,
   82813.09976677639,
   49675.08901617163,
   67183.217951157
  ],
  [
   -147469.46541065638,
   -92350.66669759329,
   -100828.45242288845,
   -68706.60485650277,
   -108369.65855442574,
   -136142.87957502014,
   -71229.28360023047,
   -184128.4362973421,
   -97505.57552729074,
   -72053.2161229088,
   -61392.45650232755,
   -97994.54929141064,
   -68988.36640014153,
   -149838.59179684712,
   -160421.2097304911,
   -65390.70209497354
  ],
  [
   45812.73420000232,
   -21996.47027909598,
   -109865.43693210004,
   -21692.326328962285,
   62778.6182307698,
   -25653.478778164575,
   21695.080229361865,
   97338.67144574232,
   -12467.783815909252,
   22583.8396853585,
   998.5897676832494,
   21301.632488436888,
   28845.39008780999,
   29201.715330111118,
   22967.11644761422,
   42011.95800817665
  ],
  [
   27571.587901295195,
   49327.69241577884,
   -7385.996936696795,
   31517.670025963955,
   32442.27635646411,
   62717.40974146508,
   15790.272610923144,
   53616.23787080668,
   22023.87415644957,
   23179.56042573826,
   34485.214429559644,
   13956.573689155137,
   10758.009248049355,
   45889.93619759336,
   43754.49057260415,
   24969.90678656378
  ],
  [
   11303.35953240992,
   2697.6354911905305,
   -34326.92266174429,
   2973.25098173413,
   21917.6329616247,
   16231.472403821406,
   8813.577040325561,
   21865.15692130491,
   -20144.44098936378,
   -22983.672346439394,
   13158.38333676785,
   5974.571387430077,
   11945.233872517978,
   17740.730773379804,
   12645.359730992117,
   17524.917058614385
  ],
  [
   62085.86611588224,
   -11598.433229357686,
   -45551.38491592016,
   -1979.9597732373418,
   27698.204098654634,
   -26885.792772568122,
   26105.467926563073,
   119202.4613819741,
   15757.372844032154,
   12166.86885408067,
   -10806.852658723117,
   33209.98530673395,
   27632.868926986794,
   47327.46969186218,
   52646.00242925933,
   10622.63240600071
  ],
  [
   -27575.63271800438,
   -33023.31162597579,
   -15735.091312837725,
   -39970.585131309366,
   -28241.267149386906,
   -66020.67066789359,
   -9338.071389435425,
   -43723.365758732994,
   -14650.8834183896,
   -28484.529222313948,
   -44923.25417476595,
   -15318.560398759673,
   -10778.786527582733,
   -25715.19960263743,
   -27840.149368187536,
   -14064.42843747232
  ],
  [
   -16273.94639757245,
   -46547.40618271452,
   -50683.87780560029,
   -40902.261833775985,
   -8340.224804444213,
   -55116.449903137,
   -5320.566973579701,
   -21859.601473308405,
   -38582.219911501496,
   -37869.214741188065,
   -29304.716134619335,
   -7475.726663656109,
   1188.8125450769242,
   -21293.667200334912,
   -27468.61866838949,
   -2500.361698796851
  ],
  [
   -233385.5482502363,
   -136323.40655724076,
   -49186.79946866263,
   -78059.57437205898,
   -191337.33303029195,
   -171060.3486090087,
   -113854.63850974492,
   -217029.09182165648,
   -157653.46049861715,
   -108974.48770371333,
   -73451.45554385442,
   -141843.53806145143,
   -122675.4280423254,
   -229812.09260682974,
   -229228.1615255883,
   -130884.74332711216
  ],
  [
   -102155.34625241852,
   -110359.38986570433,
   -35831.700627582024,
   -65182.64376791283,
   -132458.76660687843,
   -158824.39077930935,
   -60425.330185623774,
   -162266.31831759043,
   -48081.66070345057,
   -44836.00798762639,
   -71195.00169453512,
   -91450.85268233508,
   -63874.552908503116,
   -133617.73337862207,
   -124384.65029912417,
   -96555.00497863605
  ]
 ],