{
 "input_nodes": 12,
 "hidden_nodes": 16,
 "output_nodes": 20,
 "epochs": 1000,
 "lr": 0.4,
 "output": 0,
 "epsilon": 0.01,
 "synapse0": [
  [
   8279.328457838385,
   20295.094018060117,
   15998.74858207125,
   15535.555780751862,
   7907.612250361479,
   29404.3534798701,
   3238.12273794606,
   13103.941267894335,
   14454.54458260755,
   18492.516037103782,
   10040.236555512824,
   15771.03858233278,
   11716.52227936395,
   387.93136455161425,
   6853.646631555992,
   17768.055451684293
  ],
  [
   -23917.974065761693,
   -41847.948650923776,
   -32116.07696459291,
   -33495.13560950896,
   -16226.087542054795,
   -48237.78893979155,
   -11650.710401737979,
   -37874.954278554535,
   -39954.631941607244,
   -35456.39318078222,
   -20231.215291549175,
   -30969.681763119326,
   -28608.441707566548,
   -3613.141843622086,
   -16260.239963501077,
   -37342.84043271351
  ],
  [
   29781.615933664983,
   38709.38846528043,
   31886.908286483384,
   22169.011828828454,
   10743.799504338325,
   52197.877238014684,
   3817.132619826046,
   36981.70509289817,
   42324.63113620759,
   31703.859248782737,
   19827.060351988177,
   33658.237024409784,
   29029.39860589941,
   -1544.6274117784517,
   14622.89740630572,
   26325.8783712526
  ],
  [
   6402.602233889474,
   13946.734402991995,
   9671.8363776589,
   -6845.5321610323235,
   2222.236360011621,
   26509.292869506848,
   7876.072506540805,
   7753.708840906553,
   21305.101448540114,
   14959.0118541962,
   8477.491940550923,
   8597.10637611866,
   17984.719790887168,
   -1459.1604734270134,
   10070.226244831756,
   8085.102208834032
  ],
  [
   1124.4342823454465,
   1074.6811572811719,
   558.5697033315543,
   -1372.3419140416183,
   -1298.848928797917,
   6966.9749906591405,
   -988.1942753914844,
   -2845.212813240058,
   -330.5997551213499,
   -2294.274598206708,
   2288.536297432169,
   5357.8920722339935,
   2211.69276169229,
   2128.7951518112322,
   3704.8300508233165,
   -1753.622185524107
  ],
  [
   -6369.149454302853,
   -14900.132374735853,
   -7636.7510830327665,
   -16311.6034612892,
   -10139.119263947636,
   -13520.557121813956,
   -9451.214787877327,
   -10449.976187310893,
   -4785.702512866528,
   -8650.97018453946,
   -6433.293073403583,
   -6711.219814659585,
   434.5495072311584,
   -3001.1630488187334,
   -3789.174854603107,
   -13234.273116424049
  ],
  [
   -12328.749525708048,
   -10863.57791581758,
   -13107.331872093493,
   -20004.57033442232,
   -5996.0418487349225,
   -13153.352891674516,
   -6100.438408897591,
   -15059.684977916106,
   -7199.683155025143,
   -6747.985875733698,
   -6123.5433712866625,
   -10861.865146466465,
   -7721.094344254173,
   -3720.996361769656,
   -6300.312725726988,
   -13797.624378547702
  ],
  [
   -17400.780873143438,
   -14025.213906805839,
   -18059.259784934584,
   -12076.941251533628,
   -2933.283209850164,
   -18721.8128463063,
   -5094.116419381886,
   -13414.490977786783,
   -13193.549510263569,
   -12205.760073941712,
   -9061.437988445467,
   -17249.871674353086,
   -11124.438454401567,
   -3513.7848573666724,
   -4417.081349934039,
   -10944.93526721328
  ],
  [
   -4298.2655962204,
   -7645.126105057734,
   -1912.9570235086853,
   -12558.84307753701,
   -3841.839551861277,
   -5579.23152244409,
   1632.2880112459043,
   -12294.000689662762,
   -9357.922035241374,
   -6209.524406001097,
   -1266.3517066795055,
   -967.419095423213,
   -4512.244886015001,
   -961.4003787325983,
   -3607.8875442984136,
   -7876.5737838020095
  ],
  [
   -7552.487231678149,
   -7997.921845244872,
   -1526.9260198389975,
   3624.578570662985,
   -775.1311181491984,
   2846.012226037995,
   -7614.500503828994,
   -11747.36125199416,
   -6540.430702104488,
   -4015.9052471868786,
   -2197.562514037812,
   -2597.061105364805,
   -5230.925959026664,
   -1617.3772064690477,
   172.9612163452355,
   -5640.22636308476
  ],
  [
   -26733.82974392563,
   -46445.85611696973,
   -28422.138713848508,
   -13064.122503972478,
   -13337.274944292643,
   -62733.438395862315,
   -25401.840265789648,
   -32677.93568723439,
   -48780.43518458868,
   -37752.959606136734,
   -25530.366841816976,
   -31855.011894897118,
   -32721.30080886358,
   -2732.4355833661743,
   -21304.04851285296,
   -29294.705721672417
  ],
  [
   15225.95845203199,
   21759.67904571793,
   12050.273218838043,
   10754.213175320536,
   8273.78915977316,
   28273.114234503813,
   7980.713811784044,
   13812.901099391931,
   14557.765398309377,
   17076.63139009151,
   9924.831048103952,
   11921.020493197873,
   4555.829245828857,
   -2264.80486788113,
   5506.465041225945,
   12247.074723904283
  ]
 ],