{
 "input_nodes": 12,
 "hidden_nodes": 16,
 "output_nodes": 20,
 "epochs": 1000,
 "lr": 0.6000000000000001,
 "output": 0,
 "epsilon": 0.01,
 "synapse0": [
  [
   42558.63998282491,
   50259.60585026195,
   35284.430633497715,
   25679.67116814901,
   41071.338719579675,
   113614.2657870763,
   8561.905960357779,
   46107.084712634816,
   44144.77838946465,
   53974.417973258394,
   56446.10747275172,
   33878.435446148826,
   35963.20079539513,
   923.6698734992242,
   34779.54446541288,
   35287.139828112406
  ],
  [
   -120529.26809693631,
   -89098.19334276706,
   -90264.68589651093,
   -59546.55079183583,
   -82934.92242453413,
   -225489.04316021106,
   -29070.32252782611,
   -139278.5948605608,
   -132804.460346306,
   -115593.45991546809,
   -116710.49121901365,
   -82307.48193542943,
   -90491.40306799518,
   -7991.101386629699,
   -69704.37575941767,
   -70103.8236120408
  ],
  [
   96380.5011787425,
   78703.246033424,
   112020.01053791645,
   60612.82914376908,
   49065.15807176039,
   212135.69772605266,
   8678.515345923677,
   120073.49538366993,
   126902.20291027258,
   82897.77313566778,
   119399.844784217,
   96054.51638934758,
   81496.53694896713,
   -4153.247764755659,
   69654.4632622404,
   69396.28538564942
  ],
  [
   -132.15633671402264,
   22512.911836195126,
   21633.99799734265,
   16782.64828107133,
   10650.479044382437,
   80827.7782058943,
   22986.900749957644,
   15158.87176842055,
   81456.20695020285,
   37586.780617976474,
   34549.03275447906,
   49759.58851358107,
   20400.923883131843,
   -3137.59792072971,
   41240.36040186961,
   32350.4304761612
  ],
  [
   -7175.802779043896,
   14223.74422926543,
   -886.5562894154373,
   11169.439391236594,
   -10313.683678981923,
   -1879.531907671747,
   371.22286693663176,
   -11444.124237346461,
   -1146.738312714573,
   -14206.346048960952,
   5211.317144286452,
   13010.710193227456,
   -9114.113536188755,
   5319.938131206078,
   3402.1597402753696,
   5536.36268940529
  ],
  [
   -55508.86823498214,
   -32083.55106710275,
   -25223.95641347288,
   -9829.200809559614,
   -35293.97680839742,
   -77317.2991373935,
   -21515.989207235016,
   -43818.59115482931,
   -22669.56897246128,
   -38517.82045704334,
   -42373.71040093219,
   -5319.819861045348,
   10987.0940851155,
   -7410.196651283822,
   -16832.678978563486,
   -19794.145711267625
  ],
  [
   -57729.87374981954,
   -42279.302842295256,
   -35713.725912949274,
   -33484.03216387527,
   -32717.88781899262,
   -65996.99900786365,
   -18405.537492170723,
   -77583.86844705288,
   -26275.531980014453,
   -28858.035604896177,
   -41133.013982799734,
   -27121.437360146207,
   -33511.99574195609,
   -9313.655499637609,
   -14729.02864300519,
   -20201.405009486
  ],
  [
   -55676.47948209418,
   -38442.7354129241,
   -45381.28439009487,
   -21517.727001673204,
   -19591.15324117912,
   -82337.59988921315,
   -13984.915671610075,
   -61766.78320604323,
   -32471.681204281795,
   -34777.71233026449,
   -42224.777941091605,
   -46372.91872042777,
   -53977.36728412969,
   -8614.83064369785,
   -19838.84476115193,
   -37045.36089368412
  ],
  [
   -38944.37604592185,
   -16631.60693939399,
   -15856.634462522403,
   -19143.342169229738,
   -30445.899372790867,
   -37328.80637459349,
   3579.4006829863015,
   -43933.8765314027,
   -29598.91448938889,
   -22774.951518487615,
   -19974.937627347284,
   -13237.284461804968,
   -18784.783650336525,
   -1249.5253121072642,
   -10146.623519783547,
   -4774.756521241843
  ],
  [
   -38125.7929296811,
   11514.386180271393,
   -22983.39187842763,
   2985.8828314718944,
   -3712.056020905201,
   -26954.04946988143,
   -17779.06509878903,
   -48599.85246450677,
   -17599.853548898674,
   -17364.032023199743,
   -4697.320821745335,
   -16681.35072233271,
   -16576.462481371076,
   -2334.156604906023,
   6925.5020594055895,
   -10491.101800824206
  ],
  [
   -74564.66084283401,
   -94757.262003044,
   -94534.42900985168,
   -60143.59125801368,
   -54035.12364423456,
   -246305.7165806361,
   -65889.17064482027,
   -90297.4310960313,
   -173884.0088393685,
   -110843.18928129433,
   -131746.06309844553,
   -114165.30335890957,
   -55331.635968360635,
   -7721.9113865862,
   -89043.20346512698,
   -104093.71200196363
  ],
  [
   50991.107779983744,
   57789.530414543486,
   48849.03129876927,
   21938.582899917514,
   41366.08531357772,
   104862.67185491946,
   20385.10396279241,
   46316.98419023994,
   38477.536783549636,
   35199.33689058271,
   53743.61114596642,
   37941.6683472733,
   10024.315955565295,
   -5487.005358221021,
   36078.94451444983,
   39757.8984133816
  ]
 ],