{
 "input_nodes": 12,
 "hidden_nodes": 16,
 "output_nodes": 20,
 "epochs": 1000,
 "lr": 0.8000000000000003,
 "output": 0,
 "epsilon": 0.01,
 "synapse0": [
  [
   25332.375785533222,
   36821.98820896107,
   32057.00552998066,
   13302.2351938459,
   29647.094516847643,
   91155.57916397239,
   7565.002731701965,
   41637.16503964272,
   38027.39387294779,
   51584.05455471397,
   39979.87100497709,
   28612.925260842476,
   30431.840446441176,
   902.3400202951468,
   22601.378815545926,
   33482.244635106625
  ],
  [
   -68904.51402309457,
   -68863.9157918202,
   -69019.45661277231,
   -32528.559513674936,
   -61947.61140921466,
   -169020.2374574,
   -23610.37235892094,
   -118796.17599903602,
   -109025.33455658318,
   -101235.21607951766,
   -65660.89953779023,
   -74340.71688673837,
   -70162.9172618153,
   -6539.4843596329,
   -47327.035188709066,
   -61888.15106189665
  ],
  [
   69807.32490698811,
   61893.488786402435,
   81308.83278517207,
   37894.71781306703,
   38103.16208186288,
   161173.09929873113,
   5996.628661701026,
   94624.17976652324,
   104641.88755340394,
   66706.67675856345,
   71565.98233752283,
   78340.50038847682,
   64749.33583760061,
   -3220.8970377856604,
   40765.71922458687,
   58680.796158738136
  ],
  [
   11899.28768343861,
   28770.781721689556,
   25364.21470462448,
   9404.430722897056,
   12373.130876573901,
   69484.8160536566,
   19058.252106083663,
   9660.38533957983,
   66099.5214236103,
   23739.408270818,
   33211.59457564088,
   31204.877002693956,
   20996.241472465965,
   -2449.070730084897,
   33531.09475924623,
   27541.397548346915
  ],
  [
   326.83998627795404,
   11571.61135174044,
   1506.5435182200465,
   10737.778295344471,
   -12081.664560014235,
   7756.364651231519,
   55.49771153616528,
   -11254.533164207902,
   -1115.8488445811704,
   -10237.151428134746,
   9609.951301008592,
   10067.95362724415,
   -408.1560763489527,
   4173.447505725285,
   4320.181282930001,
   5467.815787729615
  ],
  [
   -28204.84576693754,
   -20813.30388251518,
   -18775.115154317602,
   -3184.5520761935836,
   -29631.492691218005,
   -48959.934727974105,
   -17549.515396983836,
   -36590.17399126098,
   -16552.827497061277,
   -40988.90082967688,
   -17707.94152224502,
   -14780.172449901362,
   6765.599148098263,
   -5804.181389005369,
   -9754.95179121614,
   -15375.08283869797
  ],
  [
   -34621.392278437634,
   -31030.983585085614,
   -22637.043466410913,
   -27455.29257168884,
   -21908.228487351644,
   -50416.75167401431,
   -14227.244106141921,
   -57130.646569212106,
   -21261.407640529542,
   -28775.589817197462,
   -20912.658846680726,
   -30981.119709016974,
   -28381.363684553155,
   -7442.907724298197,
   -10512.21289630605,
   -17700.612474060345
  ],
  [
   -41804.82860809994,
   -34773.31214569619,
   -33820.20105868062,
   -16919.31732556513,
   -14243.413566544014,
   -63252.76188217583,
   -11580.15339555405,
   -45040.18925745683,
   -29543.612935315145,
   -33648.101640601126,
   -26043.724801501994,
   -44116.77317864284,
   -39970.300219603974,
   -7207.671737216593,
   -15828.760595661122,
   -27308.950932005762
  ],
  [
   -15225.135529512303,
   -8065.695994947972,
   -6757.812639722799,
   -9651.208975701431,
   -18348.292628869658,
   -28485.686808861443,
   3376.0573314298927,
   -43324.204497310566,
   -25565.426948920733,
   -21562.97739077701,
   -6493.846122565464,
   -13330.079590252773,
   -14953.694542821706,
   -771.8535028053986,
   -4403.681993929614,
   -6060.190251079653
  ],
  [
   -25620.444977713116,
   -4012.6598124568427,
   -11517.179505238195,
   6601.152593531663,
   -4234.851027972876,
   -8344.129034293152,
   -14061.113787518074,
   -33144.37629444769,
   -17769.815140031566,
   -15315.681467446031,
   3943.882533630065,
   -21735.79602188886,
   -7544.6962029624865,
   -2269.61715750948,
   2561.1225790878802,
   -11494.305212211704
  ],
  [
   -63589.18282053491,
   -81175.682744381,
   -74288.77380781609,
   -38360.5444548665,
   -50241.07010173729,
   -184930.202405614,
   -54183.71330673816,
   -68481.38029861543,
   -135733.81084912646,
   -85572.55044782512,
   -82444.50999682015,
   -88152.10464415415,
   -48736.47077552261,
   -6091.74436734651,
   -62644.44072583745,
   -80529.17202881492
  ],
  [
   41247.963166748596,
   39967.37448554463,
   35668.13177522859,
   14503.56029743643,
   34397.3856741043,
   81659.5530890617,
   16147.368900090178,
   29392.484601390443,
   35902.94681417626,
   36484.08149350128,
   37838.928615771656,
   30396.111209522507,
   8403.259094508527,
   -4366.686717901911,
   18516.52725872205,
   30240.830661278666
  ]
 ],