{
 "input_nodes": 12,
 "hidden_nodes": 16,
 "output_nodes": 20,
 "epochs": 1000,
 "lr": 0.55,
 "output": 0,
 "epsilon": 0.01,
 "synapse0": [
  [
   15.574169539290368,
   10.269119415020803,
   18.89228935642725,
   -36.41900522772895,
   9.388397838261028,
   40.77840661279479,
   -57.65261739456184,
   -15.519024065568981,
   4.0850996689087635,
   21.17128951737344,
   19.202324748662495,
   -85.32642043291156,
   4.71052259992756,
   27.697974729191444,
   8.453727428825749,
   6.617864738084103
  ],
  [
   -26.163598144056827,
   -14.921914157682764,
   -33.861926785983044,
   19.79402836105432,
   -10.828843662906356,
   -68.78152149120741,
   40.3889369747413,
   -8.122877275682255,
   -9.187258591125596,
   -46.81105351037343,
   -19.47020804651997,
   73.12422266481462,
   -12.729976304578866,
   -20.977307383564796,
   -46.41386645422539,
   -13.637282669535946
  ],
  [
   -8.540947204136085,
   0.5015652001248738,
   -13.341008367084704,
   5.885075566971504,
   -23.464736243373682,
   -14.489630949499782,
   10.658932133725623,
   15.04622695293822,
   5.944669806910402,
   -57.07902788834665,
   -17.14624000350537,
   18.197939190112994,
   11.745565625328476,
   -15.216613326088039,
   -33.67193692958667,
   -15.413520350892192
  ],
  [
   52.11177305704347,
   9.239037392630273,
   9.327334856416384,
   -41.6767549463011,
   1.4584678150149717,
   68.4172168136863,
   -34.889338432056306,
   -10.911930166519626,
   35.46422653676784,
   -31.626520214325097,
   27.05979163189733,
   -15.7268001850983,
   9.788612122844246,
   61.542977000317336,
   -27.86064770783096,
   6.629030883013562
  ],
  [
   -44.11036522511071,
   -34.28731985275101,
   -3.9498385775855955,
   18.49494978499431,
   -11.602641647283585,
   -131.5318703162219,
   26.646914647481776,
   -38.0612491459634,
   -33.649406871835225,
   14.592971701913772,
   -11.59937075714203,
   75.67667257667739,
   -43.03764228716841,
   -44.34387326135521,
   2.1759300900737255,
   -23.793614929609006
  ],
  [
   -28.444012070404813,
   -1.9840124255930363,
   -9.32822568757551,
   -8.309477163436148,
   -1.1788268801730233,
   -25.25401973130306,
   22.89132405768249,
   20.667607963481487,
   44.29337344188613,
   -7.1769244503505565,
   -30.38244315635737,
   -8.907677615938287,
   -38.40082787619512,
   -13.713175420052002,
   39.983668706702744,
   8.6714159988763
  ],
  [
   -65.75800593348356,
   14.581300486642553,
   67.78379764989684,
   18.638668804480947,
   41.77363044320425,
   -130.6057609146736,
   -25.20548209967293,
   -11.694220900397353,
   -58.63589474423346,
   -28.53485730742642,
   -0.82605977151083,
   26.333007181971862,
   -63.57139169662377,
   8.100323936278649,
   23.506967192511144,
   20.2045523694481
  ],
  [
   -35.77118739688265,
   -12.475055625953498,
   -35.35585150128464,
   -12.900859441407095,
   -3.564698545345895,
   -52.01204108271023,
   31.434749306811064,
   -18.965833905460133,
   17.063120056147188,
   15.263504789455109,
   -18.044090791729044,
   6.459172976485599,
   -57.46930726245304,
   -24.513221591140688,
   14.915678480209134,
   2.0067208574350786
  ],
  [
   -30.661376092391695,
   -35.95072327010118,
   -60.81652672507763,
   -3.8341424568078275,
   25.170428587102826,
   -45.70424864536935,
   -0.9619427353278355,
   -71.01717341388155,
   -64.69627141604586,
   86.56488386203957,
   -3.3554102473352,
   -43.66531782134047,
   0.04914687596365574,
   -25.387868658579407,
   -27.079430729934977,
   -21.5562679162395
  ],
  [
   15.701358361978793,
   -29.823141657705037,
   -33.009923295491724,
   -25.44934800018788,
   -32.13118687536537,
   66.76672200334471,
   0.46946145425320596,
   7.672302768142126,
   13.942555303266579,
   18.144573467164097,
   -41.8427345739471,
   -40.83234021778345,
   49.72036650607966,
   -16.383687599436673,
   23.478131441556556,
   -49.7239628492032
  ],
  [
   11.310063044980605,
   -31.583656640539502,
   -15.755161514933324,
   -14.511792606801142,
   1.741329726680633,
   -88.96961395272633,
   -15.853669204785021,
   -84.77833590796058,
   -50.83610625776917,
   12.606188052253689,
   48.749024290838825,
   28.721708552570576,
   -9.00349617893143,
   -8.668170308626124,
   -60.213775722798694,
   -19.731374773147177
  ],
  [
   -4.133948755435229,
   9.139444268465814,
   8.748236668664902,
   -11.929092340605115,
   -9.809163931377753,
   22.846068442754394,
   -11.613385376705097,
   5.374266628004974,
   -2.735000035927772,
   7.5040266811652145,
   -6.427029347199853,
   -36.63177147377983,
   -0.5922189057353631,
   -4.270307876084341,
   -14.428091138278178,
   -1.2174822530074727
  ]
 ],