{
 "input_nodes": 12,
 "hidden_nodes": 16,
 "output_nodes": 20,
 "epochs": 1000,
 "lr": 0.8000000000000003,
 "output": 0,
 "epsilon": 0.01,
 "synapse0": [
  [
   15.220857142082032,
   9.353214048294292,
   18.08202502357425,
   -35.77960019022686,
   8.401510960756463,
   40.387829813086285,
   -54.62814058000978,
   -14.268334926950738,
   3.4037883295194447,
   16.79656098333121,
   17.491317920775423,
   -80.24996218009309,
   6.916645631793269,
   26.462672310209175,
   10.08008578568356,
   5.573176463562984
  ],
  [
   -23.459666000884113,
   -13.436868080476685,
   -31.56500838670506,
   18.598662251909825,
   -9.72870569597671,
   -65.69818890090467,
   37.388801304490805,
   -7.976039934371137,
   -9.277327398333691,
   -42.814125033968075,
   -16.89105934668517,
   69.12398628541025,
   -13.562044347694801,
   -18.639026163066408,
   -44.059472983872915,
   -12.339004652504647
  ],
  [
   -5.784418065745367,
   0.4737181427746576,
   -11.82187870344605,
   4.551349810992105,
   -22.423998970433374,
   -14.18373075638207,
   9.375801903013881,
   13.276014361341089,
   4.495705935613502,
   -51.744728540199674,
   -15.777304372663362,
   17.357917004721397,
   10.896587450366699,
   -14.329044124994235,
   -30.549116275014523,
   -15.296440228484038
  ],
  [
   48.2817143687315,
   8.471391978430077,
   6.504017271978612,
   -40.236579618000235,
   1.2485607545332285,
   66.028177967041,
   -32.17476829804871,
   -10.101488698098589,
   32.915252523450576,
   -31.388267311280043,
   25.849990354167012,
   -12.572615157188231,
   10.74451929364016,
   57.46513797312142,
   -24.545918919168347,
   5.857488882760576
  ],
  [
   -42.589855576904796,
   -30.798912036452812,
   -2.2690239636987775,
   16.97845730653257,
   -10.815512722645634,
   -122.92262372671587,
   23.87878891117054,
   -33.461543115030636,
   -31.153015124402526,
   13.438905914021833,
   -11.687891048995217,
   70.19387591322598,
   -40.30882880936854,
   -40.596973578439474,
   0.5214538177364989,
   -20.639416388577096
  ],
  [
   -26.971225395050347,
   -3.3599574123080536,
   -6.501801207359961,
   -8.8747047707768,
   -0.5696670677437414,
   -24.523759039029603,
   20.98843707384305,
   18.67423281050877,
   37.840485760912394,
   -4.639177826951548,
   -27.975881946369803,
   -7.674324690489642,
   -35.46912343969518,
   -14.211377780827496,
   41.38514634672678,
   7.044250238466525
  ],
  [
   -66.28491518111126,
   15.45568664823131,
   63.656882724057695,
   19.095461391481575,
   39.211700350323476,
   -124.65637536802193,
   -22.40998518807445,
   -7.6511255819132495,
   -50.573138210939554,
   -29.5453971333618,
   -0.4264671281501866,
   25.91392455352847,
   -63.123417679614896,
   11.025555907247261,
   19.744878884264217,
   20.54422875236154
  ],
  [
   -35.8844369577718,
   -12.384248632061848,
   -32.483940919800666,
   -10.799042560322954,
   -3.8069984407855877,
   -52.51775125732418,
   31.357643289414128,
   -18.93829945181505,
   16.744745547267566,
   18.701255284984736,
   -16.081956562112175,
   7.985638871822899,
   -58.05075495086193,
   -23.839113000740408,
   11.561042919419949,
   2.5995638039198226
  ],
  [
   -26.622346965868697,
   -33.47006762628334,
   -56.28642914529899,
   -2.406186338390584,
   24.711788405813333,
   -43.17745041586535,
   -1.526166446383168,
   -66.96763527835923,
   -59.87293771329847,
   76.66318993308488,
   -2.1898814522605594,
   -42.904396687421375,
   -1.0122609417490818,
   -20.977184764441894,
   -26.491487758061513,
   -19.01146463193182
  ],
  [
   16.915580820697357,
   -29.035147610323918,
   -29.936165865662108,
   -22.57269420828587,
   -30.610985657502603,
   60.97917298740545,
   1.0107802902010257,
   6.025015577683418,
   12.004573871647025,
   19.135718502028155,
   -40.35165406425614,
   -36.93500342714327,
   47.11493683417662,
   -17.599045180172475,
   21.851576126619758,
   -47.22067601437186
  ],
  [
   8.71915780400256,
   -28.94342258193175,
   -17.077354154224878,
   -13.978523193992261,
   1.7087151215938525,
   -82.4033190941491,
   -14.39687346282911,
   -76.66629279048271,
   -43.63574806123851,
   9.781341555577784,
   44.65686680559659,
   26.14120640428206,
   -8.642302199442456,
   -6.678847039841818,
   -54.73248937427709,
   -16.91690719448984
  ],
  [
   -4.059635611768832,
   7.752553072907211,
   8.126996119435155,
   -12.241410208320929,
   -9.687299430269038,
   20.38449851436681,
   -10.283423461577677,
   3.5952086044681346,
   -3.981496424915181,
   8.925594208900304,
   -7.350978343614247,
   -33.99677735783697,
   -0.5437678435364516,
   -5.475322703748275,
   -13.239427000998598,
   -2.3678203171947283
  ]
 ],