{
 "input_nodes": 12,
 "hidden_nodes": 16,
 "output_nodes": 20,
 "epochs": 1000,
 "lr": 0.45,
 "output": 0,
 "epsilon": 0.01,
 "synapse0": [
  [
   15.108082952234994,
   8.827160612323834,
   17.52488559873932,
   -35.41967839593838,
   7.879984153461834,
   40.07438975991282,
   -52.82798205901044,
   -13.665823087398065,
   3.0553381595471656,
   14.957196011700805,
   16.420223383670034,
   -77.52420582847849,
   7.9786057691905246,
   25.574259192274585,
   10.861541708605332,
   5.0413605001806365
  ],
  [
   -21.886473320691785,
   -12.638127235674036,
   -30.214066513520702,
   17.814363765815944,
   -9.177679332841661,
   -63.92627482012467,
   35.683485482670534,
   -8.042712612252169,
   -9.316307272590727,
   -40.6328495197388,
   -15.314361583161391,
   66.9284602281729,
   -13.790779038175184,
   -17.212201680251862,
   -42.81586329935431,
   -11.662215421726913
  ],
  [
   -4.238999024949292,
   0.49724553620513096,
   -10.911964330278634,
   3.77642034566543,
   -21.83643047390795,
   -13.95930019267617,
   8.671369116286506,
   12.260266553871164,
   3.8538529708638456,
   -48.954031854395545,
   -14.989730705523087,
   16.854831855229076,
   10.582984810920625,
   -13.645982465848853,
   -28.91976714816501,
   -15.093386441191472
  ],
  [
   46.12714728860479,
   8.020927364558542,
   4.9633085308633555,
   -39.30638948664094,
   1.2330136059530403,
   64.22015695923167,
   -30.649559244895656,
   -10.03315215121045,
   31.0873708570508,
   -30.526695643447344,
   25.010234211659043,
   -10.968479695665879,
   10.967941454840906,
   54.81880147459979,
   -22.875414138380645,
   5.488672015508737
  ],
  [
   -41.43688832903045,
   -29.094899352489477,
   -1.413434011675261,
   15.881518032687554,
   -10.435304981105343,
   -117.85697863351373,
   22.485462629035425,
   -30.959692408275064,
   -29.672050852763597,
   12.659342141687949,
   -11.595499737902076,
   67.28149559658601,
   -38.49764206584323,
   -38.49357870700404,
   0.25109002240258743,
   -19.197315123968853
  ],
  [
   -26.35439113214274,
   -4.0598350316339555,
   -4.863227661376113,
   -9.063243836084734,
   -0.2721085214741571,
   -24.064613298519227,
   20.047076684439702,
   17.451036880854325,
   34.400566953571506,
   -3.095282386251792,
   -26.49447700049638,
   -7.051597106638985,
   -34.04659364701778,
   -14.303819218223486,
   41.7662226437489,
   6.26909526497511
  ],
  [
   -66.07545719787159,
   15.700842996874345,
   61.18266708148321,
   19.01687787024165,
   37.73819646728239,
   -121.03312394247622,
   -20.933668427931273,
   -5.436899316290378,
   -46.27634191554808,
   -29.904746231110547,
   -0.16365165287074843,
   25.777339341682136,
   -62.497472799433254,
   12.454713397419804,
   18.251380154670958,
   20.41415909355344
  ],
  [
   -36.06247817653011,
   -12.205588307745062,
   -30.44584899412376,
   -9.462520912124708,
   -3.993071750683079,
   -52.37601909345986,
   31.212389767394814,
   -18.62682562012745,
   16.766113833895016,
   20.041217189921383,
   -14.755260556161959,
   8.859260744313017,
   -58.44377236963888,
   -23.08879011141644,
   9.664654959197906,
   3.0037143677916083
  ],
  [
   -24.228227434364385,
   -32.025594582778155,
   -53.696309971572056,
   -1.8335537157366408,
   24.31324093124212,
   -41.54510755903303,
   -1.9247093351025943,
   -64.64026696594829,
   -56.992456466979085,
   71.70701535238138,
   -1.3912462020487433,
   -42.523764633513615,
   -1.4644703425451568,
   -18.539064922071095,
   -26.46457724903577,
   -17.72819515579224
  ],
  [
   17.547889027194323,
   -28.394141790533485,
   -27.807628340240566,
   -20.80744586412673,
   -29.658390499935,
   57.82772307829117,
   1.0913793391602749,
   5.276167469677319,
   11.108178111399724,
   19.49582220552455,
   -39.376589512509824,
   -35.00097303363448,
   45.50810845175745,
   -18.05712981975152,
   21.00826551944492,
   -45.561236356144946
  ],
  [
   7.303746952863387,
   -27.5526755812109,
   -17.653209372675036,
   -13.87230387122928,
   1.724296276112699,
   -78.67064699027328,
   -13.413593098073958,
   -72.19078768476943,
   -39.751240509928266,
   8.48091533470583,
   42.065749713689556,
   24.67529331763867,
   -8.344093770647353,
   -5.812503483372279,
   -51.674906872189894,
   -15.521528746943691
  ],
  [
   -4.063153140065358,
   7.065982111251116,
   7.784181520867649,
   -12.345008877938488,
   -9.552532900549792,
   19.042590762816996,
   -9.520516534417748,
   2.7517524342680844,
   -4.4985061732189315,
   9.564534405943043,
   -7.978714803690385,
   -32.63378967005297,
   -0.5807479818918673,
   -6.070340916505652,
   -12.595143148229825,
   -2.8159503613561387
  ]
 ],