{
 "input_nodes": 12,
 "hidden_nodes": 16,
 "output_nodes": 20,
 "epochs": 1000,
 "lr": 0.5,
 "output": 0,
 "epsilon": 0.01,
 "synapse0": [
  [
   15.116156553193592,
   8.922125688935605,
   17.62163918574026,
   -35.484454222888246,
   7.9765234561523535,
   40.127223477544064,
   -53.165578369205875,
   -13.770931629087132,
   3.1172129114021407,
   15.265247964103004,
   16.618889351115516,
   -78.01815216903356,
   7.799534542716377,
   25.733865858565874,
   10.730717214111227,
   5.137188697497465
  ],
  [
   -22.15978541911448,
   -12.790930122336638,
   -30.46199585869228,
   17.957320045693614,
   -9.278920609974394,
   -64.24511447517554,
   35.99846247781174,
   -8.028045431083108,
   -9.308716701157618,
   -41.02693764030186,
   -15.601268506114712,
   67.33689720032801,
   -13.759562694993079,
   -17.467350620429432,
   -43.03809993139097,
   -11.786658709831368
  ],
  [
   -4.503448454170728,
   0.4771309975332066,
   -11.082237448730876,
   3.9110185192016145,
   -21.948111229223983,
   -14.007441209985291,
   8.805920666965443,
   12.435192164663682,
   3.9580059895305673,
   -49.446969374520215,
   -15.132314159110825,
   16.967243668614035,
   10.63476088205627,
   -13.7750705435968,
   -29.202135284726584,
   -15.145757680487232
  ],
  [
   46.53496552631035,
   8.099476039710996,
   5.24227830278534,
   -39.48795116340475,
   1.232927332851179,
   64.57523836693257,
   -30.938241979625246,
   -10.01928847531834,
   31.428460062747916,
   -30.7486936002568,
   25.17429055210188,
   -11.250210497475583,
   10.972583177884713,
   55.30553859419567,
   -23.144826105827377,
   5.548612421845798
  ],
  [
   -41.66984314041942,
   -29.384564906793535,
   -1.5821621049034436,
   16.099734940679554,
   -10.503307568435854,
   -118.77091081313787,
   22.733206129936004,
   -31.383362527201864,
   -29.90860051328244,
   12.797329530492872,
   -11.625982548273166,
   67.79279444521157,
   -38.85048007877938,
   -38.86618471739787,
   0.25624625416981306,
   -19.4269269923934
  ],
  [
   -26.46001142203523,
   -3.9480393005463315,
   -5.175237111298358,
   -9.036992602628468,
   -0.32700055735944944,
   -24.141923273818406,
   20.20809887933026,
   17.679829452752124,
   34.99795123923134,
   -3.375433921647178,
   -26.763355892495987,
   -7.160978157341836,
   -34.28426126127078,
   -14.302149327556165,
   41.73347351961167,
   6.393706221705371
  ],
  [
   -66.1636594728327,
   15.665186165797737,
   61.65539571662458,
   19.06963732127772,
   38.01456980752037,
   -121.7080192194491,
   -21.18820476179498,
   -5.826421468821231,
   -47.03019040704859,
   -29.847983304040874,
   -0.20941042111976874,
   25.814646706961735,
   -62.639548921633455,
   12.208876869590956,
   18.48382602834595,
   20.46377044288942
  ],
  [
   -36.032588805285414,
   -12.245895045599653,
   -30.828466512495574,
   -9.689570624732012,
   -3.959210171074598,
   -52.40613873804337,
   31.246023511161415,
   -18.68058410897381,
   16.75463865215891,
   19.813335672093697,
   -14.993263392488572,
   8.713152248181808,
   -58.3729364980447,
   -23.231634089962256,
   9.99332340603112,
   2.9376575429722154
  ],
  [
   -24.682308941656846,
   -32.28195496977782,
   -54.16739438002968,
   -1.922455595476666,
   24.393504152807928,
   -41.864444547606645,
   -1.850528913616332,
   -65.077328105642,
   -57.51062740445618,
   72.60414518701337,
   -1.5417246090088923,
   -42.60365344144711,
   -1.4086993727791506,
   -18.975344646984915,
   -26.485873311857553,
   -17.943672812600607
  ],
  [
   17.455841664042385,
   -28.51853953747126,
   -28.209968396168914,
   -21.14371423260364,
   -29.844698894304354,
   58.40697558342399,
   1.0947946186914805,
   5.417736173688075,
   11.270310709165868,
   19.40947653728294,
   -39.5665487326341,
   -35.324976402994274,
   45.826464416695416,
   -17.980743138471546,
   21.160979565830676,
   -45.87204932017935
  ],
  [
   7.5431855145562015,
   -27.7998027681915,
   -17.547911361889483,
   -13.862580174750214,
   1.7250453376494213,
   -79.37882359432459,
   -13.610344011302649,
   -72.99469130879011,
   -40.43366376786547,
   8.712509791863683,
   42.543031273593094,
   24.938218290427795,
   -8.420193353403857,
   -5.964688021667458,
   -52.22268253771427,
   -15.757989440122978
  ],
  [
   -4.059805174337882,
   7.181040650572501,
   7.842663658552806,
   -12.331197734607898,
   -9.580888635012608,
   19.27303877087996,
   -9.655267613248988,
   2.8905888116551917,
   -4.419306953793388,
   9.46144096039051,
   -7.864541827666588,
   -32.86632090164304,
   -0.5700145397877625,
   -5.972715789679676,
   -12.704693899698029,
   -2.7490122597012836
  ]
 ],