{
 "input_nodes": 12,
 "hidden_nodes": 16,
 "output_nodes": 20,
 "epochs": 1000,
 "lr": 0.7000000000000002,
 "output": 0,
 "epsilon": 0.01,
 "synapse0": [
  [
   57.806575914920366,
   2411.29702861916,
   -19608.748640480982,
   -16366.337539860513,
   4890.800968787499,
   -887.6218538234439,
   -41991.91767362247,
   -15595.777820116067,
   -29392.28243950799,
   -3046.5450383539387,
   -6953.426326345958,
   2112.472344245927,
   -13206.710984152942,
   -14890.134331466812,
   -16689.925169802777,
   -3382.578108325131
  ],
  [
   207.26348210087005,
   -13921.943696283197,
   20852.50019771502,
   18901.651690350904,
   -5672.436264902877,
   2011.6281463173239,
   47104.610544161544,
   17264.986389215253,
   41924.675604112046,
   -1980.9911423040578,
   4399.076301457011,
   943.1929352263675,
   12126.867269108385,
   29265.569358796212,
   13486.109947760711,
   -7659.039433645092
  ],
  [
   14975.925688943209,
   3271.952701012756,
   -11305.780284463242,
   515.0262398982309,
   7257.737760387308,
   11507.308360940293,
   -38033.391721252796,
   -9994.297526130344,
   -35093.30952721069,
   12790.542017010737,
   -3896.629334641398,
   401.00166459183106,
   -26196.429262729813,
   1752.340610565336,
   -5127.574885400967,
   120.09598892184778
  ],
  [
   524.6840860101519,
   -258.8338675573288,
   -11834.10658083432,
   -19142.25831118156,
   -9125.883580972437,
   -18314.581350118257,
   -41297.602756384396,
   -14888.843853632805,
   -28757.66330583739,
   -12029.449670096077,
   -11727.489715027334,
   -1604.2063571429196,
   -35078.8211696674,
   -12386.926333859292,
   -22817.666742601057,
   -22864.311318728705
  ],
  [
   -2623.8849430354358,
   81.42085101485421,
   -5386.124091600606,
   -10405.927240937566,
   12567.53096057047,
   -9197.68612171199,
   -48965.96646785477,
   -6535.176693582899,
   -11343.067539166364,
   -1124.181192388225,
   -1742.5215265431057,
   -4419.770664239415,
   -26900.928140006454,
   8293.326022926927,
   -21402.872960206765,
   7488.738759723262
  ],
  [
   2902.170433475584,
   -5667.911075665908,
   2916.8789647539406,
   -25462.842987313845,
   -4629.969655880815,
   -27128.346312680376,
   12150.283586398691,
   3922.2406675110824,
   -128.93759320927532,
   -21795.847154155625,
   -3848.2553243334764,
   1507.9886807388368,
   -20278.089609637125,
   -18938.108619744522,
   -478.3526675675341,
   -38864.4321405383
  ],
  [
   -765.0288622268508,
   666.5967903434707,
   -1187.1415675692576,
   -5828.055394601762,
   6613.873840768204,
   -12004.413191068532,
   -1346.3489195454665,
   -9757.283239500368,
   2463.057908591883,
   -6915.282957021605,
   -7140.433500696533,
   -2071.977096168255,
   -16286.96043902834,
   -8420.710756401159,
   -14477.648033157553,
   -15915.310717441163
  ],
  [
   -4974.032202124256,
   -1151.6062159893486,
   151.06371395276886,
   11780.08037860242,
   -12652.206182833032,
   6674.9026653811125,
   19577.74577858636,
   -9791.992976311343,
   18371.069288925202,
   5646.574396569169,
   -4760.297499060846,
   2306.467334373736,
   16597.82088975479,
   -15081.88035933991,
   -10043.109422103431,
   -4123.487027777786
  ],
  [
   -1157.1986667673982,
   -2057.606533025195,
   8568.065678825713,
   -9714.24377380811,
   4704.650251546014,
   -36231.368273637374,
   -9756.98038954192,
   3189.601922816062,
   -17893.337289610598,
   -17623.729676480212,
   -5119.249200222107,
   -4808.346303304174,
   -32082.85410808548,
   -4450.101120228424,
   -8175.241472244587,
   -21978.329638998715
  ],
  [
   -4064.108910897979,
   151.53224516317462,
   -5262.762352418342,
   -9170.202462982592,
   -10879.369601160557,
   -2774.5620149404913,
   -11173.827793337174,
   -1726.9134129583827,
   -4218.051910771529,
   -3296.9859771100673,
   -6021.938462906114,
   2073.2049197162514,
   -38757.9447415545,
   -216.8657569604779,
   -10759.048505303268,
   -12289.478866510504
  ],
  [
   -7990.671306531015,
   15479.482703815254,
   -20148.92351760306,
   -24474.00625461085,
   -15448.639312114183,
   -24233.02486059905,
   -34562.04158380029,
   -10127.970002646896,
   -40625.19002074366,
   -21650.544884918767,
   -6266.934321968438,
   -3617.273831239217,
   -31754.166638742692,
   -17212.010200162775,
   -41949.53300580097,
   -6654.811484646655
  ],
  [
   -14148.097277634479,
   7529.059920218768,
   -6823.123789522209,
   -21630.146764142944,
   1317.4957590804454,
   -26072.626200610837,
   -26826.6702066467,
   231.6818514703092,
   -34079.72730872996,
   -23467.98577756256,
   -5990.91973270512,
   3573.181887758827,
   -21061.53804984098,
   -21821.95022393937,
   -20221.749220679623,
   -9585.836404492495
  ]
 ],