{
 "input_nodes": 12,
 "hidden_nodes": 16,
 "output_nodes": 20,
 "epochs": 1000,
 "lr": 0.5,
 "output": 0,
 "epsilon": 0.01,
 "synapse0": [
  [
   -410.3389504472324,
   2675.9766644055126,
   -18939.06854003053,
   -15905.389396086139,
   4108.333711896701,
   -4277.172578345718,
   -36515.60416967361,
   -11271.029092481076,
   -31352.542545593886,
   -5394.512263329993,
   -6517.226085822475,
   1762.3236105645196,
   -17051.733581335324,
   -13735.882776782457,
   -17580.377632487412,
   -5339.888962273572
  ],
  [
   -207.796111029366,
   -12669.486538065841,
   19877.805262617785,
   23514.802759143353,
   -5614.82441115163,
   10028.73795086327,
   43956.96545369282,
   15126.522753721654,
   43547.863021840385,
   8407.474632364316,
   5470.268862942023,
   230.99619091758632,
   28458.006464878603,
   25556.271759418974,
   17956.33144815429,
   1064.9000761250259
  ],
  [
   12066.775946296373,
   4629.388035972319,
   -11521.520485707533,
   -8091.710515866594,
   5992.185525014035,
   2682.8916284516185,
   -39216.999774235475,
   -9347.003059310407,
   -35832.148256582346,
   2789.7266052465625,
   -4797.356802639612,
   -630.5417547574684,
   -26030.360779406106,
   -6042.794117077209,
   -7202.201566533602,
   -4773.125487058052
  ],
  [
   2170.5878520300416,
   -28.85019459173149,
   -11613.42725144223,
   -13467.332176504811,
   -7532.65649844116,
   -11683.724723278126,
   -37529.75680380132,
   -11754.473578527653,
   -23653.996398998406,
   -8624.376791387007,
   -9839.137791327035,
   -1625.8691429797125,
   -24498.183686999124,
   -6634.359797289753,
   -16691.188506733226,
   -17397.053450679963
  ],
  [
   -3269.169669164579,
   499.63063600935294,
   -4547.859883717069,
   -7711.041512190493,
   11533.641493180741,
   -8752.444613728621,
   -30752.97480076635,
   -2930.3281809323985,
   -6520.566809770971,
   -4977.906261643261,
   -810.6364684148724,
   -3538.0515284447315,
   -20083.523691746905,
   6493.681246954291,
   -17230.339196836267,
   4802.015159449937
  ],
  [
   2430.741598188598,
   -5244.981208651498,
   3405.714488037953,
   -12291.16672573302,
   -4710.816059944219,
   -10457.49653153757,
   3431.7128884793647,
   1773.5464897683182,
   7221.533355003927,
   -560.9243957174882,
   -2834.527987334979,
   1156.2575005018864,
   -4154.602795602457,
   -13676.49948720153,
   1523.9283070723452,
   -23437.3458316091
  ],
  [
   -814.2382675159284,
   -240.33532113412582,
   -664.0146950859117,
   -4253.663111651935,
   7067.557214933563,
   -10371.947213813757,
   -2214.9099947913514,
   -5009.009394166394,
   -795.5846875508862,
   925.0714177617497,
   -5756.225348778984,
   -1661.9165345081983,
   -9019.279991502535,
   -10372.69844352759,
   -11309.26548950398,
   -11819.043341445456
  ],
  [
   -4362.360935050938,
   -2120.8623885943043,
   1089.5302326648589,
   4508.97320252391,
   -11452.296042453001,
   2981.7741203704845,
   15086.91712341904,
   -2003.9700806640406,
   11165.378128492952,
   4495.166929212133,
   -3960.1886284115467,
   1886.4964720868222,
   18771.22035186231,
   -16039.887418818147,
   -5142.92226429522,
   -5182.443925244515
  ],
  [
   -1584.6733053160874,
   -1434.6026253790549,
   6521.235561555091,
   -6148.2292251796625,
   4752.7174200057525,
   -29669.490451669055,
   -13525.12726930651,
   2313.7347524528222,
   -15888.34594555544,
   -7826.5999002267035,
   -4833.722931118811,
   -4075.8555240302253,
   -22077.379506554596,
   -6654.489881183839,
   -8305.947545438574,
   -17823.64277780906
  ],
  [
   -2643.733776444248,
   -564.6032614121785,
   -3751.162032825307,
   -4325.027197757539,
   -9868.981769864808,
   2593.836006334127,
   -9394.85745909058,
   -1095.1120864347313,
   4275.583814085501,
   1057.643457384928,
   -4125.3096994321795,
   1550.9194745907282,
   -16577.634403936096,
   151.1999255290437,
   -5349.491268492766,
   -4534.404603672369
  ],
  [
   -6822.52333663877,
   13780.528310601008,
   -20025.66959855751,
   -24973.847004642834,
   -14164.935828190059,
   -22763.61124856955,
   -34285.420172304424,
   -10961.256965834722,
   -39868.91969930758,
   -18874.820015583857,
   -6275.182449245334,
   -2686.0977696944847,
   -29672.505952060295,
   -18898.115027826294,
   -39360.294576083485,
   -5323.947222707776
  ],
  [
   -14472.217544719117,
   7311.172075557615,
   -7352.589059662884,
   -18563.30385330552,
   1706.1968502106179,
   -21713.412852946487,
   -31449.7186219197,
   -1883.7241780887866,
   -31083.61269779987,
   -21814.52224705809,
   -6103.537133293781,
   3524.5366934191115,
   -20233.38139454958,
   -18013.08851126456,
   -20593.11344476987,
   -8708.16288423714
  ]
 ],