{
 "input_nodes": 12,
 "hidden_nodes": 16,
 "output_nodes": 20,
 "epochs": 1000,
 "lr": 0.45,
 "output": 0,
 "epsilon": 0.01,
 "synapse0": [
  [
   -2998.7569566718676,
   2359.9849993655544,
   -1864.2181922588823,
   272.2077709914952,
   -1769.5893823110478,
   71.97711098568391,
   5095.6791736318355,
   144.685504716878,
   -86.39023238896387,
   -933.4426187481404,
   -1268.0909159999883,
   -1596.5254407053262,
   1169.7868455182718,
   370.6772618335951,
   -811.4765762235118,
   -2718.0083239820738
  ],
  [
   3019.6309147745174,
   -1816.6542222405512,
   345.5608971864079,
   -329.7675511426486,
   1244.904420343864,
   404.5190028427053,
   -3514.2300456475987,
   -480.7334764674086,
   773.3414528941169,
   -14.777772659561162,
   954.0829359829673,
   2729.318828227832,
   -1762.1554858949844,
   1654.0969634296143,
   610.2783932312548,
   -448.69455500839655
  ],
  [
   923.6429092313728,
   -1525.9613498682372,
   -1441.7745546488447,
   -1396.7557528966306,
   -80.64316684451371,
   -6345.167192689495,
   -2148.5876071394764,
   -8989.167317652555,
   -2867.587460817685,
   -3191.205702530178,
   -3968.957840872246,
   1489.730130581126,
   1384.6921283336508,
   528.739443851473,
   -5153.855997982388,
   1792.1299851140966
  ],
  [
   -7209.524545723415,
   -1402.3369515871586,
   3819.2609821519263,
   1655.4216538094483,
   -1952.8054918097228,
   -11158.786051561357,
   -3821.795936874775,
   -8765.148608322641,
   -2907.5527430341954,
   -4541.643811972944,
   -2380.0622922373527,
   -2042.157238629401,
   1123.4232077286877,
   -2724.5939798197774,
   -794.8265495785672,
   1249.8095141963302
  ],
  [
   -2869.399238544545,
   2468.0089839867314,
   1405.701516550123,
   -946.4327631544635,
   -424.25023811228635,
   2110.3744915093107,
   2656.7789759893662,
   -974.9928502128508,
   1010.5767386060774,
   1544.3226737126113,
   1173.4248393582884,
   -3010.6970666499924,
   -577.6506275436888,
   35.9777177464536,
   1815.2986373647584,
   -2604.1408665534677
  ],
  [
   -1980.5594427916524,
   1024.8325021270362,
   -2604.581842902906,
   555.6603740752367,
   -1819.5081580428766,
   -1356.4515576976146,
   762.4982270731605,
   -5934.075283074764,
   -372.22397159165973,
   -1228.1399461343908,
   230.16462673662886,
   -2731.0478083078624,
   -1650.3377491228775,
   -797.9086747926023,
   601.4661014397768,
   -205.353015686578
  ],
  [
   -5359.484191488769,
   4445.0526292643635,
   -954.5230672314362,
   -556.9445633138231,
   -734.6409095353179,
   -5817.2308498694165,
   -3577.009229053497,
   4213.323932941682,
   184.7716973720572,
   -6140.771620816679,
   746.0134450432763,
   -1697.9665669382325,
   1241.2473481751433,
   -2796.646228556434,
   1508.9577904771013,
   2365.0648591896856
  ],
  [
   3403.7903376790428,
   -3344.568000809074,
   -2961.853011216458,
   1703.6811884764409,
   1141.9322747371186,
   -5260.285060756371,
   -4999.529691823417,
   -3415.4384483912654,
   -1201.3111912715126,
   -3706.8005584732223,
   279.8082414226515,
   192.2092186573718,
   632.835729272278,
   595.7787049094945,
   -1945.7655458778186,
   2020.455223476564
  ],
  [
   -937.7880470348357,
   -6049.606740180822,
   -5253.2504228729495,
   194.0934344250468,
   1138.4562136822988,
   -3017.8870999474793,
   -2313.254911107153,
   -8285.432491231844,
   -2570.721302743757,
   -2688.238542222317,
   -2443.3807674013356,
   1654.962903488754,
   650.1603336813102,
   375.5509499780045,
   -4987.127109285304,
   -1563.744394265532
  ],
  [
   -2679.0185740153715,
   703.988080330909,
   3676.3603374615227,
   188.1809005802681,
   -1433.7426929643912,
   333.9013095535911,
   5331.655686611767,
   -3668.533400312593,
   -1020.5025657938345,
   2675.5925200064994,
   -2035.7137679288965,
   -3066.0852253887697,
   -270.7824407305867,
   -1507.4449320208482,
   -375.9440715949177,
   -449.3218374198897
  ],
  [
   2455.911450149264,
   -2225.7815528661113,
   34.82962271224757,
   -120.28853900324052,
   -902.216561054727,
   2342.942591076592,
   3052.8436029899885,
   -899.490532641338,
   345.27537803913486,
   198.5880590519473,
   -918.4452095610317,
   1365.3627817846434,
   -989.513742890028,
   1555.0784655795724,
   -672.6521827667937,
   -3647.448573504734
  ],
  [
   1085.2462282462352,
   -451.938975189929,
   -756.9057145434971,
   -525.1565394463489,
   1014.7993149411733,
   2059.35928781512,
   -1834.884656567452,
   1109.301322583624,
   946.9309710777786,
   792.2899510678391,
   766.6415355008321,
   722.3639559169491,
   -1134.3842607944123,
   -93.81923083155154,
   1537.2252316175109,
   -605.7867559001882
  ]
 ],