{
 "input_nodes": 12,
 "hidden_nodes": 16,
 "output_nodes": 20,
 "epochs": 1000,
 "lr": 0.6000000000000001,
 "output": 0,
 "epsilon": 0.01,
 "synapse0": [
  [
   -5310.604755784085,
   187.84387848405987,
   1802.3422495979091,
   -1801.9972221338842,
   2015.3133679239725,
   -9469.650491774657,
   4520.096543462846,
   229.50738195890855,
   -1973.5235502171543,
   -2522.508439012378,
   -9154.669819096818,
   -10269.406235712755,
   -469.10551392524997,
   -5489.75801814532,
   -3124.8691559687163,
   -5373.937148945627
  ],
  [
   1454.6693096226932,
   -1483.600145394009,
   -2441.106612855283,
   1476.7724330009808,
   -2292.768645419762,
   -2.398302970282868,
   -7547.701942609158,
   -3054.06922046779,
   898.3828054458678,
   1694.6074710592752,
   -11432.376381336284,
   1621.5193193693833,
   -861.9160686876671,
   4594.795602823278,
   1746.7002942022605,
   -5528.084164565275
  ],
  [
   3079.1426097178505,
   1791.2465790518324,
   -625.8024226703766,
   -1508.3850179242988,
   -1164.0464714548873,
   4242.3310013322825,
   -2280.128810012903,
   -3817.3841811920897,
   1345.8320456691374,
   -1628.0297810546338,
   -14771.213883379049,
   -14476.519046373864,
   696.0160521934255,
   1159.5726109808738,
   2933.0974710590876,
   -10991.57071208167
  ],
  [
   5991.471657538361,
   1830.1146176870566,
   276.8836111479457,
   -2482.966777070368,
   -211.28395018229284,
   -26850.163358014684,
   -3819.57431561955,
   -5523.890257088865,
   -2750.8546851755464,
   -8975.638210594767,
   -43143.21781194266,
   -39858.581107652564,
   -3757.756915307828,
   -905.74836148631,
   -1562.487895746115,
   -36443.05252806054
  ],
  [
   1737.1958860907941,
   724.4694184719214,
   -1299.9734368985116,
   545.9501492087863,
   -1004.9825872733176,
   43.70888267426966,
   3.942533948158625,
   125.64671437675528,
   -922.2532411379527,
   452.6086284911354,
   -3495.3258299719655,
   -7886.154443301797,
   2182.1529079403567,
   -1827.4969094864987,
   2818.8190758595806,
   -6450.892584367507
  ],
  [
   -6675.468308040943,
   88.86354417426772,
   -1228.5156614451303,
   208.21470580466502,
   1280.1837648867988,
   -15050.684858232855,
   -1933.648113232264,
   -4015.391259597904,
   -620.732338463963,
   -3493.496977994614,
   -15574.241099156197,
   -8253.573393723564,
   -226.75466712830877,
   -639.5191647260066,
   -5023.263188115392,
   -4379.648719936083
  ],
  [
   -13294.279738235076,
   131.09041343537422,
   -1114.71260026777,
   2306.3658849303492,
   -1713.6068589434065,
   -14967.115360507916,
   -1416.6094681834868,
   -5244.871680126208,
   -2484.182722352156,
   -6579.917094047253,
   -1528.1094622445446,
   -5629.570694470276,
   -789.0776489397227,
   -5002.7133136641605,
   -7887.443398898462,
   -5826.694101967567
  ],
  [
   -4631.659747621757,
   438.93119560782634,
   -1744.9882962088138,
   6.4529634559115765,
   -600.0494332460695,
   -6660.123275041604,
   -444.29848100776326,
   -1165.2644508160456,
   -830.0299575947541,
   2258.2470846448077,
   14546.302586411319,
   15455.95869193727,
   163.64270106613196,
   -457.6582082660885,
   -2337.0475652196724,
   9472.632986337547
  ],
  [
   2199.8807358382865,
   139.35062423871403,
   -418.0619580494643,
   -315.388671318486,
   309.21413687765346,
   -5546.551103551785,
   -742.6610655166104,
   4490.820352415721,
   -1548.1447675787565,
   -1940.3785576491236,
   7003.307191148312,
   -9723.5542703358,
   2079.617535332235,
   155.58339552420523,
   4143.743866172612,
   166.59842580587105
  ],
  [
   -996.3488104883099,
   -284.3971490656843,
   -142.8161235782054,
   -1116.7506606567545,
   775.6633612550704,
   3423.493521158293,
   393.52542916337956,
   -2562.057109009725,
   2739.2738303853266,
   2575.2699716639645,
   858.8632186664307,
   11297.911732339639,
   -798.521417133269,
   1823.1236692433527,
   790.107258592995,
   -1329.7220008375198
  ],
  [
   -5517.35022901692,
   -1143.7344110251656,
   1077.4883652047554,
   -2212.8337481962667,
   1303.0940445839408,
   -7243.847893966711,
   1330.9628730467828,
   1797.5470011906998,
   -2435.265518901973,
   -2276.984791692579,
   -32659.547008454538,
   -21408.087200102378,
   -1178.1211149037106,
   -5838.600033925705,
   1650.8073456982006,
   -13950.565667427123
  ],
  [
   -5867.946727853043,
   -1520.627751281408,
   377.9757006166331,
   -1147.837427297527,
   -1439.1513936163965,
   -4556.435091977811,
   -923.0307891131166,
   -5832.02074526679,
   -943.1946437299135,
   -867.6875304613427,
   -18267.955377286544,
   3124.335390943895,
   -5470.232114626646,
   -378.4461686337673,
   -6904.739411840926,
   -8264.672778531329
  ]
 ],