{
 "input_nodes": 12,
 "hidden_nodes": 16,
 "output_nodes": 20,
 "epochs": 1000,
 "lr": 0.4,
 "output": 0,
 "epsilon": 0.01,
 "synapse0": [
  [
   -74.53055182807405,
   -342.6787113772758,
   -4528.956648075189,
   -2363.645487563685,
   -5647.541217496632,
   2981.1997419664003,
   278.4671492557054,
   -1065.4454705228381,
   -609.6805338820294,
   3662.294166577995,
   1162.602374987262,
   -147.95066617217103,
   2781.89027917283,
   -516.3141663598605,
   -625.8771166584881,
   428.5657117773658
  ],
  [
   145.38120557158643,
   -2460.8128524931335,
   3427.3186810019706,
   -5352.953010851356,
   2496.470579516035,
   -5109.213138140031,
   -6404.763262470401,
   -7586.627801220066,
   -2935.801773840539,
   -6343.061219237553,
   -1712.6488881675625,
   1423.845368872919,
   -8344.995020528342,
   1028.5288784883476,
   -2483.809956766728,
   -2902.6483167980814
  ],
  [
   -5941.177150206573,
   2657.8109858484104,
   1083.0392156182193,
   9484.114443995993,
   7033.259502451048,
   1766.3139812493696,
   -9558.537811980637,
   -7946.236802669312,
   5719.554760838015,
   -4596.12884509408,
   1382.157506675297,
   -5500.373922227403,
   -2579.029586875261,
   1601.1269825158088,
   3309.8568978075155,
   -9652.656212427251
  ],
  [
   -10043.012630609368,
   -2117.7860059824216,
   -1266.59586199709,
   -19061.92011912547,
   -10978.214417510328,
   1378.57618757299,
   -10018.355218314327,
   -11993.53674044482,
   -6827.187483050727,
   504.37975027059804,
   -1069.6077901945482,
   -2493.5166666242367,
   -8426.170132215097,
   989.5718798991444,
   2676.2044639741725,
   -2486.7538886930674
  ],
  [
   -19277.79371207885,
   -7235.434604606961,
   -1233.0386269309518,
   -20745.18451943476,
   -3012.0855006061997,
   2413.882429699657,
   7072.496364858916,
   5643.616936497085,
   -6846.181924440591,
   -4803.131286049525,
   1339.4918012349735,
   -1074.5829527161477,
   -9707.743429330938,
   684.487787114639,
   1855.081142045008,
   -16066.000110437006
  ],
  [
   156.25504287956073,
   -2415.0723795387885,
   1688.0674537182576,
   -9821.598547983736,
   4140.941478331945,
   157.9292898012742,
   -10462.027490480943,
   -9733.79791844662,
   -4154.026130763781,
   1225.9720003551224,
   -378.9848227450985,
   -4226.740456486457,
   -5015.665394045584,
   -2044.0459113428983,
   -3388.59687843963,
   -5276.5043866688775
  ],
  [
   -737.3545369976522,
   -5364.226467648336,
   -1831.6431933969654,
   -18613.388317902725,
   -13944.264849339763,
   -2223.9771280869763,
   -4002.555793053792,
   -2866.6526014961205,
   -7874.835881178203,
   -3707.0827142448916,
   1457.2358274828143,
   331.1460604896341,
   -10986.97574166752,
   -150.6531998870884,
   -807.7241019493407,
   -13023.802005404646
  ],
  [
   -5095.671390046684,
   -4194.462506575441,
   -6074.550257751186,
   -10401.070628834483,
   6637.1540850168,
   -94.66245310733481,
   -23270.978010923474,
   -20615.413904077202,
   -5832.407824286941,
   -1671.5891743506666,
   340.2468969410866,
   -702.2779372338697,
   -11947.008100952055,
   176.43557531306166,
   -2785.313683663716,
   -3305.3249870164677
  ],
  [
   -2779.27014623945,
   -2104.2846523008443,
   -1410.5269107085664,
   -7268.857326715509,
   -9307.642895329616,
   753.2176091021058,
   -9035.048595916065,
   -8334.415333041832,
   203.0811072669505,
   -4876.140530702547,
   -2851.275387248879,
   4173.311088883986,
   -3607.5680928329707,
   -1100.4609952308094,
   -1553.5968141478304,
   -11481.058243358017
  ],
  [
   3242.514314695325,
   2185.8348289252444,
   -50.64264820559668,
   12449.672532633102,
   1136.7411443022215,
   -1662.2320318548238,
   -4014.7202610468885,
   -2856.221842489208,
   3842.342791408044,
   -172.0998414851649,
   490.27568745076076,
   -819.7600009437961,
   -3267.0953676046015,
   652.8013200982949,
   713.3667000606366,
   551.4958674550567
  ],
  [
   1904.874716607232,
   -1449.1984206708769,
   -1076.1488897394186,
   -4110.802554776986,
   1301.110502976045,
   -1463.9636045072557,
   -4484.455742053062,
   -3827.8568629488177,
   -3825.088724554686,
   -300.2288771183174,
   -1666.3609199926443,
   -180.63141083548385,
   -5424.198435233577,
   -1680.3118612249173,
   1416.2347649039782,
   -10573.897683057887
  ],
  [
   -10585.557919301918,
   -7533.867070077728,
   5468.99976091468,
   -32897.064975009715,
   -15190.172788065758,
   10.71853410757397,
   -26.424317080197415,
   -2291.06758559847,
   -12945.555621853811,
   -1217.0472065904955,
   -1958.7212049433647,
   1442.0005498928592,
   -13140.262698373064,
   -741.6703799827108,
   18.091085215612562,
   -10881.424327461395
  ]
 ],