{
 "input_nodes": 12,
 "hidden_nodes": 16,
 "output_nodes": 20,
 "epochs": 1000,
 "lr": 0.55,
 "output": 0,
 "epsilon": 0.01,
 "synapse0": [
  [
   1307.2613133919565,
   32.16232276304595,
   8897.470399093103,
   -6644.7448338209515,
   -1141.7066770606825,
   200.8668847631817,
   -4008.701431645478,
   2982.7187373473625,
   12165.710647763988,
   -571.9180736598742,
   -20198.156458420952,
   -1595.1069247939042,
   -600.8290825774282,
   -11145.384901774329,
   -63.683795991703754,
   -4142.261883187547
  ],
  [
   1364.8981884077102,
   12129.77004763812,
   -6430.00575661262,
   6036.31912180544,
   4037.0075585045124,
   2414.4428552605154,
   -1129.6064516397864,
   839.7418929514263,
   -11316.223229154626,
   4959.397233312883,
   14735.345778720082,
   -3762.2058912563525,
   2012.993333478919,
   11797.809335978316,
   4946.3676902582265,
   -89.8385706194047
  ],
  [
   -6485.9316643922175,
   13464.96589106104,
   -10967.680863744543,
   -2589.385149929335,
   -3138.1883405435015,
   -4365.76737348717,
   -4235.405859783876,
   5108.226694712986,
   -7790.093341715782,
   -74.25389105490748,
   -20313.89256732967,
   2351.356136939607,
   -224.30773262698625,
   137.71661304815748,
   3123.628261482505,
   -2347.352443521798
  ],
  [
   2457.1488732495495,
   -23289.915690386923,
   12253.726107137942,
   5167.966038209797,
   849.5625116824167,
   -5380.724379129428,
   -6479.045958487687,
   -3626.2120506298743,
   905.7176043141194,
   -5826.834643446024,
   -22810.598302071357,
   39.297590622611885,
   -1854.0155985847564,
   -15388.447116113075,
   -7398.758435457568,
   -9462.689257224136
  ],
  [
   -5037.453125924948,
   -20908.039921324722,
   -5586.962705900593,
   -4842.525844502792,
   -2995.2974392420238,
   -5593.756475735829,
   -13710.774752618296,
   -2879.817415965173,
   2218.070752981338,
   875.7059470357049,
   -16447.34380698481,
   -780.1090919032353,
   -8131.02483273538,
   -8157.68371944722,
   7039.629869885966,
   -11234.713580918236
  ],
  [
   -6974.1743567666335,
   -3694.0757517129223,
   -8943.722310272626,
   -10646.304332954163,
   2093.0316824389492,
   -8970.035098211743,
   -5382.7109880716525,
   2447.6320772107088,
   -4399.167157819061,
   3109.9448758462922,
   -16401.978016878642,
   -269.3636697733252,
   -2007.2590613934733,
   -7794.314934615596,
   1663.3189139456329,
   -4142.837204775721
  ],
  [
   -16732.62703746674,
   -60516.96507315839,
   -25432.102930314883,
   -5879.79415727192,
   -3047.2945658077515,
   -34509.55988979547,
   -16522.51191685156,
   -27527.245694442263,
   519.01606924641,
   -3202.0085443337425,
   5357.126937500305,
   -712.9037104931467,
   -12574.980023642525,
   -9116.957449169335,
   5235.501835991856,
   -7825.077504553609
  ],
  [
   -2673.237213620455,
   -44186.90774887965,
   -1674.6407459137063,
   9766.584318855257,
   3935.837715844629,
   -6622.826032130127,
   4873.978385755121,
   -246.96444464146947,
   7712.293672940353,
   1417.7758368566326,
   3384.2061899624177,
   -20.82835438597038,
   -6792.3892913532745,
   -8052.13967517754,
   -5757.4893460670555,
   -2081.628905383717
  ],
  [
   2520.0186056135626,
   -9659.461239223252,
   -858.6177570234241,
   -853.6874903945779,
   -2287.6765298942164,
   -5039.427836756044,
   -5412.10898649564,
   -12038.18690561156,
   -8297.997079547842,
   -379.95714296540496,
   -6799.077492517945,
   1637.3273788897325,
   3766.794315938445,
   -8388.796492192938,
   -646.4500828186498,
   -6907.999851474215
  ],
  [
   -10565.884118994696,
   -37178.63387983715,
   -8016.44508512136,
   -7428.364527383769,
   -421.96585284909014,
   -31133.83520507909,
   -21309.708275570567,
   -25159.766875160716,
   -11177.041062626568,
   -1363.5738328905097,
   -5593.870303677028,
   -3520.071175868932,
   -7460.416957115452,
   -17859.242702605,
   -5507.2362127951865,
   -14686.670412824891
  ],
  [
   -1837.4434358312508,
   -1377.3159055092951,
   -14492.390001277627,
   595.8699278811318,
   -2618.9278930297733,
   -15929.595851831049,
   -7499.097852663743,
   -10312.339896110885,
   -10095.886129035407,
   -8756.124008438726,
   20018.211031849223,
   6650.603862974789,
   -5728.429857084871,
   82.71144909772752,
   -13598.183401568782,
   191.9257417378565
  ],
  [
   7802.337027048676,
   -2025.6240404867501,
   16271.873940916525,
   -7270.798351982477,
   -7021.7160648566305,
   -4307.8074808306965,
   -6159.576902512585,
   -20970.416278288223,
   2177.3138076810346,
   -2220.1954201215644,
   38081.83006314222,
   1343.9655326609604,
   2600.3216622012624,
   -15678.6898644963,
   168.36046249507936,
   -10108.431848913757
  ]
 ],