{
 "input_nodes": 12,
 "hidden_nodes": 16,
 "output_nodes": 20,
 "epochs": 1000,
 "lr": 0.35000000000000003,
 "output": 0,
 "epsilon": 0.01,
 "synapse0": [
  [
   -1474.8738800613319,
   -1005.1769942326968,
   -11696.139759866704,
   -9923.500075611244,
   -6277.167094265922,
   7273.203734185215,
   -1780.1021216912186,
   -900.1151829688462,
   -1945.8227443946485,
   28268.959126572256,
   2749.707337217722,
   -699.770256515701,
   3681.1634569621283,
   -1081.5242968415157,
   -1139.005985456498,
   3997.6588022285678
  ],
  [
   -21020.37219477195,
   -5643.666486274618,
   6064.624401569211,
   -18625.336787666376,
   -3903.6417663770703,
   -10756.896945429735,
   -6556.16286565658,
   -7168.669502171231,
   -7587.09670981268,
   -25057.447910637347,
   -4183.483147189695,
   3617.060839542627,
   -21731.929470956034,
   -5760.823287667638,
   -3046.4337606175764,
   -15334.49554990858
  ],
  [
   -3045.6772172530063,
   7175.412413594204,
   9852.785050480834,
   34096.83942132525,
   908.5479529028314,
   3564.328830568173,
   -16350.532329973503,
   -4346.196383426883,
   14278.709897701261,
   -53552.07019054016,
   4791.227604431041,
   -15500.997179105269,
   -6860.935261170446,
   1878.8322095287804,
   7367.790243007854,
   -26359.09667427648
  ],
  [
   -110275.73612004236,
   -4765.426800930837,
   3129.304055832159,
   -50113.78841961804,
   -26373.390449211594,
   3662.6245545134343,
   -11956.583066364356,
   3029.674525346614,
   -17632.57231996852,
   -736.1085266249946,
   -2013.3555447520446,
   -10003.234834069202,
   -23281.845129169975,
   -2898.4576684463973,
   5324.841915450369,
   -13805.718551049757
  ],
  [
   -96416.48755905955,
   -16186.295262365024,
   -1220.5341156261366,
   -52426.700954768145,
   -3539.138783039764,
   4075.910186758819,
   20225.807685831674,
   10125.582056871406,
   -16549.483240881516,
   -64058.38134834094,
   3531.049839175407,
   -850.522053924353,
   -29833.004824111395,
   -439.86518421356385,
   3264.600766792308,
   -42145.03231631675
  ],
  [
   -54562.93666464106,
   -6592.536881180548,
   2161.363320479827,
   -42784.60123227854,
   5202.000619096709,
   5142.538460974979,
   -31236.961152567008,
   -34510.47745813002,
   -11995.355808098693,
   -649.0357668284545,
   -6712.962092255863,
   -10631.60551596374,
   -13601.669204259648,
   -22150.45033794787,
   -4624.059026409018,
   -11876.794523133613
  ],
  [
   -16168.998762730189,
   -13279.228016333276,
   -7442.204134192154,
   -53306.4406766115,
   -26947.880840022903,
   -4202.840285005523,
   -3167.8907014146102,
   2933.4697443889354,
   -16411.843101235594,
   -23623.62474875381,
   8617.93959698939,
   -588.9487446487991,
   -37451.04324586442,
   -12154.42458586939,
   -2169.5624602049384,
   -40698.00753901459
  ],
  [
   -15183.399697204304,
   -8421.71530065313,
   -12817.637460073915,
   -42532.605469083675,
   11964.6252400167,
   -259.4732268343961,
   -55406.849416126934,
   -54881.19167079756,
   -12399.153515457148,
   2156.6770381241786,
   -495.08570994263573,
   -1442.5440205388577,
   -25381.2111020762,
   -3516.847977381515,
   -2840.7918939377428,
   -3985.7089495136274
  ],
  [
   -47127.017795734406,
   -6459.246061018729,
   -3994.203847318404,
   -28112.722136051998,
   -4131.641941149085,
   -1396.6577631123366,
   -13025.623114142676,
   -20371.681212883974,
   -1842.8135857176057,
   -20222.653769173015,
   -8569.29677669222,
   11508.843923693126,
   -17532.60958210659,
   -18305.31427684634,
   -2886.3079256128317,
   -26856.115648082756
  ],
  [
   40143.36354507725,
   3682.555956975805,
   -2265.37640376749,
   50905.474139818776,
   8465.374641159182,
   -6804.978433938366,
   -2035.5663203618637,
   10921.392836296976,
   8940.55039397571,
   16228.195090164227,
   2602.5713723760064,
   -159.9508283161094,
   -11245.276780880422,
   7216.505590181213,
   1633.3453334984326,
   -6266.143655279853
  ],
  [
   8806.867816733007,
   -1016.1678296629403,
   -3749.815287283909,
   -27403.43287532491,
   -6223.750568660718,
   349.683239996031,
   -15137.385933123365,
   -4196.583520035235,
   -7526.651351055765,
   -1857.6759560876449,
   -7636.520850162585,
   -1416.4647536732652,
   -6043.954990657541,
   -3859.663231187661,
   907.1410778205051,
   -16696.639000833176
  ],
  [
   -138861.64704383785,
   -20946.502123073355,
   11747.335558479255,
   -96734.04134110446,
   -23569.365247623955,
   -2804.5348870373537,
   -75.56061800699125,
   -9001.341431852512,
   -33009.30746149307,
   -13599.27928582936,
   -6303.88435666607,
   7547.32930229255,
   -45109.74310536001,
   -17315.696698608594,
   -344.03136647160784,
   -33727.2864885404
  ]
 ],