{
 "input_nodes": 12,
 "hidden_nodes": 16,
 "output_nodes": 20,
 "epochs": 1000,
 "lr": 0.55,
 "output": 0,
 "epsilon": 0.01,
 "synapse0": [
  [
   534.8858557456076,
   -407.6926578071847,
   -1485.7583680919772,
   1579.9070277017977,
   -1749.0206308624586,
   -12.518691108445639,
   -193.22756507025358,
   1162.6242292299858,
   1016.4363958475824,
   -1176.5955201726351,
   945.0025553268068,
   -766.8313381818942,
   -255.31837667205616,
   -1228.7333220293744,
   311.7564056383553,
   1035.9942764258872
  ],
  [
   -2467.379733570431,
   2101.4534643594716,
   -1201.3378000503074,
   -5863.433728995518,
   1384.5941515448967,
   -1121.6973417877355,
   43.32085588232478,
   -1652.5138583245669,
   -1495.8597580244393,
   2166.0957472654536,
   -2108.2032923510997,
   -409.6498982668726,
   -1296.700810688744,
   3304.4515606549244,
   -1465.5009066943524,
   -1063.2684179082985
  ],
  [
   -121.22122771286506,
   1824.056819978933,
   1941.8652309946287,
   -11235.284857173127,
   -2203.640651156613,
   693.6574340654249,
   -1548.6567032924856,
   1581.2254535909954,
   -421.9784941828206,
   1678.351345138977,
   -4352.275812912075,
   -959.6702267936304,
   -1321.9894079921737,
   -4510.628237701562,
   770.6177859342013,
   -4400.876637809626
  ],
  [
   414.0844505520475,
   -6913.636008915848,
   -5415.5461964663955,
   -6559.467151657686,
   15.090866135851943,
   -910.168298325621,
   -1725.6170120249747,
   820.6779360924178,
   1178.0116288354252,
   -4717.529780808959,
   -13033.424199571557,
   -729.6010789052136,
   -1679.0335039536897,
   -3754.6874934117363,
   480.4701859842776,
   -4816.189225729665
  ],
  [
   -1281.5095185647933,
   2265.7799683728676,
   -3149.86274098573,
   -489.52975783227515,
   -1194.8207156352582,
   -43.05518678231755,
   -1337.7949404866883,
   -274.06153029520044,
   227.32881620203653,
   485.52872124880986,
   -3589.470333739149,
   536.6219862216717,
   106.94286122527087,
   257.26308651305317,
   731.856397034928,
   -5345.194595362328
  ],
  [
   -1519.074348819399,
   -1941.1676264569626,
   -3956.6538925131845,
   3483.735381266944,
   839.9386626671255,
   -65.10465612386704,
   289.0524294455197,
   -656.9586531564289,
   951.3407684078018,
   -912.4005649739693,
   -6060.144142403767,
   783.4370688582258,
   2337.5305130623615,
   -567.9524946075787,
   -581.4467833190549,
   -6510.912555803553
  ],
  [
   -169.45802925241043,
   -1988.962427014835,
   4.106208727988064,
   -3895.1513982327674,
   -831.76847378657,
   -626.5529504663496,
   -468.3216327920412,
   -577.7976395085752,
   -56.061600483135955,
   -123.38484025212962,
   2279.9837727915683,
   28.482256699990185,
   -2838.6571020643287,
   2900.666244865391,
   -131.7549507979046,
   5933.103389049693
  ],
  [
   -1015.6218390219148,
   -1859.0893939915863,
   -1764.4509533036,
   -5398.456818688109,
   789.8415303137691,
   -3.241387465024436,
   -1692.9027791751719,
   -1192.046341056662,
   -291.4581677500483,
   -971.6105587190164,
   -6937.290432637966,
   -1146.301058602386,
   -2912.1023842438285,
   1318.3814285720598,
   931.1875183937647,
   -3524.950581416781
  ],
  [
   -1403.3414697670273,
   2543.75256802372,
   -5387.437263692321,
   1231.6909279050321,
   387.5670679785775,
   -161.79407249911924,
   622.8383870721495,
   1298.0821312399876,
   1361.9405919872177,
   -5908.494458138114,
   5532.017460692924,
   1170.9127659964229,
   -2369.067647068792,
   -4295.229548465691,
   -993.3215310140251,
   -803.5543588009123
  ],
  [
   -2177.7424528951433,
   2398.7377856353773,
   -2955.723926579792,
   -11181.235790867862,
   -345.6350738511156,
   47.19650570184256,
   -3396.215120904315,
   -34.623689039779066,
   -1159.094542505558,
   -9173.133301755503,
   -6273.025831491725,
   -164.00349105471284,
   -5813.0048527138915,
   -1667.5280802728712,
   -1321.0497169158177,
   152.6759579131691
  ],
  [
   2369.0463411760516,
   -7580.387750439597,
   1240.1510925795092,
   -3168.7627709988737,
   -2231.5876909863264,
   1180.7845432155768,
   -149.03756624158197,
   -22.427030677342913,
   131.0188920242191,
   -1292.3769556366155,
   -6840.27114884994,
   -345.20847407976675,
   -672.1751437205365,
   1343.4416542228118,
   673.5074200932897,
   557.7539352492994
  ],
  [
   1301.5758041566457,
   -535.8482625024594,
   -513.8745462905597,
   4341.884241084042,
   -1354.5649495447626,
   -1114.9929068822173,
   288.0888580717278,
   -2441.7666579998477,
   -1650.4335074680012,
   -1962.0460194036311,
   -1819.1972699496034,
   1871.09369459745,
   197.68518892660109,
   -4162.461899993804,
   -241.0300056620395,
   102.78134465847414
  ]
 ],