{
 "input_nodes": 12,
 "hidden_nodes": 16,
 "output_nodes": 20,
 "epochs": 1000,
 "lr": 0.6500000000000001,
 "output": 0,
 "epsilon": 0.01,
 "synapse0": [
  [
   185.27655615629666,
   -197.69449651280368,
   38.723506194520255,
   -875.1981784321589,
   -280.7046231476178,
   -170.26845369626557,
   -697.3206410852493,
   -410.8415668825617,
   332.258801722086,
   -66.80412971444777,
   -725.0304640060021,
   -256.14103248320083,
   -276.44915588755526,
   46.512410376798286,
   120.57902525258528,
   -456.6629072156651
  ],
  [
   -151.06992247484968,
   280.0597023338744,
   3.1476911816775024,
   374.9909908978191,
   645.7736939098342,
   253.9798595209414,
   296.13929692600897,
   284.16249105260954,
   -5.531719285265448,
   417.3365478863,
   188.38171101656397,
   -642.9759759303713,
   180.83101913066628,
   453.56980655934166,
   277.36471998217934,
   103.32816987713815
  ],
  [
   -95.17242434837785,
   232.81365747833885,
   210.60318395901942,
   25.983356339681173,
   -29.649315748461863,
   -628.2639209417654,
   -89.82290912620438,
   -138.51704690814137,
   -197.22641656760882,
   -334.23637885632775,
   -446.24323395980394,
   223.07249816504546,
   -260.8554291337289,
   271.40400572112725,
   -251.5201918820131,
   -40.49735612580569
  ],
  [
   -807.4423669247666,
   -763.5721805664515,
   -453.9910546126485,
   -291.5391008127232,
   -797.1907079456789,
   -878.9047321974067,
   -657.3558803147911,
   -1299.597698234086,
   -732.8530037610498,
   224.75595446833796,
   -307.4065600271556,
   125.41729156381449,
   -237.21116407758473,
   -996.8405823851907,
   -200.1216400245121,
   -695.5446412510727
  ],
  [
   43.96878388918862,
   -318.43534239853045,
   -250.32853059582487,
   -596.665508630313,
   -247.39878810004717,
   -269.5863346057027,
   -706.1248329475744,
   -736.2911972733584,
   377.00515899919407,
   -344.3691371677186,
   -617.2751023609126,
   1.0920712525071017,
   -362.37192365535077,
   155.87011905188987,
   72.2586934935405,
   -815.6155538666501
  ],
  [
   35.14930402573415,
   -394.3511664163845,
   -684.4163091544391,
   -1114.9396677728498,
   151.1696441034972,
   -637.0216050792595,
   -312.6436507012014,
   -403.73436618981214,
   -21.068115642246482,
   -130.51331489639162,
   -482.5249679800364,
   -198.33773802036592,
   -397.73535044841276,
   -333.08643250323564,
   298.8835148856231,
   -367.94802257070046
  ],
  [
   -391.85879923310375,
   -352.0649634748396,
   573.7559039434024,
   -178.48376641238065,
   203.87910901317932,
   -1493.7913743553675,
   -851.0862403039398,
   -937.5192217042703,
   747.8343265998141,
   -189.44407381807994,
   -94.582506246942,
   -492.56703567892794,
   -1075.1162658553815,
   688.7359711955477,
   -177.59014242022715,
   -583.2194919131068
  ],
  [
   -538.3525559382267,
   -940.7672964463234,
   -79.67339761399926,
   463.58584114652325,
   -149.42514192129758,
   -171.80070703891883,
   226.46026281685232,
   571.6778827274414,
   206.6689248836329,
   423.4531333616972,
   391.70736781698406,
   -229.7390742436192,
   -346.6643377752596,
   -284.68912489203547,
   4.217090405534755,
   -92.37509977348641
  ],
  [
   -429.64090573953,
   -37.88555834385129,
   -577.3811491468949,
   67.99977174230096,
   -66.20778803873658,
   -416.0712536467023,
   -263.5233619433598,
   -550.3515617155307,
   -832.8526624467905,
   -120.29086272031032,
   -42.91218118391703,
   46.17016992967351,
   276.9668460352514,
   -418.1290112287968,
   -17.051478355323134,
   -459.4099743552482
  ],
  [
   -992.4027329096759,
   -1349.8406532755105,
   -938.8191869412259,
   -1024.7367880901247,
   -34.914470550245284,
   -2090.6053044774276,
   -1347.2624599589508,
   -2051.576856666587,
   -1085.772526129345,
   21.264790334543928,
   -189.30480661990666,
   -499.80020672382943,
   -988.3742860652707,
   -754.3921453113658,
   55.10020277028144,
   -1293.7525831989615
  ],
  [
   -478.0176195782372,
   381.07748125272866,
   -835.3647532186354,
   208.04810877456393,
   -513.5836780496858,
   -1864.4635111443674,
   -529.3642526320342,
   -1408.2739300891274,
   -1296.820000213757,
   -326.7696566875993,
   756.6726104124064,
   896.9731907118345,
   -502.34069027223444,
   -1422.599870107679,
   -782.0780206748241,
   74.85226870007742
  ],
  [
   -576.4077789381797,
   -1224.6981083469007,
   -710.9343425930124,
   -492.59174024923846,
   -170.73242260030887,
   -805.2095225668087,
   -541.0465974117327,
   -996.811082161229,
   -223.28331836858112,
   -616.8415637354138,
   1219.0278275627807,
   178.626287430746,
   -296.2290330191755,
   -113.09899371430426,
   -199.1135687299958,
   -970.4977873278702
  ]
 ],