{
 "input_nodes": 12,
 "hidden_nodes": 16,
 "output_nodes": 20,
 "epochs": 1000,
 "lr": 0.7000000000000002,
 "output": 0,
 "epsilon": 0.01,
 "synapse0": [
  [
   -1944.2456552833714,
   -1014.6339603819629,
   -10019.413139645005,
   -7160.2272494583385,
   -6640.892761397614,
   6148.116692673746,
   -2000.1704928002312,
   -4230.268316560742,
   -1688.0023698085377,
   21227.55348763791,
   2454.4221463779254,
   -623.515065917802,
   3016.4531977475367,
   -1551.492872274491,
   -1015.7143102418482,
   2800.3672713167953
  ],
  [
   -5980.309143354972,
   -4254.618634715872,
   4607.235653302553,
   -13730.470742435446,
   -1002.5791163697286,
   -9661.592339170318,
   -5115.50606503095,
   -5819.082743198625,
   -5608.345208315936,
   -21928.45116764602,
   -2821.1845169653575,
   3345.223256140646,
   -16286.121989491423,
   -76.91922026743026,
   -2742.78293551426,
   -11132.102519892665
  ],
  [
   -11584.690529671352,
   5208.437951317759,
   9565.081945839236,
   24317.791623221416,
   6513.220248823409,
   2762.7781469061865,
   -13300.38700606829,
   -8792.968155932995,
   11136.296266972764,
   -47550.23224944104,
   2978.042230140325,
   -11660.006383125494,
   -7629.856537477615,
   2338.7296787220794,
   6237.072369527376,
   -23871.75410017694
  ],
  [
   -59085.03606980255,
   -3213.7149371309783,
   3333.991109993656,
   -33238.30327283967,
   -15355.339207997951,
   3126.44697064704,
   -10802.061002943145,
   -9744.00429152221,
   -12334.48172230137,
   716.7726268879228,
   -2506.7472732904985,
   -6841.830679686295,
   -17474.52518132519,
   2246.242843242267,
   3790.4375842510353,
   -9383.3093057805
  ],
  [
   -69563.52194396345,
   -12364.015680883174,
   -635.5178044416508,
   -38175.090956411674,
   -5812.496623037708,
   4533.182517105567,
   16734.02591014334,
   16352.27065312567,
   -11948.02536213282,
   -54240.02658613221,
   2153.068390067069,
   -1978.930414710802,
   -22565.05831578372,
   1809.4832831267631,
   3172.3376158907586,
   -34843.932919499726
  ],
  [
   -25394.269102437138,
   -4955.74475550275,
   1841.0375152670529,
   -33446.31694040795,
   4241.123032628105,
   3008.6508102491916,
   -25261.03150096444,
   -28701.22467738901,
   -9618.557309528964,
   4552.684032897492,
   -2790.753749467734,
   -8844.57577483616,
   -8116.219834244472,
   -4661.01286232769,
   -4179.895603824908,
   -6104.33775708552
  ],
  [
   -7487.443989621078,
   -10508.240801657606,
   -7149.086416401679,
   -39635.50195873869,
   -22007.739750172066,
   -3463.102804350773,
   -4478.608011946899,
   -1720.395400153035,
   -13018.033383655938,
   -20485.53421367251,
   4090.914926960703,
   -213.6128306402346,
   -27844.680430586926,
   -2357.8711321620863,
   -2486.5965969003782,
   -30904.61501296366
  ],
  [
   -14694.74620087884,
   -8050.887591282399,
   -12198.057258499608,
   -34116.49412353161,
   11890.944014122464,
   190.42750058482494,
   -42325.30803240745,
   -43874.233962977865,
   -11165.70997176831,
   -4426.617480387502,
   1088.0192819538843,
   -1068.0192016743881,
   -23002.105901518036,
   1000.4357015172486,
   -2915.955745150296,
   -7240.037020639088
  ],
  [
   -30396.825656169858,
   -5447.1338038291615,
   -3371.895549974436,
   -21019.170178555494,
   -4883.493939201919,
   -517.6469990834029,
   -11523.474914201162,
   -15329.886819365884,
   -913.7263812578111,
   -21955.90820883668,
   -5995.660033402582,
   9594.053905371828,
   -13867.957418711092,
   -4894.189589406007,
   -2395.0882276089374,
   -23186.088692671252
  ],
  [
   28673.74046457399,
   3724.732096214577,
   -3345.0574279913876,
   36863.42233724263,
   7816.202190495125,
   -5456.487088794993,
   -3203.345215563788,
   -526.695458523778,
   7353.494078450476,
   13123.639095543573,
   2440.6886493153243,
   -956.6992424236744,
   -6623.775733920161,
   -648.4836281171914,
   1811.129279562275,
   -2175.5045401100524
  ],
  [
   -517.8845360583434,
   -711.3849728948063,
   -2100.330791718744,
   -20264.84619674188,
   -5243.146072247309,
   -887.2000020094387,
   -10941.88513071689,
   -8817.512330816406,
   -6250.848121875505,
   -7938.424587363014,
   -5237.973119926407,
   -1098.9833505404006,
   -5371.124985992906,
   -4101.9718760102505,
   1943.8334613209033,
   -13901.336427604037
  ],
  [
   -71515.65901481832,
   -14644.664964025184,
   11750.316223937101,
   -66438.43013418694,
   -20555.706254504737,
   -1038.38036649716,
   -2227.894026966743,
   -5507.139297879685,
   -23600.001717955267,
   -8768.723347022618,
   -4904.4796711004965,
   4283.377118651938,
   -29747.067500658497,
   -1074.3667358419784,
   -678.7749359482611,
   -21810.723797367256
  ]
 ],