{
 "input_nodes": 12,
 "hidden_nodes": 16,
 "output_nodes": 20,
 "epochs": 1000,
 "lr": 0.4,
 "output": 0,
 "epsilon": 0.01,
 "synapse0": [
  [
   -7714.8610146684105,
   37.22303508599598,
   -1010.1211316544834,
   -5.961345458504823,
   4147.369369128344,
   5798.829966103889,
   -4397.498886387715,
   -8399.852179657124,
   4145.7061750697685,
   3282.1860506714697,
   -4226.9578561436865,
   -11030.61988598757,
   -705.300513941845,
   14108.893685378383,
   -183.72178005243464,
   -7298.30735860644
  ],
  [
   -9532.327406934086,
   -3627.0827177842984,
   -584.017593881058,
   -872.0125665770363,
   -4306.45992680757,
   -7158.6250509355805,
   525.7165316868079,
   692.4373557806545,
   -3380.6717081039274,
   -9135.492817194137,
   5123.811569234735,
   5938.635222790988,
   -3917.964852055051,
   -19338.001579833053,
   2611.2840504149804,
   2932.562940343932
  ],
  [
   3698.4377093693442,
   -12670.64824924842,
   2898.3974437462557,
   -1744.7013444157053,
   -7859.602930651923,
   -16820.88195868971,
   -18326.3500137366,
   -4822.8267515559155,
   -6094.066893193426,
   -14145.83268125155,
   -2690.5770973330123,
   -16471.010777393163,
   -14515.60571000298,
   11902.388490786745,
   -28855.355927415938,
   3973.439605968204
  ],
  [
   5501.3682061806685,
   -17885.85651705437,
   -1991.6240866470257,
   1655.2753165350393,
   3016.549314218089,
   -4003.886470077387,
   -1430.9475615596766,
   -16638.26256296967,
   1327.5451434276674,
   -35207.823288765656,
   1723.1414676824788,
   -15833.838429177022,
   -3561.4549250097016,
   -31019.531303349715,
   841.5064037269442,
   -1726.0538329026676
  ],
  [
   -10598.263629109504,
   -13608.339865418002,
   -660.9793395044355,
   -449.2500897699257,
   -3794.659718497374,
   -3029.466017015735,
   -12861.360295225759,
   -6634.905893836936,
   5215.709320546938,
   -11874.348497735313,
   30.11941327839741,
   3470.0022429737737,
   -10298.005003803779,
   -17983.92930522144,
   -8380.997331511113,
   -841.6216258432121
  ],
  [
   -15620.845762607889,
   -3945.650398493889,
   -1501.7916059144961,
   -1933.4848415532115,
   -6021.179357688599,
   -829.0742197377872,
   -3694.028118613287,
   -7517.883608528139,
   -2348.3685573904054,
   -10387.158832739347,
   2833.6188276755643,
   -3319.309926734083,
   4253.668884471346,
   -28712.86948808032,
   -3245.637830996044,
   2826.864487853242
  ],
  [
   -29290.802372372884,
   -8686.370392173403,
   -715.1691426154686,
   2750.198480125863,
   3134.7980500767867,
   611.9588848366235,
   -803.4407140102481,
   -58071.739813151566,
   1742.2761839483835,
   -7532.5001869905345,
   -2043.2377716454164,
   -5045.481362991089,
   -8181.413889687514,
   -3916.070468624004,
   1806.0501123078373,
   -15237.752038708206
  ],
  [
   -20635.18443899418,
   -2713.648622645724,
   1563.0775849629192,
   1967.1131731214455,
   -73.86294504130782,
   2267.7021413852217,
   -1325.7782831988125,
   -29471.834857484562,
   3248.2760893286636,
   2665.4892399852133,
   -3062.003898123154,
   8395.15938484827,
   -5856.636491286468,
   -8969.978865982323,
   6847.401470708811,
   -3254.7160422389807
  ],
  [
   -43128.83680094565,
   -11578.759974588007,
   -929.9170748714681,
   -1919.2210208863567,
   -11477.493944378448,
   -7285.5818456761135,
   -8194.663692980808,
   -28860.00040018671,
   -357.8025351998834,
   -2856.572778044323,
   1216.6484735115544,
   -9064.730920406862,
   -3794.4781504188786,
   -11880.679149933203,
   -10113.660939616919,
   -7402.573917472907
  ],
  [
   330.69765263961494,
   -18194.43213147211,
   -1425.37137706975,
   -1549.879492014865,
   -520.2735007904814,
   -3073.595747121409,
   -16130.525986444229,
   -11723.721733014952,
   -316.08759760228077,
   -18620.652650995053,
   -223.40903993770027,
   6570.577341068864,
   -3921.1786756830884,
   -19802.008476125375,
   490.33999264105097,
   2422.035784711012
  ],
  [
   2050.5057743422085,
   -2458.7782222918113,
   3196.66660188866,
   -2154.305478164079,
   7294.988489816991,
   7767.560669084875,
   -2320.4545311907027,
   -356.8629047514878,
   336.24446143458505,
   -1132.757511345906,
   -3333.6611920999653,
   -12652.380163338446,
   -574.8651903813749,
   6222.749021091297,
   3962.2448977338063,
   -9923.219257943161
  ],
  [
   -35911.75655461906,
   -30954.92665769678,
   -2777.1136251516273,
   -28.412443971748083,
   -8438.884750641071,
   -8734.634910476552,
   -27058.362939516315,
   -7582.872960457891,
   -4889.5134673342545,
   -21606.01860887984,
   3005.152526122264,
   -18356.799921422247,
   -33795.29523274538,
   -42050.55596191322,
   -7425.858383963094,
   -2942.0637286962665
  ]
 ],