{
 "input_nodes": 12,
 "hidden_nodes": 16,
 "output_nodes": 20,
 "epochs": 1000,
 "lr": 0.8000000000000003,
 "output": 0,
 "epsilon": 0.01,
 "synapse0": [
  [
   -940.0519790815313,
   288.65304092678923,
   940.4541213848315,
   -594.3825866365038,
   -130.8506169111413,
   -5186.2564404128325,
   1739.3433691087534,
   81.21829287568698,
   -903.964388169614,
   -1624.8394921019055,
   -3636.2021139495255,
   -4798.388672026845,
   -105.61709485439802,
   -2505.7682843106763,
   -837.1375755079652,
   -3541.7026231419445
  ],
  [
   353.0150649673885,
   -915.6351353469613,
   -1136.8658470673493,
   203.68881875378443,
   -437.30239783252733,
   -447.77889942080253,
   -3286.589375648055,
   -746.917296312851,
   80.1876911539898,
   1500.400805451825,
   -5564.054181808529,
   1518.2503699298393,
   -792.4809075010028,
   2374.120203692621,
   964.1935453950852,
   -2293.40183578504
  ],
  [
   1746.574997886237,
   535.7024868785397,
   -132.593042331502,
   -299.927677959216,
   -642.6252323557479,
   901.5324006240323,
   276.79827297446883,
   -1212.2158760835457,
   811.3956073917429,
   -2385.16786149013,
   -6307.545118349279,
   -8218.67995386195,
   1402.9717641777552,
   -823.8561799604154,
   1097.8841886549706,
   -4498.649509250183
  ],
  [
   172.9931036656777,
   555.0881253059209,
   -646.9039194483113,
   -729.0482134386549,
   1070.8965517992633,
   -13730.803586180145,
   -1362.2578340894518,
   964.4477324580063,
   528.1786962130393,
   -4320.722857108008,
   -19373.6328842239,
   -14176.94382850927,
   -2355.148380821698,
   -1449.6958570067804,
   114.84059422821208,
   -15422.707504027907
  ],
  [
   143.99057356139414,
   506.2136674558778,
   -1285.8568346037307,
   675.7254612861541,
   -692.3191320135923,
   -905.3377478297083,
   362.5050003914093,
   -411.7048537232958,
   -368.32847415848715,
   -182.44163218603205,
   -1241.061195314237,
   -868.4200281019512,
   1205.8737054092207,
   -705.9458484505027,
   674.2809270466732,
   -1213.79578049618
  ],
  [
   -2904.0080797128185,
   454.691705245596,
   -437.93480765487357,
   330.0081244957989,
   -475.61617242791766,
   -8508.363487211986,
   -1242.2857767876246,
   -773.3239019973179,
   -509.36436974420377,
   -576.2874265723478,
   -5601.096754319051,
   -5072.431712343549,
   177.7836043497851,
   151.68799319998607,
   -954.9720582441619,
   -3763.341223855707
  ],
  [
   -5386.176901637291,
   329.00498774600726,
   -582.6609402010047,
   1425.8555498553737,
   -2034.5506306341697,
   -7290.90898006825,
   -209.89953287463146,
   -3006.167525420871,
   -1529.8917297687542,
   -3184.4923708705064,
   249.85014299377022,
   -596.155685911009,
   -784.53986357802,
   -733.0074783014552,
   -1980.6738585636142,
   -3716.167701203938
  ],
  [
   -1874.9360774059494,
   392.87553954562924,
   -6.81804765060417,
   297.70878394962864,
   -426.56876321903434,
   -3205.004493814229,
   -373.7988474335386,
   -1292.7053374948105,
   -227.5452919267777,
   1513.9042864708642,
   8199.605760519926,
   4718.165231886406,
   1195.3747082795246,
   63.68493528394745,
   -400.9347025600314,
   4656.141233220955
  ],
  [
   1959.0756672354316,
   211.44149607422383,
   -455.0056656884277,
   -300.2464788039235,
   1081.8403842410137,
   -1995.3881339192467,
   -197.76366804044008,
   1482.902512352532,
   -153.79959077847224,
   -1048.5090341398093,
   2827.016113984016,
   -1410.0221046164377,
   1194.9943202206182,
   -130.60500526533104,
   1428.6609374381596,
   338.70136977610815
  ],
  [
   625.33784900494,
   130.5568169624353,
   738.2801567880196,
   -890.0948913340944,
   -1185.659769941277,
   47.75488185740953,
   -40.520726628713575,
   -181.90461574601017,
   782.0365656685782,
   1187.0510301501424,
   -1046.616600678898,
   2604.158237303335,
   755.6560723619061,
   168.4640314400037,
   352.09861838915873,
   -2562.36018397691
  ],
  [
   -1139.1415060176191,
   -834.6610184463426,
   842.7429612432104,
   -783.615050745958,
   393.73751425085493,
   -4847.96558399738,
   139.53456638965002,
   437.9157065525843,
   -228.4429132393,
   -1392.6504647771933,
   -11714.821362198058,
   -8248.731725212889,
   -633.3401329486348,
   -2994.660223452731,
   578.4949889400334,
   -6763.615657053999
  ],
  [
   -2620.50844291913,
   -1020.3301827258358,
   460.55471438385786,
   -1050.3458306913494,
   -1684.5791434375958,
   -2087.9658420092046,
   -674.2072567038807,
   -2618.338115668584,
   -522.4503144008804,
   -50.76600383893878,
   -9555.007351407929,
   -402.6506792806514,
   -4809.399729827481,
   -369.24231079694556,
   -1866.025033779969,
   -3877.4225216128384
  ]
 ],