{
 "input_nodes": 12,
 "hidden_nodes": 16,
 "output_nodes": 20,
 "epochs": 1000,
 "lr": 0.8000000000000003,
 "output": 0,
 "epsilon": 0.01,
 "synapse0": [
  [
   -9088.094685219292,
   -424.59910613694757,
   8363.811681443298,
   -2780.599243236435,
   3931.2837564603865,
   -25417.69573484084,
   9155.193708879093,
   2688.0079538749687,
   -1459.891596900074,
   -22297.83173558425,
   -13701.585080649873,
   -15223.323076029066,
   -3747.803044521729,
   -9749.841134525195,
   -20061.76189705836,
   -7767.8993670337695
  ],
  [
   3892.6657814079667,
   -2996.9442597189795,
   -17517.21505831977,
   3528.192956418672,
   -5221.182818648432,
   -10160.412803795321,
   -13065.931864581804,
   -8486.204077316763,
   721.9201649977614,
   -16784.951204793582,
   -10030.974421917774,
   2628.9988227092226,
   3206.8465629587577,
   8147.543145245359,
   -6302.979815912983,
   -34984.78838151722
  ],
  [
   12240.031764055197,
   4182.126986708248,
   -21481.088417970775,
   -4032.0811059586267,
   -3241.641046279823,
   24814.856519748282,
   -4849.272864383666,
   661.8414733813718,
   -38.34551446194814,
   -10968.666442209449,
   -32248.721605217277,
   -34573.74609450345,
   7436.829909632137,
   11259.961386212126,
   8581.751604661442,
   -33781.36880386736
  ],
  [
   17705.196168654846,
   4799.895779499721,
   -12037.34328018631,
   -2502.8607063575146,
   -5826.482103926295,
   -73804.49578119724,
   -7869.9782271548,
   -13306.574500439267,
   -4150.336658536617,
   -79890.03865062984,
   -55875.12183869707,
   -54132.24643840127,
   -1727.012205522559,
   -368.50526316917063,
   -20486.026734000687,
   -78248.02667225538
  ],
  [
   3560.1023712415567,
   604.134109875366,
   -19364.4165476033,
   894.8392562218553,
   -2227.201050817706,
   4190.409745291267,
   -932.6692877965131,
   11635.318000767396,
   2157.328056593189,
   -14271.862203122511,
   8158.44844243451,
   -16182.436991111435,
   14070.018487592739,
   -1468.313262260765,
   426.55782498329404,
   -7973.303274273484
  ],
  [
   -6846.452154881479,
   926.0925068504895,
   -1352.417189486807,
   2607.7862510330624,
   -954.1749142800882,
   -61344.99725728051,
   -2985.47513650586,
   -3781.255453056797,
   -1225.9589563468303,
   -47668.635815731395,
   -17033.96470120879,
   -13513.346117112449,
   -1033.5863140175393,
   -3286.6583380866873,
   -50152.745368204894,
   -27576.702986550554
  ],
  [
   -30023.25108689185,
   1465.182200077968,
   -3253.0280442986154,
   5581.028575960375,
   -3477.6218455045046,
   -44621.93972406132,
   -4267.41286807216,
   -8663.572825157065,
   2919.6832201455745,
   -48010.54516042026,
   7371.568484336365,
   -19134.566002058604,
   -16776.696781249673,
   -8907.101739453456,
   -31450.694276437665,
   -11385.14022700945
  ],
  [
   -1441.2444140734374,
   61.15554162159211,
   -10651.591786238814,
   -456.0283448781836,
   -3937.8651805841387,
   -33113.316353864306,
   -393.28483691628054,
   3413.685251194393,
   2698.401281435297,
   -21580.692094090202,
   40127.79440093312,
   32658.22388764872,
   412.72117534301543,
   2291.8394409052107,
   5267.793227827964,
   14309.526245616475
  ],
  [
   2408.157994655304,
   958.2268518962511,
   -2674.978208555606,
   -659.0914797585356,
   683.2744800323977,
   -12799.68068600477,
   58.148486334779044,
   12991.346934903888,
   -2184.9720290492805,
   -13090.57013076976,
   14343.103553742016,
   -11014.590239187484,
   11028.74838144072,
   -2129.899512283647,
   4479.175484601929,
   -4960.850038522965
  ],
  [
   -7265.516217109922,
   -89.08468455720927,
   10810.793968738191,
   -4344.403838887375,
   2882.4317106183844,
   -13281.661866108318,
   950.4552571287353,
   -448.00038225638735,
   -2610.590904209963,
   -21588.624661948495,
   8775.064390082509,
   26603.05364158654,
   -213.17629165550218,
   5085.40326463559,
   959.3919139875791,
   -17941.38208464014
  ],
  [
   -6407.705952190968,
   -3453.2706762352536,
   20703.050902204035,
   -4603.739428389681,
   5661.304858014125,
   -21455.926736469195,
   4494.529129195408,
   -465.54709426484027,
   -1280.959108486546,
   -32360.240834796503,
   -51076.38532623469,
   -42749.35775723495,
   3371.9017477566686,
   -6346.394723318322,
   -12218.499771755243,
   -27251.823292656896
  ],
  [
   -20745.924872141673,
   -3334.4528750961294,
   -12506.020432099182,
   -42.56454387208251,
   -1946.510958132,
   -16036.691927836877,
   -1549.3245658134672,
   -16257.63718481326,
   -3842.7117710937937,
   -19577.910663391405,
   -25305.521424761715,
   2563.951972666132,
   -21605.28811751458,
   -1779.289151618122,
   -39445.918241523366,
   -47194.90354650185
  ]
 ],