{
 "input_nodes": 12,
 "hidden_nodes": 16,
 "output_nodes": 20,
 "epochs": 1000,
 "lr": 0.6000000000000001,
 "output": 0,
 "epsilon": 0.01,
 "synapse0": [
  [
   -3151.3512693278517,
   2359.26401464017,
   -1751.0081315146551,
   430.2557130021788,
   -1463.9536144714073,
   -132.69035090484243,
   4604.919239086136,
   235.02551130897078,
   -139.28049208874762,
   -914.8089935826267,
   -1447.392975401951,
   -1688.3500428319755,
   891.6717853026125,
   227.89908016941723,
   -662.8718396395061,
   -2272.895258908816
  ],
  [
   2892.7490700534813,
   -1965.4931779226797,
   143.78949359490997,
   -289.04165029484153,
   1256.295775318866,
   698.268323860279,
   -3261.27189500953,
   -568.6323709566853,
   749.2202522666626,
   187.85630316628738,
   1216.0321741968678,
   2800.388273174439,
   -1892.7630992021152,
   1502.9262685885885,
   537.6820782427039,
   -482.4551946877326
  ],
  [
   837.8445853612188,
   -1951.2943270185738,
   -1404.4545242701984,
   -1486.0411087329067,
   -83.3389837005168,
   -5660.30283042286,
   -1646.1128489502012,
   -9332.458064779785,
   -2901.0296640399047,
   -2605.2809618588108,
   -3029.7501905481035,
   1645.505776970274,
   1320.8839863962946,
   411.0477941534221,
   -5287.395448894487,
   1635.2555482650423
  ],
  [
   -7047.603465091915,
   -1531.3142343136221,
   3579.0117289638583,
   1626.0337576187771,
   -1727.85741377568,
   -10715.124736044243,
   -3802.961916202991,
   -8361.043910790184,
   -2810.6735280954003,
   -4350.263593404581,
   -1973.0649539592746,
   -1923.7961166861498,
   966.1417685160591,
   -2773.2178793535113,
   -752.4821562597558,
   1450.4469249410593
  ],
  [
   -2823.783659206706,
   2366.9460513609574,
   1034.842231154787,
   -805.0000948946791,
   -308.47677185559223,
   2214.684591523028,
   2372.2012344876516,
   -700.6953949535535,
   1070.5370742513533,
   1559.5258846834413,
   1120.887932688235,
   -2792.8608793970416,
   -743.2902704871684,
   53.63741478108557,
   1847.3698031925253,
   -2437.9329926293476
  ],
  [
   -1607.9394249229022,
   548.3719403294338,
   -2776.4728063139682,
   515.288971397301,
   -1749.2372091771508,
   -855.8404014065098,
   726.0377199453169,
   -5842.089289577904,
   -300.41069912588574,
   -866.8107866938324,
   676.1839574863188,
   -2190.15814433002,
   -1630.330657492039,
   -681.6777008046981,
   437.2917709701272,
   -205.47465857492267
  ],
  [
   -5128.952022429428,
   4386.043284628576,
   -590.2113341945266,
   -686.619167089675,
   -861.6018012478627,
   -5637.690665632939,
   -3253.379031126691,
   4065.7862984187223,
   195.58734710884957,
   -5837.785979394829,
   985.3988634011932,
   -1598.7798844453448,
   1444.4970533608105,
   -2656.1239926737317,
   1418.6077128659515,
   2197.89703025604
  ],
  [
   3377.022259282207,
   -3196.314056506726,
   -3156.8741856588244,
   1637.3275344496521,
   1005.7991667797279,
   -5145.327725495488,
   -4755.40217851133,
   -3215.206133469181,
   -1112.2073613966734,
   -3642.8200804095336,
   86.80197808600637,
   306.03142400298583,
   755.2125732450028,
   685.8112027772152,
   -1970.1660830109709,
   1821.0215640806
  ],
  [
   -1200.937837363249,
   -5923.665031130012,
   -5411.812099292164,
   280.58031990991344,
   1350.5776889965769,
   -3015.38555232161,
   -2262.0028569197534,
   -8189.788256382816,
   -2615.7727300560123,
   -2815.993859523055,
   -2463.9361658080948,
   1394.2280555311281,
   345.50019199880353,
   68.90739787079256,
   -4920.58850233996,
   -1409.7773662504712
  ],
  [
   -2451.169126714289,
   406.76936067575093,
   3251.3473036886235,
   111.42101971990893,
   -1562.8118075024588,
   455.4699802508836,
   5312.07787146704,
   -4064.2159866942584,
   -1048.4505149333086,
   2503.9533001588543,
   -1717.1754771761941,
   -2870.3569790894812,
   -210.07036017058095,
   -1370.6580656621907,
   -631.5314303776875,
   -552.8846440307542
  ],
  [
   2530.4176904886726,
   -2327.067310090027,
   227.3260392972982,
   43.99807664284433,
   -744.798135284025,
   1922.41764992875,
   2573.503186980005,
   -1079.076344145907,
   166.65895650558647,
   43.7322437317965,
   -1289.755416945835,
   1485.4846816614538,
   -1059.3847719682515,
   1322.9477255565232,
   -786.7948395386015,
   -3239.717580645048
  ],
  [
   1153.6525376663255,
   -438.3812739026408,
   -669.678985108187,
   -628.8599555124167,
   904.1366833116584,
   1920.7892926577779,
   -1903.9281845352807,
   959.669371045934,
   904.3273068496784,
   606.8573899367931,
   732.6651927425406,
   807.4582746433772,
   -978.3575319779235,
   -101.51086200012391,
   1417.1967714285179,
   -682.0584452513466
  ]
 ],