{
 "input_nodes": 12,
 "hidden_nodes": 16,
 "output_nodes": 20,
 "epochs": 1000,
 "lr": 0.30000000000000004,
 "output": 0,
 "epsilon": 0.01,
 "synapse0": [
  [
   3215.184557211154,
   -6355.325934998348,
   437.0172971661444,
   -780.0471099382427,
   2839.0052819028965,
   -869.2399498450706,
   4069.179913548286,
   2312.058608028695,
   2752.147042737295,
   1537.3743704806857,
   527.9071621380084,
   2671.6529633691052,
   -8700.82732897665,
   3169.487454421222,
   -4862.1065757996785,
   -5172.883710875468
  ],
  [
   -7492.845332797413,
   -1996.3142043135415,
   -2644.2952532155987,
   -3924.937523869681,
   -6947.90745339557,
   -1742.7250884484467,
   -7606.746813254245,
   -5625.100244338835,
   -3918.583345342172,
   -7064.075985949209,
   -10600.405870969922,
   -7041.754398616488,
   -8327.960366237827,
   -6989.630192422132,
   -2003.8928853858592,
   4849.902477124791
  ],
  [
   3389.0311206485826,
   1042.3461506072272,
   2302.3353757242157,
   -10870.400142695742,
   6095.659239742703,
   -4000.2873540615083,
   -2322.900642608284,
   -1245.360284690702,
   -5454.47258862373,
   6041.991329493219,
   -877.4999191048377,
   2852.4519766789745,
   -37752.109639131464,
   2560.720050138017,
   -6853.55211296059,
   -4345.777998370331
  ],
  [
   2846.3182367822596,
   -484.19510446998555,
   1461.1595888606262,
   -17271.838931886927,
   4391.036507382086,
   -3581.986730137104,
   -2541.8404950786817,
   6803.480180363035,
   389.1968499720112,
   -1600.7310923243701,
   -1711.418577006159,
   3703.8549736229443,
   -28543.540369777274,
   4491.795695554576,
   -3371.73943357009,
   -3090.2684554721727
  ],
  [
   -3704.279547235641,
   -13792.000412719972,
   -2584.4564450088687,
   2542.231291159096,
   -837.5089844034356,
   -2344.8220790956666,
   -1952.898818066255,
   -5196.260644188434,
   -4173.8741347888035,
   -3023.588330872373,
   250.63637418114752,
   -2042.1127613162485,
   -24474.49830755261,
   -4178.849554574202,
   -12570.114496901268,
   -3769.152518508373
  ],
  [
   363.0739736268174,
   -359.0679411676033,
   -4010.0444545749,
   4775.142875197989,
   -592.5034925266162,
   -2973.0805182507074,
   -3356.2029204502287,
   -1998.9160484452123,
   -178.66085224580038,
   -343.8121895072093,
   -2175.8338116940645,
   -603.7356020759845,
   -12416.578327480947,
   1182.8125105722843,
   -9897.517512892204,
   -2143.09764627705
  ],
  [
   -3526.4885605245736,
   -8557.754810048718,
   -1264.2267245851638,
   -6507.477234513423,
   -3385.019353528427,
   -2856.021250943088,
   957.1896209800832,
   -2184.215282628917,
   -1661.1209410050137,
   -2701.5075476183015,
   -7334.206474952269,
   -4421.785920911065,
   -16180.333849368757,
   -2437.9031638535994,
   -6884.720385544439,
   796.4048688229233
  ],
  [
   1873.066240225136,
   10352.942165300457,
   2228.239274626705,
   -6206.330194539215,
   264.48346420476713,
   -2431.7031782831546,
   -70.13663930569462,
   2952.036667215748,
   -361.437032476875,
   402.0364875934617,
   -23798.91162700501,
   -2162.47431496357,
   -6206.311358207946,
   1189.466939763627,
   3614.8975673449154,
   1928.415410811427
  ],
  [
   523.8778457140431,
   3530.6178488394257,
   1042.2257474914081,
   -1076.5148970180192,
   -327.1081428753679,
   -2004.9968386533876,
   1110.1359280131064,
   2248.4669922567386,
   -2388.0198268311083,
   1045.2845299461828,
   -3561.9654705884,
   2435.189712345671,
   9126.800185601482,
   2302.5906801497104,
   -4375.232619650732,
   1140.9708483063473
  ],
  [
   112.2041416871116,
   2800.9545079615923,
   501.3688854610305,
   -474.3692421030499,
   -1542.5326999257313,
   -1355.2063569093064,
   -2684.427351615128,
   2029.1001505619918,
   1891.5559699044807,
   -1192.321669249398,
   -1431.1916811117933,
   1040.9829273019905,
   -14958.863109606105,
   -303.6827317644202,
   -9782.668623755142,
   -750.3539290473133
  ],
  [
   -9118.374175761892,
   -19054.335338958892,
   -5341.188956501264,
   7209.8034432211425,
   -6635.7752205367615,
   -2575.61379590829,
   -3218.940138326309,
   -13348.829867018754,
   -6027.65043147187,
   -4878.690803369138,
   -10567.561491709828,
   -5397.618379000415,
   -6383.4304950088435,
   -11049.078551756873,
   -3141.580238131005,
   -5783.649223144004
  ],
  [
   5506.767380098753,
   -5754.636824973076,
   2.2457953215369906,
   -15405.861612074306,
   2250.697580398084,
   -693.3449110850594,
   1326.802678437077,
   7332.9710560959375,
   7529.2496518168655,
   -1646.2029056069257,
   -3369.0024601373448,
   1618.0137414983874,
   -38078.581101009215,
   6380.69061088254,
   -18916.402880305246,
   -292.19085363659684
  ]
 ],