{
 "input_nodes": 12,
 "hidden_nodes": 16,
 "output_nodes": 20,
 "epochs": 1000,
 "lr": 0.4,
 "output": 0,
 "epsilon": 0.01,
 "synapse0": [
  [
   2656.3060443697445,
   -5506.876583393346,
   117.70423513819152,
   -98.36417374316193,
   2182.6813641885233,
   -639.2513357379577,
   3893.4526315551816,
   1721.1904124247694,
   2639.8922074447933,
   1142.4086062889962,
   758.7455388538505,
   2339.607225996521,
   -6073.323945984221,
   2746.670868590297,
   -3463.6604578122997,
   -4339.479023620258
  ],
  [
   -5923.305931122345,
   -937.7830779218996,
   -2151.5078450003916,
   -3037.0290320584677,
   -5491.5383855875225,
   -1411.5083923133614,
   -6648.503286585221,
   -4127.067270753302,
   -3648.714109341684,
   -6082.614812942925,
   -10556.588327715453,
   -5984.556078921648,
   -5582.443318145877,
   -5822.7462747358495,
   -843.1889179976823,
   4052.339854496902
  ],
  [
   3427.95241600345,
   845.4174341144109,
   2012.613098346237,
   -8920.944966090332,
   5380.175890026719,
   -3441.04590497154,
   -1854.1362188369321,
   -938.2602060515146,
   -4909.030889706535,
   5187.396773384948,
   -948.508410952067,
   2261.659358689482,
   -31936.72586230644,
   2153.8503710572286,
   -5425.099900232482,
   -3467.1193700637427
  ],
  [
   2134.992485559322,
   232.37892982180404,
   672.2520430865638,
   -13729.751342395428,
   3594.685239102082,
   -2993.0095573214403,
   -2346.967210019815,
   5077.629629598822,
   -750.77795075374,
   -1319.2894057024753,
   -2094.791002574972,
   3157.932271107694,
   -22184.906529745866,
   3549.443931576198,
   -1276.6322915345636,
   -2504.392154809077
  ],
  [
   -2331.872899644557,
   -10445.90876838374,
   -1546.8303211419793,
   2140.6969471879916,
   -117.54181694813573,
   -1923.5570454895344,
   -857.7862288143501,
   -3315.502363930572,
   -3762.362777888637,
   -1294.636647047483,
   -390.5495491273843,
   -1166.2937792827352,
   -18008.064615563373,
   -2909.4889614276394,
   -10179.831209308693,
   -3047.0907339298983
  ],
  [
   46.20260266685353,
   -2100.2597418706155,
   -4043.0159300082682,
   5224.09549648993,
   -834.1488956819619,
   -2712.92463970571,
   -3892.5429937374843,
   -2726.319349155623,
   -0.30353150181718214,
   385.7035613745835,
   -2646.2510721688154,
   -894.0427072870184,
   -10894.926889110508,
   433.48277440913324,
   -6976.5197753609655,
   -2250.8048721410323
  ],
  [
   -2477.8687463382653,
   -5978.942327165217,
   -1231.0889728024406,
   -5048.505038172727,
   -2698.779664083244,
   -2304.6420128603695,
   1533.8731785568218,
   -882.7905361090242,
   -1183.2523941380005,
   -2749.619354961575,
   -6339.20962983588,
   -3798.2166808027514,
   -12323.73416222486,
   -1968.8049210777694,
   -4720.492454794675,
   883.4577296181163
  ],
  [
   1483.2553716300797,
   8065.067856866552,
   1478.3780433665115,
   -4241.081035239855,
   72.22515128967206,
   -1914.3195562118024,
   -155.79235059964458,
   1902.2770614495835,
   -894.5133799073404,
   179.9481040182119,
   -21483.982931796127,
   -2317.402133843792,
   -3458.6745744627347,
   467.53677405554566,
   3689.224183531185,
   1573.7546830845133
  ],
  [
   24.569115705227414,
   3892.300970004789,
   762.5246407846563,
   -688.1542981389068,
   -741.209785563152,
   -1783.6628448709364,
   804.7286293528515,
   1427.9690917063278,
   -2502.337721085395,
   659.7101240348256,
   -3798.539519522941,
   1947.8438276355537,
   8156.342156946146,
   1731.5967668104386,
   -2806.4258043203995,
   1352.1927733551531
  ],
  [
   -353.1834208605191,
   2017.834115490607,
   -466.62690139150635,
   850.1044561529226,
   -1636.1408936859073,
   -958.5046776504444,
   -2751.3420003934784,
   435.95597704584657,
   1045.9809871473835,
   51.634112475500736,
   -1437.8188790178074,
   431.9632538114002,
   -10641.066423109576,
   -512.1729206457026,
   -5740.081612669262,
   -880.9191348041095
  ],
  [
   -7737.119118359662,
   -15136.690298585578,
   -4396.667190458149,
   5942.278322230526,
   -5688.148025859103,
   -2264.2472492882002,
   -2669.8745445744776,
   -10703.934594919518,
   -5038.061308536596,
   -4762.676437880587,
   -9709.06987470918,
   -4335.716430502026,
   -4430.549511847195,
   -9604.532829289685,
   -2239.8994375015145,
   -4730.5502307855095
  ],
  [
   4932.011107369652,
   -4532.577623611632,
   -475.1903133709819,
   -11134.167157917278,
   1683.9500579838493,
   -339.97366055630056,
   1191.3312896101647,
   5899.210404132591,
   6289.202471323709,
   -550.8364721288737,
   -3871.8076656337016,
   1420.5839218701385,
   -29770.6365357807,
   5605.0224929803535,
   -13967.281823327694,
   -307.2819629912225
  ]
 ],