{
 "input_nodes": 12,
 "hidden_nodes": 16,
 "output_nodes": 20,
 "epochs": 1000,
 "lr": 0.55,
 "output": 0,
 "epsilon": 0.01,
 "synapse0": [
  [
   -191.23685661999787,
   -162.17745146113094,
   445.58696065350694,
   -438.6572180283398,
   356.0018502478581,
   -530.3714383390316,
   -433.26448890343914,
   -1414.290326155897,
   -1185.2168619718261,
   496.3966092838818,
   -880.9092278854495,
   596.9640289455587,
   -475.8207745392207,
   -638.0291327110133,
   -494.0794224995501,
   -768.9318256161365
  ],
  [
   301.33838668167317,
   -224.04711333148796,
   -680.561327279322,
   499.2935921272977,
   -284.32484319285976,
   256.8614429220466,
   -790.0093530998466,
   2394.178923503921,
   226.10016796571966,
   -838.6512454125923,
   660.4427216095538,
   -271.74888031834524,
   -267.4535157312565,
   667.4849946961696,
   -91.61174238563699,
   -909.4091228438228
  ],
  [
   -272.91913451299433,
   740.4276152043705,
   -84.99862233952723,
   -2776.8726344904244,
   -1384.727697110951,
   -1277.2036200271307,
   2740.359845594781,
   110.19943502562708,
   -1528.6763012758577,
   994.4401315549114,
   -2009.9553226342634,
   -147.18544308090046,
   69.63311496725662,
   -39.6594370291138,
   -65.67736009034519,
   -839.036602440541
  ],
  [
   -1071.6607570945675,
   -480.67297836730177,
   1007.0738521182936,
   -5988.089501228259,
   -5047.2933021853305,
   -3686.7871172527957,
   -2513.5705208529876,
   1236.490030291353,
   -719.9413880796523,
   -65.90496108894,
   -3376.8809569141154,
   -116.61585840822613,
   -1480.8091075603675,
   -3532.253525928579,
   -2598.0706823492155,
   -4578.33905816069
  ],
  [
   -1058.5561623832743,
   15.699830986417796,
   303.63637135726987,
   -2473.073819951257,
   -2765.030418343637,
   -965.0486744104516,
   190.3124790380943,
   -686.9974379650837,
   409.04849108955744,
   53.21003656858437,
   -1419.749654445172,
   -402.298226068745,
   -701.7224105871048,
   249.9054230303056,
   -101.8879232102912,
   -30.456469058125975
  ],
  [
   181.58077090835195,
   -189.27224892697163,
   84.376619417294,
   477.8434508563804,
   2534.8690341626825,
   577.5451687075849,
   98.68020195312072,
   -1664.5576540323843,
   106.21247880433705,
   -646.7698080415751,
   985.403004606722,
   -192.28522682979408,
   -617.9239633010624,
   -1310.0193604185051,
   351.4461590183244,
   -69.8781025745988
  ],
  [
   -309.1657459833575,
   -145.14164531963527,
   -87.1231588121245,
   262.45695279343903,
   1256.3518966408528,
   -302.20244979979583,
   601.4195876573723,
   -526.9036893674071,
   38.671890762824056,
   -291.37030659245175,
   114.90515304077292,
   57.04143427511371,
   -876.2441061522848,
   -585.0546936863083,
   536.3475377445964,
   -629.81273982917
  ],
  [
   396.06377523334396,
   80.22017032491335,
   -420.6402567223045,
   -353.57517107935365,
   322.5800853305702,
   288.14593281971815,
   241.1148957321972,
   -688.3358596713337,
   -907.4398843950819,
   -225.34872469059133,
   -1242.4882171081492,
   -184.57921890579632,
   252.35136189639212,
   2570.8841399777257,
   -1255.3152906845196,
   662.1370368056223
  ],
  [
   -477.2682555388012,
   -182.79414744534375,
   119.23824670946742,
   -2537.3802725969585,
   -2535.7859760596634,
   -299.4525188124547,
   -474.6774926959474,
   -892.2197833253236,
   298.43330599459114,
   -415.51748410867015,
   -525.312498223227,
   144.48575737942198,
   -30.07326938967689,
   -882.9520392905504,
   -629.4067500824633,
   -1276.807699004776
  ],
  [
   222.38601177777056,
   -31.193485803349514,
   -410.6261737531884,
   -864.8882915015404,
   -600.2385131292831,
   -1914.126442527746,
   -647.785126530902,
   -1184.21790005063,
   -211.62483128866734,
   230.6900710912469,
   -1998.4660827451937,
   58.99688489842588,
   78.97763092715017,
   -1201.0694685227384,
   -1685.6222595522759,
   -928.7622286937182
  ],
  [
   616.149219719119,
   372.918653695347,
   19.941231065076206,
   -1169.5649862661587,
   -700.3845267218749,
   -834.3818493149901,
   -706.591755302777,
   1468.5278665194564,
   -22.17625356483333,
   -330.1337330479087,
   -754.6543645380787,
   -638.4718912090686,
   119.64852726328581,
   -412.38702847520574,
   -1092.127505109539,
   -1489.3791500374712
  ],
  [
   683.9661621824037,
   -212.99574738442345,
   -1033.1184177884684,
   813.5996506226571,
   -3259.5692315191864,
   -2874.822943400775,
   -4132.569291422351,
   -3250.8908111515616,
   1363.0050906312317,
   321.5075622222128,
   -3462.474355447879,
   530.7404652709938,
   834.3845880568915,
   -545.3477654136005,
   -2763.2073347800474,
   1156.4153929357524
  ]
 ],