{
 "input_nodes": 12,
 "hidden_nodes": 16,
 "output_nodes": 20,
 "epochs": 1000,
 "lr": 0.4,
 "output": 0,
 "epsilon": 0.01,
 "synapse0": [
  [
   -22919.53018850686,
   -354.9101013250122,
   3850.9204027406354,
   -3167.06756387568,
   -20457.530624035582,
   -331.473851722903,
   -24970.065711363673,
   -13990.852874020295,
   -2972.784622912738,
   4568.087010023868,
   -2780.604546914393,
   -15949.416122663337,
   -8046.432392818406,
   -12190.064417167432,
   -5466.470390498281,
   1939.5744085620206
  ],
  [
   8150.362450917731,
   -1950.7438606046394,
   -4607.861456697167,
   8404.862134309842,
   8795.599375242353,
   -185.59634203614476,
   13378.24497708644,
   -8562.273741007206,
   -128.9842688201058,
   -5661.816625585401,
   -1515.3218123232152,
   10708.128367991543,
   -2573.013214525249,
   8132.27812935533,
   -1766.0213724268124,
   -2373.8403682100165
  ],
  [
   -68614.60904434296,
   5667.189487912206,
   5020.482068947657,
   -21439.39496121475,
   -65586.87493789848,
   9302.099098358269,
   -16673.33576637328,
   -17802.98913101146,
   -3197.54614878394,
   4046.28122924833,
   -3004.663466155623,
   -45895.49464618628,
   -19858.75000178825,
   -23284.67873206652,
   -2706.467372259375,
   -1243.941061576675
  ],
  [
   -14637.065523600422,
   44.68000491527831,
   2965.319601012557,
   -33666.5810881791,
   -56890.56729018311,
   -16359.588590476207,
   -45207.33042002993,
   -16468.8763252174,
   -2809.1198316262153,
   5059.527026707268,
   -20744.018173022814,
   -42352.816086674546,
   -5671.256566671267,
   -19668.630039399417,
   -2803.237494828495,
   -14057.484908311817
  ],
  [
   -20128.834033830783,
   -861.5352798030646,
   915.2625728970428,
   -14226.89532563099,
   -37317.80029169086,
   6051.456629570327,
   -28885.685288159664,
   -17822.581994858574,
   1156.8228847754638,
   934.3570153059901,
   -4596.192639346432,
   -36551.480214365416,
   -13157.084178356125,
   -22230.020835189312,
   -1558.5297030463369,
   -2867.5818243683093
  ],
  [
   -16614.59177821167,
   -1286.9204188583365,
   -1639.8754232649867,
   6641.478541165231,
   -18765.255364833516,
   -3311.4182385864533,
   -21579.080792392608,
   -41351.252189289655,
   -611.4597933901734,
   -2194.6270094410625,
   -8676.281205191128,
   -10189.862064450956,
   -16873.034567616953,
   -10518.539901822178,
   -18151.54696044781,
   -2019.1430541703533
  ],
  [
   325.8735188281347,
   -607.6450990877912,
   -264.3516602384447,
   10540.93264846915,
   2591.9086972192,
   1589.607342512782,
   -4110.753113529001,
   -23689.538030570762,
   -903.4959787619533,
   -1663.8442755424564,
   -2254.2385993475423,
   -211.4866670195052,
   -9951.290401516126,
   -2865.835708361965,
   -8411.625572390469,
   -1832.4280910135697
  ],
  [
   -53609.42297612127,
   -1866.4562300475156,
   -1474.285374419877,
   -5923.311005370553,
   -36844.82602947331,
   3849.656171413993,
   -7898.316403029979,
   -8275.1870956867,
   149.77788930644823,
   -3427.9490418388477,
   -1867.0061230005797,
   -11243.015628128296,
   -10293.742271377934,
   -14412.028035379919,
   -4750.2860938057365,
   4088.259682835958
  ],
  [
   -2394.96584305584,
   -3152.1480446528067,
   -1056.8658933753234,
   -6020.949959391373,
   -21726.38708097382,
   5522.460054484445,
   -12469.643672193211,
   -12100.56897587516,
   -488.0929368603529,
   -428.3495327029091,
   -4616.617690553171,
   -14995.59943848925,
   -1461.7054828796608,
   -10042.411748972365,
   2032.9805039230707,
   540.6859050109059
  ],
  [
   -10676.39806058391,
   679.5881621600976,
   -1406.3933591310156,
   -7797.434138474413,
   -19781.081091400767,
   -11286.833657041036,
   -13294.07677509242,
   -14450.467699162478,
   -33.05857000388843,
   -631.5766818124849,
   -9958.5907403898,
   -11031.301638740728,
   -3532.0210102301926,
   -184.12429378684544,
   -5643.543628531435,
   -1314.82490643606
  ],
  [
   -12187.991873088502,
   3420.0082727012173,
   -2012.2395799548483,
   -5847.856790628861,
   -4168.122674466347,
   -7455.4625801535485,
   8664.279893010102,
   13374.372656202953,
   2014.7670496681549,
   -4373.821255901751,
   -1794.6875882369848,
   8392.679838549171,
   5501.234677961609,
   9008.412818765828,
   3930.974419294938,
   -1539.92998988378
  ],
  [
   18551.25477613475,
   -3712.0842807325657,
   -3835.8851534096766,
   -6713.835679658802,
   -1058.970416569034,
   -14969.523300649325,
   -29434.202226773996,
   -971.1382315304809,
   4791.588227266412,
   -605.4629347128481,
   -9599.46115278187,
   -13051.91922776489,
   8726.854274517478,
   5798.093946731589,
   -2961.2125479518054,
   6135.717126223126
  ]
 ],