{
 "input_nodes": 12,
 "hidden_nodes": 16,
 "output_nodes": 20,
 "epochs": 1000,
 "lr": 0.5,
 "output": 0,
 "epsilon": 0.01,
 "synapse0": [
  [
   -550.7020733852844,
   631.9000242165514,
   -1783.1596514290886,
   -644.0079028917952,
   -493.21162660761286,
   -1738.708801825654,
   -417.92488146064665,
   -2265.5970144782664,
   -65.30529913698616,
   -955.249027540991,
   -2170.684051485283,
   739.8590836622355,
   -1509.584765469626,
   -1135.1349185318018,
   -1001.0994042971998,
   -2634.978598134991
  ],
  [
   1523.8420052259714,
   -4298.24022763703,
   -1366.6432075489022,
   2437.431093465074,
   2411.6930766078417,
   588.2405892166639,
   -128.43692561916944,
   4795.075632332429,
   -4153.134553286786,
   4985.8763096112125,
   -356.14756692460617,
   -4647.24347607351,
   772.1076983714344,
   5665.97120361882,
   26.110320156885184,
   5727.997165361535
  ],
  [
   -501.5636224038802,
   -6469.264644657803,
   -13559.794778866339,
   -302.29264217224716,
   1024.2262098808496,
   -1308.5494732314476,
   3449.793528246997,
   2162.1194543056154,
   1527.5100112464197,
   -3296.6341686141022,
   -1.5653250788866198,
   -2156.528757114206,
   -3338.433849724589,
   -2683.052160101162,
   -8124.3438430864935,
   -713.3891041917818
  ],
  [
   3977.882912723823,
   762.2988314958837,
   1827.0654204558884,
   263.8460539513511,
   -370.23782464692306,
   -3671.1737561471273,
   1024.2905204035972,
   -88.49232033222212,
   2897.6238184668246,
   1502.2602815764428,
   -4774.787574011853,
   -3485.2471269050807,
   -1991.1412362498206,
   -3162.6659168645197,
   5881.521151426378,
   -5822.884473377835
  ],
  [
   -201.6228600636624,
   732.2676568856269,
   -2207.723654614808,
   -1816.3776300137795,
   -1635.7147686809406,
   -1350.3455445845184,
   1277.474145168329,
   -1041.0125588730486,
   869.5539643739777,
   -3463.8399208130945,
   1534.2311161669438,
   277.40344903899046,
   -1395.9750605205268,
   -2354.675983611256,
   -4950.8009354551305,
   -1237.3381058316452
  ],
  [
   -2959.280791031861,
   425.9502361073872,
   -4180.0253577136855,
   -3307.0132042800333,
   -1912.036108627626,
   850.6695139432701,
   1250.1250422188073,
   -1387.2290679513485,
   941.6577015290623,
   -140.44769058418012,
   1187.584703835577,
   1135.1647493068838,
   -2670.817196016806,
   -3874.450115188653,
   -3333.72108581628,
   -6337.870055632996
  ],
  [
   -784.7685367775653,
   625.4422226585468,
   1629.8197627135226,
   -876.70123121347,
   1112.5549055261727,
   634.7531751624724,
   -905.501553984774,
   -273.5519270679763,
   -599.7685455564707,
   -4034.167774178161,
   1542.2624051941198,
   -1567.334054790573,
   -585.0633469661301,
   -616.4046401743178,
   1578.481377997122,
   44.49138381786872
  ],
  [
   -690.1437855168401,
   40.87317286072345,
   9131.747394380456,
   1635.5216678080417,
   1279.2199883534959,
   1549.835196409549,
   -1243.5426838615185,
   -4061.0178951501252,
   926.5810299439323,
   75.43405091372162,
   -2776.6988739954286,
   1652.0387336852955,
   -1330.4284558462996,
   1742.9812145486117,
   4758.837941122707,
   -5.070316555222561
  ],
  [
   1782.502270987776,
   342.47404968410314,
   -6.80905663438687,
   -1222.8814701079282,
   -1221.196231643509,
   -866.765110436719,
   595.1017198002759,
   -3093.102595492188,
   857.0876504890853,
   5281.201933715453,
   -1587.278530654917,
   282.28893228620416,
   -2600.24607604682,
   -1278.4134909287347,
   -575.5626406616748,
   -3708.228805954106
  ],
  [
   1334.3586651676446,
   -2027.311217224317,
   -7870.969065138903,
   1453.1672489082812,
   -622.5796520970986,
   -4427.484931639566,
   -1446.986502982236,
   2538.562090618515,
   -1132.125082731855,
   -155.95340801825293,
   246.4396142052208,
   -1389.3500751544168,
   2092.6321365850586,
   1722.2354401025245,
   -2279.5118122517406,
   2585.5798653135057
  ],
  [
   -2720.9900997250797,
   -666.0934377223872,
   746.5523569108517,
   -2353.304044539655,
   1516.6620473394419,
   808.890581754811,
   -2664.1312176577676,
   -4905.941958183719,
   -1523.2734267530427,
   -5024.392122391647,
   -2613.1084473089045,
   4615.624845976024,
   -1518.0573074168017,
   -2744.3104140734704,
   -2008.6656026047417,
   -736.7348724860168
  ],
  [
   -3183.8176601492205,
   2820.6354293913846,
   -820.4710372600232,
   -1226.4130659906948,
   -2341.1637714489216,
   917.1117504568076,
   -693.2826384386938,
   401.96916480862444,
   13.212284565634866,
   -3372.5881011468387,
   3003.1236414379205,
   1039.585743601763,
   3125.6191808016174,
   -2100.809015933581,
   -4480.035658530947,
   997.7298566956034
  ]
 ],