{
 "input_nodes": 12,
 "hidden_nodes": 16,
 "output_nodes": 20,
 "epochs": 1000,
 "lr": 0.8000000000000003,
 "output": 0,
 "epsilon": 0.01,
 "synapse0": [
  [
   -809.9312212665546,
   1537.6570638620458,
   -1360.8646952754852,
   -907.9611496830141,
   -682.3618523094513,
   -1459.6228762714447,
   -283.26419661811155,
   -3097.583841576448,
   101.4145289737356,
   550.9899035313267,
   -3429.4445966805156,
   587.1348503154901,
   -1351.8172205027447,
   -655.8912621060516,
   -180.52108142100633,
   -2920.6505121185182
  ],
  [
   1600.1708167125935,
   -6188.146710341434,
   -3645.702552885709,
   3185.8323659806115,
   2815.168878412234,
   1354.451773762966,
   -0.5801853928188989,
   5618.423660235554,
   -4852.029442987611,
   5886.65430742501,
   607.26205881173,
   -4796.093962792615,
   1632.6953084473366,
   5565.349614744953,
   95.88519512627269,
   6095.515821302939
  ],
  [
   -93.73698579531698,
   -5999.54111155546,
   -14166.685100726125,
   -147.6831143180013,
   1213.204875023623,
   -2743.0860829577596,
   3420.2000311178117,
   1457.4176984858661,
   1469.849033289744,
   -2524.4991039762936,
   247.9872910482714,
   -2215.1779613791095,
   -4012.6998978020047,
   -2711.2939707802343,
   -8560.159546461118,
   -1131.8109020538034
  ],
  [
   4204.217363931578,
   1202.599369625256,
   3988.2639633207336,
   1019.2380563783483,
   -880.4034033003661,
   -4139.196463569351,
   1066.2588388239712,
   -182.66267021760683,
   3290.4070131750827,
   2805.8685115242574,
   -5141.417980970069,
   -4207.385173556803,
   -773.7422617794001,
   -3313.624912985314,
   5356.043013276698,
   -6331.0308481728125
  ],
  [
   305.28527998144284,
   668.6236476133286,
   -2865.2318111058544,
   -1287.3459158971666,
   -1809.5384811530366,
   -2739.3982493013095,
   1552.0219069123686,
   -190.61880434989126,
   66.36179457738517,
   -1177.2667514279894,
   1264.9295226159097,
   93.37483542283186,
   -1593.2176106992047,
   -2070.7209531523713,
   -7568.840871274373,
   -1153.2160452272187
  ],
  [
   -2892.6228218686965,
   287.4563521795226,
   -4176.885963943867,
   -3851.3296350227884,
   -2862.262966717148,
   2342.203658655876,
   1647.4866704806232,
   -717.707173676285,
   995.8838147556895,
   -1600.4319605557519,
   749.6846723817871,
   1439.1138236795184,
   -2096.714006917099,
   -3604.7607642457656,
   -3693.7168862573235,
   -6731.436289009497
  ],
  [
   -201.46971471862588,
   -451.3293703875279,
   330.9825329574956,
   -1150.8645851572744,
   991.8214489552091,
   -185.69503071190854,
   -824.6306395527325,
   609.056058460954,
   -912.4632391732139,
   -5380.592424111282,
   2254.484139752352,
   -1428.9834092801873,
   -839.4267897337293,
   -1153.2309241597468,
   139.5261181340641,
   -289.94583873629307
  ],
  [
   -1326.655362804342,
   -535.3828557427565,
   9088.413397217219,
   2236.433461944168,
   1853.81150889828,
   3228.2096605837028,
   -1480.1633376795694,
   -5467.641707007295,
   1826.0920055460738,
   -998.4080762080542,
   -2330.5183349557174,
   1890.6396138747132,
   -1756.510354833449,
   706.1547396916327,
   6397.950024420404,
   -339.65543594245054
  ],
  [
   1692.2522840506613,
   -275.4887683331102,
   -2046.1596173972284,
   -1510.7169926546794,
   -1285.1287123859022,
   -1255.0018130866738,
   561.9248925165838,
   -3390.8235376524626,
   922.5994045192388,
   6248.731852147406,
   -1710.8498256095402,
   689.9492033106387,
   -2742.96445361125,
   -1587.8782439682557,
   -411.68460609123565,
   -4133.264481943836
  ],
  [
   1258.6108046254876,
   -1009.5228140592613,
   -5262.086786014591,
   2051.89191439822,
   -330.4201327417773,
   -6759.926241471912,
   -1736.7672738593417,
   1798.9294786907194,
   -1081.288158309224,
   264.8965339769228,
   667.9425839673555,
   -1897.043892746933,
   1354.4933135764934,
   1808.9638214878175,
   -2476.39870146207,
   2371.112640190286
  ],
  [
   -3388.3671620949044,
   502.1775684882168,
   4148.060129026318,
   -1713.2739939355395,
   2125.6106356369414,
   1395.82285771937,
   -3058.8367069305236,
   -6723.862681701192,
   -1271.7975071020248,
   -4268.72089171312,
   -3285.545509671931,
   4367.264623550773,
   -1975.5206525921697,
   -2771.194140300512,
   -926.1314023422532,
   -584.6824588719688
  ],
  [
   -3233.342686120874,
   4269.976123188652,
   -593.4225264386967,
   -880.7870753209917,
   -2303.3705813205734,
   -823.6689019709249,
   -973.7567895951784,
   255.50519281922067,
   -171.6342055695819,
   -4033.978400695207,
   3407.23288661137,
   1036.9604392991907,
   1658.3198318552334,
   -1253.695074007232,
   -5070.714915919907,
   565.5924677975381
  ]
 ],