{
 "input_nodes": 12,
 "hidden_nodes": 16,
 "output_nodes": 20,
 "epochs": 1000,
 "lr": 0.6000000000000001,
 "output": 0,
 "epsilon": 0.01,
 "synapse0": [
  [
   1989.3846555769712,
   -305.3275440289365,
   -1518.9979847461027,
   15.401482946249182,
   2480.7650717835013,
   839.6768767398553,
   -2485.1043506754054,
   2099.09245011019,
   2302.737715647939,
   453.6598318886504,
   1742.5482128321694,
   32.80090049289346,
   131.18869464419322,
   2088.5579409580605,
   -727.7246350680699,
   -193.0027537402003
  ],
  [
   -3050.1062186448867,
   -1299.4238440655324,
   2153.087005918112,
   -307.1945222466256,
   -4424.93035937636,
   -2659.9515647361395,
   2865.622784773307,
   -2585.5503718289174,
   -3697.4550745801844,
   -818.9919763952938,
   -1461.0476649037428,
   -420.48796794872067,
   -1737.5917646166345,
   -2031.7017446851671,
   165.48166363227804,
   -419.14227882644076
  ],
  [
   -888.0981067823467,
   347.3318647782855,
   1894.4401430383584,
   382.39553067141543,
   -3797.374383034454,
   -276.47146674155493,
   1989.1424024165517,
   -1783.856122431206,
   2833.6790249671935,
   1338.0649148074729,
   3165.767662316247,
   -144.51897902214907,
   849.919902035277,
   -1412.6729630875275,
   -2935.451147266388,
   -216.00282592379693
  ],
  [
   -5012.971967526209,
   -7843.978694422402,
   -669.7054940833004,
   849.4796661288069,
   -844.196718226612,
   -3095.394709090009,
   -4513.849702651262,
   -5336.7648236200275,
   -3398.9803513768707,
   1143.0032378397684,
   -377.0701549975894,
   -2921.1586558509034,
   -5679.881340489365,
   -10685.210425992025,
   -1158.635170607674,
   746.8523731456125
  ],
  [
   1356.5819746639097,
   -2838.110506851887,
   133.9161350191342,
   77.46734679145085,
   5804.071869985605,
   676.2221795104023,
   -100.46371918006692,
   -346.8715421813334,
   993.11138433964,
   -2655.4791303424827,
   436.3007684956072,
   37.15935443995905,
   -3522.4740361364084,
   1558.061098340274,
   -1245.8135625961643,
   -547.6362847708831
  ],
  [
   -894.902926370748,
   -1519.9221319076064,
   -560.450677013186,
   -774.6932660768931,
   -3155.8539823809747,
   -1738.4756639151112,
   -3935.781896484216,
   -982.0673954253767,
   -5115.1796546125615,
   -301.00056844014773,
   -38.29140593229992,
   549.2549186666298,
   -591.4032439996543,
   -3076.417589065015,
   32.775319111280666,
   -864.2047483509256
  ],
  [
   3854.7478693216794,
   -2204.3538397640045,
   563.3462799712156,
   130.80778987218352,
   5418.6290250031225,
   1582.5943312356283,
   -823.8703040740646,
   -1962.0288483178324,
   -4702.836875897781,
   -3877.3790356626746,
   311.4273273581561,
   -390.4446632221572,
   373.1641052977534,
   -2475.2283051598306,
   346.4054999851608,
   589.1573691363302
  ],
  [
   -7202.43295128653,
   53.38586479433922,
   -2640.361313706688,
   -508.41377886806345,
   -10209.7363804374,
   -3750.7988518539973,
   -2407.8842923271873,
   -621.0191170035823,
   260.12364154518764,
   -5064.370203136424,
   -768.5228686561941,
   -1135.0892332224337,
   -2528.211606772776,
   -2228.2715975268316,
   578.8671574998756,
   -88.08933627783081
  ],
  [
   -2122.5629741086286,
   786.6851698664591,
   -2544.6279294157075,
   10.049957746914776,
   -809.5993161264071,
   -3182.92702244231,
   -6346.554915396713,
   -1119.3321760926021,
   313.0028622181434,
   -5183.016174693091,
   -106.66767566734762,
   -2250.977428108666,
   -2137.0866533460407,
   -5016.55272858137,
   -291.85051480262507,
   -118.5840936949919
  ],
  [
   -739.8107041755414,
   -1918.1559504482661,
   -876.7206582968254,
   -495.34890538977106,
   -2888.430251590609,
   -2801.3122352691266,
   848.8108156154465,
   -171.6570890688541,
   -1164.8277657121741,
   3227.415377865558,
   -999.226941052672,
   -1079.2451010126515,
   1266.297263477373,
   2075.1887911326717,
   -0.1453762476108918,
   471.57632813095375
  ],
  [
   -3286.054462871358,
   -5409.481339580671,
   -4235.219462546641,
   -1014.4646599323708,
   -6171.098875655939,
   830.0082359245107,
   -2695.9262178888594,
   3825.28945458278,
   3601.7208774492356,
   -346.0090615084049,
   774.3561857990638,
   8.428762504768288,
   1635.7018444718544,
   1467.794532725339,
   1049.7613356620084,
   563.5633421203427
  ],
  [
   -3988.0756036171583,
   -445.88309324989575,
   -1060.5061949992541,
   152.2025386269593,
   -877.1986571667169,
   -1409.459280415942,
   1469.054255599635,
   -292.2724201530954,
   -4438.13705219038,
   -2241.377277894819,
   -266.50040503368916,
   -1095.7445936024546,
   -289.9823568353519,
   -5382.128120642778,
   326.0804916298485,
   153.37919835524178
  ]
 ],