{
 "input_nodes": 12,
 "hidden_nodes": 16,
 "output_nodes": 20,
 "epochs": 1000,
 "lr": 0.55,
 "output": 0,
 "epsilon": 0.01,
 "synapse0": [
  [
   -1975.978743851313,
   -3643.7449094371855,
   -802.6160557737212,
   -3034.6085924623435,
   1803.1834943661504,
   216.08127656193798,
   -2538.5425583778724,
   7327.255170293088,
   2986.8845896355856,
   5936.932145929105,
   5326.463913077449,
   -1146.7954988121246,
   2340.959715867519,
   5208.255258337135,
   -1290.241382642429,
   -940.8005104977943
  ],
  [
   -9110.820312396289,
   -6595.582177321678,
   1607.691537293348,
   4414.469416924343,
   -3410.358293523844,
   -3053.7035290910303,
   -11321.810036767549,
   -7777.609773432056,
   -8000.6510165651625,
   -12388.733761283112,
   -6094.9046606871625,
   -722.4435310944422,
   -3898.4518228710776,
   -6732.394130048902,
   634.0981090225872,
   -657.5410239080187
  ],
  [
   2104.354339675097,
   -4056.058486337734,
   12168.219520544008,
   3208.0423664287896,
   -6573.031528481583,
   2201.797988458874,
   1794.3285300459388,
   -2796.215494036531,
   2226.1001307405727,
   4743.290519781393,
   12297.053411394094,
   1344.9507411290438,
   -1900.9469935893887,
   -1735.262038413147,
   -7719.611642341812,
   -1689.4810597948403
  ],
  [
   -20001.43730897181,
   -15654.371726428211,
   -1550.713025856937,
   -1266.7491389011266,
   798.7022816009376,
   1653.5051356307242,
   -12614.666881192972,
   -15348.819636253405,
   -1144.4655336134992,
   -6553.7026376904705,
   -5203.582272915339,
   -5911.481048264564,
   -9510.927481528292,
   -14728.808261384773,
   -3774.148906412536,
   3663.0163859047266
  ],
  [
   -3564.718203163683,
   -1710.1726510024976,
   -5932.609639376328,
   1163.2185407404363,
   6386.721237721841,
   -1998.2290677908334,
   -17998.27233829615,
   -3044.2127245206543,
   -836.8109839099803,
   -12892.485513235035,
   122.67438743515208,
   -973.5675843064763,
   -6101.627097445766,
   1718.9359835014582,
   -4284.881631790945,
   -297.96278842787655
  ],
  [
   2509.468137808474,
   -3489.68022884461,
   -4545.423093476797,
   -3349.65550251657,
   -5549.426616494537,
   -1980.7019326014201,
   -8370.144175587435,
   -2466.2184660502035,
   -3482.201450562755,
   -10864.6984600211,
   -1266.293991428913,
   -1863.4123045498334,
   -2302.0013939105315,
   -982.3912982756212,
   2519.501034861696,
   -2230.1116035930218
  ],
  [
   1089.3392256671598,
   -2548.0421115801396,
   1846.1735551079926,
   513.6984092356219,
   11611.822404925135,
   -28.032826070114222,
   -2397.5720319512197,
   -7427.420386505246,
   -6258.775823371371,
   -17315.809875579533,
   1274.7501547998525,
   -1053.581285944153,
   1484.5673064400455,
   2259.632072023165,
   1559.3176998439865,
   599.461977823353
  ],
  [
   -21654.70455229734,
   -4218.741201897294,
   -8201.657044348744,
   -4631.096011100514,
   -9933.769663075242,
   -2198.5800065389026,
   -26824.087937226745,
   -1488.4768734417387,
   -4505.564590893697,
   -3307.4672164857498,
   -1904.4265855165224,
   -1776.888770786455,
   -25.058396208823428,
   -10072.16798618227,
   458.2448378338254,
   185.52895980049544
  ],
  [
   4700.894441763476,
   12477.892679691788,
   -9909.908691404555,
   -3402.180983712273,
   -1004.8557326178708,
   -128.02088066871534,
   -22708.062161862992,
   -521.1095746772411,
   -4651.038373592571,
   -4676.57364931707,
   1789.2668601464122,
   -3280.230232195394,
   -630.7782963335375,
   296.7385237719656,
   -3030.276784113201,
   29.618792688711245
  ],
  [
   -17449.576636257956,
   -27708.630446587897,
   2336.8351670533034,
   -2247.9119721004467,
   -4416.418909679925,
   522.0236766344233,
   -12480.081658375146,
   2246.446328236685,
   -2614.8423019892807,
   3880.90941349022,
   -2999.5023168835087,
   -1954.9311359701514,
   561.4213119354606,
   -125.75780918520165,
   -1235.9533219355421,
   263.4553804233089
  ],
  [
   3167.898391725829,
   -13316.487285384184,
   -8687.004969106201,
   -7318.271687047549,
   -6896.427161582166,
   1451.9647224131259,
   -121.18250504915302,
   12621.732674446554,
   2078.218146346907,
   6637.214520280269,
   3041.2529254497695,
   1184.3285984874185,
   6611.093981066595,
   -423.2553697421453,
   2830.912612405321,
   614.745075354765
  ],
  [
   -13864.688291419081,
   -5053.552701307472,
   -4988.575047456774,
   970.8572507027851,
   -1144.1616047636842,
   1386.3334159196952,
   -6387.457626804361,
   -2464.0521695956127,
   -4888.786665890659,
   -14765.489772087742,
   -4485.417813194905,
   -2172.164478986637,
   1007.9569999407776,
   -8741.570809585792,
   1359.0087648644023,
   -1221.4566751321415
  ]
 ],