{
 "input_nodes": 12,
 "hidden_nodes": 16,
 "output_nodes": 20,
 "epochs": 1000,
 "lr": 0.20000000000000007,
 "output": 0,
 "epsilon": 0.01,
 "synapse0": [
  [
   46.35770915531537,
   31.65628871902634,
   40.193963444061225,
   57.41156619331678,
   57.64908214526083,
   89.15380424908561,
   60.47713523333969,
   124.37567879754147,
   63.729607126086776,
   198.56192629440903,
   41.64992939156759,
   84.70672794617104,
   56.14858445705833,
   116.66100028897584,
   101.3644745039372,
   64.52933310867125
  ],
  [
   -79.41031310684775,
   -61.394607065698004,
   -88.33583697947844,
   -143.1441607762575,
   -109.64107421220692,
   -185.5698764909179,
   -164.90200715167316,
   -211.0111109677241,
   -125.60042242325783,
   -329.69182799544666,
   -79.35477862230469,
   -161.77070447394362,
   -134.8014665358897,
   -195.34297548985586,
   -185.65315175971074,
   -124.8367669586289
  ],
  [
   51.80664502249385,
   36.40579019855571,
   46.31603426374377,
   63.85320804661162,
   65.39460745648084,
   100.82671066443707,
   68.2251238462459,
   140.0423990558274,
   72.09986927704995,
   218.29628275408567,
   47.83725080081954,
   94.84309881410518,
   61.90956145481091,
   128.79481756797068,
   112.80469087484492,
   74.62465809795279
  ],
  [
   78.91651836251918,
   55.880705936090344,
   68.40779018375449,
   96.4674593766963,
   100.52276871897702,
   152.6860508336548,
   102.33642514705583,
   216.09857427799201,
   109.77572030797083,
   344.4626741852362,
   73.16166379885331,
   148.1933725879703,
   96.40040490504128,
   201.37171758397452,
   172.23252140274855,
   113.10393779593358
  ],
  [
   79.19184343818945,
   55.21346339836258,
   68.43747117213236,
   97.84829972457234,
   100.41537082748685,
   151.3001439538995,
   101.41104664903771,
   214.8468346448979,
   109.13768492563706,
   338.01950296845786,
   73.63761178189604,
   146.42413522006208,
   95.85067039100534,
   199.5551947608898,
   172.1946445506308,
   112.49564825804079
  ],
  [
   108.42530241682597,
   78.63718357911749,
   62.429295890177244,
   37.258304234604864,
   86.94902961050427,
   127.93427732609139,
   62.16465936307203,
   248.31053188461874,
   72.02733319742786,
   413.003974965834,
   62.8390724030156,
   122.90173153256795,
   81.46644369867154,
   244.48145950327432,
   144.7640511243085,
   94.015508984373
  ],
  [
   53.07141588576158,
   19.25290302390932,
   45.19774783027779,
   106.65451032064067,
   108.28623390399659,
   127.17673404773547,
   65.42321964532418,
   186.51291365618656,
   130.40001220218153,
   285.7049660481639,
   76.22247136794103,
   160.6286623254464,
   67.41382244384792,
   168.7008087927777,
   177.0616507063436,
   125.6247727478233
  ],
  [
   -110.66945809594246,
   -84.92696381051586,
   -116.107702078575,
   -183.32688171235955,
   -151.853846644727,
   -247.22100641238842,
   -206.48562026336387,
   -301.1454078543648,
   -172.06330214691096,
   -468.9722170049982,
   -108.6451379351838,
   -222.4643885376,
   -174.3837102459097,
   -278.2889796745025,
   -255.01761467447477,
   -173.00575666731325
  ],
  [
   102.95642337624766,
   75.66597417899243,
   56.40811910931843,
   30.364025617847442,
   78.31170235747788,
   116.09878156487464,
   53.042214300331096,
   233.45880667989707,
   63.60342883614934,
   392.0222377249666,
   56.64404274955597,
   112.88051036333471,
   73.43561498753546,
   231.37418479937986,
   132.29523987305012,
   84.7873043364192
  ],
  [
   -12.414963619194758,
   -24.25842283254091,
   -10.009972467589703,
   28.110502728545303,
   27.01209597337019,
   5.1208135456306545,
   -15.703396599385135,
   10.779556760208663,
   41.17518144508549,
   1.7600587039614266,
   17.311252004399968,
   39.575991993308456,
   -10.784434229397501,
   2.02309060918818,
   37.79106106023139,
   33.581817077415664
  ],
  [
   -70.85378784145333,
   -57.577154180753645,
   -82.74701132216171,
   -134.9883414352863,
   -101.57346587395297,
   -173.58487706828748,
   -157.43032147911717,
   -192.69013181360205,
   -116.64660940554312,
   -296.7529657462539,
   -73.29909943232327,
   -148.2552485643143,
   -128.3819234719362,
   -175.79383489423765,
   -170.22675804557397,
   -115.68321541619346
  ],
  [
   38.7085400119624,
   28.331224511939865,
   35.9244317788895,
   48.424991129189436,
   49.68115868930714,
   79.18670870387871,
   53.653870966744506,
   107.2801865733373,
   56.179708374392916,
   166.386744040013,
   37.30420153437227,
   71.50818497360761,
   49.25211930866696,
   99.00221113397345,
   88.96454110848748,
   56.42689187023294
  ]
 ],