{
 "input_nodes": 12,
 "hidden_nodes": 16,
 "output_nodes": 20,
 "epochs": 1000,
 "lr": 0.15000000000000008,
 "output": 0,
 "epsilon": 0.01,
 "synapse0": [
  [
   2859.975356067866,
   1123.6887102217302,
   690.2480607509616,
   994.9205594690651,
   2796.947072183751,
   1538.2146072898756,
   1010.5392599295436,
   5021.691936605208,
   3113.168730623891,
   7709.528683643005,
   2174.3366087541817,
   3363.307303923859,
   984.7697680617689,
   5925.815342056231,
   4660.466492200352,
   3639.395894745963
  ],
  [
   -4987.92437269797,
   -2034.3488750475583,
   -1441.327334328478,
   -2249.531387156511,
   -4986.396996054927,
   -3019.6461887734363,
   -2785.55660237545,
   -8678.169821468211,
   -5639.031867538147,
   -13315.089273909105,
   -3830.5671605920925,
   -6077.08389617147,
   -2073.66188363137,
   -10247.61306680534,
   -8208.606819610859,
   -6493.715473835236
  ],
  [
   3431.5153060613975,
   1345.1041730074378,
   824.839076873328,
   1188.2453364225119,
   3355.0251532368256,
   1838.1126669586124,
   1206.7417417382658,
   6018.209915293212,
   3734.5952445071594,
   9230.92770855172,
   2608.9160739748672,
   4031.672427984216,
   1174.5348808072972,
   7103.724727415976,
   5586.833667324131,
   4369.054038506407
  ],
  [
   4828.923411419482,
   1900.0967243934474,
   1166.614355586804,
   1679.7211267382525,
   4726.280897140334,
   2600.8873304941367,
   1707.6902911620252,
   8486.0455111162,
   5258.428989782252,
   13029.671786863713,
   3674.2762452905095,
   5684.625020817132,
   1664.7181040784808,
   10010.765079105211,
   7870.778731101638,
   6148.669577740248
  ],
  [
   4957.646866835618,
   1948.2978776836655,
   1194.8298982870938,
   1722.9428641274226,
   4849.035525392686,
   2662.0257659511967,
   1747.5151917200606,
   8704.355881784937,
   5396.04202166331,
   13356.790983864506,
   3770.9646899938366,
   5829.938193159503,
   1705.51051857465,
   10269.303239795425,
   8077.365241170345,
   6310.245439296326
  ],
  [
   5903.25276818526,
   2547.740071668048,
   1401.6988121899262,
   1072.604613752482,
   5434.1598158041015,
   2878.9074300906996,
   1459.6185903904352,
   10558.016136612698,
   5782.161032548727,
   16201.394189929026,
   4368.052940186575,
   6288.82753961429,
   1906.1609155588574,
   12467.635571816314,
   9326.187547335569,
   7079.017845145756
  ],
  [
   4694.751889331464,
   1523.828894446826,
   888.3236701350554,
   2088.184748836232,
   4808.553678769362,
   2425.8246775012244,
   1214.132227836231,
   8085.407156333815,
   5531.567598766695,
   12402.678747436197,
   3642.460362589367,
   5944.079951111269,
   1379.709634023195,
   9545.590239267305,
   7816.220332851176,
   6269.203011743971
  ],
  [
   -7084.020894171961,
   -2858.933224574998,
   -1945.4375292356424,
   -2977.2996792196955,
   -7037.93193301414,
   -4142.962137651409,
   -3523.1822358619725,
   -12360.49690768715,
   -7922.959960501676,
   -18962.17438646604,
   -5424.497918754273,
   -8542.691062196882,
   -2794.28279192032,
   -14591.152774257294,
   -11624.039861449064,
   -9164.7676929449
  ],
  [
   5331.6928750183315,
   2328.1029009616905,
   1267.2086901063722,
   878.8272000355709,
   4875.189932809253,
   2578.8467810760876,
   1262.0416521318616,
   9562.313152978191,
   5160.680876455113,
   14678.747784239227,
   3933.4657667216507,
   5620.5775652526145,
   1714.1259510999091,
   11288.75272903161,
   8398.791777331377,
   6350.226821726647
  ],
  [
   628.0388871972532,
   -72.91802114680509,
   -91.37484806700458,
   676.3104960312942,
   831.4972379291406,
   242.96346142293373,
   -218.3281501020354,
   944.850331075005,
   1105.6634087932853,
   1436.6867612147537,
   550.4808422474932,
   1160.2827265659341,
   -19.22380279766122,
   1118.0797980624347,
   1191.4369722793608,
   1093.5777483655593
  ],
  [
   -4668.230460790889,
   -1907.3485589207983,
   -1362.3058247631907,
   -2136.494383725878,
   -4675.824091803122,
   -2845.9660161833826,
   -2671.7690265214364,
   -8116.014521967027,
   -5292.909328731763,
   -12447.090678090626,
   -3588.6448479801325,
   -5701.027689728416,
   -1962.321808279373,
   -9584.924172277548,
   -7688.44955895591,
   -6089.9572577339795
  ],
  [
   2541.188800282904,
   997.1807827728834,
   612.545845177946,
   881.0528003154193,
   2486.4738528144467,
   1366.5523385774652,
   897.4001054816209,
   4460.762124034351,
   2768.4501060837365,
   6842.293767820098,
   1934.1242474751361,
   2987.5680104181206,
   872.9527706254808,
   5265.0167989695055,
   4143.335691864291,
   3236.6887889489967
  ]
 ],