{
 "input_nodes": 12,
 "hidden_nodes": 16,
 "output_nodes": 20,
 "epochs": 1000,
 "lr": 0.45,
 "output": 0,
 "epsilon": 0.01,
 "synapse0": [
  [
   1738.3919115481035,
   718.6602533639576,
   486.3698523888402,
   699.6067208443526,
   1787.3323423848915,
   1083.4776399807765,
   712.4171220414237,
   3200.01607565584,
   1962.5022885022163,
   4973.176669231699,
   1360.4125307191373,
   2147.162480192295,
   692.3704886066809,
   3735.0568929409756,
   3003.974000351921,
   2272.4669235993806
  ],
  [
   -3027.2950074339356,
   -1304.5031733869414,
   -1017.544116237462,
   -1590.9062637264828,
   -3193.7059547459958,
   -2132.220547873211,
   -1963.5140094410037,
   -5513.05214810027,
   -3569.6413843951586,
   -8559.781897295334,
   -2400.189823513325,
   -3892.602049973731,
   -1468.0868346947652,
   -6442.78950145518,
   -5295.551895630166,
   -4065.8932185788003
  ],
  [
   2076.4408025169537,
   855.9493403353717,
   578.6082418355991,
   831.6512137442512,
   2135.0295361935764,
   1288.6568308263381,
   846.6489922791136,
   3818.1560388912767,
   2344.3316278637585,
   5924.7526030047,
   1625.527396354756,
   2562.275711593772,
   821.5881048954409,
   4456.9592413173905,
   3585.458509901127,
   2717.5600327730003
  ],
  [
   2939.066927823906,
   1217.6444206137014,
   823.1198255419105,
   1182.2695903167082,
   3025.07239690194,
   1834.662221838746,
   1205.3215291586969,
   5416.5761869711,
   3319.647332143946,
   8418.831757474349,
   2302.842481145213,
   3635.447535568773,
   1172.2175301611458,
   6319.421872938918,
   5079.624123777701,
   3845.5465785665465
  ],
  [
   3009.543347678527,
   1244.7642222922025,
   840.6579650282214,
   1210.0481577752514,
   3095.367872853803,
   1872.15149429,
   1229.7152811416522,
   5540.205268242464,
   3397.385139941611,
   8603.717256285272,
   2357.1965042407583,
   3717.542010291322,
   1197.6388202443127,
   6464.07512438765,
   5200.0990786936545,
   3935.9941656649794
  ],
  [
   3574.863201927063,
   1642.1660879795004,
   975.2427888724483,
   741.3224768235681,
   3424.388270418199,
   2002.831964154451,
   1013.0880659132274,
   6719.549507188004,
   3567.3686544327384,
   10436.782870679417,
   2700.7022672338085,
   3940.79670051259,
   1325.664974651806,
   7834.3611140148805,
   5941.875617337654,
   4355.382596445041
  ],
  [
   2844.5419402783928,
   942.3720819110652,
   622.2237256770459,
   1461.5443629246488,
   3086.174015618984,
   1700.3909149446038,
   851.447911755806,
   5118.434494825463,
   3517.356035285198,
   7942.165936680317,
   2285.021097421011,
   3820.0143380293034,
   963.7698398643132,
   5994.801324652055,
   5047.483021543472,
   3938.0452001686904
  ],
  [
   -4296.871454270564,
   -1830.5823243806726,
   -1371.3605862478723,
   -2101.093688062232,
   -4501.187968965209,
   -2920.399192399076,
   -2481.461870237221,
   -7852.904481726165,
   -5005.579037758627,
   -12190.145296684464,
   -3394.276473957488,
   -5461.9578568625075,
   -1973.2353241084743,
   -9171.859542614626,
   -7490.211266840063,
   -5729.623135203708
  ],
  [
   3236.794367784813,
   1506.6552930874448,
   883.1052934644963,
   608.8253471602069,
   3075.799274667749,
   1797.490183963007,
   877.481739225682,
   6102.224539006108,
   3185.4856728608543,
   9483.959556125254,
   2435.5796933539723,
   3525.7986188098002,
   1194.1775066496352,
   7111.485308213477,
   5359.362512908025,
   3911.156607612742
  ],
  [
   372.62205185731557,
   -78.44578822690325,
   -67.56474594547926,
   469.3886756439598,
   544.7642679582925,
   164.15514456471365,
   -157.0880693769548,
   568.1458853554543,
   727.5575004284432,
   867.3836786048607,
   350.39537090743414,
   765.5011341374023,
   -19.58988361907026,
   682.3453067907441,
   778.1354470754653,
   705.9362673021504
  ],
  [
   -2827.4204419460966,
   -1220.9810913816748,
   -960.431866675926,
   -1509.765117070188,
   -2990.7731226091564,
   -2007.0703324227406,
   -1881.6313357888628,
   -5146.4012309001655,
   -3346.472897671997,
   -7983.824209774587,
   -2245.2173032410738,
   -3646.406113086482,
   -1388.4972478788382,
   -6014.267262008369,
   -4952.342345773577,
   -3808.304911010163
  ],
  [
   1539.4247021824215,
   635.6305600366146,
   430.57689681957146,
   617.6348184650465,
   1584.4991951305649,
   960.3453284079864,
   631.1828697953827,
   2834.590645386047,
   1740.737716045354,
   4397.9826617063845,
   1207.1499617798233,
   1901.2834562424357,
   612.3039797064591,
   3308.4250049352063,
   2663.790910814191,
   2015.929726335056
  ]
 ],