{
 "input_nodes": 12,
 "hidden_nodes": 16,
 "output_nodes": 20,
 "epochs": 1000,
 "lr": 0.6000000000000001,
 "output": 0,
 "epsilon": 0.01,
 "synapse0": [
  [
   703.5158250904886,
   354.4438020303914,
   271.5009904605214,
   389.388317357453,
   825.6782291885638,
   604.3697058006643,
   398.2326947746706,
   1496.1142024660421,
   888.9209956622065,
   2413.789273069312,
   610.8048102569937,
   995.100607038466,
   385.1114960032937,
   1752.7894569522382,
   1392.4768168982093,
   1017.4912594370902
  ],
  [
   -1219.1849697360365,
   -646.7629638736188,
   -570.8219326674829,
   -896.0514518845043,
   -1483.0445166609484,
   -1196.6368942093695,
   -1098.0588505171677,
   -2562.645480410606,
   -1632.4084937035943,
   -4130.215336475167,
   -1082.202086198702,
   -1817.5121969934667,
   -828.8618848583056,
   -3013.1870534659643,
   -2460.357455990283,
   -1832.558070333543
  ],
  [
   832.4282941554069,
   418.6700508976521,
   320.6587293240453,
   458.7399130334738,
   978.7133027960307,
   712.8531442087408,
   469.2349668364594,
   1770.6578695277728,
   1053.7321335061654,
   2848.9669637500556,
   724.3484881844142,
   1177.3637875752452,
   452.5363581410942,
   2074.273913856968,
   1648.4575002369265,
   1208.7791506790463
  ],
  [
   1193.100926733363,
   603.1556904131045,
   460.6353133534648,
   659.1037520848903,
   1402.7700501964898,
   1026.3747858738232,
   675.18858308148,
   2541.85579645934,
   1508.4502324012483,
   4100.723314218694,
   1038.2597062220898,
   1691.7248107863754,
   654.0025973461452,
   2975.1090914516385,
   2360.8062398581737,
   1728.3735737800382
  ],
  [
   1216.2873659577558,
   613.6257106214587,
   468.33627191123344,
   672.3761147127653,
   1428.849107069935,
   1041.9762556630458,
   685.3859546675051,
   2587.6955463624286,
   1536.9976161537236,
   4168.925277349028,
   1058.0625066528216,
   1721.220488875958,
   665.1135109660015,
   3029.156167998498,
   2407.6882741068302,
   1761.266465183103
  ],
  [
   1446.7849790306793,
   820.9632318359327,
   530.9099598535518,
   396.9101454501237,
   1539.0319853432145,
   1090.1678066728475,
   549.0207346495534,
   3142.308437497924,
   1543.11817292429,
   5070.2598576385235,
   1184.0128452766705,
   1759.63912388532,
   719.9582965478194,
   3657.205573691614,
   2689.3232861944703,
   1893.7779117101895
  ],
  [
   1143.0350109768797,
   438.09116128425984,
   343.307836317248,
   805.4559472844763,
   1444.4023802819424,
   940.0136261913284,
   471.31965980217404,
   2367.909853793896,
   1629.3914471927083,
   3806.7563043381183,
   1035.9993765752665,
   1801.2823454766763,
   528.8125032122279,
   2803.778333538792,
   2359.9182505323056,
   1793.154308557856
  ],
  [
   -1730.3815213095243,
   -905.9200545301683,
   -767.1855714892207,
   -1178.7852366446643,
   -2085.6618782926244,
   -1633.7482342884025,
   -1385.8618121059908,
   -3653.8899653462636,
   -2281.5399161191995,
   -5885.174153090421,
   -1526.7624595170807,
   -2542.6083556207127,
   -1108.7440575970927,
   -4289.605574224962,
   -3474.1032060669854,
   -2576.5359506388595
  ],
  [
   1317.8525667923545,
   758.5152750480399,
   481.853115028836,
   327.1059130106325,
   1385.105109793976,
   981.5217789188938,
   476.64400613791145,
   2868.5797654897456,
   1378.2533928699997,
   4633.834786176561,
   1070.4614591050229,
   1577.4910930472188,
   650.2635826966168,
   3334.747659361954,
   2432.314007975333,
   1703.3571408095552
  ],
  [
   140.5849324518746,
   -65.53236964948933,
   -41.412153856475584,
   253.70133432428077,
   268.5055187179012,
   84.02466204309519,
   -91.1229033127262,
   237.04761033610038,
   364.0149501865204,
   366.0996761297755,
   165.87498164846073,
   382.68964147488475,
   -18.3249633846058,
   306.0191815764971,
   378.80499766325096,
   342.9947526351367
  ],
  [
   -1133.9601541689783,
   -604.1222162307369,
   -537.8822441909083,
   -849.4883767463164,
   -1386.4554440100742,
   -1124.719358716714,
   -1051.1824871454078,
   -2385.4816229046223,
   -1528.1872914001701,
   -3838.5257549313346,
   -1010.2910442194137,
   -1698.867230766803,
   -783.7825962831819,
   -2804.469013037643,
   -2295.820562911052,
   -1713.9428683713315
  ],
  [
   619.1983656455769,
   312.2954430654256,
   239.88059597620983,
   341.9944864962515,
   729.1888414202128,
   534.4700741856841,
   352.00475280902003,
   1320.1758318903421,
   786.1037076250748,
   2122.8633715208857,
   540.6037196106449,
   876.7725537491814,
   339.5552853438819,
   1545.9617679649364,
   1230.9663841378726,
   899.9271677791777
  ]
 ],