{
 "input_nodes": 12,
 "hidden_nodes": 16,
 "output_nodes": 20,
 "epochs": 1000,
 "lr": 0.5,
 "output": 0,
 "epsilon": 0.01,
 "synapse0": [
  [
   5938.749358485115,
   2232.0183834062077,
   1170.8439366534187,
   1690.0790253224714,
   5575.660651810803,
   2610.1685734755124,
   1713.2985436905124,
   10117.401649066218,
   6283.996993462371,
   15312.768800133366,
   4393.475411404844,
   6717.662860936701,
   1673.1052702843272,
   12007.53151224833,
   9221.66559330066,
   7362.359905521347
  ],
  [
   -10359.092881596209,
   -4020.4096986813174,
   -2436.14622505281,
   -3797.2815698458644,
   -9899.3053336147,
   -5103.002364008722,
   -4717.434570226715,
   -17532.99364492926,
   -11306.606386767206,
   -26525.58381410374,
   -7718.21672392326,
   -12066.41021328776,
   -3495.7859980391822,
   -20816.973805002242,
   -16206.536232522049,
   -13078.313452918806
  ],
  [
   7167.2486169599115,
   2689.3939606583745,
   1407.513720385422,
   2031.4532090611851,
   6726.871555812416,
   3138.552315045337,
   2059.225274828726,
   12200.933826571982,
   7581.864504617899,
   18456.13340355901,
   5301.605894816415,
   8101.7834821955585,
   2009.0875848317082,
   14480.13732980106,
   11121.19561827242,
   8886.29967681447
  ],
  [
   10010.213945542346,
   3765.275589424819,
   1975.3215898211583,
   2849.4818962546215,
   9402.286456015809,
   4404.978935462544,
   2890.5389239989836,
   17061.73395532455,
   10594.5586161374,
   25825.39888180252,
   7408.696004862682,
   11329.633104829514,
   2822.9441940165775,
   20245.804767369755,
   15546.710377731446,
   12414.019899618837
  ],
  [
   10305.118447135812,
   3873.4058773581287,
   2029.7756399625996,
   2930.4764219672434,
   9675.488161565454,
   4523.893742184482,
   2967.9815705857577,
   17554.657991020696,
   10903.432450028258,
   26562.716138316915,
   7625.497586713169,
   11656.086837600988,
   2901.459026631219,
   20832.59485574986,
   15999.692645182993,
   12776.639563578427
  ],
  [
   12316.99671831441,
   5001.812171333597,
   2411.143618209072,
   1860.5611146467188,
   11024.261424958573,
   4952.852313918744,
   2518.2578374173763,
   21272.707805983468,
   11981.000036209683,
   32194.408008235077,
   8942.04322197442,
   12863.74180635915,
   3281.681460328667,
   25278.660966458738,
   18703.5212205863,
   14569.05840867568
  ],
  [
   9771.180063800843,
   3153.27646227298,
   1517.005026839488,
   3565.64054794541,
   9520.520658304855,
   4138.043480254497,
   2070.4840294033747,
   16418.537836024483,
   11031.263882582678,
   24829.689381789427,
   7334.320806649291,
   11749.507809832743,
   2361.344832990443,
   19467.66097565346,
   15417.366580343387,
   12587.049343700824
  ],
  [
   -14723.886980953243,
   -5661.772374698774,
   -3294.6062857330317,
   -5037.424953895472,
   -13998.579327119616,
   -7016.23232293442,
   -5972.7672988183385,
   -24969.913127923,
   -15927.096645257188,
   -37775.35396462261,
   -10947.541576154103,
   -17003.810466741917,
   -4724.019912162171,
   -29642.088958216576,
   -22983.097577272652,
   -18492.795785535258
  ],
  [
   11088.477516666204,
   4546.214886160744,
   2174.5747285158823,
   1518.7342941445345,
   9872.15871901518,
   4424.305983003042,
   2170.9566498293566,
   19189.990623531092,
   10683.078882843756,
   29049.796024028397,
   8033.9050303185695,
   11479.736334798974,
   2943.4292940678624,
   22805.08169148129,
   16802.962600734027,
   13045.985757724
  ],
  [
   1333.2529520779035,
   -17.097971657559064,
   -145.15471546752582,
   1166.7888994911764,
   1598.4331816705467,
   433.13061534574706,
   -359.77279271559183,
   2043.4098822436142,
   2103.496163566042,
   3068.525379157004,
   1091.6662353171675,
   2203.264970859,
   -15.092197379982277,
   2405.2515706136915,
   2316.7223713296207,
   2125.607655712407
  ],
  [
   -9720.100807458944,
   -3777.8890156835314,
   -2306.718965526634,
   -3611.7378110100713,
   -9300.44365193282,
   -4817.991545916881,
   -4530.701309017168,
   -16442.12156353246,
   -10631.397945911142,
   -24868.797658760377,
   -7245.987583773111,
   -11342.406474029996,
   -3312.218209982022,
   -19520.588690547742,
   -15213.07526614435,
   -12288.259164678015
  ],
  [
   5300.664640469967,
   1989.9900890862982,
   1042.7359711194993,
   1503.704510763649,
   4976.8986550113605,
   2327.17565926131,
   1527.2137038870583,
   9027.755054599686,
   5610.192466872643,
   13656.746324785681,
   3922.9562225876457,
   5993.976034616212,
   1489.0605601428615,
   10713.036749234832,
   8231.231087241775,
   6573.356727584777
  ]
 ],