{
 "input_nodes": 12,
 "hidden_nodes": 16,
 "output_nodes": 20,
 "epochs": 1000,
 "lr": 0.45,
 "output": 0,
 "epsilon": 0.01,
 "synapse0": [
  [
   -520.4593704870157,
   -138.27335007979246,
   -540.0642158898088,
   -0.9165680779172807,
   -137.64657134282257,
   2.777096688992209,
   -246.49635631291034,
   -364.5935987560816,
   96.93243071366116,
   -736.530254640127,
   76.59490758528132,
   -97.96483527322007,
   -347.92717174355903,
   -115.55787108164058,
   -307.19780897579204,
   -384.62052291607694
  ],
  [
   625.3477740665293,
   293.42146285520107,
   498.61203149732216,
   309.3636345193696,
   67.25335090253219,
   223.0929679166897,
   2.570001148451431,
   125.35443013094638,
   -224.11587465355692,
   194.2202409104739,
   -234.40805999779937,
   -71.66639198919025,
   -173.41211728511115,
   -102.86871009064679,
   249.66672083268148,
   105.86697929214408
  ],
  [
   8.697977174660124,
   -73.64221353681147,
   -26.233319284285745,
   52.16996887720769,
   -33.89316532878407,
   -107.80442736260315,
   -14.038152877901917,
   151.35428150053446,
   -142.43377356487227,
   11.456937306351195,
   27.301192744126062,
   -194.3456109238707,
   86.82603423395128,
   137.80623684610637,
   -114.63536780600282,
   170.69750221402788
  ],
  [
   -494.242366709298,
   118.2360862680835,
   -620.4179788637372,
   204.68137968098102,
   -163.577769883465,
   -292.2920464867675,
   70.23395558606107,
   -268.9130768220622,
   39.44703591170741,
   -592.308021368741,
   -37.09967971273875,
   54.20542286201068,
   224.96183008197747,
   177.13427149623473,
   -201.0614960508216,
   370.6897781686836
  ],
  [
   -171.40049427369618,
   -288.39898476772504,
   -513.2017341818753,
   -262.80661812279766,
   -55.5983508180548,
   -279.53411304150575,
   -287.59256077830236,
   45.66028964798197,
   104.82239031760822,
   -498.26902843702817,
   -78.67903985217374,
   -249.65060002278244,
   -33.680138021839284,
   146.91643778615307,
   -448.0482472092051,
   164.1840212577632
  ],
  [
   -11.84600723773743,
   118.95073401349373,
   -183.9334580003881,
   -546.4743184476904,
   -89.93015075436172,
   -221.18213173360823,
   -123.11496723622656,
   79.20694679068386,
   32.43019899338879,
   -464.5322028736837,
   399.1560913313907,
   38.51216193251753,
   185.9691008683449,
   -98.48022989608593,
   -663.2907385687736,
   47.02104597748179
  ],
  [
   -518.870268680342,
   204.0210234236575,
   -726.0337682625058,
   253.46501373242725,
   29.5423778928686,
   -602.5821637938953,
   -167.64910115909095,
   -210.5836859117696,
   314.69617692128963,
   -591.0008466854342,
   100.82468298037612,
   30.97535765053933,
   309.21840151749177,
   -71.80339004423465,
   -644.3790769742732,
   -240.76542365879084
  ],
  [
   -71.65027581667114,
   -213.7182329679703,
   67.32655784907571,
   41.4962737533407,
   -50.97360035455825,
   280.6481762655726,
   -112.97063669827874,
   -186.47900502370348,
   -347.9664741934263,
   84.10262623155796,
   -171.11132762826608,
   -277.83894092658386,
   -225.6134500501454,
   27.2694318284003,
   143.58951016407403,
   -145.3758903882545
  ],
  [
   282.3909575947014,
   -282.5003694055935,
   351.2759961512782,
   -174.2889659916122,
   -0.4844549692101635,
   499.1545570916433,
   -287.4664699341025,
   -269.72207657025496,
   -287.0039519323567,
   54.00635512003407,
   -371.93728978800755,
   -46.536996386650415,
   -197.24399868417478,
   351.05208957664274,
   -190.2145459885373,
   -253.65667808097214
  ],
  [
   -247.47049361927748,
   -94.60615351183012,
   -505.3113440137443,
   310.02917309278126,
   -101.67480081725569,
   -321.5083684735709,
   -73.92037860295463,
   -185.13414342721708,
   52.615753570640514,
   -551.9066401983492,
   56.970548975623586,
   122.90907053936945,
   -22.966303093959713,
   -72.0449822089475,
   -177.60645990887616,
   -70.27459567214143
  ],
  [
   106.64659745154106,
   166.35643742662887,
   324.69833106724536,
   -98.40218775599902,
   -15.345659620036624,
   501.73491038455927,
   15.356939183826249,
   334.9512496613645,
   -66.99571343871199,
   -139.87608051930874,
   116.75639869604073,
   98.38163946285707,
   -509.18058006890493,
   -110.44442101003969,
   98.2737540871083,
   -200.13830381328475
  ],
  [
   -51.44228676965043,
   100.3482783731111,
   115.44579566881598,
   -215.7230175835904,
   -8.78032757809331,
   -208.96587304695146,
   -57.09618076356456,
   -91.22592983764912,
   37.38834138914189,
   -104.83291540944967,
   40.29655763251048,
   29.950813187909088,
   235.0403504047304,
   118.42140203903544,
   -246.49944675300938,
   -180.7472916818657
  ]
 ],