{
 "input_nodes": 12,
 "hidden_nodes": 16,
 "output_nodes": 20,
 "epochs": 1000,
 "lr": 0.5,
 "output": 0,
 "epsilon": 0.01,
 "synapse0": [
  [
   -507.6345485792175,
   -140.39477979848556,
   -535.4784803958553,
   0.39138462630098236,
   -138.67155671809945,
   3.578421785854091,
   -260.26127160578307,
   -372.3360588882088,
   95.27885280323045,
   -741.9403980759458,
   74.48788772697463,
   -103.55142538278666,
   -341.2903206288062,
   -100.26628744375286,
   -323.4622831878975,
   -384.40145342121053
  ],
  [
   590.7473552358626,
   295.02572183724135,
   497.38677185339424,
   266.8484673584999,
   66.65433511644667,
   207.28163497953412,
   20.10700254119936,
   126.6737568661173,
   -213.25996542008858,
   199.18109460413336,
   -223.33870353705404,
   -70.68033633505068,
   -145.57698065970254,
   -81.80519439153282,
   254.6681029160663,
   88.57569553142375
  ],
  [
   7.225411978470182,
   -70.97698892563679,
   -21.12932938127619,
   29.969942551578686,
   -32.6541756629491,
   -103.07212103764606,
   0.7631552988157468,
   155.5053149575734,
   -136.4896708016042,
   19.329497591283797,
   28.999081470725926,
   -193.7597307107185,
   97.52156228245553,
   136.837169135516,
   -100.53738406687546,
   167.71656607858188
  ],
  [
   -497.0442567627594,
   126.23607866499165,
   -610.4393999565483,
   191.74855885340045,
   -161.17123153266851,
   -304.93565578686895,
   81.12093154878076,
   -265.6966646099448,
   47.22991012479015,
   -586.0607511331206,
   -29.905353117002406,
   61.266518225415126,
   230.1204075706917,
   187.11911840022213,
   -193.76386628677574,
   345.6753000142555
  ],
  [
   -151.8274124431894,
   -288.10086233725343,
   -507.867364149666,
   -244.92600539646813,
   -57.04628990426089,
   -276.9951638223984,
   -290.07017400236384,
   38.482061362459135,
   104.62685178906891,
   -500.6894092527558,
   -77.11458436423041,
   -244.37854129356765,
   -40.1702296446524,
   137.69693084965925,
   -451.28798588519817,
   181.2862564621046
  ],
  [
   7.947416552009421,
   122.4136489212818,
   -180.57850250530302,
   -512.7267607411412,
   -87.07347973965871,
   -213.1880062047738,
   -113.82341389507832,
   84.21735867446704,
   33.76186425868279,
   -455.7606497542202,
   387.2662193301897,
   46.108607092300026,
   168.68577815071006,
   -114.091911971997,
   -643.0240389310499,
   65.70669259043382
  ],
  [
   -489.982939583001,
   198.74632039273422,
   -710.4661684276663,
   244.116064855966,
   30.075398674071575,
   -570.6969363831971,
   -155.89757818579812,
   -212.4947314488816,
   316.52980810120766,
   -582.2699661500931,
   87.1919476960787,
   21.093704687642756,
   306.9993791316613,
   -81.227666695274,
   -625.3689184510764,
   -227.2596988294344
  ],
  [
   -45.59661068954177,
   -211.7577972372491,
   66.62855599856616,
   47.486278122930194,
   -50.68071572454438,
   280.12414427832664,
   -125.62184530937854,
   -184.28513523663943,
   -358.57338887919406,
   75.4989249610765,
   -159.87253100549162,
   -272.98939498475704,
   -240.16827604046227,
   32.82399683449691,
   131.7012820837567,
   -142.52449996413864
  ],
  [
   286.28089784828114,
   -287.9292734589382,
   326.7998451863897,
   -140.8555920909717,
   -0.3404478229887334,
   492.33695845499653,
   -285.24510775870993,
   -258.3299843647931,
   -297.85075476365137,
   46.57066108855475,
   -351.40956256540966,
   -26.81008322152769,
   -214.37637753373863,
   328.0692356339229,
   -183.07719600945396,
   -229.8209036737339
  ],
  [
   -195.00467335504064,
   -88.52583426679075,
   -465.6984535898762,
   274.28684651335243,
   -99.40851137796145,
   -292.89379415344865,
   -71.61049264700956,
   -185.9194264633999,
   65.9074347752562,
   -534.7556375211709,
   42.24501394465417,
   90.4162459930454,
   -36.90855146357074,
   -64.45765113086574,
   -170.23437431788236,
   -59.13363397076063
  ],
  [
   93.93850069861581,
   162.90811021751588,
   305.6185092419836,
   -78.49540715682136,
   -13.941442190092529,
   493.477312007546,
   7.576499295285857,
   335.7264503850417,
   -74.91515340613884,
   -142.45713308573238,
   120.90274347614456,
   108.62451642957048,
   -502.7780757350659,
   -111.27689497184944,
   99.54197536928329,
   -210.59887721913358
  ],
  [
   -18.34604912238725,
   101.43333989432149,
   121.76877354728981,
   -195.40088905502188,
   -6.934944118451215,
   -188.4500651976995,
   -59.81233106347286,
   -88.36738975922697,
   32.51164342565689,
   -101.90810343043836,
   30.87173893690991,
   29.55416109197121,
   217.9344679069556,
   96.40187652426081,
   -237.38296441840276,
   -166.46055358915459
  ]
 ],