{
 "input_nodes": 12,
 "hidden_nodes": 16,
 "output_nodes": 20,
 "epochs": 1000,
 "lr": 0.4,
 "output": 0,
 "epsilon": 0.01,
 "synapse0": [
  [
   -495.2298807011764,
   -144.61722013663794,
   -539.2077211393266,
   27.184668007671927,
   -138.63446221871942,
   1.05795532987542,
   -269.1842293793055,
   -372.8503361191428,
   88.64354448608104,
   -749.998672761282,
   75.3577846590582,
   -94.47212330706847,
   -341.8907842846998,
   -102.0599255887063,
   -332.1822784935299,
   -386.5436758009141
  ],
  [
   573.4237124395648,
   298.9929711141031,
   488.99938202379246,
   255.52572932483653,
   67.1533947592754,
   201.75818860574802,
   27.405919631609006,
   131.97246923296115,
   -213.1621987735938,
   199.08878186270914,
   -210.38416172810076,
   -61.61603131433067,
   -138.1885704048131,
   -76.41153132684445,
   258.3777375517685,
   85.15792834740306
  ],
  [
   4.457038563416061,
   -69.23889279779239,
   -27.459384365724983,
   25.293583079496923,
   -31.36388815686456,
   -98.63510216036708,
   5.273047700945228,
   165.47789491167967,
   -137.83767853838953,
   18.49509003865053,
   38.84331552342848,
   -188.5899558214146,
   97.07239469590941,
   131.54090253527022,
   -95.086033718037,
   164.58437681181744
  ],
  [
   -499.94865816758977,
   129.28431139277464,
   -607.45900992577,
   183.68997669391706,
   -160.77293625551056,
   -313.43534547897195,
   93.4823468528967,
   -259.7627239686712,
   53.913095169168294,
   -582.5162656109973,
   -5.881715438245193,
   72.69184698360436,
   228.17425708678553,
   184.08095480479463,
   -186.32412767338573,
   341.0236021708987
  ],
  [
   -148.76252333131916,
   -278.7220847254917,
   -488.3921946410179,
   -242.20669266154002,
   -57.362392291363044,
   -274.3261476181228,
   -271.736273929448,
   34.40745804266089,
   114.11259613383334,
   -496.0155134482383,
   -78.30680790438852,
   -232.6703334907055,
   -37.93257364115376,
   141.24925077929385,
   -443.36992375678574,
   180.72585541369958
  ],
  [
   30.620452992653153,
   130.12806239404924,
   -170.25131745153487,
   -489.827297372435,
   -85.44645996659493,
   -204.56138066526213,
   -107.74925584223045,
   82.69050665833991,
   35.090047832152074,
   -448.88631275464763,
   380.36854013142033,
   52.328925167962936,
   153.76755161664119,
   -124.05601480893304,
   -629.7241419594109,
   78.71919124801741
  ],
  [
   -477.3883831469763,
   191.8278592604795,
   -709.6892378819038,
   234.77664488551406,
   29.599758869737443,
   -552.7889764013551,
   -153.02102473339764,
   -211.0434718998325,
   313.2565318108588,
   -579.707930000142,
   96.2443560365439,
   15.82447189578708,
   303.7299671286373,
   -88.57155991270845,
   -616.503291294211,
   -215.66741820863393
  ],
  [
   -44.10255571243695,
   -206.68222226388232,
   61.22801775077442,
   61.33812096627086,
   -49.46086042748256,
   278.45749534357293,
   -127.0545219156528,
   -183.14260650063275,
   -373.24802778252376,
   69.68931650902066,
   -156.22879449372343,
   -254.0633317982538,
   -238.9071897884555,
   44.33363768940082,
   129.9215620465772,
   -145.97887947310787
  ],
  [
   279.7143789186887,
   -300.70182829760444,
   302.8492896482493,
   -135.3356410193278,
   -4.1076449910106065,
   488.5733081720206,
   -274.34483722198047,
   -247.22641124053035,
   -295.1143431463029,
   41.466196854485155,
   -311.55784915375494,
   -13.505511032851425,
   -230.97783005737108,
   304.3700603591968,
   -172.1956560607467,
   -188.19437482381653
  ],
  [
   -167.44572155015265,
   -78.14885892190226,
   -414.15552568577573,
   226.58539023593175,
   -96.99807030070042,
   -263.80691063947177,
   -54.099074773958236,
   -189.44815642186327,
   85.0040813962332,
   -515.6193538998805,
   24.915122499627536,
   57.49953604414862,
   -36.17736068108085,
   -48.12777606414108,
   -162.60012618327445,
   -71.49427769806663
  ],
  [
   89.11820987015611,
   161.83225595550402,
   297.8871673795233,
   -74.34290907237774,
   -13.624590334480885,
   477.94542537063313,
   4.883113347840897,
   336.32141127007475,
   -73.79179507874645,
   -145.00936371826867,
   135.3193762287198,
   120.23501930248494,
   -498.9766485385158,
   -107.41833306121133,
   95.37925528802089,
   -215.30354312018056
  ],
  [
   -3.865171137801332,
   99.26260359724536,
   123.81144453452146,
   -188.74042246473888,
   -6.125872974111362,
   -178.5552106926139,
   -62.55430419211395,
   -83.63063344478454,
   31.15051556198443,
   -102.61852242828525,
   27.632698353820178,
   25.667109032625685,
   210.1724524508714,
   85.74395576375045,
   -235.59237850668077,
   -166.23238172768075
  ]
 ],