{
 "input_nodes": 12,
 "hidden_nodes": 16,
 "output_nodes": 20,
 "epochs": 1000,
 "lr": 0.5,
 "output": 0,
 "epsilon": 0.01,
 "synapse0": [
  [
   3396.109701011783,
   -890.7986193498441,
   178.3616395326042,
   6111.154280489864,
   2821.5125609767265,
   3769.7738443258736,
   2746.7240638470003,
   6157.722212571899,
   -353.93314394736285,
   -358.3933980764842,
   2905.926074015471,
   508.684836638619,
   -4328.9958550763395,
   2626.9333037438873,
   -1546.8113151817,
   -4436.03166379788
  ],
  [
   -5226.169516740976,
   -512.2050227613827,
   -621.9387213053493,
   -8119.423902000311,
   -6422.951254334108,
   -4723.58693326848,
   -3504.0053229692785,
   -9775.252969977373,
   -1062.593495997678,
   -432.2819976530935,
   -3650.242479589923,
   -1256.4416238243061,
   969.2119864602561,
   -3392.8255153051136,
   873.7229967716464,
   1928.3487000583386
  ],
  [
   7792.987341160095,
   1396.8983656151365,
   -4051.5611550440476,
   7126.307510049471,
   8104.973623389702,
   2482.3592753538214,
   7583.356915404377,
   3617.539292289569,
   1302.505309031086,
   -153.18372544062333,
   3780.5040127717693,
   -3024.416828913406,
   -4486.39922003633,
   -25273.312635742946,
   -1250.306473072758,
   -5715.3562666721
  ],
  [
   2393.4842192945052,
   -2169.2003078348603,
   -1230.6688836592898,
   1762.252490650441,
   -2779.77768397654,
   3526.8557528709753,
   -244.19897666906948,
   2084.5985631888675,
   -2411.3580503113276,
   -731.9310821233598,
   -281.78883587093725,
   -852.2025454242399,
   -5055.999630575496,
   -13363.164911287055,
   2938.874294140256,
   -9519.749937173638
  ],
  [
   -10.367230944001019,
   -751.0929282542534,
   -1054.953792509468,
   -229.27184639702358,
   -2264.821406253707,
   144.44879634635197,
   -1213.201958969494,
   1193.1361001513617,
   -1371.8741126496245,
   -660.9283347081094,
   -675.1498471732855,
   -667.8027313784605,
   1440.1037579119884,
   -11398.89758111881,
   -4290.863815525154,
   -3852.4336672740887
  ],
  [
   -1129.7372523527422,
   -2025.8102963516699,
   -1661.970472596167,
   -802.138694854318,
   1315.8551415938452,
   -2405.306821337666,
   -1635.0655767397568,
   -3004.111538321368,
   -1387.3938264487801,
   -556.7091755369229,
   -1372.5192571573243,
   -1068.32035293962,
   -268.66824306753466,
   -5458.939411720119,
   -546.965231250276,
   3552.2486715557247
  ],
  [
   -2307.179379583056,
   -1574.152520658682,
   -1322.7734439063636,
   -4419.830683116951,
   -1475.2438530935854,
   -1924.7310897137083,
   -1689.0307630532154,
   -4246.958483963085,
   -1439.5335303475192,
   -828.5816190781483,
   -2743.688219144409,
   -1366.4666936084463,
   -561.6718461069188,
   -8126.348254153604,
   -703.9326028664398,
   299.6855484614108
  ],
  [
   -1525.756042704889,
   -3225.6141322574167,
   -1344.8713848003183,
   -3019.8171022677557,
   1490.3478093127367,
   -363.53851912124145,
   -378.17690838936886,
   -7298.819981745931,
   -2444.447570316533,
   -721.7297520043281,
   -489.22017253626575,
   -1507.0988963917657,
   -1424.1191990585748,
   -4793.229975564823,
   -1523.8081048411498,
   -4545.723527636732
  ],
  [
   -2741.406176974499,
   -1191.5602269398746,
   392.1993078018817,
   -2587.263780123233,
   -705.067889600389,
   863.7707637552026,
   -1788.0178438476291,
   -2993.856605579328,
   -1409.8796282169938,
   -760.0860045990638,
   -1155.4999052897383,
   163.91964324503712,
   -2273.053508590712,
   2967.7910899302665,
   -4301.512284597941,
   820.5004834397588
  ],
  [
   -1090.0802355949215,
   260.24651307835626,
   -274.6481649900241,
   351.8534917366188,
   -1318.521169716418,
   -1624.1029321458943,
   -708.3438388396995,
   -493.05023833584033,
   43.288504160144306,
   -539.7379049250723,
   -158.8633893432391,
   -504.1132589668184,
   -2267.181820751431,
   348.2659757133518,
   2119.6089398925124,
   -800.238627375604
  ],
  [
   -165.55296414451738,
   1923.3311416356896,
   -1555.6177766145381,
   1255.7115938514455,
   -645.4429015052706,
   -836.4525306787009,
   -830.3488264614099,
   7927.453711201658,
   1778.0810326706935,
   -818.3023913326089,
   932.7926788841323,
   -1722.7890274916635,
   -1847.9806104139718,
   -14386.657720837355,
   4121.93842694991,
   -1254.2726440755723
  ],
  [
   -5968.54929656003,
   -1940.6860285864334,
   -1489.8513255900748,
   -8510.110308847206,
   -10726.123554408721,
   -4467.098467876988,
   -8072.526968906534,
   -7266.028490779629,
   -1711.056297681738,
   -774.4771032321465,
   -3070.9642114342587,
   584.8679264234888,
   8612.826434879498,
   -15719.923520757666,
   3263.042696743671,
   -3838.9564524803486
  ]
 ],