{
 "input_nodes": 12,
 "hidden_nodes": 16,
 "output_nodes": 20,
 "epochs": 1000,
 "lr": 0.9000000000000004,
 "output": 0,
 "epsilon": 0.01,
 "synapse0": [
  [
   7280.825505746991,
   -2124.3479887379644,
   -181.82676978252724,
   9858.417627028755,
   7319.352064023595,
   7940.863840179545,
   6902.7349524762285,
   12566.383260626733,
   230.32207167354917,
   -509.7615945864722,
   10058.889412109125,
   751.2146614346121,
   -8410.510138387694,
   1043.9820757991565,
   -1851.547137712351,
   -8875.720622847559
  ],
  [
   -11014.930639084765,
   -2807.4943160469843,
   -67.99255859983569,
   -14132.180836753701,
   -14107.582576973744,
   -11449.736738418034,
   -10249.704839712418,
   -18888.5865256276,
   -3133.145073270971,
   -698.407523388115,
   -15768.263625466341,
   -2327.2618756622937,
   2257.7883786038014,
   6894.07022701708,
   831.3961517362648,
   6013.342149246289
  ],
  [
   13083.980601816265,
   3795.474790163584,
   -7130.70664640663,
   14140.923259966554,
   11077.60219002876,
   4518.036069098834,
   11859.55585731793,
   7330.201477145086,
   2726.551605121527,
   -248.10131011498703,
   4769.5278930535505,
   -4721.649674742655,
   -5720.545905450387,
   -45962.64894090601,
   -1986.4633812419888,
   -5297.823894124286
  ],
  [
   6933.302696640592,
   785.4465949785648,
   -2051.390120036211,
   2491.465406724081,
   -59.60287624472493,
   10060.878000123103,
   2589.644339003248,
   1302.856524584223,
   -1968.5972162207884,
   -1252.3246500347855,
   6948.865080692807,
   -1466.1832198763766,
   -8370.123061444145,
   -26573.524066944443,
   4366.184252403271,
   -23232.68011391449
  ],
  [
   -1593.4757532780534,
   -3696.154837719016,
   -1154.153210548871,
   -2427.6558470740647,
   -1466.4257859201996,
   812.316415004736,
   -1085.7512710229669,
   888.0110628662327,
   -1567.2761691936805,
   -1194.5352804101867,
   1998.9328174565933,
   -1067.7314306985013,
   2310.6230009550422,
   -14123.313138673648,
   -7428.369192026923,
   -7506.308630914722
  ],
  [
   -659.8015235607097,
   -4763.705837528753,
   -2079.7753714207247,
   252.82839184131828,
   1400.9077840489706,
   -2747.2261685736466,
   -3078.8101220518856,
   -6254.536550742519,
   -3645.5633707901648,
   -827.1144903655697,
   -3097.8670887745893,
   -1690.4281170039096,
   -228.1351980738902,
   -4089.2061313901486,
   -1135.6793387272228,
   7289.176935180281
  ],
  [
   -2971.9205642222737,
   -1747.0052734744172,
   -2567.2938871314395,
   -3136.170091557626,
   -4671.457749373526,
   -2973.599318574831,
   -6194.116414343359,
   -7098.537955089004,
   -3597.5685823945205,
   -1139.183359262975,
   -7807.418497117352,
   -2128.3106784841884,
   -2316.5070282146426,
   -17353.93226823531,
   -1420.7113837228633,
   1085.332999278735
  ],
  [
   -4874.469406962349,
   -3570.8194966814704,
   -2203.7487245237794,
   -1316.2884271435921,
   1700.1728102189536,
   -840.0293995673177,
   -2030.3765946387919,
   -10567.484194579267,
   -4628.535320973306,
   -959.7231427703495,
   -5952.163905416247,
   -2552.7112825637137,
   -1624.777065493165,
   -4106.710801980673,
   -2614.257873276455,
   -7047.151238826921
  ],
  [
   -6429.41450590636,
   -3172.2350408672496,
   -572.4738324719751,
   -3711.8020836468504,
   1260.5867428097583,
   -111.28456015835302,
   -1995.2643802152504,
   -3418.917141401286,
   -2268.4912718101796,
   -1412.0857271066984,
   -4517.805915253232,
   -693.983269811503,
   -4725.038118403605,
   1650.381409852979,
   -5025.980802055861,
   -46.901502824045714
  ],
  [
   -1878.1857469658582,
   -1012.251996010336,
   -276.14444865730303,
   -2026.4642454125785,
   -2214.6181841325165,
   -3982.555208951664,
   -496.7135627286301,
   -1628.1691622034996,
   -997.0439784038193,
   -628.3375732659237,
   -2198.173248867856,
   -921.932091620103,
   -4514.639675014276,
   6107.155091827477,
   2748.669678174784,
   413.06617969097016
  ],
  [
   -1238.8033142837508,
   2833.498789717923,
   -4731.5851924776025,
   -1989.296807244625,
   -453.53106979189994,
   -3148.1394698494173,
   -942.6718595559471,
   15647.32155199661,
   5955.132438554586,
   -1479.9632837161193,
   1796.5614506691388,
   -2987.475808954268,
   105.12210341206205,
   -38446.02887141019,
   8004.145672686656,
   -6220.959025299495
  ],
  [
   -8958.37039319511,
   2439.667326003508,
   -2510.465323856138,
   -12704.357802481429,
   -13992.248751975627,
   -5100.189892955663,
   -9178.29440300996,
   -15532.408829070588,
   -1434.4866940374725,
   -1118.5068446319294,
   -5654.858981806363,
   817.5551930636547,
   14976.619052692724,
   -31308.617540553114,
   4725.7358150982745,
   -11223.537462537692
  ]
 ],