{
 "input_nodes": 12,
 "hidden_nodes": 16,
 "output_nodes": 20,
 "epochs": 1000,
 "lr": 0.7000000000000002,
 "output": 0,
 "epsilon": 0.01,
 "synapse0": [
  [
   -1471.3509803661914,
   -1606.2170512822856,
   109.49087684320337,
   -817.1859744224371,
   -415.19635452539706,
   322.3968643867331,
   -238.3490711271679,
   334.5466454979714,
   -816.1693239527712,
   -995.4635872560967,
   356.9393932707532,
   711.5676656328403,
   1392.2778811006933,
   88.66521849820539,
   -2300.9493735256783,
   -1068.639067834899
  ],
  [
   188.21782157960104,
   2293.9228149863493,
   -1183.9761063382675,
   1986.2182901221381,
   283.0657255344456,
   187.6016076024602,
   227.53511708549306,
   -2078.7859890649966,
   670.3580863074521,
   1146.076496121486,
   -909.1070978327657,
   -619.0619969607862,
   -3202.014283721164,
   -231.006462931446,
   1887.5353971691802,
   410.2528513350141
  ],
  [
   -2176.2329001489047,
   578.4187135227285,
   -3117.2330480446685,
   1202.8294818135735,
   -876.3120538705941,
   -168.69722888177265,
   -2095.708195573442,
   -1746.9311953527313,
   -347.0356571891531,
   642.6594963838453,
   -1321.5319357502315,
   637.4712100299685,
   -1002.3254774959146,
   -10.997980457181779,
   -1072.893887629883,
   -4354.423827578324
  ],
  [
   -1906.3339646438253,
   -2236.854844072022,
   -1207.1057994838395,
   -167.86728844360823,
   -782.6047013182392,
   206.39497808093907,
   771.705731887082,
   -2129.1803439354535,
   -223.82493735528286,
   383.8694233981843,
   2684.9296464898866,
   -1329.5011283386368,
   -1030.1924173552259,
   504.22102673375304,
   -902.255833975406,
   -1404.3518805008428
  ],
  [
   -458.2107782727628,
   683.6347404691521,
   -2312.8957684449574,
   707.7296449910821,
   -1056.0764306893261,
   -297.5960073782319,
   -911.0802857056129,
   1107.160417080438,
   -673.666304835168,
   -941.8948625157964,
   -829.2918335610481,
   -383.1127566407952,
   1862.462360346966,
   -232.34893186966045,
   -717.7410020004938,
   -3764.3074417807443
  ],
  [
   -238.4878929886287,
   -155.5119670685718,
   754.3596223798916,
   -1021.2727881996954,
   677.3340490192178,
   -405.1495558423079,
   -833.8243137838716,
   -514.9355114592539,
   -358.5116134532706,
   -738.6471885888602,
   -1424.0892751600002,
   597.2556017316717,
   -739.735718496161,
   66.98311876892467,
   -261.54722316559327,
   443.7221587823184
  ],
  [
   -85.63180640559467,
   833.5163485496915,
   -1559.399318869216,
   195.35711948442076,
   218.95773400108283,
   75.10715019969889,
   548.4107166054612,
   -344.33228539834226,
   -113.41093387158423,
   -251.62053565484786,
   -92.72056611997527,
   570.0999493289042,
   -1281.220491180747,
   -215.57427594762655,
   374.0592827241878,
   -651.3147980528383
  ],
  [
   308.6724596561858,
   133.22052143404468,
   1301.9532360038022,
   -1145.2985386675439,
   -346.31793686400124,
   633.4977290366005,
   684.9087884817745,
   379.0873471238625,
   -295.1721838328533,
   -881.7230534032022,
   1249.734070470467,
   -678.6602342411143,
   -25.330460871194724,
   -567.500375718658,
   -1044.584470131354,
   -112.32405511445108
  ],
  [
   -344.161273851804,
   -2152.6150998998146,
   1656.6645962417235,
   -455.51674744891574,
   528.803571950536,
   -288.21491451540413,
   -1722.9951894701592,
   -790.3267148450165,
   288.019949276807,
   199.93195045735231,
   -1848.2270328409836,
   -477.477795204273,
   -26.697870816304537,
   -215.04223608822718,
   298.031683327351,
   1398.1627936679204
  ],
  [
   -39.14501733555808,
   432.0624661027084,
   -766.7737286007099,
   -106.14055000899329,
   -370.69989750214813,
   212.37139422896746,
   236.39103087354118,
   -406.22991347010606,
   44.343352245876886,
   -52.030052388894475,
   694.9737067593154,
   -288.2275521249859,
   -739.827422263666,
   -105.12827937478104,
   4.527534808937546,
   76.14129739728341
  ],
  [
   376.75767437187193,
   -2561.356769682868,
   1276.6182547401575,
   -914.9253124230429,
   95.42598683457265,
   -792.5749961669253,
   -937.4282989181942,
   644.4771902367406,
   1310.823310986579,
   -2233.5577738759835,
   -1031.107617278979,
   432.57837570475493,
   673.2791368334521,
   889.9766445314182,
   -2613.9418260593643,
   -320.631627963654
  ],
  [
   2459.838641530157,
   -2826.588402562907,
   2741.6689746852912,
   -2386.7787642676426,
   -244.31482364450733,
   -739.8244087371359,
   1236.3708675576436,
   1584.0391314507378,
   399.14371160624245,
   142.7295494919996,
   -18.157785387503676,
   -415.30085933471383,
   -400.43993437641484,
   -21.035732631898775,
   266.0461614151784,
   2484.160953694355
  ]
 ],