{
 "input_nodes": 12,
 "hidden_nodes": 16,
 "output_nodes": 20,
 "epochs": 1000,
 "lr": 0.20000000000000007,
 "output": 0,
 "epsilon": 0.01,
 "synapse0": [
  [
   -1560.253528675964,
   -1162.6879262029104,
   -277.79581958197764,
   -1133.2997664400652,
   -198.4331909887302,
   412.462820776713,
   -432.89401118425855,
   -31.284447233158357,
   -840.126661168309,
   -644.154655726873,
   196.67343811406403,
   554.748540505894,
   1383.0900435424203,
   158.1745522440033,
   -1682.95396243457,
   -1066.2834801141098
  ],
  [
   554.9002539436436,
   1731.499075062133,
   -865.9501645448655,
   1930.868515688125,
   30.381162455330205,
   -184.47450769831394,
   162.91522744923242,
   -1581.9486067667124,
   713.570529945673,
   816.3161989710334,
   -710.7484385005627,
   -480.23102991629816,
   -2823.9287040849936,
   -155.81856231826492,
   1568.375651298151,
   675.1831024946155
  ],
  [
   -1746.7792805386232,
   227.86499244960865,
   -2861.0124947182935,
   1268.0453388983995,
   -748.0322257380406,
   -373.7424554795815,
   -2373.0326672328183,
   -1246.426670049676,
   -98.12475821994771,
   434.12547637546794,
   -1241.0096727483483,
   160.70991034293905,
   -922.1718786509675,
   128.34197579500142,
   -755.5584850735855,
   -3987.0841718365564
  ],
  [
   -1342.0469132231158,
   -1749.1498444871856,
   -1264.7508274449333,
   -595.8986624143981,
   -651.6272004604205,
   -309.47807501356584,
   341.3223539716904,
   -2156.7411125274607,
   87.83594811293572,
   372.1016946969741,
   2330.75757859814,
   -982.0844576652097,
   -1250.7431346971919,
   387.73721974534755,
   -516.3837443415372,
   -815.4516763343638
  ],
  [
   -515.0471873495939,
   761.6393086177833,
   -2549.531796758376,
   261.37674315148615,
   -1053.419442392053,
   -598.9754571956015,
   -884.3320376099978,
   861.3824362879438,
   -539.0335141332553,
   -779.3619542515072,
   -671.6721386253298,
   -335.071636529369,
   1693.7070518809387,
   -196.47105033899484,
   -369.9895113423209,
   -3278.99406835324
  ],
  [
   -144.01449435164108,
   -486.9221057719648,
   860.4173829637704,
   -840.2331101577295,
   870.2526315246847,
   -463.854949469213,
   -479.9744277197016,
   -296.8875921988507,
   -389.38507288420396,
   -705.6933733381678,
   -1003.2138057295007,
   278.9659438212409,
   -461.076808945223,
   33.81340841224043,
   -310.0987725813987,
   253.4698832267001
  ],
  [
   -390.25023112727047,
   970.1997733199286,
   -1668.4233546826288,
   -44.599103131631544,
   -37.249287396336726,
   386.678344587737,
   206.21571358498574,
   54.94478647197191,
   -117.54617524655878,
   -68.23306742756793,
   -297.5992364484475,
   563.6522710638649,
   -1084.617413289423,
   -43.31141194500422,
   236.92913470858815,
   -561.5563718093999
  ],
  [
   379.4796791205508,
   109.22215653074757,
   1202.4707781266268,
   -1061.114531822831,
   -38.18048438626221,
   353.8923010428128,
   908.6702126672923,
   66.43500109520589,
   -514.7616567658987,
   -790.6211425045753,
   1302.1475073173326,
   -783.044297726641,
   441.26338893803876,
   -501.23481851961964,
   -717.8588331820245,
   -53.62463378182955
  ],
  [
   90.19558730090107,
   -2899.957748803299,
   1591.2999173800613,
   -108.83817549447136,
   312.01930019097034,
   -522.6060696363968,
   -1623.8997736979375,
   -533.9059321885777,
   293.7144349635395,
   70.19279963181576,
   -1271.718857915753,
   -498.03067346712635,
   204.97832200364743,
   -59.531896498910804,
   -4.671828981312533,
   1602.0921379331628
  ],
  [
   11.381068631647452,
   227.24899919984114,
   -230.47443934236472,
   178.3408410231919,
   -551.4496982287752,
   381.9619391027929,
   461.360740461614,
   247.8056459816629,
   9.572866220458945,
   -171.64549220590018,
   706.3843054065017,
   -302.27174753264507,
   -703.2106780272859,
   -245.94463169241178,
   -174.62922145914106,
   -104.28281650432076
  ],
  [
   -268.1821111097515,
   -2019.0665476009083,
   1025.9323744641947,
   -1325.3292405457648,
   26.95310359305751,
   -601.0259508363487,
   -674.6799940766136,
   770.531854047559,
   999.1259175685999,
   -1070.9221274992303,
   -1020.3315399472234,
   456.61038663826054,
   553.192033557671,
   685.72796371219,
   -2482.0764679444283,
   -587.5221592358563
  ],
  [
   1446.6127958546083,
   -2152.3052175365387,
   2215.721443139823,
   -2466.569419481814,
   -113.92310861495763,
   -159.53381447792717,
   1204.8580491316968,
   972.8549562051162,
   251.30398663030954,
   488.0015815451939,
   -111.70000490108885,
   -397.53806839199723,
   -366.3905996112032,
   82.16812652544571,
   215.8972468627418,
   2058.57505447827
  ]
 ],