{
 "input_nodes": 12,
 "hidden_nodes": 16,
 "output_nodes": 20,
 "epochs": 1000,
 "lr": 0.6500000000000001,
 "output": 0,
 "epsilon": 0.01,
 "synapse0": [
  [
   -1906.0328974029185,
   -2036.1548694628343,
   -52.22011953497279,
   -446.8458021800582,
   -202.94070862606148,
   395.50648152858815,
   56.2290494222955,
   1208.7194653828499,
   -932.5361398848117,
   -1705.582615310126,
   710.2388822111926,
   332.79745520686487,
   1641.1582619988471,
   529.4818603107377,
   -3200.2897596506955,
   -1350.0146887317617
  ],
  [
   -66.10630900600286,
   2277.8237654587033,
   -1749.2820864726905,
   2751.0963198733843,
   616.7675069649924,
   -541.6594710517456,
   313.8348357839911,
   -3424.9456262872486,
   -7.287122135817865,
   1391.8364484686613,
   -1212.7441201991792,
   -489.26189330968737,
   -3274.131881441951,
   -659.5346817567565,
   2437.499148076533,
   269.5275676333599
  ],
  [
   -3546.321446920494,
   -802.3050087116474,
   -5207.763739968319,
   2184.973850280345,
   -649.6833376980844,
   -1689.2378048266708,
   -1238.495250645407,
   -2759.204260142223,
   -818.3701129832408,
   376.99168007754986,
   -416.1478791423098,
   257.39510479334456,
   -335.52141198005114,
   -33.273524538336076,
   -2141.444019249647,
   -5311.479022357706
  ],
  [
   -1469.5732857962869,
   -2709.447147144327,
   -888.9342792119816,
   -2353.7789787272263,
   -1685.136618797362,
   1053.3474151881646,
   532.3837864158937,
   -1902.9485772501184,
   3.823653132034952,
   684.334283018113,
   3549.4679423933558,
   -2371.051742911909,
   -1749.130394917807,
   743.7640660773563,
   1129.3010541252017,
   -1005.5779468103899
  ],
  [
   -1274.2420681366025,
   229.81676895029653,
   -4840.200008101992,
   1247.3193910933364,
   -1702.7379532198431,
   -1914.3922358920859,
   -1275.230992298928,
   812.6411883075189,
   -689.5629112070461,
   -1118.430369148287,
   -1100.782883010647,
   557.9200008466656,
   1949.1230831642417,
   -1034.4026651483757,
   -1980.0874418491544,
   -3798.557638915522
  ],
  [
   181.29795006800904,
   -30.381357389949496,
   950.2679433455611,
   -1257.68135547727,
   802.8569551034317,
   -187.95315010878298,
   -832.005224734421,
   -1659.1572665761341,
   49.58006461286245,
   -1405.8946802326557,
   -2562.2868465052097,
   929.1876490184293,
   -669.0137913004804,
   237.1031840313464,
   -614.1542982099243,
   -529.3315359639165
  ],
  [
   136.1763466553629,
   665.0214649663588,
   -1057.441015606228,
   -376.8661440749501,
   -48.52667936673791,
   -747.9211683372064,
   73.65541542362888,
   -902.4386885619964,
   -408.17508529332196,
   -0.17631417250815742,
   377.2509980992969,
   432.68948398077885,
   -1608.400121674938,
   -862.5739462964158,
   7.41940452493506,
   -531.4049677139742
  ],
  [
   -93.22789011203018,
   -286.82036720869223,
   453.36899110394825,
   -1261.1590213879251,
   -665.5160071572216,
   852.5715357798352,
   1076.2465055903174,
   1150.9163557664265,
   16.93915273439631,
   -865.0773275447903,
   1710.445907867468,
   -539.4394176174984,
   -87.89069334617236,
   -1159.1754743863098,
   -1019.724292930075,
   180.55904149541456
  ],
  [
   -552.4257537490232,
   -3111.449425861661,
   1207.3297549100637,
   -1912.8437251207224,
   190.97466581376526,
   -52.95271356148528,
   -2178.775906698803,
   -2325.771118188563,
   272.44452696426185,
   -221.10363034477243,
   -3595.13662888488,
   -379.3939144277247,
   1109.1575429543864,
   -942.4534813804491,
   2557.4955137784705,
   2903.2386600209943
  ],
  [
   -277.75656983815514,
   979.0804433000108,
   -1037.8563454906591,
   589.2849425219669,
   -57.03037787103502,
   -508.7651623926431,
   571.5395001313317,
   -746.6408241262487,
   -482.3374010090669,
   -67.38721399304856,
   658.8321053468075,
   -127.48986781374428,
   -855.747792382629,
   -735.1351951735707,
   -784.8975265807845,
   -543.5474677083458
  ],
  [
   789.9955340166608,
   -4703.654134975703,
   1284.3240885298696,
   -2135.0825339149746,
   419.0884128330306,
   189.24628352910673,
   -1644.9241194294427,
   1282.4488253835439,
   1762.7783493023803,
   -3049.286596143632,
   -2328.6724422388093,
   606.9478443552277,
   1060.9603991333702,
   1730.4086049483733,
   -1621.5278258703618,
   621.6541810741224
  ],
  [
   2546.373339632054,
   -5181.850149165615,
   1925.245958115982,
   -3220.368883241158,
   -13.478406598875589,
   -1121.0993132899846,
   1011.1104127467175,
   2583.879712552762,
   230.68571192584776,
   502.00163477015803,
   -94.51438282321145,
   115.6790982239696,
   -308.7299552533695,
   -276.0115318191892,
   597.771063213461,
   3711.145071155887
  ]
 ],