{
 "input_nodes": 12,
 "hidden_nodes": 16,
 "output_nodes": 20,
 "epochs": 1000,
 "lr": 0.6000000000000001,
 "output": 0,
 "epsilon": 0.01,
 "synapse0": [
  [
   -1424.8643844005223,
   -127.93677317884585,
   81.24659507497041,
   -92.30192853146181,
   -57.58648663598934,
   -222.72209043571686,
   -519.5534860720509,
   -166.41717137391763,
   -188.30400769308176,
   -193.123697494448,
   -48.58430604187497,
   -166.5621864621656,
   -182.72182388060133,
   -974.2139671510289,
   -156.68096576584864,
   -468.28602542137435
  ],
  [
   562.2605440398917,
   53.98059880377417,
   -1399.8898393768102,
   597.634425291913,
   8.418513093883572,
   136.07322616201543,
   318.6193174080363,
   -212.9003599302828,
   383.23124517175086,
   241.89857169165495,
   -69.97652931619471,
   638.4170637727105,
   -499.22501914192986,
   349.9643325642826,
   -420.3840361123693,
   2248.790088325821
  ],
  [
   -6400.993006895192,
   -1572.5605433407557,
   -278.9523655508321,
   -139.6584406131111,
   -197.93675612112824,
   104.54460249069615,
   -2462.259151740817,
   -4906.523384707983,
   -1771.2559815110408,
   -2254.2699570089685,
   -399.36386898026785,
   -151.06389527111605,
   95.50210046024377,
   -4493.688203686579,
   -6829.03659238044,
   -1580.3597891768816
  ],
  [
   -3381.10854175515,
   -727.6762426183218,
   47.91653650376161,
   -86.17547564190096,
   -859.14805316046,
   310.79443263600103,
   -836.8347646847789,
   -842.4151552019345,
   -253.84009950219848,
   -609.3723546185493,
   -626.7158018850679,
   -1246.0197003770163,
   505.80930149630314,
   -1651.2895907489958,
   -3340.347848771478,
   -2078.1500448658617
  ],
  [
   -1366.4464571264507,
   -498.0132308681106,
   342.05376121717313,
   166.60838657902184,
   -673.0327897670315,
   -9.006617539879166,
   -1096.1633222203786,
   -1041.5520913444195,
   -239.64319195070757,
   -906.9148309138745,
   -492.9333254678214,
   -541.4974648304535,
   252.52295913043366,
   -1913.3413070200208,
   -5820.927737773819,
   -1887.2902214886808
  ],
  [
   -3837.1092600578386,
   -533.962557817876,
   40.98924673414832,
   -28.528285096219147,
   -371.6902261938348,
   -153.03559915661702,
   -1267.8272499479758,
   -109.3010674318491,
   -84.44778501886094,
   210.78889759736606,
   -472.8090882044943,
   -4.529052836814096,
   -869.2823683017664,
   -2410.176588078011,
   445.35576268268056,
   -876.0647646096381
  ],
  [
   207.83864551411855,
   -231.37280522458903,
   268.48314948740494,
   230.5938072535771,
   -234.54977587192104,
   -180.85870856468236,
   -1029.1995509595158,
   -142.1679055726427,
   -5.499281422048305,
   -724.4865610605136,
   -116.62153676615333,
   -12.899235858184483,
   -172.1139263802799,
   -690.4045104980912,
   -3774.049644290619,
   -1036.016795024036
  ],
  [
   -3394.1581594730364,
   -418.9412774811481,
   -555.5544829673536,
   -389.27241918939933,
   304.11555859352274,
   -330.15651266711086,
   -990.1664227684879,
   -1554.5511416910495,
   -59.394973097504554,
   410.58756553008135,
   191.6630676518403,
   -247.41519444456563,
   168.23810733801542,
   -1404.3619040699368,
   -1033.3136713675774,
   1003.6421992173068
  ],
  [
   -4999.066408785356,
   -636.4411081168894,
   -236.54881501984332,
   59.12973957614031,
   -156.72103347160797,
   -343.0505816929257,
   -1477.836704198843,
   -1282.7338822962352,
   -421.0049342975315,
   -22.284326641151267,
   -203.19923990929956,
   147.27825849936474,
   -637.378129672744,
   -2738.648258201193,
   -2899.2098200729806,
   386.3598659415478
  ],
  [
   -1096.0425919693232,
   11.003234767186873,
   202.612213863239,
   12.735839820274307,
   -158.9322675767813,
   83.73003870018903,
   -549.7083864806935,
   -881.576954550943,
   112.367544992828,
   374.59644939354513,
   -291.76442835037636,
   96.38336122945569,
   -1131.151225684637,
   -290.1994176304516,
   -1317.858657945288,
   68.57445198388399
  ],
  [
   383.33234558638094,
   -489.4076076067318,
   700.9304568520673,
   -430.87839598046605,
   -554.316227777237,
   52.805019063943654,
   136.03261747561496,
   -1327.9049694853147,
   -486.3558009461062,
   -608.071088927324,
   -437.5912616658055,
   -114.60231976582638,
   3.546701091967137,
   373.16825166239795,
   306.0843883878861,
   -2550.073809062714
  ],
  [
   -2477.7696632653233,
   -649.95184321756,
   95.00739506529027,
   -328.7469863619753,
   217.18324039902012,
   1335.666563882128,
   887.6858730111362,
   -735.6967218444945,
   -195.81787858663765,
   505.16778329224115,
   20.006521581167405,
   912.8268133790106,
   405.3462368197944,
   -0.08399422954909438,
   588.876353014963,
   183.8013393981737
  ]
 ],