{
 "input_nodes": 12,
 "hidden_nodes": 16,
 "output_nodes": 20,
 "epochs": 1000,
 "lr": 0.30000000000000004,
 "output": 0,
 "epsilon": 0.01,
 "synapse0": [
  [
   242.33068898950984,
   1170.147876475915,
   1056.8448570958253,
   -1538.545555061234,
   -603.4004122245398,
   2087.0643818944613,
   -1130.4542089648564,
   -1555.112367675205,
   6.329676729383844,
   -840.7355602294396,
   699.977665133263,
   676.1740985700164,
   -1179.8067705529807,
   -1180.6959519425516,
   1627.7695956746227,
   858.1411406854016
  ],
  [
   13.762447680724074,
   -1336.9181740038393,
   -1576.9078984458774,
   1038.8633330324092,
   -294.1230528278669,
   -2638.8060970041633,
   469.40833591123214,
   1137.4606877781614,
   102.97313442095428,
   1370.4141682702575,
   -145.38975872344838,
   97.09922849026918,
   461.60411674665914,
   1496.3947576038706,
   -942.0923546078943,
   103.03538620321503
  ],
  [
   25.233636848617245,
   -283.0498578821652,
   -531.4034796800643,
   -1232.5495376393317,
   -3086.0235351705023,
   -1997.8970663020855,
   -624.5018418783552,
   723.6673289758742,
   -306.6377985500337,
   333.8008607616631,
   1184.8652992760808,
   -1043.1327542141896,
   -814.5735652265532,
   -745.8167330840502,
   407.62941711726484,
   -1031.9315022890219
  ],
  [
   439.0046140730087,
   2269.354481632571,
   -688.817734059547,
   1798.621513058785,
   -471.492865945835,
   -529.4670504796638,
   -155.0536876962208,
   -952.9515261083856,
   674.9329102342134,
   -1025.6740468131625,
   99.077009998177,
   -1225.7692758123794,
   421.8154715199992,
   -345.0391710130046,
   -2425.0258576747638,
   -617.663173669651
  ],
  [
   213.98261920101396,
   426.3719864454382,
   11.870264636346363,
   -915.958403258415,
   -3065.701937533223,
   -1177.3027332275158,
   -904.3535152065283,
   -843.6664978330638,
   194.52822137236893,
   -44.20847402146807,
   490.15631674240853,
   368.5485775196617,
   -521.8753109273578,
   223.79335919694455,
   335.30989672703055,
   -767.532309978036
  ],
  [
   449.48454228897543,
   -201.6798199216066,
   -1302.8405217256689,
   2478.2398400339107,
   -208.77847868068034,
   -605.1397951934287,
   126.70882848309937,
   -802.2578674389724,
   -130.3154858303113,
   -688.8995162586165,
   -234.0370121979621,
   -553.8059982603703,
   -912.4510367041825,
   -905.846230734925,
   532.9472072951601,
   226.73339190813567
  ],
  [
   -15.670918819975377,
   -248.45111688712714,
   214.4819756735227,
   -319.3936755603927,
   936.002181523417,
   17.60307721210799,
   -390.29386047677133,
   298.71338121878483,
   -353.8840287885084,
   -570.255365068584,
   -239.35253074783452,
   324.6637967018646,
   269.16870071527484,
   57.13251845992682,
   -129.7536898487761,
   625.705032150596
  ],
  [
   -902.5924576579101,
   -62.737373706287755,
   563.1552442002111,
   -1940.4923966466874,
   316.62464248927864,
   219.53279888100323,
   -1028.5731014098224,
   233.81055750413682,
   480.26422202244527,
   899.7801469179436,
   -380.9402323469323,
   387.5454207085058,
   982.152618162885,
   724.1460065706249,
   -521.1240728479593,
   352.95762388945997
  ],
  [
   -1015.9105612528888,
   -1107.289959724824,
   409.2611035376362,
   -2229.1489088562635,
   1292.170494984204,
   796.0659320029861,
   102.6569474741778,
   -205.5788276824884,
   -23.060857906453787,
   308.4924332272963,
   -384.5178274243661,
   336.0044830533332,
   -107.18643283729493,
   242.35764150914846,
   1055.5639427178899,
   -359.32363070188757
  ],
  [
   21.700107145974172,
   845.468099753302,
   435.94884246841485,
   -1236.3889823594168,
   -881.6913664527832,
   1022.9753467560715,
   563.7575160110243,
   -386.51687354571055,
   -356.5900736321658,
   496.1127328512141,
   19.186769627617164,
   787.9426081075967,
   -42.49936128362769,
   -176.1436136076704,
   -379.5760442900637,
   309.12311390270145
  ],
  [
   -1748.2614717279384,
   294.6271851405192,
   56.06610582314131,
   -750.4246327104592,
   -407.754994840733,
   -42.97436987976891,
   1599.6357560232602,
   1482.4768178774939,
   86.9288526156172,
   178.9810535139425,
   -240.82043292313858,
   219.8911872837147,
   -212.79246759389667,
   180.55422803838366,
   -871.5166280551872,
   -2150.137984356814
  ],
  [
   -859.0488085931495,
   -1407.0788609960814,
   283.8431410657443,
   296.3214183472147,
   -389.99943888278193,
   -438.80078047105764,
   545.256894732125,
   391.272111671194,
   148.01575537926917,
   -1519.7425050230343,
   -868.9865782319079,
   -321.70636965706456,
   -872.2253310809696,
   -508.6408120270055,
   -1188.2348744673905,
   -415.7814732283883
  ]
 ],