{
 "input_nodes": 12,
 "hidden_nodes": 16,
 "output_nodes": 20,
 "epochs": 1000,
 "lr": 0.05000000000000007,
 "output": 0,
 "epsilon": 0.01,
 "synapse0": [
  [
   251.43368561792863,
   753.4867350413954,
   607.8626105836971,
   -1402.8619546022076,
   -238.29090226752427,
   1859.7667716695917,
   -741.1728623456966,
   -1136.419482800323,
   20.612077194930066,
   -737.6053015399539,
   879.2157524968336,
   256.86243135545607,
   -1016.0615428909326,
   -1043.1526452839607,
   1222.7939089993556,
   25.855981605157858
  ],
  [
   15.602850295584036,
   -660.6497400539097,
   -971.4741096992183,
   942.6207248458928,
   -474.13854600476367,
   -2203.274495235004,
   379.1568056444148,
   682.9921484350602,
   13.0117207142118,
   1119.2944931297845,
   -231.46218158811496,
   220.60205595436094,
   630.0717545724813,
   1090.3996792021092,
   -560.5473861122722,
   543.4835603256997
  ],
  [
   -229.08801870568558,
   463.79844074576914,
   615.1071110321557,
   -514.6241098557432,
   -2553.904128020425,
   -1800.093057014083,
   -938.7389461091341,
   684.6127146154616,
   -395.8094883981418,
   215.92392200811395,
   485.7124940415605,
   -175.37474716628498,
   -382.31335409918967,
   -769.8879277395476,
   332.57265624683254,
   -502.2137044096544
  ],
  [
   159.4948515947723,
   1282.8891007020427,
   475.64475719956283,
   694.1371726181394,
   -808.2872545841961,
   -698.1427397821892,
   -482.04006204223845,
   -768.5963211022056,
   757.6001608005103,
   -624.7788673830325,
   147.87803876994616,
   -475.52064474884344,
   37.020626403878886,
   217.71338036651866,
   -2088.558282843669,
   112.15733651827695
  ],
  [
   372.9892098597259,
   414.61640110896707,
   487.2392457489916,
   -679.0260582311256,
   -2298.3797727239753,
   -958.7792297573027,
   -680.5459361019097,
   -506.6728362587743,
   -20.398885230648084,
   276.6264705764677,
   306.41844363863675,
   -116.82649903615997,
   -81.92629926149232,
   140.46214075082472,
   406.073096697597,
   -446.95164776321394
  ],
  [
   438.94747767010955,
   -173.00248368545508,
   -403.05939744527296,
   1773.6441818662784,
   -924.9448823233154,
   -915.5423094135488,
   68.55913403375611,
   -584.4519274539243,
   -118.80145205607526,
   -511.73780304292467,
   -86.52179203422111,
   11.943997857807696,
   -916.1387723070629,
   -657.6735096545381,
   375.706744603465,
   462.56194758374727
  ],
  [
   -64.95905721945819,
   -634.0620286249862,
   -101.67431361689903,
   -364.8688459485596,
   852.8491561142872,
   277.88461267451675,
   -204.90052500271727,
   -64.55781986959873,
   -152.66084064452374,
   -248.83362896206475,
   -21.966643556097424,
   426.64820927698065,
   387.29178268431957,
   274.5626296689217,
   -158.30278009173009,
   782.0043620346183
  ],
  [
   -608.4174177486208,
   134.04849775775517,
   -158.61037930651563,
   -1455.8552583603378,
   -179.05172795888927,
   179.1297714875928,
   -888.5815728017444,
   146.4748831921055,
   323.54878796169317,
   563.5752754967924,
   -170.738285580789,
   123.91214119944826,
   929.0876902603678,
   462.13731345616014,
   -568.1394895151118,
   -351.82704949470207
  ],
  [
   -751.5525526870179,
   -534.4420888605432,
   86.08106488920144,
   -1361.767848922373,
   1271.7091324042672,
   700.8920786992419,
   299.53501346519226,
   -254.12704623613237,
   -195.10583494840145,
   -289.8379556284515,
   -371.14680729486014,
   78.09547262311976,
   130.17587891078753,
   -155.03264881174826,
   919.379018469652,
   -879.2745849700591
  ],
  [
   273.56033177416276,
   156.1554796818541,
   -465.65483095466453,
   -1111.0133657892773,
   -857.480042852672,
   701.5227161996469,
   136.12203199189494,
   104.26172180039259,
   -505.6042068812566,
   633.2003828633527,
   208.8432259383772,
   -11.84946763889561,
   -132.72372660718855,
   80.71358081189584,
   28.12763175480599,
   -334.3226992016554
  ],
  [
   -1456.317610909468,
   -14.402911830017661,
   -639.889213695775,
   -733.6145699261933,
   -151.59015588495373,
   77.44126165484923,
   1351.6949003543948,
   968.5488895081345,
   68.70560726527263,
   -207.6248174798655,
   26.17062104087618,
   233.82825690076209,
   -168.770240943574,
   223.00931051036332,
   -526.5323875899695,
   -1294.3250814983244
  ],
  [
   -539.2820677412507,
   -671.1932236012624,
   -59.8352385322616,
   129.0630282515151,
   236.30256986461572,
   -595.7164582899541,
   83.56703873944842,
   -26.882917031705656,
   -129.9931103638144,
   -1152.5331394364443,
   -586.6868915174622,
   -372.88931066210444,
   -295.25308613051243,
   -269.04183065184964,
   -915.8699238778851,
   128.0620852899793
  ]
 ],