{
 "input_nodes": 12,
 "hidden_nodes": 16,
 "output_nodes": 20,
 "epochs": 1000,
 "lr": 0.55,
 "output": 0,
 "epsilon": 0.01,
 "synapse0": [
  [
   693.3400665818336,
   1126.7572849278706,
   1042.2946398024033,
   -1615.6047016853438,
   -931.8810247351043,
   1885.8284741861803,
   -1438.543438930896,
   -1543.875639076806,
   150.20600315578355,
   -1044.0647758594193,
   590.8800672070523,
   1387.6034101121923,
   -1419.6669820422185,
   -1753.394772533194,
   1735.1534934645335,
   1573.5077928672313
  ],
  [
   -235.67163823545533,
   -1522.295689794956,
   -1878.8163570383667,
   1211.2788489759919,
   138.67106049856721,
   -2724.0408439413804,
   685.7712215683177,
   1306.3779406588815,
   -63.76793192939069,
   1612.6596286976262,
   -250.95700912109496,
   -18.26352963761672,
   398.4905930060686,
   1818.3244653517445,
   -922.2602902967205,
   -252.57954887615563
  ],
  [
   302.9984375749396,
   569.3806985641556,
   -588.4411016782543,
   -1820.7803085314454,
   -3726.53265368934,
   -2035.4061310465818,
   -635.1759515170985,
   511.4857295401884,
   -337.8203823540748,
   193.3647875932351,
   1502.3414413272772,
   -1075.4468325870503,
   -942.0646531422898,
   -745.5088073573274,
   385.58716317266817,
   -522.2017933908164
  ],
  [
   766.3016872524998,
   1596.4674198942168,
   -763.9996617982475,
   1835.1532485365537,
   -610.9552783690643,
   -431.12164404532916,
   -258.9425277556021,
   -1158.9763255739133,
   950.1393394059945,
   -1194.4519409593318,
   4.21893414808711,
   -1504.0671031251252,
   312.60207975468774,
   -550.3001556488966,
   -2194.3931763735245,
   -1193.1449184159728
  ],
  [
   -44.75209190881034,
   1096.549380795092,
   -417.6742509212826,
   -921.3556373968698,
   -2631.572313945386,
   -1699.4500735558186,
   -1377.331512713344,
   -548.2193547743657,
   -29.896516270192222,
   390.5658771591458,
   664.5144080802328,
   693.7205767225321,
   -936.4764678024002,
   -517.023962867708,
   -134.1107441407843,
   -498.2794665599536
  ],
  [
   1094.2858885203366,
   -1511.5365857679299,
   -1324.5756595981018,
   2142.3215053755835,
   261.6198618743401,
   -341.70860691561705,
   -115.49279602247202,
   -556.1536625284849,
   -231.53349011890614,
   -900.1873203699961,
   -183.03637274688876,
   -629.0032273092146,
   -1460.2523904748143,
   -851.9660862646534,
   792.6710723408779,
   562.315095115821
  ],
  [
   135.5170804716778,
   -98.91856488253778,
   146.87877164767298,
   72.40792394650029,
   331.96979211797014,
   -73.55124159836092,
   -80.13215219398231,
   271.3880825159317,
   -193.17836292014397,
   -704.8781938281691,
   -648.6361900494045,
   301.4270602109579,
   439.71705982037287,
   175.3950356327717,
   49.40278791914234,
   486.8010606216482
  ],
  [
   -1055.5079465728666,
   -223.51743533435962,
   582.3398223751012,
   -1545.476254375601,
   354.0354159152768,
   261.81157965670207,
   -699.6363407880443,
   346.67637020238163,
   679.576852625908,
   1050.5507698830922,
   -681.2935886912286,
   527.496872994734,
   864.9730628110141,
   958.7590248854984,
   -276.6518368752619,
   194.7543107238773
  ],
  [
   -914.8707177822226,
   -1149.0025005614448,
   546.2783960896274,
   -2233.5101099414615,
   956.5308841291833,
   700.958899941969,
   92.02389519449387,
   -545.9295024785043,
   116.37570477109509,
   -22.52121254594047,
   -554.0214007029975,
   517.0711010353934,
   129.47825247482962,
   424.3052119318713,
   1540.773974114816,
   -259.2220803867732
  ],
  [
   -378.67520320294983,
   302.6858377559595,
   358.9701289389657,
   -952.9937271382863,
   321.8210060377307,
   1035.5754241745974,
   647.42917123407,
   -47.15629147854837,
   -505.18352270468023,
   896.2231078688975,
   -199.2163299434533,
   761.8125038858612,
   -26.220819568713576,
   15.296671653510472,
   -938.556623985475,
   -31.749727157032787
  ],
  [
   -2013.4823905150317,
   1195.869633388231,
   417.4335519734162,
   -904.2632474800055,
   -1025.605092312506,
   28.647420368798855,
   1982.9735708829335,
   970.6091775113065,
   -41.672427521805425,
   -96.97362177898559,
   12.173222882284218,
   208.69982471987703,
   258.76765609486677,
   755.031231809556,
   -814.6917001470034,
   -2016.283432590373
  ],
  [
   -467.709455341333,
   -2111.879713372507,
   203.5952934300029,
   376.144277015334,
   -444.6530125018171,
   -440.2176942223694,
   1023.5876488643511,
   137.582218562862,
   181.65011792226454,
   -1670.1131612469476,
   -886.7186457289481,
   -89.64131118729617,
   -725.2182438831878,
   -184.68884319302066,
   -648.572385133935,
   -258.62695495958735
  ]
 ],