{
 "input_nodes": 12,
 "hidden_nodes": 16,
 "output_nodes": 20,
 "epochs": 1000,
 "lr": 0.6000000000000001,
 "output": 0,
 "epsilon": 0.01,
 "synapse0": [
  [
   -94048.65352322065,
   -32912.064426324396,
   -116180.90481512666,
   -221841.1861525755,
   -28061.340409858924,
   -26251.154118870098,
   -94881.04236548106,
   -18465.36136781868,
   -41876.76292781826,
   -10259.038235902392,
   -21668.59197439672,
   -15168.40226909953,
   -12965.16216336381,
   -214981.1884015581,
   -23528.386254548594,
   -18042.052903044165
  ],
  [
   86523.51834928435,
   29381.645474149645,
   107520.91161150571,
   326104.9667372126,
   23974.778146056648,
   22889.678206311466,
   147245.38780753026,
   12593.154531572534,
   34382.186625780996,
   7776.798809754332,
   14584.902661969112,
   14440.272526493718,
   8694.106668487639,
   351971.76395512745,
   16757.701900923854,
   13495.204204177282
  ],
  [
   -139635.16186154145,
   -52494.34416730148,
   -138164.8906543101,
   -349974.7769090207,
   -51749.501896016045,
   -33605.83171347758,
   -232410.28912424512,
   -27703.000221865033,
   -72738.76729366402,
   -15512.239465537708,
   -38375.661766372396,
   -34244.697380717815,
   -12334.60749835606,
   -432915.86541069404,
   -40777.5927246585,
   -33755.489193542286
  ],
  [
   -43880.753951098224,
   -17119.542293494556,
   -27254.187285884964,
   -4974.886263009767,
   -17395.273200870757,
   -9943.234768217328,
   -18551.893438925083,
   -12941.128187598419,
   -25330.311201244636,
   -6120.73673379943,
   -18570.06620914534,
   -8714.592307673376,
   -6782.281301099826,
   -4420.852684344007,
   -12737.445343155074,
   -11835.860330486043
  ],
  [
   -70702.62051422357,
   -23957.196697750343,
   -39070.35725411926,
   -3691.733119610993,
   -19584.226091533852,
   -9017.439682356646,
   -19603.97225088388,
   -22052.92609480087,
   -35356.8524176953,
   -11980.015785213622,
   -19380.356323497883,
   -9547.41853124495,
   -13664.593339814628,
   -28189.26361759595,
   -12300.527760872212,
   -16071.411477382404
  ],
  [
   -15469.542652111755,
   -5356.021959682594,
   -13847.03498553111,
   37105.70433294221,
   -2780.277007683179,
   -5212.369316027551,
   28173.563949221698,
   -4389.218481376231,
   -5897.149860919796,
   -1965.713505369047,
   -3891.966461318296,
   1830.9732187293707,
   -4671.59859141692,
   55981.03732377534,
   -932.3206683414406,
   -3253.3705396793316
  ],
  [
   -22160.065632964262,
   -6943.734597574672,
   -17948.05395362479,
   26380.812877548015,
   -6507.973605168288,
   -3482.3610525367826,
   -7635.823406155432,
   -8009.808955189054,
   -13048.38201142128,
   -3166.200272469843,
   -7152.682633888896,
   -4800.841444483357,
   -4183.739591937862,
   4560.117774907145,
   -7672.08336725168,
   -6296.283811450734
  ],
  [
   13865.025045684431,
   3918.664191137665,
   11592.276378461609,
   7030.542126135666,
   2188.39033078823,
   2817.9926113773395,
   15901.597775155726,
   4200.839089198404,
   5947.0594791935555,
   1321.2383360947422,
   3139.4916127261317,
   2619.745460880369,
   2027.8169883325338,
   33491.781764452855,
   3242.99696331978,
   2349.13071362398
  ],
  [
   -1125.9689039279428,
   -5320.501687542672,
   5491.796308446594,
   -901.8702850676669,
   -5677.534450431883,
   -531.162024211755,
   8946.620031585577,
   -1331.204358398615,
   -3605.961824820472,
   -2877.5859694165533,
   -1897.6376245329573,
   152.9967668480462,
   -1096.6235162806506,
   35330.16208109931,
   2366.2775371208904,
   -3520.685449869684
  ],
  [
   -2072.766365507439,
   -231.875685639291,
   -16932.44654093477,
   18654.761267366037,
   358.4849037677349,
   -2263.815527467449,
   31426.604005538018,
   139.32876509173414,
   -297.0661493663417,
   -1282.1713073724231,
   2307.8835811881145,
   1987.1754178855078,
   -2207.8578850572035,
   59733.79852156345,
   -1985.461107105936,
   -870.0999141045654
  ],
  [
   -180050.85622517773,
   -59201.29353894958,
   -223949.8163438815,
   -378178.7869440727,
   -48590.160270742264,
   -50539.728073088074,
   -238267.8813730802,
   -41114.40308274189,
   -80001.42349988614,
   -15759.389671202654,
   -52994.5016315497,
   -38218.283070744204,
   -22279.67209506558,
   -476760.67096151406,
   -57073.57050525346,
   -30215.47536775642
  ],
  [
   -38510.55449901285,
   -11987.718070661038,
   -79740.73710862431,
   -20290.36616102916,
   -12268.901854039026,
   -14670.960174246005,
   -45273.79969539696,
   -8539.643032151627,
   -20715.65470033436,
   -3098.77662686519,
   -17011.997991011736,
   -16359.744123635308,
   -3262.9464152025575,
   -44823.46963794975,
   -33262.26139964655,
   -8652.060074637671
  ]
 ],