{
 "input_nodes": 12,
 "hidden_nodes": 16,
 "output_nodes": 20,
 "epochs": 1000,
 "lr": 0.8000000000000003,
 "output": 0,
 "epsilon": 0.01,
 "synapse0": [
  [
   -7708.61474939268,
   -17760.990855382996,
   8021.18803610568,
   -718.349796486971,
   -28833.164413849197,
   -8583.417478484394,
   -2004.8754934171372,
   -2913.0388461829307,
   -6572.774312390073,
   -5404.5871098936095,
   -3135.0493072341615,
   -32191.78713828237,
   -11218.359473295095,
   4138.213680708131,
   -15921.235134004122,
   -5309.301913814151
  ],
  [
   -10784.291292194494,
   -46859.63639108614,
   -5156.030499322301,
   -16171.507737634467,
   -2495.601726487276,
   -22559.059672223273,
   -14866.868324643963,
   -41971.134634823,
   -9269.624340396607,
   -1366.5166050617015,
   -1407.816596974853,
   26504.65726630748,
   -10232.742210280116,
   -47746.59530896459,
   -22415.675371368605,
   2805.393251040697
  ],
  [
   30959.477229397053,
   -12439.45616111212,
   5919.829457957712,
   -36750.487065231224,
   -43549.4699242795,
   37223.02565313246,
   9314.86185355975,
   2147.3430996455595,
   16393.08228282757,
   -35744.540564223294,
   5510.39424896,
   -18262.062661217038,
   23181.11846486086,
   18901.570793825267,
   -18395.1799527407,
   91.7200253753001
  ],
  [
   -28248.854402795372,
   -19071.427656003532,
   9165.777759461127,
   -26445.736413516952,
   19918.568075170886,
   -27050.079603145616,
   1562.4459158340344,
   -8920.806629886929,
   -20848.259657416096,
   6955.042163956552,
   -1851.1692148129525,
   -8147.205910563583,
   -36301.152159857236,
   14212.470177165616,
   -5509.637639489802,
   -4870.481496141259
  ],
  [
   5413.891955810827,
   26005.475895512463,
   3298.053986407249,
   9668.308968631647,
   -26231.904771533245,
   5751.504569642667,
   3661.0813776373857,
   15643.837310210256,
   1612.0620613540361,
   1349.6359671144526,
   460.8171400853501,
   8799.459495337222,
   1815.0363824265823,
   -15474.915442422327,
   3539.994733929122,
   -3372.137519954984
  ],
  [
   -18562.229921178103,
   -133848.2117837339,
   -6378.943426581196,
   -76475.20053774258,
   -138967.6892257806,
   -43371.172932978174,
   -20624.112575127303,
   -62721.53475652824,
   -40227.93819878368,
   -49880.3716634823,
   -1082.9058452412933,
   -4214.817528834334,
   -57001.18699509364,
   -80515.64636064293,
   -111952.94229664808,
   -2730.865351611906
  ],
  [
   -14637.986276357646,
   -47442.47153349397,
   439.30131449753384,
   -14373.930010690387,
   18056.06995144607,
   -19190.998516068958,
   -20762.475149727383,
   -41353.27668274384,
   -10857.47262891894,
   -8750.469684848747,
   -2423.8694307626706,
   7288.702477338186,
   -16007.20170442443,
   -11927.965048528195,
   -21486.33012436141,
   1521.6892420792133
  ],
  [
   -22685.041773900728,
   -52384.128637351925,
   -3946.5338196621888,
   -36539.00746167878,
   -21246.373874186374,
   -21117.856101885252,
   -21459.94642450822,
   -29614.660940420545,
   -17907.656468349473,
   -18628.80182330875,
   -3999.6853074916257,
   -20982.387517229647,
   -33529.16226918683,
   -35268.704389869046,
   -43030.42263754054,
   -5790.803479044278
  ],
  [
   7103.221644710801,
   26706.71005310288,
   -1608.4616397139391,
   14862.920423296971,
   4635.579072682513,
   16653.59993841265,
   11823.381640168493,
   18137.94016365849,
   17218.40249642375,
   9747.556885009168,
   3705.7765215449635,
   -5293.087988575197,
   25646.238858217253,
   9550.167847317947,
   21027.617932574958,
   -1489.7761040968446
  ],
  [
   -13661.06534955355,
   -4880.478390733859,
   -426.43741951721995,
   -1693.6477720526466,
   2528.401193524231,
   -9576.092790914936,
   12831.219830459804,
   4241.345655114787,
   -3837.992027157783,
   9026.461457275285,
   -624.834915236527,
   -8102.626885812668,
   -9804.276838194066,
   7530.866824342097,
   612.0537347527854,
   892.4619209798324
  ],
  [
   -28729.143023986668,
   -44930.38135410046,
   -10672.81984538394,
   -34465.20928425033,
   944.2618710312396,
   -30406.624571800978,
   74.76610309052856,
   -32427.791388484427,
   -17255.646993822025,
   -31918.956424937136,
   5827.333831962473,
   -53282.95965485854,
   -10585.426010657287,
   431.45627562605756,
   -42451.53621227673,
   4777.279081217653
  ],
  [
   49389.41573370497,
   -11754.479011538117,
   3368.590499262126,
   29005.71325545276,
   -78821.48580392852,
   31898.575587792355,
   -7196.637015041717,
   -1202.840192957394,
   18541.255188054827,
   -7087.990500898002,
   -1970.1567629247406,
   22649.9083186091,
   30643.03798660379,
   -26593.481456621204,
   -12108.691964732394,
   5706.405424704177
  ]
 ],