{
 "input_nodes": 12,
 "hidden_nodes": 16,
 "output_nodes": 20,
 "epochs": 1000,
 "lr": 0.8000000000000003,
 "output": 0,
 "epsilon": 0.01,
 "synapse0": [
  [
   -7183.3648297332265,
   -11740.474080490945,
   4861.624329883039,
   1998.3514000014327,
   -19160.216268172975,
   -8324.114040921337,
   -1262.362076324015,
   -1514.0612887149082,
   -3233.624227512002,
   -3081.1930725163434,
   -3349.5056472767005,
   -18926.636197474065,
   -8002.323229002309,
   3566.906124353684,
   -12592.174367928676,
   -4072.0748758993823
  ],
  [
   -6225.895642060127,
   -43559.9021452917,
   -1902.6295143168436,
   -13015.834231839588,
   -237.91329232865857,
   -16679.736282374917,
   -14406.480051296472,
   -37164.99011539271,
   -8215.46382358036,
   2635.3776128650024,
   -270.64616643425416,
   14747.410431145012,
   -8672.700453865087,
   -32225.01993721875,
   -18147.666023691843,
   2134.563330088815
  ],
  [
   25426.49831049864,
   -12275.091641041932,
   2006.5087240978328,
   -29735.189344882052,
   -38197.19791017334,
   33573.64941192481,
   10566.710539268142,
   -317.3279397941509,
   13891.279399654706,
   -38547.71702005568,
   5130.615677510235,
   -10022.557308343788,
   21323.15323824757,
   7319.954541801935,
   -16665.99110988564,
   2371.1053359321522
  ],
  [
   -23867.3065046904,
   -14253.605813274029,
   4509.908501304269,
   -18465.31454137068,
   19834.440003200874,
   -24417.119997402726,
   4099.276838932407,
   -7337.069379218591,
   -17935.031943800903,
   8663.175481521559,
   -1238.8339745296475,
   -1593.1706988609067,
   -29079.428839853645,
   4756.071703552322,
   -5276.159934741558,
   -3956.8203065396974
  ],
  [
   1136.5204630060928,
   21735.508133433887,
   2669.27820495216,
   7292.291540151564,
   -17807.854476513687,
   5146.4948004670905,
   -558.965826982165,
   13975.595426390506,
   368.98039117629895,
   -2197.995914940361,
   534.3073911547345,
   5948.688471954675,
   -1642.2303827125634,
   -9324.530146189854,
   3949.8661553745715,
   -2379.181379672943
  ],
  [
   -16269.353224503784,
   -106596.84699120457,
   -4023.494157528554,
   -57074.70696145693,
   -92199.85602828307,
   -43524.451746634215,
   -21765.56395972248,
   -52981.419621917375,
   -37816.96132612743,
   -29561.542424954605,
   -308.83682667814963,
   -5196.012311094692,
   -51816.60292228336,
   -50519.324128142885,
   -85681.22140939561,
   -2175.412829464096
  ],
  [
   -9729.955797423792,
   -43902.46762101978,
   1742.6572393597885,
   -12832.294709059064,
   6639.651465230816,
   -16977.06013187433,
   -11418.461586329533,
   -35641.38959698658,
   -8389.043363984227,
   -3991.407943619129,
   -1721.1162471190132,
   5313.483452934858,
   -14208.879047442906,
   -8902.66717015339,
   -21182.61219248135,
   629.2756325903625
  ],
  [
   -18286.604145890364,
   -43351.44998951894,
   -2332.3715348978826,
   -25077.07908063029,
   -8096.458569081478,
   -17465.40628547428,
   -19915.4055303443,
   -27923.073368425077,
   -14629.436994122205,
   -12988.926715442034,
   -3376.501379829128,
   -17931.93240132818,
   -28214.867624860286,
   -22933.717936755314,
   -31970.319105785562,
   -4305.723981752538
  ],
  [
   9214.567629849947,
   20723.256206519978,
   507.87692065417076,
   15494.772859769846,
   7870.060915100958,
   18528.604531446188,
   8693.619423857384,
   11898.259870666494,
   17642.631585736,
   4388.396998357621,
   3658.5383626696403,
   -8253.846087431963,
   26884.987647673006,
   9951.891599349485,
   19784.226691955646,
   -1217.3510496479055
  ],
  [
   -11907.466957249468,
   -9188.607832413765,
   -744.1657839281785,
   -215.7181409570337,
   8211.028140654998,
   -6590.780452138644,
   9661.612526500465,
   -605.4996548962744,
   -2275.3915225662836,
   3316.8381841953455,
   -763.5477651960222,
   -7793.960453098312,
   -8768.432756108185,
   5326.142845646297,
   -1094.7907281532725,
   1042.7641977135863
  ],
  [
   -25374.057648079026,
   -35488.43696384214,
   -4787.063528857888,
   -28692.147058841914,
   5252.665748352951,
   -30059.16236978449,
   3855.59522396389,
   -27691.499590102663,
   -15650.88816274404,
   -24714.498186334844,
   3113.1294879917896,
   -47520.09236495218,
   -11311.613194241625,
   5898.765424431265,
   -32019.89277700851,
   3835.1383867108157
  ],
  [
   34964.859587801744,
   -6771.7737685594975,
   196.7609500626126,
   17608.93243411367,
   -61462.352844864625,
   23327.55185900375,
   -10893.037248671333,
   1075.4983932836506,
   10986.823880502388,
   -3813.1787814090585,
   -42.07465584378665,
   21572.023462538455,
   19718.145314576464,
   -15052.695351876075,
   -10684.448655705382,
   6114.989358565144
  ]
 ],