{
 "input_nodes": 12,
 "hidden_nodes": 16,
 "output_nodes": 20,
 "epochs": 1000,
 "lr": 0.9000000000000004,
 "output": 0,
 "epsilon": 0.01,
 "synapse0": [
  [
   -14158.605484121736,
   -11089.444529488783,
   181.78683776437666,
   -11765.459673776688,
   -5557.315709902884,
   -2916.1623374674077,
   -4912.4878397907005,
   -17293.038370244813,
   -9461.798507470106,
   -5312.167100700459,
   -9912.927429957559,
   -5036.3610092270965,
   -11366.624384454553,
   -7417.518545848081,
   1017.6128877410082,
   -5082.740040681721
  ],
  [
   18822.820669930075,
   14027.216125628427,
   551.7699313938373,
   19336.38274424688,
   6879.980599278281,
   3860.875511383598,
   6146.214776216112,
   22850.477794094546,
   16230.437026469323,
   6782.471007149432,
   16688.333238084313,
   6459.12583291986,
   16082.766278405537,
   9267.001318815215,
   -2001.46158237883,
   6387.861070915391
  ],
  [
   -21229.948947006058,
   -22101.449527029497,
   -2192.665791758539,
   -22727.054565964496,
   -7143.600322350964,
   -5115.20942790581,
   -8023.130958816781,
   -24478.6677998491,
   -18896.00542039337,
   -7280.144493989065,
   -21489.50593438155,
   -7045.486575052844,
   -21321.936305866442,
   -9405.402506352464,
   2269.8219644100627,
   -6425.554220464083
  ],
  [
   -11613.406553974277,
   -4752.159525396597,
   1750.2172131289792,
   -5348.812550168028,
   -6855.067410251329,
   -4092.0215926472274,
   -5669.853809106753,
   -11820.851306098308,
   -3494.339367838435,
   -6398.64700054017,
   -1107.454029842923,
   -5826.305221728782,
   -4092.4624209876006,
   -10531.221291767153,
   438.2560623330408,
   -6222.708571886031
  ],
  [
   -3156.8513493646733,
   3461.993180429183,
   -294.8882080521542,
   -758.5526473618928,
   -2418.0478743422213,
   -634.0219693542064,
   -2059.1517107838245,
   -149.90138530832226,
   -820.5788628642749,
   -1727.3962579344163,
   -885.0625050993519,
   -1948.4041985550512,
   2350.161321723582,
   -2755.6990590697815,
   625.0517214055761,
   -2000.6293845281527
  ],
  [
   -2560.8720395345026,
   -10724.923228676938,
   -455.0724822189992,
   -5885.891155793636,
   288.3346610726459,
   -141.05186788545524,
   332.9327744663741,
   -7452.522626514089,
   -4788.652214296604,
   -713.2807654968233,
   -5642.3237516614845,
   -212.11675463873087,
   -7557.307655118341,
   -1342.3653018652685,
   -277.8440100024889,
   -363.41382782612857
  ],
  [
   3198.1474647145155,
   4908.455462564357,
   1602.9151310912982,
   5296.514311901436,
   1512.832008498118,
   646.0352155220779,
   1911.7880252317166,
   3242.4483403450336,
   4967.211568024652,
   1383.5558519531846,
   3097.8328460295297,
   1464.9287750654491,
   2197.8880634183793,
   1862.9023051268243,
   -527.3378578634272,
   1834.1493292074342
  ],
  [
   -3849.003827229538,
   -8590.46616779976,
   -311.14484978215717,
   -641.4902566206973,
   -1381.4538346873046,
   -1272.9069213296796,
   -2082.7899866238436,
   -5436.3593447358935,
   -451.2615290383606,
   -1555.2105778914545,
   198.15296120592683,
   -1315.1714000494826,
   -4938.137725051201,
   -1615.2509434955905,
   -335.9077115493726,
   -1197.790095025582
  ],
  [
   1862.3359568615842,
   -6148.676227668482,
   -1167.320293338524,
   3852.5359992218373,
   982.0478871961635,
   353.22755021054786,
   628.3888349937603,
   654.2262236948576,
   3555.5716279891703,
   899.0520298683449,
   4011.404265057455,
   854.0385902468512,
   -314.3359392014642,
   1178.7387163438923,
   -1096.6006939563886,
   896.8385643543985
  ],
  [
   4399.399026570238,
   3944.890513282111,
   -765.9998906044679,
   7195.01759911355,
   983.9850339554936,
   781.2791280321924,
   247.74996815617237,
   7288.7544374940135,
   4210.941399351909,
   471.3718812161123,
   5179.580731061208,
   929.7760972167567,
   5518.4082984877705,
   858.937876656243,
   -171.08092973054144,
   752.714791846008
  ],
  [
   12330.293909113445,
   10681.006340168651,
   716.2648448221731,
   13128.060588533093,
   5017.922420435009,
   3195.9334650254473,
   3209.3681661939613,
   16248.160864817923,
   9137.414064795345,
   3646.429570252108,
   8977.426604823711,
   3986.3270243397037,
   10034.808630883568,
   6982.401810781249,
   -811.0900259722916,
   4709.753569300661
  ],
  [
   -682.3472965364313,
   6040.256548217767,
   186.27936766436375,
   4201.469200480202,
   -1617.9648242989333,
   -246.5946830674352,
   -1582.5270668407625,
   2425.0543135153844,
   2960.86029876157,
   -981.2217351046861,
   2364.336536185198,
   -1336.1381536930876,
   4664.71987289646,
   -2112.273302702115,
   358.8171083611065,
   -1002.7496135273622
  ]
 ],