{
 "input_nodes": 12,
 "hidden_nodes": 16,
 "output_nodes": 20,
 "epochs": 1000,
 "lr": 0.7000000000000002,
 "output": 0,
 "epsilon": 0.01,
 "synapse0": [
  [
   -94491.39839259541,
   -61097.47560473891,
   -15812.526941846365,
   -15498.158948471964,
   -176639.29678490173,
   -198074.08708332467,
   -185434.3758976955,
   -1398.4235427876388,
   -19652.715414915598,
   -63916.671382295244,
   -133351.61013459586,
   -49348.50062687743,
   -124667.85918332293,
   -105807.56748205371,
   2252.6469058754988,
   -85308.16642072126
  ],
  [
   106464.87207171269,
   86420.24630969012,
   63255.42597768709,
   -27299.285166487112,
   121742.76683148298,
   155291.55245304503,
   170403.88554548586,
   36735.833146138255,
   58024.989702971914,
   55848.648891013814,
   168991.8035332035,
   49950.97791627506,
   131520.7151264032,
   108418.2682957866,
   -9492.416773666537,
   67488.53217492212
  ],
  [
   -64932.28643775548,
   -76750.88532697331,
   -65991.56092664893,
   22313.758386868878,
   -64602.987430958616,
   -81059.42364790566,
   -92358.59646254129,
   -35028.54356292192,
   -55721.99288975711,
   -36909.07643314601,
   -109918.58599842836,
   -24199.39453486618,
   -83817.10346591561,
   -68723.25146574691,
   33989.87603121447,
   -39897.82964282301
  ],
  [
   -86327.70405409488,
   -60774.34221805446,
   -18845.43262462096,
   -26477.740316459356,
   -177316.65583949254,
   -190587.66040092055,
   -168190.65024556415,
   -19663.907717400987,
   -17899.13349519803,
   -86757.64697674308,
   -105812.91566832065,
   -41698.57092445971,
   -114762.18152421992,
   -96197.1710352869,
   -3587.7768458125356,
   -89909.46880176588
  ],
  [
   -23535.476048310615,
   3478.248393163139,
   17092.959243412188,
   5989.459337597021,
   -84730.50821744285,
   -102873.45518675658,
   -69629.70279889497,
   30130.688794105532,
   -9844.466102431714,
   -14837.869043004883,
   -40485.3441894897,
   -12622.5197008405,
   -47969.76182691918,
   -43110.544163767634,
   10663.35577429096,
   -24603.959312203122
  ],
  [
   -23277.732557669082,
   -37932.03778243476,
   -27201.843766977396,
   -21780.6403164245,
   -16204.009348530642,
   -5268.744072440374,
   -27743.31645759331,
   -15208.38288611837,
   -13951.875229541018,
   -19058.48762961223,
   -38183.260271346066,
   -10618.842819865198,
   -14899.66534843694,
   -13773.377637736738,
   -13286.508925904893,
   -20493.325307878014
  ],
  [
   -875.319880648693,
   16630.646281782218,
   22962.673143442473,
   -37898.4460954599,
   13394.758609161396,
   26927.091584071288,
   13240.773051339107,
   -17368.139131185773,
   12322.767237612017,
   -14266.522065862273,
   1920.6065181229515,
   -7395.183216974335,
   10409.201301806477,
   12266.217352275584,
   2653.2580865744962,
   -5829.989917277978
  ],
  [
   -25826.882211793843,
   -31364.70477790829,
   -22063.06636881896,
   -15814.892445558928,
   -45265.15046727059,
   -40939.8384553395,
   -48494.48572482245,
   -13333.124682885764,
   17590.705008555142,
   -35656.277177200805,
   -25659.67164522426,
   -16074.434826434072,
   -25135.430134373,
   -26357.71781404145,
   -7258.362913263099,
   -35694.09989802233
  ],
  [
   -20216.13962036678,
   -35685.757390668055,
   -49773.845393307616,
   -5687.393185059881,
   6826.772795182165,
   20039.63960508185,
   -7180.18715212231,
   -41846.463074194566,
   12532.241615224115,
   -43294.82043032228,
   -26683.85793235253,
   -13134.954556952085,
   -6239.970242198892,
   -9597.495392525561,
   -14859.77052980739,
   -24029.572593958277
  ],
  [
   11791.529621428142,
   11905.159424200767,
   8321.455602172384,
   6526.613028526018,
   15358.40998897236,
   13867.470448674296,
   11278.36264502007,
   16232.701721014237,
   8880.089605137311,
   11375.501400646413,
   16880.767945155527,
   1551.9819190099647,
   18048.638521301174,
   10626.783285088586,
   -7016.167435479581,
   6589.840261711814
  ],
  [
   78786.31394685213,
   73683.37678520818,
   57339.25933863089,
   4871.04185100682,
   87466.34672435805,
   103473.79339109217,
   105347.51699368726,
   65074.166307293825,
   45455.28824800382,
   76982.48050934916,
   120590.83804223308,
   33613.21949409453,
   99896.67163056589,
   74246.25993118464,
   427.6445512801535,
   57796.294246709556
  ],
  [
   -29618.539046665283,
   -2866.093037896254,
   4481.358736162751,
   -9739.489749491444,
   -49677.46756288912,
   -55988.54839164981,
   -51903.61893782746,
   4226.203140411553,
   185.00846390077317,
   -40081.26869429824,
   -43751.12555290651,
   -19155.442500071367,
   -33758.76962557456,
   -25370.695147793234,
   -1802.788047492257,
   -30237.708355716935
  ]
 ],