{
 "input_nodes": 12,
 "hidden_nodes": 16,
 "output_nodes": 20,
 "epochs": 1000,
 "lr": 0.7500000000000002,
 "output": 0,
 "epsilon": 0.01,
 "synapse0": [
  [
   1264.2300462695641,
   508.2250034877726,
   -1245.825060624678,
   693.794754910017,
   -1361.4581917026915,
   244.62821517517094,
   470.3773562637642,
   -435.10110337300546,
   2453.933191963041,
   -160.22604659095916,
   538.1232924878154,
   -115.94920550080361,
   -8791.371355328638,
   839.6381624829424,
   267.05383214819585,
   894.6494448200308
  ],
  [
   -1923.3862570572076,
   -3235.636397202483,
   -2711.9184083410814,
   -1646.0741822586695,
   69.38180934892198,
   -3133.3268611673107,
   -6191.257330199717,
   -3345.0443177616694,
   -3503.605468275207,
   -891.035665333943,
   -3914.1499713128383,
   -1437.0775809064867,
   4006.4236092032115,
   -5771.841177835583,
   -1326.0820628396643,
   -2388.41411233149
  ],
  [
   -1014.5740640186186,
   -1284.0674444841231,
   -1344.282118388917,
   -1525.6756565220626,
   -7200.668714488795,
   -1076.9762099461939,
   1516.470231074861,
   -1081.7300264326004,
   2997.3994981926044,
   -102.98041813237043,
   -1973.522092973789,
   -2393.606211330364,
   3044.0943269775753,
   5802.933869499151,
   -500.49250347636166,
   3933.9406263598053
  ],
  [
   1510.7099183885741,
   -2712.3768571141063,
   -3341.4007125574135,
   -243.0691616503009,
   -2621.9338962103297,
   -1586.223468762052,
   3860.8041159426953,
   -1284.3708487064782,
   -1820.8142912358492,
   -446.5948406607933,
   -1265.5241981653985,
   -2071.806657527684,
   -5818.640420495482,
   -10914.018070332539,
   -1173.3841121755252,
   -244.06853432554334
  ],
  [
   -2862.0697102228123,
   523.9543451276421,
   1361.8981389854825,
   -2416.7045507207786,
   602.2915618495257,
   -1057.8097628006033,
   -1003.0630556890895,
   -860.842644964776,
   2570.443302450841,
   -431.5418333686127,
   -1305.2244304622052,
   -5510.427597761221,
   -11943.21735377006,
   -10106.552059247259,
   3448.8746944779186,
   557.9260626748371
  ],
  [
   -1910.8721576587136,
   -368.283493466573,
   -5555.285434451598,
   -1495.1679395435524,
   146.43597838235763,
   -1637.332272532821,
   -1519.968028948147,
   -1332.835901819092,
   -821.7032134147244,
   46.02528983541316,
   -1432.7087953303926,
   -2295.7224889955164,
   -1190.6340865323557,
   -7786.6008555023955,
   2.0361503907911778,
   -430.9333762178819
  ],
  [
   -4494.972494871256,
   -7947.063765110654,
   -1045.7316293375416,
   -2446.9875055301686,
   2385.2661706609633,
   -8095.587695546719,
   -8481.224128496977,
   -7829.356988617565,
   1715.8578524881887,
   -1873.1433619854538,
   -9449.444167371348,
   -3121.594594503228,
   -4844.841776914241,
   -1787.4695228473402,
   -2330.910304432246,
   1282.783302513288
  ],
  [
   -1030.074639252168,
   -6211.948517581969,
   -4980.498483803839,
   -1076.5146277903302,
   761.9015951117368,
   -6479.995086571895,
   -11068.169781033106,
   -7566.2074777038615,
   168.54616633342474,
   -1703.4741185028272,
   -7431.717804616069,
   -1885.545403197531,
   1829.723925441657,
   1150.1092395360897,
   -4552.977745606536,
   -1454.3069346543175
  ],
  [
   1038.4548922626827,
   -406.94236151183213,
   1562.5256538095937,
   2056.1360790736785,
   -617.1076369137339,
   -446.3617144292794,
   -1267.9663008638984,
   -1072.510188616606,
   -18.268678411852623,
   -449.45749888765556,
   -812.2611790713906,
   -285.9285872389578,
   1151.8486280526977,
   3766.0663546963733,
   -388.6915573116831,
   597.0317941466449
  ],
  [
   -441.0702638191065,
   -601.2290782248602,
   -2336.9493106396862,
   -2345.7967139506004,
   353.5486027359156,
   -649.0855386424032,
   -3817.1132917145787,
   -1180.7371831294186,
   -887.5350943134837,
   -261.1081915741029,
   -694.994491405375,
   1110.9509412540547,
   -3993.7357383223466,
   336.305929541971,
   -1128.3695276921164,
   225.33913699285577
  ],
  [
   60.17065845548013,
   494.4996820833791,
   -1929.4398686722943,
   973.0899637897078,
   2889.2910215073475,
   -338.3340267701001,
   -2224.5237256796986,
   -2031.4990376378278,
   242.9175943081999,
   -918.8385109420896,
   -18.847512101713054,
   -1967.6038571853844,
   -13801.403602280403,
   -9820.723216208098,
   1292.1727387468568,
   -5022.619947584084
  ],
  [
   3776.4575293885773,
   -1230.29512398774,
   1252.0047188926628,
   6557.458048617155,
   1312.0319573689005,
   -763.2138837190522,
   692.988013274686,
   -489.21429090484804,
   -131.3144237239962,
   -462.2479320412252,
   -589.7589142999761,
   -2206.313485659012,
   1431.9750344798185,
   -2391.4641646377863,
   -1882.5293663300408,
   -1616.4499529755385
  ]
 ],