{
 "input_nodes": 12,
 "hidden_nodes": 16,
 "output_nodes": 20,
 "epochs": 1000,
 "lr": 0.7500000000000002,
 "output": 0,
 "epsilon": 0.01,
 "synapse0": [
  [
   -35692.253860212884,
   -29647.958700916657,
   -12639.793679247086,
   -1277.554658886173,
   -13638.352634853869,
   -41001.87971252883,
   6601.8213383273,
   -19847.202910767384,
   -29939.634428621768,
   -22150.128947873985,
   -4145.877891655476,
   -30536.503080881906,
   17062.161282611032,
   5163.081115095386,
   -36486.03257909814,
   15238.541089208638
  ],
  [
   1920.980906567946,
   -10218.811225496465,
   -1141.4209513947985,
   868.9031950195117,
   -8117.757077985172,
   49779.41483665547,
   -9513.275872808856,
   -5325.7100094601465,
   8180.689529815914,
   -780.4840208488099,
   1676.1454275794067,
   13660.208678348647,
   -33002.13626627214,
   -23188.69976321505,
   5418.78847754886,
   -19984.701454235004
  ],
  [
   -42227.34578041656,
   -62183.303470057115,
   -41218.92374172709,
   -9381.935642699693,
   -13336.145504367549,
   -21314.16946584895,
   1566.9506835721695,
   -51553.36846362777,
   -29990.121387221065,
   -991.2748275299874,
   5632.408497561362,
   5787.37375550139,
   6046.371968380094,
   10246.14336107941,
   -59740.05105985785,
   -22071.02311976864
  ],
  [
   -51539.17276719491,
   -91190.95716482414,
   -51041.33234922401,
   -16173.443131228963,
   -65909.27951232118,
   -22561.560375421912,
   -2027.180861615303,
   -48605.40497635048,
   -53610.8823240796,
   -79370.80580204507,
   -380.10457798575,
   -61065.0656778539,
   1518.370660826814,
   -13781.045908777034,
   -54312.306487298505,
   -2949.330607940932
  ],
  [
   14133.649493768573,
   7036.739021659548,
   -9174.808470219772,
   -7621.571591176169,
   -14269.198170926631,
   -11882.609216961908,
   8148.369717826362,
   28554.04924366127,
   18963.101185346884,
   246.24771692245764,
   270.2037086493694,
   10053.109956248116,
   -37743.96193035672,
   3391.554723790112,
   23098.16549663869,
   696.460079386589
  ],
  [
   -32676.150153002323,
   -39045.47447435485,
   -24628.426937158005,
   214.58829365782566,
   -11793.120645326106,
   15227.262594972985,
   -6710.880473730101,
   -45799.08365885517,
   -41162.82738864624,
   -36998.054898296185,
   1408.3329762523779,
   -4985.483103231645,
   -33707.97971538346,
   -17074.06909774045,
   -34408.72090023973,
   -7650.631620240438
  ],
  [
   -34456.485959178644,
   -24648.355137191586,
   6358.994160301219,
   2417.4699431896993,
   3766.6983270297283,
   -19002.066478016874,
   1477.4029293388414,
   -16177.511841680642,
   -10288.059029548442,
   -3142.353843058247,
   -3402.213546038035,
   -11728.21400910482,
   -10246.73814855852,
   -3670.9642522747254,
   -41851.057884503934,
   4204.988549077916
  ],
  [
   -87038.89974632973,
   -127523.18366163211,
   -41193.27870775019,
   4082.784465714601,
   -38328.75942520665,
   -4805.193360077287,
   -514.342244626507,
   -94865.38803263548,
   -92336.92346507488,
   -57903.62075785636,
   -4557.840657734041,
   -48914.83774697085,
   56375.53712549667,
   -2903.4170879862754,
   -90304.36955963714,
   -6321.490754932393
  ],
  [
   -92116.581506796,
   -104702.51686873488,
   -34084.98994782587,
   1454.8163547512474,
   -34129.10511410462,
   -27472.814488645294,
   861.2109406399748,
   -79279.09276889668,
   -89968.05058762988,
   -42820.993122742235,
   3069.973896749975,
   -16800.754847895594,
   -106758.67275679187,
   -20287.640165174173,
   -72231.82515834509,
   10398.24316391796
  ],
  [
   -49065.19324240271,
   -55221.590426886,
   -29482.86053317533,
   1360.2244031430926,
   -37134.947508452875,
   10787.7906004982,
   457.6116470566176,
   -15214.179271333905,
   -22685.12155051512,
   -6947.8768204503,
   -2163.472936821654,
   -16199.322883039615,
   -44176.467712694146,
   -4525.9719719659215,
   -56119.76508947666,
   -10052.183177868663
  ],
  [
   -44164.803131983586,
   -43770.79533346763,
   -37280.4252614371,
   4753.483996722872,
   -38673.866319128705,
   -18876.90051876647,
   6503.894636571949,
   -13278.91828486582,
   -16944.09891945396,
   -15292.087835679433,
   -3508.6905824345163,
   -12777.187051126957,
   -40118.403100887306,
   -212.031019495207,
   -61270.10479121856,
   4971.981241247022
  ],
  [
   -92819.66080204977,
   -112497.15725595073,
   -38934.94552911558,
   8705.471682942032,
   -38251.47484445705,
   6195.2799081808635,
   -6299.607898480238,
   -67731.51189594957,
   -90543.23779109845,
   -21178.97949920809,
   1675.975501219927,
   -38312.092454010584,
   -29953.429886322174,
   5370.6044941582295,
   -81118.62807321957,
   -8019.955487924308
  ]
 ],