{
 "input_nodes": 12,
 "hidden_nodes": 16,
 "output_nodes": 20,
 "epochs": 1000,
 "lr": 0.6000000000000001,
 "output": 0,
 "epsilon": 0.01,
 "synapse0": [
  [
   -171.48589566680795,
   1198.6663529797295,
   402.6351646205345,
   -21.17110246646788,
   18.461917417932778,
   -162.11142629899047,
   -1605.7916145932104,
   -663.8881413304614,
   246.3959277654914,
   8.831451091257096,
   -1030.1892820354226,
   407.244414498285,
   -71.51398432665405,
   -1205.9564920450684,
   -37.172215756966466,
   -288.5089981070185
  ],
  [
   -180.004470312243,
   -1710.1121180682258,
   -779.0612152455568,
   -808.9725961554004,
   87.74116605625768,
   -2194.9262618814505,
   615.5933948581585,
   827.8688611490555,
   -289.4781818854473,
   -1072.4005289422873,
   -1267.0987276933429,
   -854.178868107084,
   -660.4309652431493,
   -1630.015571708847,
   -1063.220264957606,
   424.242249524911
  ],
  [
   -613.541960311588,
   1616.9763916276875,
   287.3021764500236,
   -818.8894458062989,
   356.17065413942703,
   810.3369055589628,
   1584.52582257294,
   -405.3215058827598,
   63.58283116570141,
   776.7582365600476,
   862.4566479926757,
   -1303.5372114683164,
   898.8992427017919,
   5306.5860978529745,
   421.4266241910898,
   -491.2459268430774
  ],
  [
   -190.14157581974837,
   137.16053159865808,
   275.330943242549,
   -273.1629187109699,
   -745.4991153386859,
   -585.4928455698067,
   -1404.9337387009014,
   482.1042507295628,
   174.52531568918837,
   -70.17590848821219,
   -660.3535520178542,
   680.4062079236965,
   -1013.3309210573012,
   2030.9683910660726,
   708.061658118268,
   -740.7294816606662
  ],
  [
   -227.35360157916676,
   658.3000407693957,
   -524.7341381084799,
   120.29978477733872,
   72.61476308893523,
   -1538.9447683494457,
   -224.01307320651864,
   -404.50082582573964,
   -28.695217114648788,
   735.4380370227849,
   -1586.7339061407706,
   -13.440058744380153,
   -883.9992168555358,
   644.3810131413677,
   1830.0374060232575,
   -557.0167296056494
  ],
  [
   -1122.3721212445005,
   -1172.4023461338447,
   -339.22908016569056,
   -85.56848235656445,
   94.79046687678542,
   -2728.2147143000393,
   -2482.097024739376,
   -241.3296860506019,
   229.89474899989136,
   319.49071727455566,
   -2073.1498049165552,
   139.1104967293185,
   -951.0137008649546,
   -643.7537014566532,
   -822.7188257660326,
   -62.36407620993777
  ],
  [
   823.5130434296469,
   -112.35676135593742,
   223.23273791556096,
   -372.6615174667917,
   -88.7748264684102,
   -1121.2216284069266,
   223.60758726242076,
   -18.08722041338659,
   -190.23194787616592,
   -336.8685213764338,
   -918.2904165293792,
   -654.0907961817711,
   -352.0752716944524,
   -595.6110768041848,
   -74.49401132281206,
   -29.099763504235426
  ],
  [
   -1328.4830823564312,
   -410.59308920972563,
   -321.4304430828016,
   -2285.9590578194843,
   597.9371890135327,
   -2965.893286418657,
   -3033.4008171253686,
   -655.4411004102562,
   406.4294425249687,
   -78.56965489286306,
   -2241.684354141795,
   -1433.6482315099981,
   970.9644501515405,
   -2722.5348440290177,
   -392.04608978447965,
   428.2071562124619
  ],
  [
   -296.497607862314,
   -852.1425629523284,
   318.4003978669142,
   -379.2835377063766,
   150.5193068435662,
   -6353.443345976438,
   -5095.076158564479,
   3.4744856094625773,
   -274.4019664743121,
   411.2741167972264,
   -4111.744143150247,
   395.7620657606441,
   -1673.417141154867,
   -1936.245166247618,
   1212.8267643522688,
   -250.85728288578196
  ],
  [
   47.23059665870898,
   467.85587345702356,
   67.73942875445243,
   1086.012237391125,
   -230.20828395981488,
   634.1710760247925,
   -592.1256277674804,
   -18.893403243980607,
   -122.18832152237275,
   -376.4535945658159,
   -396.7794741058284,
   -266.19419458234216,
   -201.31664171431143,
   -77.04304618279872,
   -191.82829244832385,
   -248.04783598077898
  ],
  [
   -406.7654008907718,
   -496.16708021899865,
   114.56622035990347,
   795.4258685981233,
   -61.06931287583457,
   -615.228307290762,
   -2605.0802421501808,
   132.17031009245622,
   -5.820100422164693,
   -737.9805933944191,
   -2122.0788057488703,
   745.33489208065,
   189.79503979674254,
   -1479.7914125381772,
   -919.4415212480152,
   -789.5753906141993
  ],
  [
   231.72732462969003,
   341.6584334869975,
   -459.54357263024156,
   -1072.397435632056,
   -954.4761542648939,
   -120.21168649537317,
   2453.1625699871965,
   -365.60652719307336,
   -109.33811455806979,
   -204.18576642552256,
   2699.532761625399,
   1588.369286465418,
   206.00815274282508,
   -3876.5032862917446,
   -2121.898133501861,
   230.57195604144096
  ]
 ],