{
 "input_nodes": 12,
 "hidden_nodes": 16,
 "output_nodes": 20,
 "epochs": 1000,
 "lr": 0.35000000000000003,
 "output": 0,
 "epsilon": 0.01,
 "synapse0": [
  [
   -103.26845777121021,
   2081.5767451609026,
   131.42279161806093,
   43.74068955229993,
   123.40105181238833,
   -1587.4432783183872,
   -8617.577191219125,
   -3200.9509309965,
   964.5569417170296,
   1877.0641230283418,
   -1086.6215262090336,
   1387.426205076668,
   1770.18342949789,
   -2492.154456673675,
   -578.5176645068523,
   -1986.8575379275167
  ],
  [
   737.5052968790056,
   -6146.480518955449,
   -113.16614107007065,
   -1707.7155767698014,
   219.8716295649596,
   -2356.2792912770774,
   5507.27643727677,
   3716.885033328707,
   -5095.432175837193,
   -4601.731344058524,
   -9885.990257030082,
   -3664.017524628182,
   -3909.493483040636,
   -4773.783339244623,
   -3174.274809039112,
   -1336.5316732101876
  ],
  [
   -2336.6691163874225,
   4287.377634533526,
   -1932.2161727244538,
   -3029.382621900882,
   -1981.3504894960247,
   9199.344557059272,
   4234.075818217472,
   -3557.5240188084585,
   640.919565533183,
   2271.932871332587,
   3433.9446657397607,
   -4073.3116340847732,
   -93.89026741821314,
   24205.792287928427,
   6206.84399800237,
   517.2499718331122
  ],
  [
   -1934.3561052852222,
   1460.6409061592926,
   -4506.23751650033,
   1971.1273855562351,
   1265.5985085994175,
   -1763.8162706559087,
   -14863.51395262974,
   833.9481259317603,
   791.995203237208,
   1554.063900474791,
   -1408.0543301157306,
   2754.1953410719548,
   -1195.5155578193085,
   -9336.637652307174,
   -476.90352094762784,
   -2798.270435009737
  ],
  [
   -9775.306488069971,
   2675.9823081423606,
   2495.4599549751583,
   3145.3921666257875,
   -717.711626259308,
   -3647.010168407147,
   -827.8871261278723,
   -2550.4039387577827,
   -778.9806238943759,
   1764.9763865776445,
   -1334.6253984274595,
   1377.417164437348,
   -4441.917252184445,
   4031.2302911744587,
   3081.8263308367746,
   -3622.014160437369
  ],
  [
   -122.39271122257156,
   -3261.6960182206776,
   2791.349539176181,
   -1213.9086360871215,
   -1552.3379546031485,
   -2005.5132363178975,
   -10047.508831683688,
   -1500.9807326088335,
   -943.051570755758,
   -901.7143539917486,
   -7079.8311216061475,
   -1837.1021848961136,
   263.20276760868956,
   -4968.461567462586,
   -2227.09449515544,
   252.3086215865118
  ],
  [
   2499.262468174973,
   300.3369562959286,
   -1009.4484420822743,
   359.5628058697861,
   -156.23535749581387,
   -783.4518290928331,
   -10266.402653893108,
   -589.2610899921893,
   -376.0779092370376,
   -184.23531339823336,
   -13305.799724330514,
   -3863.0466820273473,
   -1895.9472195334195,
   -1028.0504705998064,
   1799.3430747680106,
   -1353.6231128707818
  ],
  [
   -1801.3753721773917,
   -826.6074646720912,
   4875.947033321818,
   -1869.5525518100562,
   -1225.2486068514763,
   -1849.001140885209,
   -21227.248526723986,
   -3212.040220761046,
   -1354.4045213362278,
   -982.1777173531268,
   -14969.905802330752,
   -5203.408632697406,
   5333.2389622847895,
   -4099.921466503764,
   -2008.1379206495162,
   1753.755615593019
  ],
  [
   -1988.7125044519184,
   -1748.4991777048506,
   -1440.6827600892434,
   2802.864269719608,
   619.1064815298677,
   -11868.5461087068,
   -25810.06264581588,
   265.0187830141159,
   -3181.244030138737,
   -1049.5348814556369,
   -24576.593105970132,
   1837.9396139397134,
   -6360.045763808049,
   -1612.654704228693,
   -1491.7024338157507,
   -5887.246038333728
  ],
  [
   -1557.225380937615,
   426.0174260569839,
   -1080.705787312827,
   1281.1346091322537,
   381.16955845015633,
   2917.9699344779124,
   -8472.797155671704,
   536.2335282662527,
   1545.7328628098176,
   75.57106689046368,
   -3354.9709653564573,
   2477.572477783181,
   -1353.8574971893736,
   -2306.925802822583,
   934.9392361745686,
   489.9339271669275
  ],
  [
   266.90097716986213,
   -5549.469557453038,
   -3611.061901358242,
   229.10854894418534,
   -1763.1798428413751,
   3981.4492269688367,
   -17568.060725886993,
   1051.983557707589,
   2514.271236227353,
   -3452.419839833285,
   -16460.401884706713,
   1572.0778841018657,
   1828.2302215918985,
   -5971.659933819552,
   -1663.1864722360374,
   -12948.888077117534
  ],
  [
   2606.36240096477,
   -529.8212555921529,
   -1795.6697505391207,
   -4966.005963137203,
   916.2725689651791,
   -5925.092079845185,
   4418.077537609139,
   -374.60923698850036,
   -2902.2854088435943,
   2703.4915223836983,
   5776.748060698739,
   5484.967810887461,
   866.5283993395379,
   -17745.007782774876,
   -7982.894896843805,
   2405.6244765857273
  ]
 ],