{
 "input_nodes": 12,
 "hidden_nodes": 16,
 "output_nodes": 20,
 "epochs": 1000,
 "lr": 0.5,
 "output": 0,
 "epsilon": 0.01,
 "synapse0": [
  [
   1165.3549413953622,
   -437.49222593056334,
   1993.6172304438874,
   -14725.240344321788,
   6009.121534229815,
   11363.059337424294,
   -4368.613271133359,
   -4370.1050700457245,
   1035.654458364431,
   -2431.137386151156,
   4630.862811463224,
   -490.55772015527526,
   -2319.4641850492594,
   -1659.987612157846,
   47.29585902645325,
   3283.8204884112215
  ],
  [
   -6458.23489602685,
   -1405.0394065131186,
   -6949.48612167129,
   -6917.618575817412,
   -6388.918993317082,
   -10537.01119653821,
   1698.9628066249236,
   2969.401568247847,
   -7282.475719623176,
   -8695.334787862019,
   -4189.469714193729,
   904.9528892617594,
   -5748.764541231941,
   9251.979780196609,
   -3756.715040105124,
   -2021.0212579517047
  ],
  [
   4966.4168231881795,
   2450.8002085746007,
   -1404.650856774753,
   10820.366037936898,
   -11301.212193229918,
   -18532.87625376165,
   -5074.308447063552,
   -782.3268691094315,
   4873.570330545717,
   6888.104787207461,
   -2865.329620845541,
   -2258.056601012519,
   885.0721891977643,
   -6823.129572187997,
   -1637.705415672246,
   1662.837378791468
  ],
  [
   -3519.3078016925365,
   -1628.4209474095999,
   -695.949567480436,
   16263.121196078246,
   16046.321880881658,
   13151.000594140445,
   8882.441418484896,
   2073.3760929599252,
   2636.7760041368015,
   8175.318374367101,
   8106.783540833083,
   -2203.220267733999,
   17439.407988436673,
   -198.85080190602662,
   7498.798550119277,
   1442.3303213440352
  ],
  [
   687.5308671934488,
   862.4431284557397,
   968.221709751831,
   -28795.32066657179,
   -7537.401812668568,
   -8400.458337082726,
   -25467.31846067961,
   2460.9948440645303,
   -701.2767334560989,
   -2660.0625066180523,
   -2349.5677806711337,
   -7513.955921959756,
   -10917.740037635465,
   -6913.705540625887,
   -3763.127008301254,
   -363.71385879034
  ],
  [
   -894.3961990835458,
   1831.567166157879,
   428.98267734466657,
   3631.276132832911,
   -2868.434416198217,
   3324.46088241269,
   1451.8236773499145,
   -1413.0735467560248,
   1778.9302626999888,
   3946.5815436684957,
   -2188.271115802103,
   -135.24031692927716,
   -4507.1969609392245,
   -585.1820913548871,
   501.36279858096003,
   122.04130140084808
  ],
  [
   1560.5343115763287,
   459.21688608024897,
   54.68729403733511,
   -9883.704378180231,
   -15495.107685364412,
   -22311.881161582744,
   -16556.540194702924,
   -171.15781897685872,
   862.2077741689352,
   -834.7333285697273,
   -4749.553294449569,
   -2135.6153039353453,
   -9170.943971851815,
   -4055.0947093917666,
   -1375.6317627718047,
   -3155.2776105697403
  ],
  [
   3534.5018801469664,
   -403.53115345689355,
   936.6598104482592,
   -11358.236291263831,
   -3912.043674574726,
   -17853.889657380998,
   -11118.09671332558,
   -1094.247711193939,
   454.2963309852167,
   -888.5790162875915,
   -690.0880215033701,
   4891.65532024249,
   -17103.043695097393,
   -4990.711085386703,
   -3418.9067443747954,
   -5529.075521697822
  ],
  [
   -716.253133698209,
   -319.2383667163376,
   -1286.4692797805276,
   -13128.440786706235,
   365.9140158333043,
   -13541.608529818668,
   -31.946559380053284,
   -969.9804243340288,
   -3654.5496010841703,
   -6752.4600034712275,
   385.4482670299513,
   -423.0307818961471,
   432.0795403149402,
   848.806173646919,
   -3936.708349961863,
   -2701.688839123829
  ],
  [
   1396.4970503464513,
   -1507.8918268018185,
   -1193.1593117551618,
   -13443.487705173056,
   -9830.515177974905,
   1443.0639624498826,
   -10299.468999015444,
   -944.3219033994322,
   -28.652773522786465,
   -4940.574775325551,
   263.75288996909694,
   1404.9920708304896,
   -1004.4222476609026,
   -1596.549236207621,
   1715.3985496467494,
   1127.9144844913958
  ],
  [
   -5918.796071521076,
   -23.51006688179669,
   1318.7872172544285,
   -5572.501155633764,
   -9372.855354313528,
   -18595.670690964558,
   -19688.285811316586,
   -3073.9429535643926,
   -6600.712203907873,
   -4672.367709923424,
   -3036.587572468151,
   -2782.6460243904658,
   -14270.1917317671,
   -157.87852191684902,
   -3937.0783037604588,
   -4005.997368457411
  ],
  [
   -4090.3889215866834,
   363.97590887037876,
   -135.19615654002615,
   -14114.173648509286,
   1073.444791259631,
   2462.208633636834,
   -4988.382520006589,
   -1343.723280486468,
   -1357.1324605938084,
   -3732.9028698730976,
   -1531.4677246124327,
   -394.9919081074288,
   -4249.254926636363,
   2375.3365118164725,
   -3145.1869085903604,
   2852.509452629647
  ]
 ],