{
 "input_nodes": 12,
 "hidden_nodes": 16,
 "output_nodes": 20,
 "epochs": 1000,
 "lr": 0.4,
 "output": 0,
 "epsilon": 0.01,
 "synapse0": [
  [
   2492.85520764722,
   -4649.741637799765,
   5635.581966178003,
   -6575.310746195355,
   -654.4413927797696,
   3512.4765464562042,
   828.8256690492875,
   170.79577965570766,
   2180.8348410666904,
   -2794.830969311627,
   -2096.516119346662,
   -1207.5856233324694,
   138.08826370538904,
   -1790.3466514798781,
   401.10333197379157,
   6104.63836889281
  ],
  [
   -3891.899222688335,
   3297.7437397017557,
   -5908.486159524352,
   5963.911744784751,
   1216.306867733678,
   -3788.5844626255976,
   -2616.010024159076,
   -2581.522409356592,
   -3986.2088705666083,
   -2252.778818970893,
   2457.8526603841906,
   -1458.3339054578903,
   -1017.681508624351,
   -340.6969233694621,
   -991.7955564273693,
   -9240.712711760889
  ],
  [
   4749.033236221395,
   -817.2649845648893,
   -4032.094915719969,
   -7221.996035315716,
   -2786.6004502591272,
   -3644.943093494625,
   585.0866723168156,
   1320.9170684942103,
   -2143.7413676526744,
   -2240.2207021073373,
   840.7086217582082,
   -4276.541603238896,
   5015.358045589172,
   1670.204136776441,
   2395.5642195508963,
   4904.035456635223
  ],
  [
   3316.464134401581,
   1728.1127268309838,
   1578.7679781224147,
   -3066.49534759978,
   455.4131736699757,
   3048.295211873185,
   761.9601185793122,
   902.0660809334215,
   -213.25277258351437,
   -1573.018176279767,
   -1596.4505303773751,
   -5659.827055508469,
   -1556.4019843776366,
   -130.16846211104848,
   -4812.342339606627,
   3954.7621271101502
  ],
  [
   1152.763174051491,
   813.4759810901827,
   3829.396549151325,
   -3499.4659633545734,
   -3205.7124863033173,
   -1135.5471202948293,
   787.272000687934,
   398.633939269812,
   2215.6916649319064,
   2319.1151538186405,
   3904.72614880371,
   1153.229766722465,
   -760.7002143533614,
   2371.695864691678,
   2815.303095926957,
   1055.0284956829166
  ],
  [
   -2999.3091577639157,
   3677.6887398851477,
   -8429.635794622794,
   3452.0911430356855,
   559.9518876980595,
   -1120.0655946809322,
   1471.2210020992286,
   -1334.992431207968,
   309.6074425010562,
   -27692.15434011814,
   -15376.120046090882,
   -5117.492887230012,
   -1482.6318123072588,
   1972.1808373572187,
   -1505.891150841431,
   -8661.299397908033
  ],
  [
   -2343.822527211748,
   -1571.1418628917186,
   -519.5280130598845,
   -405.36619283525636,
   -539.9736283895712,
   -2750.005631024908,
   -1565.0413401260112,
   -2264.357632064797,
   -891.5645883028914,
   -745.5008925691168,
   3283.9196444961485,
   -207.26206191778718,
   -1066.177499512064,
   268.67253914858316,
   40.14598333166532,
   -488.5309437620754
  ],
  [
   -3682.95395788633,
   -2206.19360122898,
   -3668.788221864148,
   -2331.468625358537,
   -1368.4023758849949,
   -1101.480559331503,
   523.0131854771121,
   -2108.411026880185,
   2176.7302792666337,
   -4734.347788518751,
   -4479.201324395153,
   -916.5120348940667,
   -1988.5229140066347,
   -269.50662751408055,
   -466.8998555064607,
   -5843.003398967109
  ],
  [
   -2056.403108783238,
   -1360.8664166116525,
   8877.81070577924,
   -4717.9617735600705,
   -3529.971670043096,
   4315.328488018208,
   -3298.7683468549412,
   -2461.3364404385106,
   -1111.8131658630487,
   5168.350646131959,
   -14657.659458418575,
   -8545.262803637284,
   -1786.2716465225217,
   1666.5317887282788,
   -4531.854101334538,
   -3133.985937221289
  ],
  [
   820.8785361825044,
   361.29237521921874,
   -5720.947234424478,
   -153.930561544529,
   3887.292595282724,
   -3350.879521496242,
   209.03412986337244,
   -321.00670023776877,
   -734.9306403299393,
   -15850.707436566632,
   -615.5094858424661,
   -221.9692078748994,
   -627.821637858407,
   -998.5690136638499,
   -2789.2879587147772,
   -6420.3981783467225
  ],
  [
   -2482.222688795817,
   -2202.3702646919214,
   -5675.121939492469,
   -1811.6425240669141,
   -2038.833779798094,
   -3310.309857315295,
   -983.6449358072277,
   -261.4816437874688,
   -347.5199188157465,
   -10441.494115710306,
   -10398.1517277234,
   -8111.862281082792,
   -1828.6825103824056,
   -2299.7126574341646,
   -2383.0930649088373,
   -2194.9421622539558
  ],
  [
   2504.2504804651626,
   -708.2380070037727,
   -7877.5773768607305,
   1820.7497141530323,
   -3951.2037994347606,
   -4339.312531635108,
   -1329.1585517787707,
   4079.7990769022913,
   -775.1144029680943,
   -17052.047675367816,
   9863.308209073371,
   -6422.966893511671,
   -1059.2840120845235,
   -2298.192278441422,
   -6962.634333041073,
   6632.3502308215975
  ]
 ],