{
 "input_nodes": 12,
 "hidden_nodes": 16,
 "output_nodes": 20,
 "epochs": 1000,
 "lr": 0.55,
 "output": 0,
 "epsilon": 0.01,
 "synapse0": [
  [
   -58.125114048374655,
   17.496972034713696,
   -88.89735927544157,
   25.737079094508427,
   -10.404281348098612,
   -126.9214406885902,
   -108.43833855833778,
   30.658913143474976,
   54.84882868589587,
   111.03767563405177,
   165.30730163971745,
   -44.22564215895253,
   -136.74522931064698,
   -148.07430581177985,
   -38.162027355716525,
   -86.88652142509497
  ],
  [
   23.02666633786509,
   -16.415121261225508,
   -37.28735736820113,
   18.104652271561072,
   -27.298317900640846,
   65.87652131798458,
   26.061273269521173,
   -95.85444010283399,
   -97.64080778316931,
   -113.56613505743236,
   -87.85499979886904,
   -12.550272895997866,
   74.47087986650513,
   71.3931309174328,
   46.08502332888174,
   58.73004686438831
  ],
  [
   11.162766720192655,
   -9.399658952719212,
   208.72621619979546,
   137.60315657389387,
   70.88579731324243,
   -124.51116022823061,
   -43.69695348546811,
   49.36667788572082,
   10.743923655793738,
   -53.418955133709325,
   45.63433338338277,
   122.72034417344898,
   87.34862173344035,
   -103.76203894721222,
   33.374752117992664,
   40.02991580964968
  ],
  [
   -135.26440140169706,
   -27.928063278454207,
   -580.4529031902006,
   -104.89439770469426,
   -127.60025938394301,
   10.867530281303793,
   39.094739632990496,
   -124.16012820801927,
   -12.317043481584719,
   100.55188258159241,
   -47.78838258232253,
   -265.2717783295745,
   -95.44218895027028,
   -119.12147992332841,
   44.29495179661503,
   -155.31096930777355
  ],
  [
   -17.640981871957404,
   -45.94892575019614,
   -268.8132367045728,
   -160.6734591022,
   -33.9837487169939,
   42.39838736811816,
   139.91502137311693,
   -70.9629985248501,
   11.249236781767246,
   -59.233669980961714,
   -107.46969783262459,
   -109.32073096816414,
   -24.251734393896925,
   -109.21112673547843,
   -47.52505775611863,
   54.83908033095148
  ],
  [
   -64.91933657320853,
   89.36542957390519,
   -210.69941578478316,
   9.617246628379618,
   -29.850225079366133,
   -41.07904361106034,
   77.6784630552061,
   -117.85945695746292,
   -88.74851376716411,
   -28.969038139528802,
   -192.90822689473111,
   -79.96212746657041,
   98.196122737218,
   -114.07814866961907,
   -58.02116625752048,
   74.23156396941705
  ],
  [
   19.28771548660466,
   -51.15209892650761,
   133.53760816607638,
   -50.19546591314618,
   -122.20062801609686,
   -0.3890848311771756,
   86.52774932704457,
   -121.74700468483836,
   173.12229818744655,
   -123.90081317374563,
   -34.09264462683769,
   -64.33163577154558,
   -298.2700924561457,
   194.55099385658724,
   -135.16418857608653,
   -162.13807550123695
  ],
  [
   -55.100825640045464,
   -9.555541232843417,
   -87.61555944525713,
   -125.33138845790522,
   -74.04905928699735,
   -93.99768225853367,
   125.91868369506696,
   -11.908595784751288,
   -54.174964912593346,
   -67.91493083488,
   -12.517088837365634,
   -84.05182773892257,
   -266.6273542706434,
   -48.0749301971702,
   80.85072061968988,
   -105.42783854983382
  ],
  [
   66.7901858607243,
   69.66546311961477,
   10.273812897386494,
   21.684451470105753,
   -92.1033800480325,
   154.05446392086517,
   -169.20204612723015,
   -131.54507403745015,
   -212.46516995999554,
   -21.882149489993395,
   99.1220719509927,
   -50.323678186434485,
   -124.31838289843364,
   262.12404626142506,
   -26.00440959977651,
   28.211234108449354
  ],
  [
   -115.00920941050552,
   49.18364330296329,
   -175.69157775233543,
   -42.98535670347322,
   -79.4118814551126,
   -156.0650514080191,
   188.51128518785092,
   -20.947325280061616,
   -82.59919182247933,
   68.98219094172133,
   -173.79734518499393,
   -123.36940669100872,
   -215.91729225217952,
   -233.5081436103833,
   -52.93245485644415,
   -123.21644576176806
  ],
  [
   -56.399243626084235,
   -33.32415071956828,
   -259.6834474670415,
   118.58778124231739,
   -63.98609884403369,
   15.663302894626462,
   -149.8197414347982,
   -203.2660127711397,
   118.87866704629252,
   -38.646118497100744,
   162.57385447014354,
   -106.17603197020496,
   159.04909032370696,
   -57.41890284287077,
   7.696852111450412,
   11.560675125758435
  ],
  [
   13.258722251442066,
   -5.860000707980095,
   -86.92524892501542,
   -70.6977360211602,
   90.42279214072366,
   29.22743050815937,
   -123.40848756322829,
   69.0000905273511,
   -119.04166336166539,
   -2.7988338223613716,
   -42.00205233214259,
   60.696509160774184,
   176.1183696266434,
   1.6553341962464216,
   75.3808716156678,
   30.4366186526041
  ]
 ],