{
 "input_nodes": 12,
 "hidden_nodes": 16,
 "output_nodes": 20,
 "epochs": 1000,
 "lr": 0.55,
 "output": 0,
 "epsilon": 0.01,
 "synapse0": [
  [
   -58.86336355121816,
   16.632301564185582,
   -89.12671867205289,
   26.079218000496507,
   -10.225409354464347,
   -129.40258255494044,
   -108.69996549899238,
   31.413404856455468,
   54.7716194929889,
   112.7162813632974,
   168.1775630326495,
   -44.1871549868947,
   -138.32283338894896,
   -150.28082161360513,
   -37.853193296524886,
   -89.23859256944034
  ],
  [
   23.569255153379213,
   -16.604289009202223,
   -37.03693366765254,
   18.15271313795835,
   -27.411154516005844,
   66.48194628222112,
   26.05450616478912,
   -96.76095352909701,
   -97.5356222754758,
   -116.33682642213572,
   -89.47465234951827,
   -12.467246445785399,
   75.7433046809564,
   72.69357852820185,
   46.20217580079374,
   60.43655717676892
  ],
  [
   10.776150510185717,
   -9.067454129943563,
   211.29024169989705,
   138.82172101342223,
   71.69572600358369,
   -128.49247974155992,
   -44.162902585398015,
   51.34357120722156,
   11.002013313440962,
   -54.91617722551481,
   44.59612897480888,
   123.9613475107399,
   89.56947440202163,
   -104.09503679773677,
   34.57998728959041,
   40.202417941065555
  ],
  [
   -134.59949823455563,
   -29.763347714054255,
   -584.7117303983995,
   -105.81991972674182,
   -128.54385397785518,
   15.10993240436017,
   39.702892548347954,
   -126.90421721241226,
   -12.61955372074394,
   102.86201492731584,
   -46.710926854053966,
   -266.8719662001622,
   -97.3659085524386,
   -120.29599999354184,
   41.55520879071753,
   -154.82423043596978
  ],
  [
   -17.884704943392173,
   -46.08889469880028,
   -271.98655889213035,
   -163.61936338441066,
   -33.821198862669355,
   42.83547727933183,
   140.66283138205603,
   -71.58760659393315,
   11.473649715761844,
   -60.53509413916441,
   -112.10339714639653,
   -109.7445579796079,
   -24.717463407387015,
   -111.01490251145896,
   -47.46843254602018,
   54.99345669712737
  ],
  [
   -66.51811992831198,
   92.98583843074286,
   -212.30548960131114,
   8.606986038118093,
   -29.576300500194318,
   -44.253160774807796,
   77.83234302023764,
   -118.98317755524162,
   -89.31890812383566,
   -30.76261046769482,
   -200.63709385752412,
   -79.91829032601859,
   102.14496108690173,
   -115.44223362160719,
   -58.372554540316735,
   74.40462610555551
  ],
  [
   20.71451809455587,
   -53.4462603923979,
   134.20620261681051,
   -49.31794230609846,
   -122.97505992474744,
   1.6284344615728827,
   88.05904676337947,
   -123.73193151058827,
   176.66533134581388,
   -124.9335873645868,
   -35.19830495111909,
   -64.8114968961337,
   -301.1176560266602,
   196.49319091836824,
   -137.6867016399088,
   -163.46643920832062
  ],
  [
   -55.380970119011835,
   -10.457303671829203,
   -87.93980315499773,
   -126.46365285999296,
   -73.53607852540931,
   -95.92412309932207,
   125.7762624320292,
   -10.282516213013407,
   -53.98875337231795,
   -68.86598591381858,
   -12.007301905570223,
   -83.5861644904991,
   -267.5339325328099,
   -49.66070306453722,
   82.19549414868348,
   -106.21046201676499
  ],
  [
   66.53120014977509,
   69.76987133902217,
   11.114171410679482,
   22.157819904649287,
   -92.96989446844593,
   154.06339274578633,
   -170.17031852516087,
   -133.55480014907064,
   -214.70777259670913,
   -24.39855207159103,
   104.45563665490832,
   -50.83135817610032,
   -125.9729843144075,
   263.88532312016486,
   -24.94910551316093,
   26.973979083653713
  ],
  [
   -117.09843281094669,
   52.88053546958834,
   -177.8194839096493,
   -45.17821935869486,
   -79.211117278274,
   -160.01955889876226,
   189.5343134520143,
   -21.084937206463348,
   -85.58026325546042,
   70.01767645861312,
   -181.65507085987497,
   -123.44837886110163,
   -213.78632027724908,
   -236.39785108625878,
   -55.31142877939597,
   -124.6519044050343
  ],
  [
   -56.42270847958085,
   -34.07109683017456,
   -260.2979614732398,
   120.1472163428657,
   -64.79756819318845,
   16.49124954715306,
   -151.18178381462948,
   -205.60560277765353,
   117.84948302428519,
   -40.6591594499592,
   168.34566596498001,
   -107.01399110831787,
   159.05553890653837,
   -57.52943270121078,
   8.364529276011075,
   11.19636862398975
  ],
  [
   13.540906734257849,
   -6.682107981647304,
   -86.1636818403003,
   -70.93155309764225,
   90.88294841057424,
   29.255048776519423,
   -125.28046825364922,
   69.93626652680983,
   -119.29266715848382,
   -2.9699559328245417,
   -39.31194722921342,
   61.26348830258829,
   176.0073589963483,
   1.9392428040246208,
   76.81198933824952,
   30.413980977146526
  ]
 ],