{
 "input_nodes": 12,
 "hidden_nodes": 16,
 "output_nodes": 20,
 "epochs": 1000,
 "lr": 0.55,
 "output": 0,
 "epsilon": 0.01,
 "synapse0": [
  [
   -56.55094189606946,
   21.05720535883136,
   -92.32142500028827,
   23.157774708848226,
   -14.212210983457094,
   -112.77694190393466,
   -100.99997400418502,
   20.340365180245172,
   56.86597387010128,
   94.2945055914512,
   140.0756544298425,
   -47.6560163574623,
   -126.66428621486577,
   -135.3990924143584,
   -36.432619291602435,
   -75.90708233184809
  ],
  [
   20.94539569232021,
   -15.408120082263691,
   -37.863401575881255,
   16.430844818173355,
   -24.77122955363025,
   61.39740239494935,
   25.748478282524776,
   -85.38411770140489,
   -94.65018889661347,
   -90.89646636000886,
   -75.17112599022802,
   -11.457185534581578,
   64.14613957633254,
   61.69562886475564,
   46.27502873831535,
   49.167823191722825
  ],
  [
   14.771824964025217,
   -12.799587999765777,
   191.9220880626048,
   128.67652178472903,
   65.69326239263248,
   -98.79950412343437,
   -37.67645290380622,
   38.818493647183004,
   13.814880515471431,
   -40.67158939255326,
   49.49562216913098,
   114.6817045619261,
   70.35151994793998,
   -99.8986836137186,
   25.29988434319228,
   38.17526198070871
  ],
  [
   -138.9511926065846,
   -8.22645147440275,
   -541.7500334373805,
   -100.99052979747366,
   -116.08191297922144,
   -20.981273093874766,
   23.209579324204697,
   -99.38361815821757,
   -8.273580637637119,
   82.13092079113638,
   -53.589033916136245,
   -247.74903752672643,
   -70.48840587214494,
   -111.31860714344509,
   62.8562388387071,
   -155.00037817555298
  ],
  [
   -17.55570679389709,
   -45.682055651601765,
   -253.14645586368613,
   -142.26069937244475,
   -36.81364081292846,
   40.03947589425867,
   137.17205342625434,
   -69.97245158007655,
   4.033606953990379,
   -47.86930064064101,
   -76.11521193074277,
   -108.8997049892362,
   -25.384231999392604,
   -101.28084931579563,
   -43.70415148785184,
   51.65582050856206
  ],
  [
   -52.06538649800118,
   63.01110432945792,
   -201.91943618438833,
   12.928166278761944,
   -31.7164523949743,
   -20.12483963749582,
   77.43166231098827,
   -108.47691201097254,
   -84.53174896833717,
   -15.951901847940903,
   -132.78915342811797,
   -80.3979157920092,
   66.74585026100718,
   -107.12526184444887,
   -51.72416459056734,
   75.25394368524282
  ],
  [
   9.769671132779116,
   -40.80076448574846,
   127.68276715503299,
   -51.16775797900172,
   -115.64339327122754,
   -14.631763243824848,
   78.3528457552375,
   -104.28987977024416,
   151.30512174745667,
   -111.92216526401833,
   -20.722511077046335,
   -60.30290288186536,
   -279.97178008181396,
   175.73096517508625,
   -114.4732807858352,
   -151.30074073808342
  ],
  [
   -50.67944928727036,
   -3.7085506507422985,
   -79.1558485980957,
   -113.42801115914598,
   -78.65846475007477,
   -81.2847195663056,
   126.99626412351328,
   -24.84766615594582,
   -53.221789420637116,
   -60.51621696560038,
   -11.6680738173011,
   -86.85296797562829,
   -264.056546277393,
   -30.169719884486597,
   69.09469997898361,
   -99.84452318905788
  ],
  [
   63.10629964808096,
   64.62055023171288,
   -7.155068369575918,
   15.818276507991348,
   -89.68660576441867,
   151.31188692773713,
   -152.05921571607587,
   -124.08064764492696,
   -196.2145647347059,
   -8.996588541410638,
   58.47230091765035,
   -52.535290892875935,
   -121.13623650673861,
   244.21289035713147,
   -27.715862632883,
   29.236669328768997
  ],
  [
   -100.25931494330328,
   37.97991196672177,
   -146.4927248210642,
   -31.937457670586905,
   -76.13389819032949,
   -137.59608989241102,
   168.817164303394,
   -12.282759897514845,
   -64.97631304460899,
   61.017697965744745,
   -119.79295139768429,
   -115.13173165887287,
   -219.86683770605168,
   -207.4746967171216,
   -43.43249574398599,
   -115.20854145250867
  ],
  [
   -58.654445753871414,
   -30.40083762673893,
   -265.5923867464162,
   99.68794953283289,
   -55.96900959134208,
   11.72065555451706,
   -137.6776056479055,
   -181.82967362974063,
   123.32236625726092,
   -21.35842323217598,
   119.3841434820759,
   -100.15634462887175,
   156.56838182560358,
   -65.51650247074784,
   14.4161736004556,
   13.816655801700168
  ],
  [
   11.685368881584466,
   -5.263016650173343,
   -95.53475125590816,
   -69.293542274624,
   85.39183987737525,
   31.56939662627957,
   -108.99159357470772,
   61.134769683383716,
   -116.08626823761195,
   -2.597756929085398,
   -57.93404629534947,
   54.42932667778525,
   171.3295506812393,
   -0.8644627600223154,
   66.25498112701449,
   28.36771323837902
  ]
 ],