{
 "input_nodes": 12,
 "hidden_nodes": 16,
 "output_nodes": 20,
 "epochs": 1000,
 "lr": 0.45,
 "output": 0,
 "epsilon": 0.01,
 "synapse0": [
  [
   -23259.18856302575,
   -19543.42784008074,
   747.3487540869678,
   513.1858869220249,
   3194.5549376340546,
   5936.174394052686,
   -6310.169778369881,
   -9882.194105268074,
   -3313.453633948948,
   -21216.169319339482,
   -5482.226525233683,
   -5375.381101041925,
   -1136.9970279990046,
   4972.664418398525,
   2911.6622142028723,
   1190.6856721988163
  ],
  [
   -14510.223064264426,
   -10338.415141894493,
   -5505.397010664921,
   -4282.443828757042,
   -5610.6949322763485,
   -6711.781962428799,
   6857.8703752011925,
   -6631.4673825735235,
   1157.9661168336258,
   8012.904998139197,
   -7770.144548823839,
   -8618.963502083092,
   -1363.9884084870569,
   -10327.840353574196,
   -7487.893951222742,
   959.830317423614
  ],
  [
   -34205.36003268734,
   -27483.371300908864,
   -11778.567195046244,
   -14699.346797179562,
   -2627.3417995037353,
   -34381.677742365675,
   -2.0376204597536534,
   -24066.946035140205,
   3946.9587127016352,
   -49437.286725681945,
   -29081.288293226047,
   -29915.12100011867,
   -6327.22206696737,
   -40739.80019521345,
   4517.187932193464,
   3578.1835225031355
  ],
  [
   6978.272166667931,
   -12394.810189046817,
   5718.321798791954,
   -14839.307539372709,
   1278.2280532916102,
   886.509318972199,
   -4814.582515761113,
   -4900.5018174066845,
   1262.0024330902875,
   -10547.234384499803,
   -3609.3096773543457,
   -14508.86207115747,
   -1221.9438690631455,
   -36809.33249315631,
   -464.23301731709114,
   3739.67099840149
  ],
  [
   -57237.81919341696,
   -63342.1826010912,
   -7514.48164874387,
   -17678.96923531659,
   -72.43468406830311,
   4899.889854608966,
   835.5399624449084,
   -13915.016407285977,
   -3427.6205842262866,
   13810.255497218623,
   -8335.503488411932,
   -24139.373198993628,
   -1987.69993400172,
   1695.3996412723643,
   -1002.4672655579866,
   -603.180484311121
  ],
  [
   -42676.12584798252,
   -37894.70982037456,
   -5402.319827427714,
   4689.582887073316,
   -4818.751048166717,
   16400.09796130451,
   -4523.472727577424,
   -28935.87182551395,
   -3839.767778633787,
   -28218.729162732674,
   -10948.453041311666,
   -3991.261103276562,
   -2301.0578282598713,
   1978.5108467016423,
   -1638.2165732655114,
   2308.9141533255815
  ],
  [
   -54375.94924416646,
   -38156.56554656058,
   -4132.4131478906065,
   -3272.046011707016,
   878.2475237964243,
   -2043.2070566296607,
   -2136.811866790907,
   -8229.945385038134,
   -380.43888913946034,
   11544.238573148452,
   -14610.818740023302,
   -16710.621753007934,
   -1762.4623481701672,
   11738.751698586379,
   -2212.643657760936,
   -5491.589573900446
  ],
  [
   -8885.96453335989,
   -2520.220267801684,
   -16972.403193915456,
   4597.817876456835,
   6048.914426633362,
   -976.5362358703138,
   -163.5141899090254,
   -10671.135386058895,
   -4477.347009174645,
   9198.849260985475,
   -28567.532221819216,
   -18077.576523136373,
   -3246.93719629198,
   935.9184949118168,
   -3230.0194449888627,
   1267.0222241656256
  ],
  [
   -25997.71518901575,
   -14035.554739436997,
   1755.1690603077946,
   7661.168888888067,
   -1776.3886153524384,
   -2806.5968619369114,
   3458.5632312905523,
   -19376.450614687987,
   1916.1098000951786,
   -10809.7461143648,
   2933.6981402961537,
   -1536.0464491658493,
   -1219.4965588927953,
   28072.043133880783,
   -4858.037163369971,
   6414.849646476785
  ],
  [
   6382.849246964243,
   6518.721503521511,
   5419.395702887415,
   141.36642932851387,
   -2376.1651333923346,
   -15617.360057474798,
   1291.1831831720942,
   -3453.6910010155575,
   4088.6683082423347,
   -13345.513771610094,
   2802.7649973931316,
   405.9952099496642,
   -2216.621722273419,
   -18437.61375167253,
   -2593.9851168058008,
   497.605534463531
  ],
  [
   -38903.00693111491,
   -40456.91550117184,
   -551.5991103595102,
   -10869.004943443648,
   1076.7649606030946,
   1724.2929420095045,
   -4786.776398728397,
   -759.6204308006904,
   -1717.6268771487312,
   -23029.784884986242,
   -18788.86160239475,
   -16949.335139494815,
   -2114.5514655010197,
   -19568.69400420638,
   5359.535436300769,
   -5954.966750378715
  ],
  [
   3926.2342270818103,
   30510.252009233387,
   12703.784479022323,
   9687.222573120282,
   -3684.375865772972,
   -4649.8381828966885,
   414.83375706239264,
   6743.569472724441,
   2134.048972050491,
   -64150.865120175244,
   38836.31749174525,
   33847.261227077186,
   1111.9781093374434,
   -30415.512929802302,
   -4703.59939731748,
   1124.3224807245479
  ]
 ],