{
 "input_nodes": 12,
 "hidden_nodes": 16,
 "output_nodes": 20,
 "epochs": 1000,
 "lr": 0.8000000000000003,
 "output": 0,
 "epsilon": 0.01,
 "synapse0": [
  [
   -849.7666095283064,
   -3899.2907367538955,
   864.5437148616661,
   -2231.04603652604,
   960.3831395878432,
   -3589.741103433732,
   -11360.795212778921,
   -4294.318558278935,
   -4305.181785717606,
   2142.228492362886,
   -2583.473624879617,
   -2495.2093574731916,
   -6671.844669247651,
   -19185.752378860027,
   -239.16282538731906,
   2086.316732992257
  ],
  [
   -1486.535418876611,
   945.5589878920651,
   -3079.6275486925038,
   -907.5007483222918,
   -2694.8432823958874,
   1625.6260646108371,
   6573.513163567426,
   -145.81242998580592,
   3981.4985867328433,
   -4323.851933958517,
   3286.815954022033,
   487.3193463609552,
   3032.6976340979527,
   16258.887274795421,
   412.0269415202657,
   -2572.6978729370057
  ],
  [
   349.4978072409764,
   4456.115225227285,
   -3824.74933246825,
   -1794.2237980033035,
   -2382.564086114812,
   1367.8331696241798,
   -5753.019981129215,
   3742.3722589512117,
   -11241.83752101612,
   83.7704189644465,
   -2324.4787474838736,
   2609.9028897078547,
   2632.0555955640775,
   -4647.8535207328705,
   -2533.358042037923,
   -1963.7617217792813
  ],
  [
   314.2405239569565,
   -123.23460486896496,
   -3014.3434191920733,
   -5913.225698836017,
   3831.65483120474,
   -4560.561922912646,
   -12560.871046306454,
   -3161.1242778355368,
   -8713.567984439915,
   2839.4658933259184,
   -2329.4995555352325,
   -1052.5107753678665,
   -10397.956634775184,
   -27794.505952293006,
   2335.238191132041,
   415.5494517865317
  ],
  [
   -3558.3307731212662,
   -1381.451067263295,
   3197.0310487181964,
   3511.7779145854915,
   912.743271678209,
   -9246.20796133896,
   7857.836664725165,
   -11133.417065521004,
   -5421.610003936376,
   4198.192387801292,
   -2737.9006130474677,
   -2307.296712523993,
   -5997.372046274605,
   474.7489796810829,
   -226.95837069720005,
   2274.1402142412317
  ],
  [
   881.8876476928665,
   -15112.207363803322,
   1030.7028981355083,
   -2531.2532493322155,
   -10484.877744502708,
   -4678.070482833255,
   -29798.782495445164,
   -9517.697589022182,
   3751.341620263427,
   -819.2881440883764,
   1308.8429950715893,
   2094.0516912208486,
   -13605.32529491256,
   -36307.45794280163,
   -2636.676802269761,
   -2499.61400054009
  ],
  [
   -2682.6138946572355,
   -14420.550606425513,
   -629.2522197784738,
   -9721.527401642044,
   -6521.501334293047,
   -5885.31199853133,
   -2071.4650525445873,
   -11986.942591049388,
   -8305.165605277305,
   -1379.7933413886824,
   646.9499769135057,
   -1580.5961208840304,
   -16394.733874808142,
   -18403.86881985324,
   355.9172048818546,
   -560.4832562775026
  ],
  [
   -1800.7892888790689,
   -7346.648818638612,
   2539.9029123405076,
   -1043.0836175658412,
   55.73729782825648,
   -1259.1262740611212,
   3366.200736861831,
   -8824.740233943836,
   -832.5086541905854,
   -207.07403589046734,
   -586.428497464824,
   -2655.5653619991317,
   1098.232704582569,
   9948.596540142198,
   -604.5716513789404,
   579.4637654812834
  ],
  [
   -2140.668788289114,
   -7824.92590066342,
   -1274.3624669182661,
   -713.618497340777,
   3048.4693487677787,
   -4020.200359546308,
   -4223.192717726639,
   -14043.727639671673,
   161.72147807858587,
   -1199.5558926506933,
   -2100.70500897866,
   -1792.2878093113127,
   -12569.479888044667,
   -12786.780838067607,
   -404.27956172162965,
   1825.416683987952
  ],
  [
   -2817.25584944686,
   -4911.264474129017,
   1900.9096722811657,
   6711.559323434147,
   -7221.618844141226,
   1921.6817746662803,
   903.9434925993195,
   -12150.142154065716,
   -2170.084354594523,
   797.6174212729427,
   1822.0220235214103,
   -904.1839156371716,
   -3547.626488889268,
   1634.3096851486544,
   -1911.0071194155003,
   -2374.9878782789083
  ],
  [
   -1538.6723574920813,
   -18245.36156641018,
   -49.05577882271373,
   -6334.034421967692,
   3242.6159415670477,
   -1086.363618426474,
   -13953.119934911032,
   -16033.065917573871,
   3558.3251951632465,
   -275.5108227439135,
   -1770.233721179436,
   -1832.3943590033678,
   -4749.588899310607,
   -4413.011638723315,
   -8.981847046705722,
   1140.6831919014396
  ],
  [
   -3333.811710000084,
   -12773.583285301407,
   3159.140038019153,
   -1484.006221937616,
   -4457.556775767342,
   -12646.867483353093,
   -1927.8099944416392,
   -11866.65146432939,
   3958.7357133329233,
   -4200.904971940307,
   1637.630082153236,
   1174.303635070663,
   -8858.26136834807,
   -11578.762215222652,
   777.2371792304231,
   1797.0291313969021
  ]
 ],