{
 "input_nodes": 12,
 "hidden_nodes": 16,
 "output_nodes": 20,
 "epochs": 1000,
 "lr": 0.9000000000000004,
 "output": 0,
 "epsilon": 0.01,
 "synapse0": [
  [
   -865.8422090946619,
   -4311.77177735065,
   1088.1716021678878,
   -706.6055622873403,
   521.0832388233749,
   -3063.3976781082015,
   -10088.596889903174,
   -4980.185738144094,
   -3185.8540171913264,
   2148.602381714386,
   -2144.5120382027258,
   -2069.492465315775,
   -5276.462801674372,
   -12324.355224436458,
   -209.26446130986398,
   1773.136003977893
  ],
  [
   -1218.7599756468492,
   1458.5541991558205,
   -2989.8666838980607,
   -1782.1521784619783,
   -2009.2764057191996,
   1530.0437543464006,
   5564.931507132424,
   1285.4836849818807,
   2923.0751974971936,
   -3361.617046757721,
   2345.8788798398673,
   239.7271534342144,
   2809.529705307975,
   8863.448296433216,
   135.46756058188302,
   -2090.823764316907
  ],
  [
   809.2483625830746,
   4176.300312055949,
   -3412.1959175047155,
   -3038.0303873333255,
   -406.50388477545937,
   3306.3347114860826,
   -8634.9709857486,
   4278.107935807131,
   -9755.562740131767,
   427.1511011622817,
   -2974.595895353442,
   1524.9788695229777,
   2662.81516390287,
   -3036.632362171971,
   -2383.162152507709,
   -1210.4759032119669
  ],
  [
   524.9148438448174,
   -226.0708665829849,
   -2854.831506781878,
   -3934.9046962374564,
   2231.9127505664155,
   -2401.4610600211154,
   -13616.243483810647,
   -2130.3250493997275,
   -7219.425006826533,
   2775.3075411688174,
   -2711.9952442565786,
   -522.5269744316932,
   -7882.062597926573,
   -13327.451159800545,
   2054.3058718719876,
   358.42003312453556
  ],
  [
   -3136.905294966535,
   -1193.1564798723878,
   1155.2923897912774,
   2979.8741365721407,
   1175.2567567104463,
   -7649.328095295687,
   7225.343765468809,
   -9276.191875829913,
   -3172.3891028501866,
   1719.2800350266107,
   -525.5332274668096,
   -366.998808739431,
   -5144.907867734558,
   -468.89613640492837,
   298.3778186008511,
   1905.219588554376
  ],
  [
   795.5634544184957,
   -13081.167173146134,
   1495.9235405057107,
   -2564.7171150541258,
   -10195.057003554173,
   -3158.19479702318,
   -27584.46537917,
   -7784.251640215506,
   963.5158462473214,
   549.6373221087545,
   -420.7068254105172,
   1815.0756607723486,
   -11085.853317905297,
   -21012.422835994053,
   -2605.049838468765,
   -2546.849842661829
  ],
  [
   -2288.5424923607893,
   -11373.639047067125,
   -961.4229009755447,
   -5482.410342192962,
   -4689.418994237857,
   -5477.8795576746315,
   -2097.997665096049,
   -8542.133354870499,
   -5124.112047095157,
   -785.7157019667596,
   135.6038502794244,
   -958.3935733780631,
   -13220.051066041997,
   -15150.222775020156,
   850.4928021826983,
   -295.97695841478725
  ],
  [
   -1621.1647731547503,
   -4520.960779428939,
   665.7642930033621,
   132.69395719771114,
   -119.39451516546191,
   -981.0400684120877,
   4252.796137265369,
   -5564.625168807048,
   -1460.7224366829496,
   -699.5347725692742,
   456.88266886125876,
   -1195.896777286959,
   1177.239761234381,
   4368.5342264672,
   -478.16241811970787,
   161.55639027863893
  ],
  [
   -2119.2879018539265,
   -6869.591944729167,
   -711.8941260377801,
   -1047.2404912250868,
   1671.0715823761016,
   -4525.802231899503,
   -2039.3918422322745,
   -11489.32215230991,
   1629.36195643581,
   -1823.8631471350623,
   -1209.4648721804608,
   -1365.024940097009,
   -10160.987403601981,
   -7878.9963654195535,
   -346.39415047695695,
   1171.6415399680511
  ],
  [
   -2557.7294325450116,
   -5311.839497382997,
   2309.268563234101,
   2623.9588893021755,
   -7628.270085191671,
   312.6401755303306,
   341.5262175864277,
   -9350.386320287125,
   -1242.8988373076281,
   282.2953196606502,
   1253.658475347557,
   -414.82369691984314,
   -2979.6854283170487,
   3588.3439534695653,
   -1733.0483576754598,
   -1884.4505128523203
  ],
  [
   -1196.437590471752,
   -15516.043137758325,
   299.62986680016945,
   -3137.7750585860404,
   1303.21200567003,
   -511.6701791403804,
   -12589.509270604392,
   -13055.941795836547,
   2883.075403438504,
   -334.0922534380836,
   -1772.099069608665,
   -1487.2617664281217,
   -3037.1146232816923,
   -770.5667360412082,
   -3.7804520698330992,
   1052.9835695530237
  ],
  [
   -3076.166772306848,
   -10275.217334999612,
   2611.394629404889,
   1028.0818519015186,
   -3499.787549276085,
   -10964.732323087172,
   -3589.0871694766233,
   -9049.393727134817,
   4334.449064489158,
   -3098.5992482117013,
   1628.004654712019,
   1233.6532183795337,
   -7759.275525173713,
   -12704.390271254542,
   400.667661296281,
   1499.8280350544605
  ]
 ],