{
 "input_nodes": 12,
 "hidden_nodes": 16,
 "output_nodes": 20,
 "epochs": 1000,
 "lr": 0.8000000000000003,
 "output": 0,
 "epsilon": 0.01,
 "synapse0": [
  [
   -2050.913392017419,
   -7058.252012164112,
   -462.88084816226774,
   -3994.3206744016325,
   -2877.0845870367048,
   -10481.315586351346,
   -18979.755216320853,
   -1475.48213737684,
   -25646.29083556614,
   6058.09405233039,
   -4426.8533000331445,
   -1230.0578772034578,
   -7312.4476952662,
   -29401.03800862053,
   -1798.4031326545519,
   3358.516565874204
  ],
  [
   -2423.5340590724873,
   7638.880077522824,
   -1966.1567507570196,
   2546.8342277937454,
   -1262.3262962246788,
   2126.119264469131,
   10099.981781753717,
   4878.574838321507,
   9319.168532283293,
   -10241.630060974889,
   3530.2270428713764,
   -3001.041075544308,
   7682.662789606833,
   35700.89721670515,
   2772.0948585751753,
   -4408.749263989839
  ],
  [
   144.95792338260912,
   3340.962254809508,
   -5874.310716371854,
   1549.5229957482316,
   -7200.364970671955,
   -4235.253943283399,
   -4705.796419349036,
   15153.26763121358,
   -29486.730274676604,
   -613.8694596742549,
   -334.1629167106781,
   3333.329293497244,
   10493.899234872642,
   -2389.017823548088,
   -3327.8227421703546,
   -4740.412075310357
  ],
  [
   134.63301122364734,
   -2759.3485819329485,
   -5535.982286139129,
   -5400.3894478037555,
   9867.506614618847,
   -5145.617483719298,
   -17642.318143508986,
   -6293.13663010626,
   -38411.98805064165,
   5032.614553514522,
   -1093.0527151697122,
   -2156.5486227887377,
   -11021.360220621425,
   -43660.57471362781,
   2131.494396602538,
   2181.6498549927524
  ],
  [
   -5119.304507386993,
   -4910.362944598495,
   3606.871845546516,
   1072.1400748260808,
   363.4796481818609,
   -16623.965908871294,
   8549.077211620086,
   -12627.72212815503,
   -22843.72626117811,
   8056.719464745774,
   -2853.219764223865,
   -4070.929205070672,
   -6674.206262753471,
   2615.9045855772342,
   -2068.5821918463876,
   3799.609152993082
  ],
  [
   764.8175581780347,
   -19236.70384714157,
   1174.4092522199303,
   3719.6701754287087,
   -26701.396765763966,
   -12999.68471133883,
   -43220.04029907143,
   -7418.430008164602,
   -22995.51760186497,
   -2103.847462274002,
   3348.9908953900417,
   10350.636769162806,
   -19029.58618928661,
   -74074.82883170052,
   -2341.1746345385804,
   -3891.697206750576
  ],
  [
   -4429.793035213842,
   -22816.649957203845,
   646.3478355735352,
   -7907.880317399569,
   -8598.29549403092,
   -9739.911826106429,
   -10921.290885570126,
   -15537.427534516843,
   -36812.839406879335,
   -1926.813901931909,
   -1816.4684853517433,
   -7029.943706360596,
   -23097.632001718404,
   -18722.85755548154,
   -1365.7387465335644,
   -388.4183807681494
  ],
  [
   -2536.2064369222353,
   -3752.687117909404,
   3114.7326603580464,
   3134.8209878883663,
   1566.684356523564,
   -3011.8290090776736,
   2548.018662467548,
   -10282.03695146157,
   3007.7785024928608,
   -1160.04217971013,
   -778.1809348400396,
   -4095.1068955402375,
   4786.0564409428725,
   14737.139063858309,
   -799.3483434767207,
   -277.3712900423204
  ],
  [
   -3858.8358215531252,
   -13475.511027594112,
   -1643.2836353142175,
   -1420.8707815516548,
   5255.613820095583,
   -9664.182965146867,
   -3736.778497284752,
   -18726.656115770093,
   -5624.434935703463,
   -2192.6087730913127,
   -4740.100657908496,
   -4576.041125809207,
   -18198.402086783048,
   -13145.027658794595,
   -204.62355181022343,
   3827.6422767491335
  ],
  [
   -4269.292646077866,
   -6080.461637582103,
   1944.629514072263,
   8154.939293155071,
   -10802.142801107211,
   3712.8877467105413,
   210.52668666605885,
   -14785.962363903725,
   -12694.370065397557,
   372.5503955928123,
   1215.8166099015252,
   1435.6947966998216,
   -5360.062890049205,
   -7010.018737795922,
   -1134.17148896844,
   -3436.382746812684
  ],
  [
   -2770.0418112927955,
   -24183.940153437445,
   -1892.925651420687,
   -8943.336696959905,
   4856.854280729801,
   -2670.470072315282,
   -3493.0858144069825,
   -24933.929010830216,
   16370.072331774641,
   -426.48116236463864,
   -738.5323818806237,
   -390.80360820445486,
   -3096.2914747151826,
   -8436.62789473204,
   664.9309090790872,
   2619.329497372385
  ],
  [
   -6025.699812824971,
   -21230.49609380719,
   4168.57560182991,
   1430.7654602677492,
   -8318.614484508525,
   -25710.695195034536,
   94.16319799781895,
   -15115.648963530964,
   -2728.7926355676323,
   -7620.364072642125,
   3510.8727033680225,
   -3362.14308392176,
   -6367.711049191775,
   5562.442952336819,
   -733.8001451598915,
   3038.2662784178046
  ]
 ],