{
 "input_nodes": 12,
 "hidden_nodes": 16,
 "output_nodes": 20,
 "epochs": 1000,
 "lr": 0.6000000000000001,
 "output": 0,
 "epsilon": 0.01,
 "synapse0": [
  [
   -987.8841756612022,
   -3008.767335650622,
   771.3809612998781,
   -3559.9740145623905,
   656.2762610578201,
   -5124.717273357817,
   -11771.756034834052,
   -3356.0657372417504,
   -6190.276078855465,
   3409.0073125068543,
   -2906.3972290409165,
   -2547.540299710183,
   -6832.022377680878,
   -26545.50485755268,
   -794.7521121937463,
   2239.920561595599
  ],
  [
   -1792.8749083150599,
   3231.210807459356,
   -2313.9804093502626,
   383.6732161015574,
   -2393.21652257372,
   2058.634711197977,
   6445.099210087677,
   1462.5711454784853,
   3231.820633591836,
   -5735.05921960163,
   2924.0436343009446,
   -174.59511594908062,
   3862.7648742562355,
   23484.294974752265,
   1242.4328586148918,
   -3197.6460154089364
  ],
  [
   -260.9946088114667,
   8365.300453675372,
   -3364.6119454072427,
   -2294.71181360665,
   -2527.5621159328603,
   -2214.2886579204906,
   -4426.376339145284,
   8141.879240079823,
   -16294.657103482965,
   84.4666686240983,
   -2925.2870400930224,
   4131.899560119891,
   4750.628133743248,
   -5704.891056262728,
   -1973.3705779269956,
   -2398.420867508457
  ],
  [
   112.72378026413473,
   39.48454946739085,
   -2996.830780346318,
   -7742.836920577749,
   4972.9482154113075,
   -6270.625011671677,
   -11952.394406570598,
   -3786.3477104572307,
   -10511.490486207545,
   3529.930968156037,
   -2210.710242690605,
   -2161.0714776672307,
   -11240.305177236212,
   -40824.32996145369,
   1847.7882450774916,
   1404.7152229502594
  ],
  [
   -4047.2450445336426,
   -824.5093443440254,
   4072.56305348071,
   3125.9363817129474,
   791.7575835184829,
   -11183.803487911091,
   9228.914929074848,
   -11061.76913678432,
   -9085.754473600875,
   5332.902483574776,
   -3410.056896860837,
   -3115.516880451985,
   -6201.1834243509675,
   990.1029263246564,
   -931.4707450125679,
   2073.506162564942
  ],
  [
   992.3869101483494,
   -14709.669687949314,
   635.8576404391439,
   -1299.2658777910044,
   -13443.265715490292,
   -6457.278539913232,
   -32431.87673612969,
   -9335.403571687884,
   2859.6007607103115,
   -1321.338443595328,
   2936.657384029925,
   5284.922297994274,
   -15118.767832576428,
   -56874.02092151007,
   -2644.107891993669,
   -2298.169142373932
  ],
  [
   -3217.0114982860773,
   -15487.63317717507,
   348.6074284987863,
   -10023.114995459666,
   -6475.834038863109,
   -6528.709117023582,
   -3365.8037843165584,
   -14527.346278355259,
   -10437.870832741508,
   -1361.370759928323,
   -164.260867659313,
   -4457.135219212581,
   -18664.583093837522,
   -19517.05207079506,
   -382.63996197468583,
   -423.161449701328
  ],
  [
   -2027.485453687276,
   -6973.352143062153,
   3427.210582136203,
   2776.2801561057026,
   -598.0269589678479,
   -1004.2023063451189,
   1648.4943864775676,
   -8808.723734004978,
   -1417.9921262562466,
   -1147.2016547624041,
   -561.6013949671599,
   -4252.58989158781,
   1608.4035772145285,
   14794.08877275286,
   -298.4071705267733,
   119.4866604273722
  ],
  [
   -2592.100993246264,
   -8144.906575482777,
   -294.11543439857314,
   -1753.6934347147298,
   4615.846620830936,
   -5043.431698707654,
   -8150.489390075806,
   -15563.283620116903,
   -577.2869016713569,
   -698.8901864279015,
   -4137.694316824443,
   -3050.4069880873817,
   -14861.30130170859,
   -15383.996254447762,
   -574.4092739022593,
   2411.289147550587
  ],
  [
   -3156.885879658663,
   -4585.393422782834,
   2058.953224043236,
   7605.1047270750605,
   -9709.423100207627,
   3397.316889265303,
   1121.5917834310308,
   -13666.323003951313,
   -5519.540201814762,
   656.0387376717894,
   2473.067256409998,
   124.88717097761243,
   -4674.992903288754,
   -5240.222102631946,
   -2460.010758331389,
   -2964.225699902861
  ],
  [
   -1847.2958943187573,
   -20636.746779135432,
   -228.39116508697984,
   -7741.46821251194,
   4197.921482267238,
   -1243.4825827272514,
   -12011.153725895405,
   -18686.76996259364,
   7234.142927860848,
   90.42095604692932,
   -1983.5278230412823,
   -1926.9088533470565,
   -4681.348959861528,
   -6567.553841776173,
   -358.78319357278406,
   1550.0152486652594
  ],
  [
   -3880.1418740455083,
   -12646.735864203158,
   3604.10813027629,
   -49.542675206272996,
   -4343.869678304988,
   -15545.263393702375,
   208.67918206158618,
   -11798.133870611444,
   2331.574168520123,
   -5221.774992838076,
   1838.4562146267338,
   -484.33002764702803,
   -8143.906015164982,
   -7625.446910797046,
   807.5739804682801,
   1983.2951236968072
  ]
 ],