{
 "input_nodes": 12,
 "hidden_nodes": 16,
 "output_nodes": 20,
 "epochs": 1000,
 "lr": 0.9000000000000004,
 "output": 0,
 "epsilon": 0.01,
 "synapse0": [
  [
   -20314.751511846236,
   -14744.07742464408,
   -34901.284858010855,
   892.5894537936622,
   1944.3078986020716,
   -49679.87282896526,
   70.8841455543843,
   -42157.04579029,
   -11807.967502661855,
   -10863.356587674967,
   -12938.839141987788,
   4341.780357542466,
   -67980.42728382553,
   -19569.849723428975,
   -72488.49780113954,
   -36153.29031384189
  ],
  [
   31306.56270079473,
   16783.383492364464,
   10080.739150602285,
   -10453.40518376478,
   2357.901390304826,
   20000.600751732567,
   3811.3935375044807,
   20646.755329256324,
   2069.8285857006294,
   17922.72055650439,
   5804.278211676539,
   -10046.834417214022,
   19160.291581874804,
   12563.592635698606,
   25019.999923770254,
   10380.059906372455
  ],
  [
   -6382.569626310473,
   13313.380899278596,
   -31709.78446302248,
   20861.635769053013,
   8593.674149381504,
   -16381.176761042274,
   2485.7583035397643,
   -27044.609310413663,
   -6140.041125431331,
   9443.515566288377,
   6805.63897294256,
   -21176.5433712068,
   -17773.154795715735,
   -16872.30386025766,
   -28374.72096570021,
   -11404.489882864375
  ],
  [
   -9799.086165298444,
   -44580.57392643834,
   -37263.67486606825,
   -6798.290285190182,
   8434.604563435936,
   -67502.65390430995,
   -14920.272005015095,
   -57381.2262797069,
   -11966.200232416188,
   -29929.94065149399,
   -16022.983283493078,
   8217.274425132457,
   -86865.50413044219,
   -39348.53484239399,
   -64640.1727652765,
   -47657.807324266665
  ],
  [
   -12176.250120124154,
   5195.457390628313,
   -20264.6571567241,
   3996.635582707728,
   -1374.378744261766,
   -29511.73884902369,
   -15813.667371873604,
   -39726.63414996996,
   -8104.446486861876,
   -16500.184325237897,
   -16458.727978720657,
   -718.124563987804,
   -45057.782220335794,
   -100029.3974927097,
   -100181.35407097984,
   -24428.810440945676
  ],
  [
   -6114.412159024765,
   9090.56861602928,
   12404.587998485536,
   3405.452045689887,
   -2578.7931971810394,
   22097.39422692209,
   -8738.5567178337,
   16031.743059238193,
   5396.3659991931545,
   18020.59341480269,
   -4802.7852560275605,
   264.21838284649823,
   29828.20172088187,
   -19669.367994578824,
   25026.149093603795,
   16447.11338199143
  ],
  [
   -461.35510626939816,
   -3082.036067514583,
   -21958.171202236248,
   -2924.6608745749077,
   1958.3590505605032,
   -25822.08765143975,
   -5790.319683579264,
   -26951.01050456732,
   -10602.020770261342,
   -15897.572089668705,
   -28248.580772713012,
   -163.63540781530784,
   -36247.35323769648,
   -36314.82233426912,
   -43755.06893184551,
   -19841.31138256061
  ],
  [
   -9620.886948284242,
   -3305.762895905416,
   -42588.965117941516,
   -5640.211575218384,
   -5698.096807710063,
   -63331.40395137239,
   -25666.43383760021,
   -47895.3819975713,
   -15628.824621168567,
   10775.84164261631,
   -77611.57436172159,
   1627.9631813328085,
   -99426.33074725892,
   -21123.328623331967,
   -89927.73668326937,
   -49656.41862722641
  ],
  [
   -2075.1057172348096,
   -10928.943423718401,
   -5903.386529512537,
   -594.5873141917169,
   -1219.0828354211778,
   8442.682535540866,
   -8273.394893778039,
   4083.7598856960153,
   -4829.662501137902,
   -9660.499928602496,
   16018.033144166613,
   -1270.8687448726664,
   15972.794601068314,
   -19908.79230448602,
   34802.84142688544,
   10516.334880589779
  ],
  [
   5038.581996230158,
   -12690.012365485047,
   -35493.828945300054,
   -1474.4200340672487,
   -4087.8971610641493,
   -27205.914684855274,
   -5211.995458047333,
   -20822.72952650468,
   -13294.299195856587,
   9176.494136655645,
   41176.09012710492,
   -5113.191172970891,
   -49552.27719220661,
   7376.53075184935,
   -49877.53004071845,
   -21819.50875270675
  ],
  [
   -17976.732216499113,
   -39008.814517924664,
   -43174.86960371622,
   -5816.267476985248,
   -108.96870760042815,
   -57547.204631355795,
   6154.991022699165,
   -43290.624486927365,
   -17998.97694265546,
   -30267.278200129298,
   -781.5239764540753,
   9827.7138590213,
   -73471.72253550921,
   19957.723499989967,
   -30043.365390420026,
   -37391.91587640559
  ],
  [
   -2019.4237100436578,
   -21024.097220768323,
   9530.757520474332,
   -3801.9193409117006,
   -529.7387366076861,
   -24205.798755503783,
   -45508.73991884747,
   -32638.082972764674,
   240.08192172279635,
   -52980.124634913496,
   -117414.11738385065,
   -3974.751936358485,
   -40975.11441694467,
   -40584.55866477518,
   -94823.88984922682,
   -23745.54628427755
  ]
 ],