{
 "input_nodes": 12,
 "hidden_nodes": 16,
 "output_nodes": 20,
 "epochs": 1000,
 "lr": 0.7000000000000002,
 "output": 0,
 "epsilon": 0.01,
 "synapse0": [
  [
   -16937.443146460682,
   -13624.634669934558,
   -27146.071347722118,
   1276.75030673078,
   1670.4011136272456,
   -39589.98520290866,
   -1100.039870726476,
   -33800.75527014644,
   -9411.739931171758,
   -6385.16446102091,
   -10458.08713936213,
   3728.6014120255513,
   -52452.55138562391,
   -14849.968478281098,
   -45686.66706063673,
   -27914.556455328864
  ],
  [
   26074.812641517732,
   11078.001751292897,
   7220.829501453265,
   -8728.97671324079,
   1975.0307221070225,
   14784.715939583537,
   2719.0333101949077,
   15776.071822626041,
   1298.9359115451778,
   14530.023042131128,
   7108.4733915085035,
   -8329.275138222802,
   12653.04759275846,
   14370.280373468107,
   13300.112043692265,
   6775.582718569031
  ],
  [
   -2954.679327582615,
   8838.885333319771,
   -27489.519310457355,
   17238.602301868934,
   6803.433683197386,
   -14239.850586416755,
   1582.8021373105114,
   -24349.787534181807,
   -5307.810248052181,
   5460.976139561283,
   7322.695665845737,
   -17891.335027937726,
   -14026.174576351064,
   -14628.539329394418,
   -16109.978492817952,
   -9383.997843613795
  ],
  [
   -7015.2132167796035,
   -35758.02032203218,
   -31099.86664273847,
   -5672.202159578906,
   7130.650687907072,
   -55518.546941064305,
   -12326.990066415969,
   -46741.612184654245,
   -10113.420761942061,
   -26110.004422835154,
   -16684.714078409936,
   7380.808365165465,
   -70377.86099827666,
   -21560.890026451914,
   -38653.9424799545,
   -38117.642015162455
  ],
  [
   -10573.773295817311,
   -1181.142502860228,
   -16243.185699859512,
   3383.121141441041,
   -1945.3697865863667,
   -24908.135697933427,
   -14402.286345524168,
   -33993.344870771245,
   -6627.02878503304,
   -9357.742782519752,
   -9650.400078740879,
   961.1340872780546,
   -37206.00183058155,
   -71150.46365955046,
   -86737.81834735956,
   -20245.7581282252
  ],
  [
   -3721.0450039686443,
   6900.793067432626,
   11189.749275069937,
   2540.6527506290945,
   -2299.1248476713727,
   20587.9683478331,
   -8005.677454991207,
   16161.586925745138,
   4558.100486129055,
   18260.503858869775,
   -5043.263260244776,
   335.2506281811869,
   26874.098564105057,
   -10626.098884751518,
   18297.164134875387,
   15096.261223858863
  ],
  [
   238.2456848792797,
   -6550.675721246313,
   -19973.407957189356,
   -2200.133520587096,
   2651.1696406538667,
   -26196.404379991272,
   -5357.220950615539,
   -26956.894615295136,
   -9400.737867647742,
   -14714.602727320536,
   -22385.786056279598,
   -1091.445181766483,
   -36174.32938147515,
   -24947.95629427534,
   -40466.30161216911,
   -20031.104209794903
  ],
  [
   -6879.385308475027,
   -8287.014964156875,
   -35567.47537660089,
   -5399.29863393268,
   -5401.179096363319,
   -54341.00934330656,
   -20746.264666578143,
   -40877.66379988759,
   -13280.9853472087,
   16724.531559744995,
   -52536.637233503454,
   1716.99201917554,
   -83412.73876785333,
   -12259.822662088096,
   -61519.33837141805,
   -42460.6049459557
  ],
  [
   -1472.1429712296058,
   -10577.979256271417,
   -4902.324543043368,
   -838.6549533804584,
   -1179.660128793406,
   6165.532108125965,
   -6768.49000402353,
   2943.6808258179904,
   -4151.039324123652,
   -12352.23498699201,
   13025.620798862084,
   -991.2733610296824,
   11822.039604606885,
   -9547.954881343432,
   27399.976325947533,
   8023.143489052186
  ],
  [
   4593.353698472816,
   -11351.266094802462,
   -28776.798255499973,
   -777.9347677273963,
   -4322.360137346292,
   -20856.180832263017,
   -4354.829598076357,
   -15941.234563704525,
   -10755.423527139317,
   4822.604423792478,
   32843.45323636225,
   -4664.627758347771,
   -37989.806136257575,
   9055.194116436944,
   -26317.192396138867,
   -16543.681782646618
  ],
  [
   -13994.715166404743,
   -30971.929612837183,
   -33777.446062403695,
   -4402.930681682006,
   250.36012568126878,
   -45532.04863640293,
   3448.490390808061,
   -33429.911195661676,
   -14669.5264902439,
   -24474.790749662207,
   -4966.127207023464,
   7259.784859745188,
   -56737.52898450977,
   11467.228471796696,
   -6562.362500225456,
   -28872.15372078319
  ],
  [
   -4167.960950632329,
   -21256.840267191048,
   6411.243767955924,
   -2667.028631775827,
   62.73910946163195,
   -25593.053429209653,
   -37498.66469727378,
   -32646.466781889656,
   -342.89655928190234,
   -51228.144710047134,
   -99020.00350174957,
   -2707.8563051355327,
   -41460.313211255896,
   -31404.91818400838,
   -90537.59876982411,
   -23942.98794317108
  ]
 ],