{
 "input_nodes": 12,
 "hidden_nodes": 16,
 "output_nodes": 20,
 "epochs": 1000,
 "lr": 0.5,
 "output": 0,
 "epsilon": 0.01,
 "synapse0": [
  [
   -20864.483756234436,
   -16052.244199674375,
   -36802.97535307212,
   849.3523523780968,
   2062.903379126694,
   -52176.707438997415,
   142.8744834177912,
   -44103.18908710255,
   -12395.355773706267,
   -12126.033923007511,
   -14280.914775509966,
   4451.582749407452,
   -71914.74273208593,
   -20732.33850889202,
   -79277.56857537656,
   -38172.07959182251
  ],
  [
   33421.29639813366,
   18776.088379499583,
   10385.358140601753,
   -11064.437706106974,
   2625.6921714491436,
   20803.386254929188,
   4171.409017456739,
   21527.34633616167,
   2110.8232334599998,
   19334.85789512651,
   4671.159111094178,
   -10854.51950513309,
   19725.785934075542,
   12928.534876986694,
   25589.434834237894,
   10653.29534066601
  ],
  [
   -7182.204839489723,
   14252.871887274347,
   -32893.80414635764,
   21830.331805382506,
   9051.217133890399,
   -16997.34963619874,
   2763.683620038914,
   -27897.256272404884,
   -6397.122394210819,
   10138.439182931457,
   7486.237684035923,
   -21898.6613384347,
   -18717.794147886427,
   -18389.929904886576,
   -31571.561355463396,
   -11911.73429063873
  ],
  [
   -10148.964780667722,
   -49054.54226887359,
   -38970.21688929253,
   -7172.969551635214,
   8728.207626218551,
   -71017.79076993962,
   -15516.580035673733,
   -60350.955601811635,
   -12465.63417197419,
   -30111.359872420653,
   -17012.1063340227,
   8599.4782284747,
   -92005.9822716371,
   -42863.471773003905,
   -73080.06343230381,
   -50589.73397637718
  ],
  [
   -12799.145431689147,
   4553.804074125184,
   -21515.207944797694,
   4375.152370157081,
   -1271.2965729197854,
   -30887.00367858371,
   -16466.803849843243,
   -41349.39134581699,
   -8568.116819329342,
   -19011.770621514315,
   -19264.611092121137,
   -1037.4490047117872,
   -47463.218128784145,
   -108797.09500274688,
   -104726.09961456168,
   -25692.69073919822
  ],
  [
   -7656.36402266429,
   8426.449112278708,
   12644.176986444169,
   4160.8923589340675,
   -2862.904465188275,
   22498.86346401756,
   -9252.06092956408,
   15860.77923426769,
   5644.049541314812,
   17624.465019751824,
   -4500.119402582484,
   617.2508049489086,
   30689.335520639972,
   -23378.082973160574,
   26709.378907181468,
   16857.7728460325
  ],
  [
   153.44227800697672,
   -2885.804967647151,
   -22277.872403632275,
   -3429.8321982506404,
   1670.2628346204885,
   -25472.847635076057,
   -5713.055674391592,
   -26504.991784663056,
   -10899.436177246629,
   -15578.661322732223,
   -29443.677630937997,
   223.8015712794267,
   -36107.31542617291,
   -38653.90948236683,
   -44566.48385778999,
   -19696.343190553573
  ],
  [
   -10744.070641493141,
   -4204.4024619314405,
   -45089.74964158076,
   -5684.978908812083,
   -6188.8435391455405,
   -66867.11979963211,
   -27503.474815396592,
   -50557.0502054258,
   -16506.22670692736,
   8203.251128525306,
   -86695.8694658739,
   2109.9781347029007,
   -105572.16351510063,
   -24190.73538652899,
   -101105.52284504625,
   -52506.258267411285
  ],
  [
   -3198.9764799810855,
   -12304.73724581069,
   -6027.104836546327,
   -160.08193645968566,
   -1587.8594348261452,
   8973.36934492237,
   -9034.007028690909,
   4186.782668419187,
   -4973.013724917785,
   -9266.220476796047,
   16333.473058612599,
   -767.2833911063555,
   17048.510620336256,
   -23107.595551940358,
   36401.138111130145,
   11227.857286441145
  ],
  [
   6102.796613219662,
   -13269.036989340479,
   -37624.635721254264,
   -1917.217119154568,
   -3734.0645628928096,
   -29430.569932144925,
   -5564.032534211854,
   -22487.899763979167,
   -14131.881280255222,
   11450.332371817649,
   43720.677390493125,
   -5749.204644063052,
   -53701.338493536525,
   7977.063739072442,
   -58506.13659854475,
   -23728.752620670606
  ],
  [
   -19054.979210175727,
   -41383.77924321648,
   -45663.517264007656,
   -6227.352784004025,
   -137.72758558305063,
   -60754.138758139394,
   6964.9500411894105,
   -45772.649665627716,
   -18915.161214418626,
   -31765.57864693777,
   143.06079584957408,
   10624.04265909257,
   -77874.27929408346,
   23372.901434791325,
   -35988.528536825695,
   -39537.995968531555
  ],
  [
   -1832.2946983344882,
   -21067.62889207807,
   9967.681750087882,
   -3944.2012597556786,
   -562.2629421759751,
   -24232.150704783402,
   -48130.81983582889,
   -32894.964914716664,
   267.77813253949216,
   -52742.52330969574,
   -123495.75629562966,
   -4403.201280537203,
   -41633.35110666578,
   -43516.11626914224,
   -98168.62319986231,
   -24127.71943746905
  ]
 ],