{
 "input_nodes": 12,
 "hidden_nodes": 16,
 "output_nodes": 20,
 "epochs": 1000,
 "lr": 0.8000000000000003,
 "output": 0,
 "epsilon": 0.01,
 "synapse0": [
  [
   -3826.539463958615,
   -15171.534854854535,
   -203.73246618498905,
   -3975.456619879054,
   -1496.1505527301715,
   -5996.065828599734,
   -7041.793296924009,
   1721.330842561245,
   -3554.161365951413,
   -683.9968711595837,
   -5003.009713455908,
   -10570.767362747385,
   -861.0696240497678,
   8.458962359291238,
   -8725.218818750363,
   -768.0471509848393
  ],
  [
   4070.535879582285,
   7099.385965308295,
   -3720.5236560354933,
   2915.5754854106854,
   -2558.1160142579893,
   644.0559087980779,
   7476.597664802817,
   -1469.9499685778512,
   -1281.7015451497653,
   -165.03385658423812,
   2068.55696503295,
   5265.418811550916,
   3834.425830740415,
   -69.42177290702774,
   4894.761919481856,
   475.3894292260132
  ],
  [
   -784.92726183066,
   -3646.0281856858965,
   -1189.0573447900238,
   -7089.552056895127,
   -1493.6138615988414,
   -5991.088944962221,
   1200.0559120445243,
   1598.7912435412577,
   -9328.968968721269,
   -4790.819131932923,
   -4050.769125123598,
   -1003.6409178131239,
   -147.04228087969182,
   4245.663283232845,
   6662.804523794855,
   -4224.514180198527
  ],
  [
   -15.719001426319876,
   -23094.430600961834,
   -5188.580767798207,
   -13937.265596458195,
   275.7540192238466,
   -3747.8313916023285,
   -3399.7038039415393,
   -831.0781460979839,
   -18066.21439464233,
   -3761.0672415660233,
   -3799.090320632228,
   -17290.05281033097,
   -3353.6234631680777,
   2618.5776607182306,
   -6332.26556986511,
   -2960.4005472886574
  ],
  [
   -328.78684054930073,
   -2442.2555950269857,
   -1290.0244465408225,
   -2306.5047759474332,
   665.6850569767544,
   6333.129797552109,
   -1824.3884026902872,
   -839.346174494379,
   4120.810795556641,
   -663.9987912359213,
   -2293.9755009510986,
   -2175.478308548686,
   -292.5664784634853,
   499.9793702298861,
   8696.590287615092,
   -3150.0175072140337
  ],
  [
   17.088031626350624,
   -1751.375786251857,
   -36.278533952539306,
   -1827.9927610322102,
   1543.4718645537553,
   -999.8759322583333,
   -1859.1712847554377,
   -1151.5589605804846,
   2104.5122192760673,
   443.9390164535544,
   -46.63044875387527,
   -1892.942526117709,
   -1769.0070932054111,
   2150.0605620750925,
   1008.0649959940935,
   -713.1259585707859
  ],
  [
   802.2237555293377,
   4245.022229138707,
   -913.5274707108471,
   1802.2191314262336,
   -4154.776068667323,
   -7679.946319265832,
   -90.03283511642952,
   -104.76051524479057,
   3698.7495745002802,
   145.17641083026726,
   -394.2352562398634,
   2792.579975908954,
   165.53471017242376,
   -1401.666262885401,
   -4717.44546833481,
   1463.3673749561183
  ],
  [
   -2794.114926889257,
   -16030.217872643918,
   -5020.99001082663,
   -6998.447815615819,
   834.9503637183218,
   -9412.308050299865,
   -6124.992581145499,
   -883.6596532501295,
   -5974.073195119828,
   -136.6891030631873,
   986.0847780510944,
   -11688.228872291973,
   -6022.832940785424,
   -512.822486931395,
   -11577.857704344191,
   698.0826445052428
  ],
  [
   -941.2050405582233,
   -6149.092119318228,
   271.7834967731855,
   -1619.0800922408382,
   2653.944383594611,
   -4605.965662118621,
   1001.7256700386735,
   1068.5280577693427,
   5511.14330558606,
   -2442.2542973784907,
   -1632.9334477683121,
   -7086.802897573071,
   5004.179823516091,
   617.5929673804392,
   2362.773562405372,
   1840.3742591022753
  ],
  [
   2647.7485830401856,
   -980.7851394027083,
   1014.791904466379,
   2482.7148714067557,
   -3278.6465403496445,
   -1454.2859809544907,
   4139.375461777189,
   829.9861452817166,
   -8284.910970080362,
   489.8322384504246,
   4009.251331339948,
   3120.6019355443605,
   -2537.157531046205,
   226.07174810728716,
   -9289.687029768094,
   -1790.3555031739193
  ],
  [
   -7664.563253385475,
   -18475.255097554127,
   -4841.600617365102,
   -2238.239530675632,
   -5906.799141889412,
   -20903.885621514357,
   -7930.536849499529,
   -2068.6280049363327,
   -10575.723400736842,
   -102.02693228431323,
   -11146.761357635392,
   -11087.726253971532,
   1420.689948401339,
   -2842.340621024521,
   -5157.6906045578935,
   -766.8443105892347
  ],
  [
   -2069.3409496879726,
   3068.407044440064,
   3345.000408949449,
   6627.4318415819425,
   1420.2111112390708,
   -4706.138504581292,
   409.1667003052563,
   2374.62910821743,
   7776.175956026148,
   3140.0285546763707,
   290.11917882117507,
   -153.08795999522695,
   1769.206264774477,
   -2146.22659370284,
   -11361.809330576958,
   3360.4786823496056
  ]
 ],