{
 "input_nodes": 12,
 "hidden_nodes": 16,
 "output_nodes": 20,
 "epochs": 1000,
 "lr": 0.5,
 "output": 0,
 "epsilon": 0.01,
 "synapse0": [
  [
   -1928.5024616139356,
   -1979.5342382263343,
   776.0818867067073,
   -235.98569383194823,
   -393.60724575731996,
   -2298.164144461988,
   -1289.1296609666463,
   760.80503588006,
   -180.74672579513862,
   -1135.919651639457,
   -606.0528247144124,
   -2738.7804320392124,
   -697.4019295963018,
   188.66979178986568,
   -5368.25631447197,
   -1873.6650800668515
  ],
  [
   825.5078201192495,
   3239.568122208322,
   -2139.00125549458,
   1008.6522014930401,
   -1251.402966018339,
   1609.5831422882163,
   4113.170380408285,
   -1133.384493960105,
   -108.47866648907413,
   24.65119063647336,
   311.9648698621225,
   2958.8437646510065,
   2988.413868673078,
   -179.5118459982608,
   3682.992715959647,
   2057.873671033221
  ],
  [
   75.53537480425658,
   -3262.510673262122,
   706.2478290840463,
   -2791.113649458509,
   601.4201809810975,
   -2815.7914128480693,
   -1803.4426981650795,
   570.2586732047913,
   -3104.92921528059,
   -1340.258001034434,
   -1660.074305686037,
   -1363.0230678978521,
   1540.570225606129,
   2137.6214982969072,
   1364.0940033808747,
   -1435.8917976270284
  ],
  [
   -682.7819758325978,
   -4758.9883598529,
   433.3827125375132,
   -3074.8651948489105,
   1812.3894509189515,
   43.67774821840864,
   -6303.059344047615,
   -226.56337033349297,
   -3667.4885591656034,
   -926.8373770256835,
   -217.92623176114807,
   -2512.2643043304465,
   -2704.0633959407137,
   275.159784636548,
   -2307.0252778641325,
   -1060.6846783777703
  ],
  [
   2270.510529611874,
   1184.296652074798,
   -1191.283141071341,
   -1137.7218684248944,
   -404.36398233514734,
   1842.6675538898387,
   1500.71790565345,
   2.1196391340433243,
   2011.8219366275569,
   -687.3953822625631,
   -1584.3072069444468,
   -883.8208849300477,
   837.6502969420246,
   512.6687680096506,
   6874.615739617944,
   -1705.5375296282953
  ],
  [
   332.35644884983316,
   1109.3478731603457,
   322.4919544360962,
   -1703.554462245855,
   -334.6945046544991,
   -964.7110042917341,
   488.55631279750435,
   -308.404686394384,
   1286.9371781925015,
   -49.02578119265327,
   321.5473212174421,
   -878.4682387880205,
   -989.5649519722276,
   1463.9345111523303,
   1239.058140560138,
   -692.842077050844
  ],
  [
   -628.886593953149,
   921.0500506807354,
   114.62883775089209,
   429.37661961508707,
   -764.6410083341542,
   -3556.543988293888,
   1595.4430119122778,
   -721.3697062330051,
   348.4407445153422,
   1143.4784594304015,
   -1377.2070089664583,
   734.4397208318219,
   -209.3907948474606,
   -1034.8382505519319,
   -6877.771359322574,
   20.555356315584657
  ],
  [
   67.50603168930607,
   -400.72643469453715,
   -117.22787456936793,
   -1151.6483461190214,
   783.1382806564628,
   -841.2752558856092,
   -2930.5488621254813,
   -597.5667359391697,
   -864.7216213436922,
   513.0991629165625,
   1763.7297907639306,
   -953.2541085951739,
   -3404.73475012268,
   -1664.9498317378673,
   -8292.979091654812,
   -1264.9045352667408
  ],
  [
   -2202.07640581984,
   2068.5960384621603,
   137.5956269207347,
   -152.76227650790406,
   -808.3266615884651,
   -2018.2251711279612,
   -890.9866284900178,
   2149.1189180459273,
   2987.969858571479,
   -1242.9373164541607,
   -60.05208042356815,
   -62.28914195139074,
   948.0325230775912,
   1003.960777604354,
   5557.603155727972,
   1827.5665538040412
  ],
  [
   210.9102952689748,
   -1627.8346459773877,
   403.4076511727745,
   462.109020755778,
   -1196.212957452724,
   -1417.4667372459762,
   426.05075979840626,
   543.8928926028829,
   -2610.2376086109944,
   -2216.039897692351,
   1732.0447401465442,
   1641.9586417538808,
   433.76660214936953,
   508.2682457145591,
   -10875.300967204676,
   651.912614532027
  ],
  [
   -5073.98320998477,
   -5476.613641410044,
   -1167.6077017936188,
   1393.6353286150136,
   -776.9746817117239,
   -7821.541232868593,
   -5938.929690209553,
   -1570.9591721710765,
   -841.1068080774191,
   2664.4217040556155,
   -5634.003902122559,
   -4368.4602745718685,
   398.12595740757064,
   -2202.824411517441,
   -4431.256783836752,
   -1038.2160294547252
  ],
  [
   -2483.360336950384,
   915.3045107990428,
   1065.0513666694915,
   2805.5673520582545,
   -1221.4146423213915,
   -3298.493332289915,
   1702.5185499570393,
   1634.0143219231281,
   1343.317377665634,
   -1237.6271931598026,
   -755.50872087647,
   -240.03210140444537,
   944.1027762394217,
   -1171.6411984392746,
   -9444.390841836108,
   1716.753547389907
  ]
 ],