{
 "input_nodes": 12,
 "hidden_nodes": 16,
 "output_nodes": 20,
 "epochs": 1000,
 "lr": 0.55,
 "output": 0,
 "epsilon": 0.01,
 "synapse0": [
  [
   -1336.9950259447191,
   -3887.073340156898,
   -2204.32418705138,
   8086.16783457765,
   -8317.28376792521,
   316.40959373140674,
   841.5649308749711,
   8104.847979870235,
   -17387.354060164576,
   -8679.374583184737,
   -2660.271324355096,
   -2279.3715977571887,
   -1243.1260282837113,
   -3486.9959613598207,
   3644.7601377057426,
   -338.1595181174005
  ],
  [
   3283.750103520005,
   2840.2657385065772,
   -844.1828087870249,
   -11189.018034846926,
   2591.0244078945025,
   -288.5020583389983,
   -1324.7629747433207,
   -22373.978820386394,
   20170.35300135551,
   4777.170207399054,
   1371.09952066956,
   8349.007862542638,
   -8453.67376534762,
   -911.660117645537,
   -7986.8366859079415,
   -3738.553839149782
  ],
  [
   -8649.123896109953,
   -9125.646737447341,
   979.4837084530176,
   460.88315121021657,
   11092.768085888169,
   -8807.134859388434,
   1258.9294668430507,
   -74465.73577737584,
   -19137.661035052748,
   -9822.225748392128,
   -1377.033276249397,
   -456.15267356837,
   -30784.92300565208,
   -1486.7633924389881,
   -27235.480435587095,
   6664.281630179828
  ],
  [
   -4281.331387341527,
   -3315.376114780332,
   -5100.147531282331,
   -1835.454792888186,
   -3112.5788307858575,
   -11077.390625638516,
   3125.859904027043,
   -20466.364967648078,
   8923.446044597842,
   297.64902874973075,
   -3670.247177484813,
   -2996.322554885722,
   -4089.7222197826673,
   766.5008761547741,
   -16095.080516092556,
   461.7146939459752
  ],
  [
   -3829.722871817812,
   -688.015796152849,
   247.24255122855794,
   2193.529008066325,
   465.1500657914754,
   3133.8222364739663,
   88.65920487620367,
   -57921.92612146835,
   -2868.000498899704,
   -10006.097334380358,
   -6342.300115582152,
   -12503.842114772722,
   -31761.482004171463,
   2447.5658074179714,
   -34991.14467710997,
   -65.73121604884726
  ],
  [
   -7922.522645082021,
   -5348.5518751505215,
   -5887.556610728586,
   -5758.308240598907,
   -7542.832933370888,
   3899.8973387445612,
   650.9926351095708,
   -6307.588020507647,
   -61796.724832119835,
   5328.831898568628,
   -3494.609918123008,
   -11436.372497047578,
   -7087.136081238673,
   3273.0171243532022,
   -6562.603396447804,
   -2893.5847208799632
  ],
  [
   3415.7086846700336,
   1110.0581823687999,
   -712.1593420752113,
   795.0994745899292,
   -17057.8722632907,
   -1000.6907375685219,
   -741.9191765644533,
   -14221.090283910216,
   -22902.466396786083,
   -518.450803138664,
   -1050.9636590584525,
   572.1525225541061,
   -20071.087622675986,
   1439.8358647683895,
   -6127.168216193754,
   -939.5262472525507
  ],
  [
   15412.765912093097,
   5990.815417131856,
   1666.5161559197138,
   668.2226955033367,
   -14511.299731322995,
   -3836.45752390723,
   -1974.4528286869513,
   -50624.49021700676,
   20920.405861403528,
   -10578.373009062114,
   -1447.4001867468112,
   10287.888402302038,
   -33984.31276141352,
   -2034.4045304904537,
   -17716.943038543737,
   -4606.49680377996
  ],
  [
   -5041.667491190226,
   -4452.011664570278,
   -6439.827724052564,
   -4875.293277465374,
   -3803.4482096213787,
   7059.939641553684,
   189.91966324328857,
   12265.030762717171,
   2565.1536538198093,
   -206.3289646225091,
   -3477.5494476962876,
   -4359.259217547566,
   -9514.34021009649,
   1352.6315381120003,
   403.9121958706249,
   -1862.1021794178828
  ],
  [
   -2603.044598461744,
   4327.066929037408,
   872.7159668318197,
   1672.3601271910534,
   -10848.303432833642,
   -5191.609603348683,
   -941.7341490407409,
   -1598.2835447632885,
   -45903.67230275646,
   -380.2924283336517,
   2679.4262735452917,
   -2774.4092219482504,
   1393.8381562399068,
   -2854.1613783926,
   985.0347075139143,
   -1960.9295593864388
  ],
  [
   -5273.6294241075475,
   -4463.4924680655,
   1517.1390309958183,
   581.5318971048594,
   -3527.2180525240237,
   -709.1564000372922,
   -3076.9869262531247,
   5243.139051501951,
   -28503.129357391794,
   278.730121462281,
   3801.9691272834125,
   -10337.135369217438,
   5308.084608234477,
   -2199.544440856804,
   -4145.91391302661,
   618.6491517302355
  ],
  [
   -1642.2506812276104,
   -970.6246517079722,
   4154.747748293853,
   -3678.6534155984477,
   -6457.58818228915,
   7230.6833993649,
   141.55859315069952,
   -15288.208602655975,
   -55502.81790296891,
   -8883.049611572662,
   4660.476848450771,
   -1318.8098682229618,
   -21492.014693371213,
   2708.5787031548157,
   -3513.9311580337285,
   4132.108171563974
  ]
 ],