{
 "input_nodes": 12,
 "hidden_nodes": 16,
 "output_nodes": 20,
 "epochs": 1000,
 "lr": 0.55,
 "output": 0,
 "epsilon": 0.01,
 "synapse0": [
  [
   2307.6724334817904,
   -1382.9277609060064,
   2331.5697741651725,
   -1064.5216358074147,
   2620.789733391418,
   -4587.139198894325,
   2389.7661948282257,
   -1257.749509508529,
   2442.7335729662054,
   1329.836973856467,
   -3175.1818492099446,
   -494.6109929146474,
   -4296.491991828123,
   -631.8186124094128,
   -1661.3006576351506,
   194.4630777474292
  ],
  [
   -4143.3261601125005,
   549.7800251689016,
   -3443.141584405961,
   -4227.91000230932,
   -6528.470104195747,
   -1904.2107774786043,
   -2591.9824714927954,
   855.0351026512332,
   -1764.2806837998357,
   -2617.1792489324343,
   2423.6211079397576,
   -683.4669173138366,
   2807.314006024802,
   -1528.023524352425,
   139.29060812050858,
   -1251.2393377309884
  ],
  [
   -5591.567515659809,
   -13491.77060461419,
   -7461.287017159095,
   -3902.6571585690785,
   -12803.019687819664,
   -14023.22204879605,
   1167.7506725893961,
   920.3640697647513,
   -5709.992267306171,
   97.41910444133532,
   -6604.842068075275,
   1475.7280983846251,
   -6357.5624116987265,
   -3807.9348549870588,
   1446.4771837151732,
   -2381.2869444002226
  ],
  [
   3426.448064369771,
   7825.769651726064,
   -4551.791069614445,
   -2843.23536714859,
   9536.621388951606,
   -7423.285155542837,
   1154.3913548750695,
   156.02179463475437,
   1531.209908295897,
   245.96759389941116,
   2632.7910973041453,
   -303.97831523491396,
   -3904.6768799679026,
   -1934.1526217115977,
   196.9035820512957,
   -4729.231533988253
  ],
  [
   -2384.7416519693697,
   -105.21433002401717,
   -4039.5732670023403,
   538.1556851849339,
   -9853.089294302436,
   -3465.539989325897,
   -756.7150269417808,
   -483.30305598650654,
   -5055.822696587284,
   209.79405413991182,
   824.8098258845856,
   329.5507031784358,
   801.7201804529521,
   -2834.4117397239156,
   -2357.728551344502,
   -770.4920769479538
  ],
  [
   1108.9906807341872,
   -9845.370555143421,
   4991.480755184703,
   -3536.813452125391,
   -5687.536943741391,
   -22040.123704974158,
   -347.8264319647993,
   -703.9483888377822,
   2971.458955280386,
   -1064.3212365888894,
   -3679.5394986544493,
   670.2925339285086,
   -2274.5836689228554,
   -2285.0295049442566,
   -212.92489371402843,
   -1579.2399292771454
  ],
  [
   -3032.4759843422567,
   -5466.688058643931,
   -1093.6538797980227,
   -1961.9778946125837,
   -10160.943547325243,
   -2706.638602346333,
   -238.53178026886616,
   -1201.8546641187966,
   2997.094200345138,
   -753.0811489335164,
   -6614.550036575054,
   200.47564393292143,
   4219.084372905146,
   608.0916060294999,
   -108.39534195202452,
   -1988.1208857167826
  ],
  [
   1219.6794595364438,
   -3352.0246405360854,
   -4262.780638766708,
   -10496.77443416468,
   -618.0583524502949,
   -10984.37859774985,
   854.6225782570862,
   -1266.0846807555827,
   1857.019701470803,
   -1044.0618258667294,
   -3022.5322366541172,
   -1358.4180555331961,
   -3571.578412008523,
   -5409.952536056862,
   -907.5302070169915,
   -2742.754379634298
  ],
  [
   -5846.1191207904085,
   -10436.837972086241,
   3765.4990741361003,
   -902.2500654502276,
   -5671.2959401656935,
   -5949.6999771466735,
   681.3233924566141,
   330.764733083112,
   -1966.355741786914,
   -359.36613924740135,
   319.22840659324186,
   333.76665791921215,
   -1998.639720969004,
   2875.792245575498,
   57.72638714232087,
   1117.4696020758831
  ],
  [
   860.462510763504,
   7337.48289269856,
   873.8045801578861,
   -6059.581611705047,
   -3895.3443423412864,
   398.801007539059,
   -840.1713079407368,
   400.75028057274733,
   -1884.864971396028,
   -607.5504854783034,
   1151.4449893250824,
   -27.393680886689772,
   2848.725602452687,
   107.73428188384416,
   573.0373048926397,
   1542.27790579459
  ],
  [
   -2036.3433020222915,
   934.3275275814806,
   -829.9402250469246,
   -1875.1701926149779,
   2352.4393894863115,
   -2273.547471325307,
   -41.826290028387234,
   1588.545607223019,
   -3005.915396105208,
   461.9126446931909,
   3606.8582448543375,
   153.689763825001,
   -4719.989945809609,
   101.1535865715006,
   186.28363673731533,
   1078.7719593204306
  ],
  [
   -5771.981594883634,
   -2463.598437793834,
   1085.8937879453554,
   3576.0564385850703,
   -6770.124040486385,
   4142.089604969227,
   -1525.5358699476153,
   206.11712508820972,
   -4597.524220888547,
   -73.31948178012317,
   -2200.764883975239,
   -193.6193906565363,
   -4659.126819281403,
   1701.6770684113578,
   1150.0408544582842,
   2746.21256360999
  ]
 ],