{
 "input_nodes": 12,
 "hidden_nodes": 16,
 "output_nodes": 20,
 "epochs": 1000,
 "lr": 0.4,
 "output": 0,
 "epsilon": 0.01,
 "synapse0": [
  [
   3207.7190899325633,
   -19668.156154776156,
   595.7102128430502,
   -14520.783506146385,
   6975.582370617764,
   -21061.27866135645,
   6802.055968067237,
   -7077.742857704098,
   1859.6683028063198,
   3970.116176918609,
   -6266.637241744924,
   2212.126061644948,
   -20149.78549250194,
   -3795.0161167699584,
   -1838.228996277184,
   7461.523516169718
  ],
  [
   -10370.684923899707,
   -5029.699695457595,
   -3940.5570624429674,
   -7529.377672085267,
   -10824.525828961683,
   -7576.421299743996,
   -8890.95906709631,
   5395.096915898443,
   405.62340105103135,
   -6580.060512975395,
   4972.006719912372,
   -5321.282562045267,
   5675.3839008308005,
   -14611.18275373862,
   -97.15002033183565,
   -10081.966903442895
  ],
  [
   -25595.113811313273,
   -48153.21048590491,
   -6011.042053179885,
   -25332.17048163258,
   9669.48247572669,
   -40703.69816263776,
   1715.1142255859643,
   99.35060282840246,
   -16296.658315979954,
   5189.829437151157,
   -17931.60183469244,
   2740.8309052746886,
   -32376.214775447235,
   4492.382292575234,
   3022.520019336559,
   -11111.074364932612
  ],
  [
   -15210.827030622508,
   45779.82081100734,
   -8978.224110562813,
   -12880.477795987223,
   2303.670806631227,
   -19993.57894130358,
   4622.642673421849,
   -566.2563491164273,
   6489.293872117943,
   3373.7284462464895,
   10308.975152025949,
   1954.8761147582359,
   -14043.754367190606,
   -6692.508184471009,
   -297.25176948961405,
   -5558.9544945240505
  ],
  [
   -19557.46454790101,
   -18597.37277574843,
   160.02970370064546,
   -14216.047956297576,
   795.1293759875538,
   -26843.919814604462,
   -442.8561940571829,
   1153.2304342209834,
   -7088.902094072193,
   3416.9591315612033,
   3933.0728653615142,
   -1117.324224276824,
   -11909.71682520487,
   -31314.591648710786,
   -4658.796047945218,
   -7583.007614630599
  ],
  [
   -7415.972533289197,
   -42191.471144550196,
   2606.8968669240408,
   -6633.088970974121,
   -14906.622619338625,
   -67661.17247998326,
   -1947.3844543771438,
   1245.155659506623,
   1603.7177405242467,
   -698.2715403894439,
   -3144.4581056572206,
   -2604.614600604375,
   -17542.40986831541,
   -35687.666405051525,
   -863.1833711660046,
   -2365.6402314935
  ],
  [
   8505.230955462623,
   -71505.42783634416,
   -3729.5096959804487,
   -8979.44138837841,
   -15492.02978990153,
   -15082.222786618993,
   2992.418456946154,
   -8253.723026474314,
   -976.6966978944447,
   -2614.5302083522342,
   -1618.3519194000623,
   -3894.0924933977553,
   24276.53247117155,
   24626.515121042477,
   -473.3363486262675,
   7035.092707262293
  ],
  [
   747.1033106739042,
   -6333.34747666661,
   -15184.777795195176,
   -37154.749107012234,
   -7714.0511375686365,
   -18535.147701082828,
   -686.605195779097,
   -9607.412539389708,
   3752.9575648280425,
   -3345.408825737202,
   -13199.603320409438,
   -3574.5803970814004,
   -20859.597216480834,
   -29032.05226254987,
   -1293.9983617229273,
   -4644.050306926271
  ],
  [
   -16063.179404343275,
   -20386.72616426618,
   6890.710569106011,
   -4473.895200580577,
   1928.1397643614043,
   -25342.23272392936,
   -196.5042189283645,
   -1134.302358667618,
   -6136.019048801865,
   -1130.7943778692847,
   -4745.106621703882,
   1480.735063872863,
   -11215.730421497405,
   16676.751840520137,
   -1535.9537297543334,
   523.7316791817086
  ],
  [
   579.0702452681732,
   -7613.772982583486,
   7063.160252239041,
   -19104.280362891965,
   7464.004048193262,
   5901.691593889237,
   -4972.474603719457,
   7844.863937677612,
   728.1157256459863,
   -1238.2151838388302,
   9277.387523565809,
   -3231.726398844652,
   -4283.122196702381,
   -5743.399375077458,
   1177.0912485233184,
   -2193.0256753849217
  ],
  [
   -2076.3729452410007,
   3516.5417050568544,
   -1513.6856064430062,
   -1933.3718801503683,
   -8561.026441956992,
   -8610.440637918975,
   -1013.614908000491,
   4617.175223136752,
   -4115.68803784663,
   561.0073025804771,
   566.02167783959,
   85.69993227393637,
   -16493.64109278727,
   -12932.112714297242,
   464.91572855827565,
   2879.045341954356
  ],
  [
   -15262.977483063229,
   5034.054512731311,
   5844.171821074971,
   692.9829796482119,
   -14368.695819504761,
   9471.54754413282,
   -9046.656444286724,
   3190.504073824905,
   -6561.591859483108,
   -212.06450995905723,
   -14084.140062296425,
   4595.248476196051,
   -12031.895637760535,
   259.1292660906465,
   4559.2007913453335,
   -7899.705590231813
  ]
 ],