{
 "input_nodes": 12,
 "hidden_nodes": 16,
 "output_nodes": 20,
 "epochs": 1000,
 "lr": 0.8000000000000003,
 "output": 0,
 "epsilon": 0.01,
 "synapse0": [
  [
   17955.96227963783,
   -368.9182671707387,
   9325.725022676192,
   -3118.9034835411076,
   -13534.237245884822,
   3080.504705170287,
   16410.611039823732,
   568.2937475893785,
   -7825.136461892988,
   1437.2772302535463,
   2186.790500228287,
   -1821.4711330048765,
   -1892.7797311989973,
   -334.4632567356576,
   5635.691545759178,
   2919.4490911656944
  ],
  [
   -29973.738798931674,
   -132.15240831738788,
   -16691.951786253674,
   2491.8443545629434,
   16305.674795580508,
   -2329.029595699884,
   -14611.580603664243,
   6976.383960380138,
   20495.890990214757,
   -8445.27020464676,
   -21746.179784356667,
   -17329.469653030144,
   7875.288830913795,
   -7509.487805365972,
   -9987.213510404443,
   -14434.978061558051
  ],
  [
   -31228.11081684502,
   -8864.827594512833,
   -20569.713315429424,
   -4289.93696056377,
   -13010.975456502527,
   -15892.559372267746,
   -17508.352408693263,
   1384.6513975511211,
   2780.9976713818837,
   -7500.10120126769,
   -11521.342035729718,
   -12851.9056638006,
   -5484.1728092024705,
   -1885.3560646764336,
   -8176.584156043779,
   1361.9938286728386
  ],
  [
   -28748.231953225244,
   5740.21244959407,
   -19164.415424278308,
   20454.117414063898,
   -20837.12755076942,
   -103.0102510431994,
   -19858.277856954053,
   5311.9263145205,
   -1359.6266130004783,
   -7353.166170789061,
   -24913.25445205647,
   -17595.041814776603,
   28376.058387038454,
   -20880.27732307496,
   434.87382282673667,
   3207.505831229242
  ],
  [
   3814.068214040783,
   6250.245688982425,
   -1445.2328586423455,
   -1043.5911829994716,
   -24024.888227632942,
   8326.595033227553,
   -3222.6801781791737,
   -1142.6547863165433,
   -3262.190817243809,
   -3369.726043561773,
   -5159.133249112695,
   -32509.292516981226,
   19448.603477559525,
   -5925.890449037679,
   444.29495100796356,
   476.26897896477175
  ],
  [
   -27118.03789500989,
   4278.284036967928,
   -20288.475661567347,
   5385.229076801703,
   4134.918567459892,
   -8009.401782221161,
   -22467.267466203903,
   -2738.3280327805405,
   5747.361171171707,
   -3375.9404100834354,
   -31936.09884022373,
   -15600.810299714427,
   13239.299039583917,
   -11574.768284847563,
   -16162.186076400933,
   2687.233416564806
  ],
  [
   -11363.538137744235,
   -4871.579782458822,
   4652.049221474127,
   -6665.787647298733,
   10233.775644934087,
   -9645.196734328294,
   12058.870349492394,
   -3066.336184802999,
   2928.5783488785905,
   -389.1227254971962,
   -9818.354880818197,
   -4683.121723758248,
   -11998.602876186493,
   -2133.867987971632,
   -9848.307508397651,
   -3939.364588280414
  ],
  [
   -33190.69316477718,
   -5886.614314704178,
   -22856.82463115392,
   -1668.1685182037304,
   -3651.272698158693,
   -11452.757887545775,
   -13193.340919759275,
   181.36667566358494,
   -10303.47165274676,
   5269.183247867024,
   -38368.94976190954,
   -12558.523325205284,
   -17556.504677811066,
   -13451.86092779407,
   -20310.39982597844,
   1076.5927566271882
  ],
  [
   -10952.798759922605,
   2345.604399089615,
   -15138.463945828395,
   -2615.345088432557,
   -4149.360459421942,
   7350.359188449787,
   -4900.409756894757,
   -4412.201194495207,
   -2318.7961893206534,
   -1114.9993909758284,
   -16680.089684072926,
   -16893.671293867723,
   -6856.5558433603255,
   -7972.5038871799015,
   -5500.998159427302,
   -1180.4902693497731
  ],
  [
   -33461.57234260472,
   -2849.321186642469,
   -30133.696805062704,
   7701.305645258681,
   3306.2240808289125,
   -5200.272915219047,
   -29682.04728956291,
   2334.068637938179,
   -4755.081719994723,
   -1101.1489165404657,
   -30881.754071614734,
   2021.2724462092795,
   11626.771594267886,
   -11675.184685017954,
   -5641.82314434534,
   -1770.7396833205116
  ],
  [
   8407.930622286123,
   -6299.636196850981,
   6836.393456862192,
   -13036.589481039726,
   -6785.468239297152,
   -20186.269840837092,
   4961.284331615287,
   -11563.113788270259,
   -16984.84465846937,
   9157.373053943385,
   -39691.3746217077,
   -51611.74376764345,
   -47365.9694925011,
   -17104.63137358509,
   -9781.17184245553,
   -2325.933863415272
  ],
  [
   1705.0021670538688,
   -1528.3690972612173,
   5808.31469092381,
   -13868.603166122664,
   -889.9359480172095,
   11641.8657262699,
   -5872.09805200138,
   -2239.8183440245257,
   -13536.382852029677,
   2117.217873734065,
   18302.694208517754,
   28635.404684282836,
   717.399979653309,
   12485.100808490344,
   -5710.388649744056,
   2721.5291836535703
  ]
 ],