{
 "input_nodes": 12,
 "hidden_nodes": 16,
 "output_nodes": 20,
 "epochs": 1000,
 "lr": 0.8000000000000003,
 "output": 0,
 "epsilon": 0.01,
 "synapse0": [
  [
   73.29185133311235,
   174.15217410428247,
   -333.9827544191298,
   -1476.579213223501,
   30.366511124702917,
   -461.24520365130104,
   -822.949572015254,
   -162.77681574453217,
   -485.86422234049576,
   -533.5499068558701,
   28.56592665474359,
   142.46634052652317,
   859.1176802761296,
   -809.7301591261901,
   -577.1002355071838,
   75.49179800097662
  ],
  [
   87.89454736496535,
   -73.54312990230626,
   548.0692317445998,
   456.08641629537294,
   892.8826060476787,
   -408.508460569136,
   -813.7839804572827,
   -83.27120304801221,
   655.6426549003423,
   -292.72778370987965,
   253.2688847615253,
   274.26948276212266,
   239.64473850346948,
   617.9856590309446,
   -105.17499518591005,
   -1640.264669607606
  ],
  [
   -567.2164242704339,
   -60.4549907825553,
   -1766.2059960900835,
   -3202.0653560710875,
   -798.9065913999011,
   -629.1003137556489,
   -1172.2830988346088,
   -807.2084272217431,
   175.17158676355265,
   -1541.9202161653586,
   738.6663033293219,
   -668.360491385545,
   310.1968623323081,
   -1016.7391237741015,
   -394.49435246644254,
   159.8506978130888
  ],
  [
   135.02134987931998,
   -189.62793299534013,
   -921.6257020404905,
   1264.5478301597755,
   -1219.0815367130674,
   157.1199311938328,
   -2998.171595141171,
   -1711.5405838966467,
   209.44901374314756,
   -575.4016376431538,
   -364.82929783344963,
   -475.5034728648112,
   -2160.455049685548,
   -336.0230260645848,
   383.12749405984994,
   480.2553619655369
  ],
  [
   34.93573853325212,
   -166.6101189270018,
   -1040.695444015229,
   -4389.60078642873,
   -1658.3710077055678,
   -907.9424411691516,
   -2462.891978451209,
   -1571.7360611059457,
   -301.51974202076167,
   -1005.5950263284578,
   -65.7539527730218,
   100.89267074724138,
   -731.830268005081,
   -1034.2704972477063,
   719.7326781727884,
   -720.4979195460444
  ],
  [
   199.29260837380457,
   600.8774986059902,
   135.2299417499344,
   1814.0957486439922,
   1044.5928492653422,
   -46.65961496099414,
   -2048.745772382285,
   -649.5988804325294,
   217.41855547676877,
   235.775607519607,
   59.33947938521659,
   -252.1445231470813,
   -334.56171686844783,
   663.9786913530517,
   60.60232425157169,
   -471.17324107269843
  ],
  [
   -109.44404531153306,
   -146.3362714521046,
   -133.75964939855066,
   -335.1934257684826,
   698.7221196442584,
   297.76990132784937,
   2731.1593554982023,
   691.7806920012878,
   -129.97045194829047,
   1553.5598210464368,
   -90.9336027396663,
   -214.105365258202,
   524.3308326162587,
   -830.8022700206313,
   -101.22118100195377,
   -281.706564202537
  ],
  [
   -140.88926817798898,
   157.15983630288395,
   -434.6230423138252,
   -6779.437384001422,
   -840.0959738357382,
   -434.0827036491164,
   -1901.650002369344,
   -88.86211477444002,
   -322.8092431498902,
   -1933.2842098774013,
   -158.4509716388057,
   -96.42339780438718,
   -603.0184342566507,
   -1401.4089550190788,
   200.751371708863,
   529.8241100646186
  ],
  [
   319.04249562079724,
   -1116.5274357944022,
   -142.29853085592163,
   -874.1872213176924,
   -2138.9905174699647,
   581.4008495021948,
   -690.6540945819146,
   392.9148525645692,
   214.8162793715055,
   -1339.8553654066886,
   -61.014351837639474,
   293.91838721967224,
   -1045.8784203886196,
   147.43959539635057,
   241.84914056069167,
   443.060674142446
  ],
  [
   99.53734471088171,
   -545.217604741682,
   137.55122992546558,
   52.30334573606486,
   -350.3178571912751,
   86.04703157375153,
   932.7655947131708,
   689.8304075078221,
   201.1168266870163,
   1001.3987989447786,
   58.42899265774726,
   68.1111525036323,
   -47.44557659204289,
   -55.72983973473829,
   -244.0824752089843,
   -67.43054941562407
  ],
  [
   -462.7866678714545,
   430.2166323851263,
   -106.79093284171567,
   749.1701039689856,
   68.37368691348117,
   -78.03628699834138,
   -1685.6519722683827,
   -1342.0468496318422,
   -769.4833398131425,
   -336.1425405454443,
   -303.33137640650796,
   -170.01716805978438,
   -513.0199167463238,
   -1073.1864463376244,
   -509.8832718244414,
   908.0680431217556
  ],
  [
   271.0842719063935,
   -2245.440405358585,
   940.912452677874,
   -2066.644582466864,
   -644.8667992258709,
   -1426.2980821348447,
   -3412.0486380715724,
   -310.0379494445445,
   -865.8648318134733,
   -3022.085645365799,
   -638.6777276266685,
   473.4363862200731,
   517.3942182916751,
   -95.79169867686382,
   -466.97766742116545,
   -179.52634132227703
  ]
 ],