{
 "input_nodes": 12,
 "hidden_nodes": 16,
 "output_nodes": 20,
 "epochs": 1000,
 "lr": 0.7500000000000002,
 "output": 0,
 "epsilon": 0.01,
 "synapse0": [
  [
   -491.4523673270957,
   1157.060058162113,
   -62.086198898617546,
   -915.232875055814,
   209.17038283530243,
   -145.303782350467,
   -4005.654930608084,
   -625.3167785876507,
   -1599.5920721843524,
   604.4214236311369,
   -349.65160132583304,
   -829.8930948589334,
   3398.7511918618657,
   -2704.7469960997846,
   -1438.303153389036,
   355.45227564320754
  ],
  [
   28.251374751781626,
   -2134.6156740631986,
   2171.300333597103,
   1914.7876442304384,
   1816.3645789319232,
   -4234.10907132861,
   -2841.8377564499447,
   470.263432486974,
   387.27716348133134,
   -4746.939882366947,
   1758.009257576105,
   -419.68368701842866,
   1891.4957781668172,
   1554.2105703292684,
   336.92875317951086,
   -3887.0537280071853
  ],
  [
   -2110.4179788857605,
   -2692.492447628284,
   -2915.707785535182,
   -4261.901149758188,
   -4194.460973851336,
   -13573.702520667275,
   -4554.539656623952,
   8204.243976238105,
   1228.229546111621,
   -6408.992125294837,
   -832.6653302773584,
   7191.077838159682,
   3103.621787422572,
   -2321.7810480638414,
   -542.7379089575501,
   -715.1443624054955
  ],
  [
   -63.709659881317414,
   -2049.812509110942,
   -16026.660879925237,
   2525.1723835179605,
   -6284.565480813848,
   -15445.762153867332,
   -6141.436963228348,
   -17250.885600472033,
   2558.899273810123,
   -18126.617569451297,
   1554.278922761319,
   -9582.558913433762,
   -11407.989469190621,
   1292.7750654795002,
   -544.8288953494126,
   1254.9424262281752
  ],
  [
   96.4046426307782,
   2286.999935358402,
   -6161.757447154016,
   -8236.287778969523,
   -6700.144594069731,
   -13904.862364803532,
   -11726.974181076586,
   -2317.2485763971354,
   -531.4084279038221,
   -9975.933189750845,
   2696.460380057733,
   -3132.5854733832093,
   -4546.62037859138,
   -5453.7770781154295,
   1335.4577078996692,
   -1568.4780762131695
  ],
  [
   -212.43724494786454,
   -2272.7205818381126,
   1367.0071961639203,
   3095.521931365779,
   -515.8522011237785,
   -3403.8718935406127,
   -2511.810199584271,
   -1864.3597602309078,
   2733.745210556579,
   -6505.802879706153,
   358.8596723063385,
   -1171.7841641785515,
   1741.4945561007648,
   2131.552657895872,
   1059.7900615339481,
   -1571.8142949586102
  ],
  [
   -1126.5832664385366,
   340.6945946232069,
   -966.5186536435012,
   50.715773627920825,
   7001.062506304886,
   5914.802271453187,
   1300.8391375747756,
   -8837.889665025836,
   1005.0638053066378,
   2641.55084213567,
   -529.8019939216022,
   -5176.306556659522,
   4707.867165054473,
   1698.3342538738839,
   -24.61714870028119,
   416.88296751675375
  ],
  [
   143.71146278826117,
   -2471.1521057950526,
   -6808.077731578528,
   -7365.966782012299,
   -10302.863883625023,
   494.4535533857962,
   1914.0592987700163,
   -11590.89491979633,
   -2391.412319282446,
   1918.998187297955,
   -2396.039536136874,
   -8789.9023432438,
   -5632.592075935134,
   -1665.035614762468,
   557.9546795431919,
   817.3692478655074
  ],
  [
   1347.328480033806,
   367.98729445269964,
   -4885.254645549564,
   -264.8028961204669,
   -5548.553515988873,
   3628.8459470080647,
   4513.077763737658,
   -251.2377578291285,
   -2261.4705705700376,
   1251.6276770991672,
   631.512867078458,
   1623.3024671762905,
   -7627.155539875259,
   -487.2964469550803,
   -54.24023626450893,
   1802.9551095916931
  ],
  [
   582.9572034328432,
   -1076.2321262644928,
   1983.2928861367134,
   2132.7119366977277,
   1568.3889594441723,
   -3197.7643820910425,
   -964.2827203069105,
   2070.4846957054665,
   -575.1274325077356,
   -826.5868122673703,
   -527.1005709446696,
   1337.070885974781,
   2009.1144126996069,
   -357.11199415147723,
   -878.8921830010978,
   -319.38676532410517
  ],
  [
   -666.4257085480039,
   -1201.0663648855816,
   -1070.8465749716847,
   2117.1069435577647,
   -2116.2727773567053,
   797.9967503143079,
   -1050.3459955739218,
   -12283.756952306067,
   -2088.306592786269,
   -5202.268800696246,
   -4146.544471300563,
   -9563.039078390384,
   -1442.1590629706038,
   -3443.343955700161,
   -1787.9235665440028,
   2737.2029700979942
  ],
  [
   862.7568569312406,
   1231.778064211548,
   1856.383070105067,
   3042.4538481963436,
   -1963.7060262342648,
   -4507.579714311146,
   -11344.304724674736,
   2242.895289897788,
   -5717.438858420411,
   -4564.2095915101545,
   -857.2492408542815,
   3479.135498599593,
   -4446.538201896033,
   -2881.209518028475,
   -492.8870152782097,
   -469.949586614122
  ]
 ],