{
 "input_nodes": 12,
 "hidden_nodes": 16,
 "output_nodes": 20,
 "epochs": 1000,
 "lr": 0.30000000000000004,
 "output": 0,
 "epsilon": 0.01,
 "synapse0": [
  [
   631.982869088755,
   -30824.29391353687,
   688.998651911798,
   -592.2523858835505,
   -3157.628894287307,
   -226.70287940324928,
   -7990.643849207467,
   15583.792939892732,
   -11741.91871191526,
   -10074.427299801537,
   -2818.8151404136715,
   -6203.3083311173705,
   -5537.428247854269,
   1533.8462683289408,
   5439.917381799449,
   376.6204233324635
  ],
  [
   -10735.272337550554,
   12472.880924257484,
   74.94014551953727,
   4216.411012383904,
   69.83478845402158,
   -3002.485508354311,
   -15745.72662620726,
   -27746.955157327244,
   -859.2369874426461,
   11102.14119183256,
   -7617.207239327112,
   -9520.358785600654,
   -7609.923997564741,
   -8823.993782612017,
   -5442.72295641276,
   -2833.501456777187
  ],
  [
   2407.769327930527,
   -5208.910858760638,
   -16439.383972197244,
   -22092.99012721615,
   -9708.08396584962,
   -8434.166719137043,
   -11578.920271666015,
   19031.374748329894,
   -48031.2364211986,
   -11122.684498324532,
   -29634.156095010345,
   -17543.131487945073,
   5079.908864662355,
   5526.813669443304,
   4465.359260743624,
   -6916.761665120569
  ],
  [
   -9563.299679875337,
   -50905.496942974656,
   -7279.092344325539,
   -4622.990192456595,
   -4836.131145780143,
   322.94383975200833,
   -20954.57946591667,
   -12727.747898366606,
   -20570.2928376673,
   -5240.743948954741,
   -417.10807897993095,
   -8735.340170244877,
   24029.40947881477,
   -17036.620981070315,
   3629.34840283007,
   -1372.3427102378366
  ],
  [
   7056.824658018799,
   26673.82112834957,
   -3355.8786508621265,
   6280.781276678586,
   -3067.504650316622,
   7516.3745485632,
   42911.4624712486,
   -15388.064302020468,
   2520.3083480352334,
   -774.6021064528751,
   12984.20255199861,
   9672.64342521861,
   12045.76965201203,
   -8609.884269070766,
   -1012.2120268878073,
   4424.287118362511
  ],
  [
   -1404.575204925548,
   16804.072318913768,
   -4643.023130743871,
   553.2702075102544,
   -5941.223720712742,
   459.0795686681506,
   26306.571143173103,
   -3300.6127327104864,
   -29873.070041557534,
   -8735.528932272122,
   -10046.95328415833,
   -12854.483143942978,
   -20416.001935237116,
   937.3850086181457,
   1317.8473538519686,
   -190.05338809676005
  ],
  [
   -14216.254760668897,
   -6211.292184185872,
   6258.325471468888,
   -1898.1241429964512,
   3504.7678244440262,
   -3504.7281662065525,
   -3699.5533852287695,
   -24098.802466140478,
   24639.509872960858,
   2741.667965516301,
   5817.145980713864,
   -1784.1331279962126,
   -24673.30098301909,
   -4772.622387208598,
   2263.8001560275993,
   -5318.252750370665
  ],
  [
   -18272.017811511923,
   -55953.292934212346,
   4090.601573360166,
   7979.683146077444,
   -1305.6317764757603,
   -9457.897101674656,
   -62806.87522060466,
   9952.006639500541,
   -16856.534024015607,
   -1578.0671782863626,
   -25896.56287371522,
   -10367.92973659843,
   -25168.969451874447,
   7333.716116552078,
   -2507.933795760888,
   -3619.216097647156
  ],
  [
   -26623.837579541494,
   -27723.367292045732,
   -1390.9629532262918,
   -1448.5285165947141,
   -4762.361586727366,
   -9381.446509859708,
   -55530.69841684331,
   -13157.499958642738,
   -30093.663748715626,
   -1930.0857275437315,
   -28826.44999121194,
   -27311.83979135133,
   -30026.10162145972,
   7424.317296501418,
   -3768.6509893667594,
   -7119.142790677144
  ],
  [
   -10087.76639193376,
   -23014.62319878041,
   215.01209395112747,
   1618.3383959117941,
   -7955.764414237701,
   -2860.765392659681,
   -48292.743122108746,
   -26001.280468711546,
   -13553.290627275595,
   11477.854862647242,
   -15360.942148369539,
   -17713.358441703578,
   -21125.390136422015,
   -3815.9248087300075,
   -3464.990788813109,
   412.36852394552204
  ],
  [
   -30245.061036981107,
   -58284.0653377536,
   8426.200312390658,
   -9016.85179348628,
   1189.19225394777,
   -16270.595102828267,
   -109481.42917056351,
   -10668.860575390107,
   -13622.726556430587,
   -5882.195889744015,
   -31356.225144895947,
   -44372.95585337521,
   -43015.052486399654,
   -1399.6929566004985,
   807.2939451916385,
   -11959.608561173873
  ],
  [
   -42164.69953736527,
   -54844.19095402077,
   -7826.110392267027,
   4272.978639218599,
   -9365.916985113778,
   -15595.065564651815,
   -116492.41432031876,
   -15336.513263739971,
   -47362.06943740843,
   6686.959818067272,
   -48187.30615060578,
   -45173.35775699814,
   -42797.191435568726,
   -7993.618637901005,
   -502.6725194526056,
   -8685.946118368327
  ]
 ],