{
 "input_nodes": 12,
 "hidden_nodes": 16,
 "output_nodes": 20,
 "epochs": 1000,
 "lr": 0.6500000000000001,
 "output": 0,
 "epsilon": 0.01,
 "synapse0": [
  [
   -23380.566425348545,
   -14535.361984729432,
   -15653.9066778777,
   -7464.819318072014,
   -19438.2888032254,
   -28394.02471388086,
   -2808.831665805292,
   -34800.55872489021,
   -1412.8647817182907,
   -52070.78953293826,
   -47268.53372837724,
   -15693.289731172432,
   -49441.778094584464,
   -4039.5950029087758,
   -14117.98099033668,
   -42257.8366738227
  ],
  [
   108000.7829293008,
   35160.57686118589,
   35250.312215149526,
   18624.45521257274,
   34580.19750543232,
   35415.416789520656,
   -9985.295380541023,
   75075.22693127223,
   -310.54001252944687,
   76483.72887777646,
   87693.89270556877,
   103298.83166077122,
   48640.751227429275,
   33733.50011501187,
   61791.904429468246,
   89385.58808860982
  ],
  [
   -217313.1690438976,
   -69588.05634321472,
   -37730.27628696365,
   -57860.50575265739,
   -77914.02159594113,
   -106571.40752609861,
   40281.31664986757,
   -151862.3579543164,
   78.1216687371757,
   -101192.36890335704,
   -174856.37181791817,
   -192209.4460682566,
   -133825.86512287043,
   -141608.57855796194,
   -94824.92747615006,
   -136467.40001914327
  ],
  [
   51210.9073680634,
   -32608.676263478086,
   -63745.187087110724,
   -30428.496004797253,
   1197.6857252340997,
   -24913.01181586387,
   -25097.248385235518,
   24002.646387460183,
   -3585.767809084151,
   -5170.734157098772,
   16422.461741446245,
   37094.334365535855,
   -6524.923693793954,
   -23970.9461356931,
   14343.232275840872,
   34376.15631985436
  ],
  [
   -70727.00926347617,
   -35875.420143180745,
   -28719.79521982438,
   -34921.364566139215,
   -39996.509576784054,
   -55547.333699120434,
   -2603.140779209926,
   -66811.76384746727,
   -1481.5008732836081,
   -27153.5459209682,
   -29836.92335766128,
   -49871.371461772665,
   -83919.59557184309,
   -57434.97626718515,
   -580.3750907343069,
   -26617.829366098067
  ],
  [
   -21548.99228145712,
   -12453.379430101462,
   -7384.92351150917,
   -20758.607570928274,
   -11844.493886999668,
   -31939.73416181152,
   -2533.4080963711353,
   -9980.763180780807,
   -254.9306870907721,
   -7220.535244498052,
   -20503.050570993957,
   -16094.507369527408,
   -16786.841254735624,
   -45866.110186793965,
   3002.0620156671707,
   -1057.1870410601477
  ],
  [
   -4360.672738543131,
   -3052.55786285318,
   -3987.936145100513,
   -6463.174282897004,
   -18654.37187375795,
   -8347.04436719778,
   -9326.316692303824,
   -14039.592296455225,
   -1728.2719373260823,
   -26993.5991932771,
   -35508.30513580186,
   -10700.952606837775,
   -17085.588565763155,
   -26832.361831278315,
   -4561.611022030584,
   -12612.97043886201
  ],
  [
   62085.96578074501,
   30514.307421688583,
   21081.981229053756,
   23091.480932999428,
   21269.96538952538,
   29350.26970612048,
   6668.522388238968,
   34976.45532161937,
   -772.3192461735673,
   12160.882058877089,
   19137.673782386886,
   65471.78920913717,
   16331.860044840461,
   63440.73303180986,
   23001.20973616176,
   14028.648999959338
  ],
  [
   50143.267624729524,
   -11410.652871482675,
   -10203.386811116241,
   -17037.65593353709,
   2820.7997781273407,
   -14988.34274117767,
   70.08473291183064,
   38822.42995539621,
   -1963.2601304105442,
   15109.300874329962,
   -4856.930972022269,
   27606.730824875354,
   1529.6313175181103,
   -20383.780445144625,
   819.3030604054401,
   25317.3940045155
  ],
  [
   7230.586697156003,
   -8813.505656314812,
   -10135.064446474942,
   1861.5523293300764,
   -5972.542258044002,
   -5853.616464206278,
   -9264.176485773036,
   -17454.88203045373,
   -1233.0758298285148,
   -24473.09730308209,
   -16805.560967312715,
   8215.263338073544,
   -24765.599529136427,
   6635.273438345515,
   -3754.275946043275,
   -8726.02068129978
  ],
  [
   -103538.64325516931,
   -52643.30030221807,
   -45836.7884025006,
   -39824.887530398686,
   -48767.30782978953,
   -47895.514348630684,
   -7305.103666873122,
   -75403.29132168487,
   -1023.4555083240593,
   -70804.81501086942,
   -80961.50049294236,
   -111956.36797685492,
   -67740.3538181029,
   -73385.96807376413,
   -56679.58059119727,
   -70888.69821233668
  ],
  [
   93991.84378431195,
   48458.06091228236,
   50313.166945222016,
   38455.844508472124,
   16273.36639037476,
   61082.75321875164,
   -18305.94002248958,
   41428.62492406988,
   -751.5235213743421,
   29393.22425464592,
   43097.57831400968,
   86991.33075502401,
   52784.82323586758,
   51694.738973563435,
   44103.304366790864,
   45740.427816416115
  ]
 ],