{
 "input_nodes": 12,
 "hidden_nodes": 16,
 "output_nodes": 20,
 "epochs": 1000,
 "lr": 0.7000000000000002,
 "output": 0,
 "epsilon": 0.01,
 "synapse0": [
  [
   -10087.207218587893,
   -4629.595991194468,
   -6473.13904501576,
   -8240.31024400613,
   -2280.582046662041,
   -9526.556667913132,
   -663.8744812568185,
   -16704.359922498694,
   -600.1248128763931,
   -21379.854089592434,
   -16506.52597739295,
   -4277.799230132242,
   -13963.761821022297,
   4311.397833094283,
   -5250.2007451557,
   -27643.547399266943
  ],
  [
   33389.23361329315,
   13210.218427864025,
   15526.996942953443,
   3455.3329816674427,
   14754.223372623052,
   15162.179328423867,
   -5082.381817636462,
   30414.912866845985,
   -59.817337990649236,
   30108.07151528379,
   32437.19336815412,
   25422.02711617307,
   22798.07691674913,
   6178.303915667272,
   12876.364092152522,
   37023.334949585085
  ],
  [
   -53131.56784686316,
   -19927.39793671598,
   -22302.358261627352,
   -27092.984670764796,
   -35605.40348528898,
   -37949.38981865775,
   13889.716831941696,
   -52827.60543927079,
   100.85254596355064,
   -42066.8993951384,
   -49199.609996755134,
   -35525.97132438871,
   -43311.636166854296,
   -26712.771894071244,
   -8696.862264206407,
   -50687.55991848357
  ],
  [
   15073.510156104974,
   -6167.938309593125,
   -8133.0808423071785,
   -15684.166473418523,
   6540.781744826844,
   -252.28999049680968,
   -9984.967774657036,
   5993.064935862547,
   -1167.4024776654812,
   4981.299852161611,
   6485.758350842068,
   6527.28285237906,
   2072.6760513279883,
   -2796.293199928525,
   -9699.710572085722,
   3000.5135084852063
  ],
  [
   -12697.044810238562,
   -6038.242762904411,
   -7748.9540461833085,
   -22355.787253318573,
   -15212.791347011382,
   -18562.126169190567,
   815.3350271023863,
   -21330.94768337377,
   -613.5995089891334,
   -10344.06917053244,
   -2010.6944233779457,
   -10508.57520548522,
   -24247.751694913473,
   -8067.97932193778,
   -1823.0291464374873,
   -16524.922650213633
  ],
  [
   -4700.049440919148,
   -2990.5261429164434,
   -6094.36540912634,
   -16579.70783064853,
   1276.8725037508477,
   -7694.450266989006,
   -626.890359337009,
   -7175.902283990866,
   -36.10087123925729,
   -4572.479971870693,
   -7977.89384683334,
   -1640.0934334744538,
   -5296.164636201542,
   -6492.173165067997,
   2650.5109213062447,
   -93.52999412682746
  ],
  [
   -3553.317110732489,
   -3509.191219602905,
   -4201.632894711907,
   -7138.7962309555605,
   -9116.18879323979,
   -5511.543269930809,
   -2898.5718575196297,
   -6973.0188802792945,
   -739.136479194613,
   -6434.646249150513,
   -9773.074166686487,
   -3887.2796054696673,
   -4859.81530656462,
   -8079.764303153727,
   -1480.6037676220628,
   -12572.7018080622
  ],
  [
   9898.966073850177,
   8407.79486575542,
   7959.18159647966,
   8552.32651189226,
   9544.491509687712,
   7280.810830723065,
   3672.340144028028,
   8549.858722754028,
   -300.3264632233509,
   3680.6167852179533,
   3594.8586637778644,
   11685.155040316824,
   7140.156200472126,
   9380.767108329954,
   5195.225259417833,
   3459.6119734511453
  ],
  [
   8251.135389085257,
   -3715.2152681818734,
   804.9236203119082,
   -12617.56057204195,
   -57.803920553520676,
   -3398.965648126348,
   -1152.4592002769386,
   12109.895347685047,
   -723.4202372029581,
   725.7012431176618,
   -5037.008324957324,
   7415.463193688211,
   571.70665553419,
   -3296.236341013422,
   -1470.4486673333645,
   -414.211703916851
  ],
  [
   3540.820450392476,
   -1684.6116832302785,
   -1456.6409959427542,
   -1981.9594780003533,
   417.21003409965806,
   -677.4056091947394,
   -3240.5276222837797,
   -4326.948778684784,
   -505.944349895103,
   -3888.8824805266577,
   -1335.3949019440197,
   2425.1359804763565,
   -1931.0090275496557,
   3766.5364104388955,
   -3882.673551754571,
   -8511.852623330562
  ],
  [
   -23475.408114260557,
   -17301.536572954352,
   -17350.265585323545,
   -19060.29205338927,
   -18265.94347409332,
   -20368.736226728477,
   -1791.7328273933388,
   -27314.04006366661,
   -544.0014712931716,
   -23040.38995757826,
   -20652.214580060525,
   -23902.312644928184,
   -22370.463062581362,
   -8948.298781594061,
   -12995.806789558306,
   -28862.738650132767
  ],
  [
   23211.942473206105,
   13612.480673217315,
   15828.631805086643,
   12325.399422742024,
   8521.023205184012,
   15777.761774890958,
   -7820.793150323461,
   21026.006269845584,
   -161.62031823310468,
   9984.77747358954,
   18262.697784759188,
   22997.202093317555,
   19616.73471222072,
   8076.7815426594825,
   13546.690159775355,
   10262.392017608447
  ]
 ],