{
 "input_nodes": 12,
 "hidden_nodes": 16,
 "output_nodes": 20,
 "epochs": 1000,
 "lr": 0.20000000000000007,
 "output": 0,
 "epsilon": 0.01,
 "synapse0": [
  [
   681.3902380431043,
   -15594.332071813846,
   978.2166552058923,
   1848.827279426788,
   -1405.4173365878323,
   41.96084505627604,
   -3754.7892958292578,
   9638.465956145936,
   -5055.491180080702,
   -6361.678979280393,
   -1039.478102191189,
   -3580.9960536105714,
   -4148.402602708048,
   2114.6312745433643,
   2846.298810089975,
   433.47344641049966
  ],
  [
   -7069.156600116138,
   6689.565698321042,
   370.2794411079024,
   657.1358081207221,
   155.80316973948018,
   -2126.744102601472,
   -728.880633946162,
   -12741.164373660386,
   -194.95205909071328,
   5991.773374734756,
   -5056.126479082982,
   -5915.00743906396,
   -2799.3937919761347,
   -6952.832593323698,
   -2641.197702790857,
   -1953.1119268591744
  ],
  [
   1264.4125133896196,
   301.8823615363783,
   -13482.03296078812,
   -21576.87645679207,
   -6550.912412675981,
   -5934.997994048287,
   1566.0304919679425,
   9574.490209582562,
   -30201.3138046677,
   -1938.381375422848,
   -18853.78414506368,
   -11765.589174355031,
   104.47110916895699,
   2631.834931636611,
   2540.4834340916127,
   -5742.968150150277
  ],
  [
   -3531.87143069,
   -19921.373908917805,
   -6036.8755866367155,
   -4541.3896520401395,
   -2432.0609277928024,
   842.4825407864175,
   -1155.473292287106,
   -1056.6496812321316,
   -9596.711680962586,
   -2281.879669198049,
   1859.4226713338892,
   -3609.3797307316604,
   17760.953156425123,
   -13011.21530908727,
   1965.9750619121298,
   -492.3259218706303
  ],
  [
   4458.969477105758,
   8689.418836352139,
   -2493.9663076510815,
   2746.8118525727277,
   -1589.6108692706694,
   4408.872222478974,
   9694.979722381198,
   -1458.1021747547773,
   2804.9323239198925,
   -1354.9448952136245,
   8365.294284888201,
   5177.299098632343,
   8190.734340185713,
   -5266.20024718336,
   -814.9866392951113,
   2422.4067704962126
  ],
  [
   -3042.4853967578533,
   11339.315875502425,
   -3171.4543303658716,
   -760.3564702544617,
   -3530.0885649380566,
   -325.444134622123,
   16357.085407552244,
   -2568.411236913612,
   -16687.11970671358,
   -3522.932016689297,
   -7539.912264654455,
   -9500.515353104762,
   -8098.739136445292,
   93.04833488748703,
   465.9745579293728,
   -583.5722317362826
  ],
  [
   -7024.408530562063,
   -5100.829059659943,
   6029.4787204070835,
   -398.0180904184454,
   2564.3568593169057,
   -2161.5836703018904,
   -1638.9701824390766,
   -9574.21133540622,
   14021.171995030798,
   71.05439525099379,
   3249.8467910692166,
   -626.3676005446554,
   -15495.144821564874,
   -3810.3396824420497,
   1796.9602166426218,
   -3010.699948135469
  ],
  [
   -11315.878840764844,
   -26721.011323821847,
   2609.8181033807273,
   6060.221199259534,
   -547.720073242767,
   -6308.853619166865,
   -25327.6179088314,
   646.0629415571854,
   -10479.32273459817,
   -395.0041167091183,
   -17299.32005369416,
   -5986.27809882465,
   -20407.05677599149,
   6018.592017362826,
   -1308.1558717030634,
   -2479.183902372783
  ],
  [
   -15556.464257722406,
   -9172.18536301997,
   -396.2520992225788,
   -2608.944824808862,
   -2854.1972864557556,
   -5905.187430519508,
   -9743.426856479933,
   -6661.129178033773,
   -17668.727631100923,
   78.83819762238669,
   -18006.6134338405,
   -17244.463964676255,
   -13130.947076489367,
   4783.140241332879,
   -2417.335569898087,
   -4624.798352858281
  ],
  [
   -6454.163751976284,
   -12112.24496650299,
   446.06453575129933,
   1315.4344026130987,
   -4677.6367689243025,
   -1995.3984609832717,
   -16041.906823194564,
   -11243.047755731053,
   -8746.463203530586,
   3377.938447846627,
   -10163.788502723191,
   -11752.55526305894,
   -15449.6607408239,
   -2267.2825126212133,
   -661.3138886550648,
   248.77215359791882
  ],
  [
   -18728.6151215428,
   -25084.863527011654,
   8579.561775827986,
   -10259.019220429462,
   1158.816810831617,
   -9910.093208752201,
   -25805.533591251446,
   -3317.399984224912,
   -6436.934345404329,
   -2291.0576691442566,
   -18434.33574038434,
   -26069.55073105559,
   -16733.09612995173,
   -1565.6187710992342,
   1151.4386959825918,
   -7431.669640084054
  ],
  [
   -23720.232349871505,
   -17927.05582137161,
   -6796.501206244923,
   5545.880645266249,
   -5991.503559152028,
   -8963.434476451826,
   -22797.56952211187,
   -10913.804464056639,
   -27190.76442730309,
   1175.8441602300913,
   -27721.335953236467,
   -28024.41728317162,
   -31436.402328184526,
   -7826.829061675902,
   1326.1539716952964,
   -5137.129425135475
  ]
 ],