{
 "input_nodes": 12,
 "hidden_nodes": 16,
 "output_nodes": 20,
 "epochs": 1000,
 "lr": 0.4,
 "output": 0,
 "epsilon": 0.01,
 "synapse0": [
  [
   -257.80628002241195,
   -10284.949987788765,
   119.09302817022424,
   2652.9626471189717,
   -1385.3389486511849,
   324.8923081143716,
   -1482.9981756285256,
   5474.217954271931,
   -4781.090740388333,
   -6490.078862297519,
   -995.9193307117297,
   -2632.0633084274627,
   -1444.3020709676896,
   3552.060735338066,
   2224.63466199238,
   735.6246918644025
  ],
  [
   -4453.6092303726555,
   3876.9552206533403,
   57.07359280804488,
   -2274.6414853252095,
   -70.48539150041685,
   -1906.708462487821,
   150.03719888685447,
   -7729.620216024998,
   -1452.4353189305089,
   6149.980139184468,
   -4568.078060840444,
   -4474.161448905861,
   -1875.770777139403,
   -6069.269109657425,
   -1894.2815739763146,
   -1770.2627291330864
  ],
  [
   -1398.8734423132425,
   3770.0859646052095,
   -11965.24038317272,
   -11649.32701496003,
   -4896.555560502767,
   -3956.626490971008,
   865.1928170632264,
   4022.3607211852145,
   -20785.692587807578,
   -3389.7221881476585,
   -12636.052247253521,
   -9009.477842233318,
   -2916.218311822976,
   1970.1889603462948,
   1971.9048282208626,
   -4175.125811933653
  ],
  [
   -3447.8956524968594,
   -16244.586797840106,
   -6442.860357752382,
   -3691.4897660833594,
   -2584.1806189525514,
   -136.13506037641082,
   -2546.2145533588705,
   -295.9723027460931,
   -11123.281368228409,
   -2050.0706046312835,
   -1522.7190973403833,
   -4503.677864448686,
   6274.325692195974,
   -8750.084426527395,
   1979.4530705981197,
   -759.3426771780317
  ],
  [
   1382.6015696320962,
   4183.756874026549,
   -2760.231618757608,
   2212.8814548191917,
   -1736.4801754292314,
   2381.8599370142992,
   2899.194689221609,
   -102.44648598792703,
   -1954.1309338111384,
   -1144.255535926961,
   3156.3385392326554,
   1989.2302616005318,
   1908.142299251145,
   -4431.188911296098,
   -408.5717109327817,
   1277.1421807064962
  ],
  [
   -3299.846188861191,
   5283.7905239772,
   -3166.4246108326056,
   -740.7953979720304,
   -2780.399682097584,
   -236.2409106319926,
   5986.246754188901,
   -1587.8849138811995,
   -11697.042173639988,
   -3083.203109553365,
   -5383.952833899162,
   -6986.387904627705,
   -3415.429823466053,
   -323.5570700224848,
   277.1604513516386,
   -537.666136255634
  ],
  [
   -3170.9409181012966,
   -3337.3432873868915,
   5880.323288324847,
   1269.9550530458423,
   1885.9570928572298,
   -974.9711010427749,
   -1495.672117005407,
   -3994.024486006331,
   9116.5145189742,
   172.2523783662806,
   2445.8344062777296,
   531.9048756151708,
   -6476.424302103689,
   -2137.7516221799274,
   1505.2701393357331,
   -1314.0365989003205
  ],
  [
   -6273.877829634789,
   -16904.855705841546,
   1898.5995917636367,
   2282.673784119033,
   -456.62831915356713,
   -3857.858034556024,
   -9037.935748353342,
   405.23581986977405,
   -7004.449533990641,
   -770.25296381568,
   -10754.479759167443,
   -3150.5479215719165,
   -9080.337282201072,
   3843.35265291273,
   -536.0969066057372,
   -1351.7012365079238
  ],
  [
   -11259.530918562212,
   -6918.884437743342,
   -101.84989540768072,
   -499.9214788394058,
   -2144.2459774032345,
   -3851.4931711687873,
   -2330.763292905534,
   -4027.8232290495976,
   -11385.569414367405,
   -1020.5171626154325,
   -11842.664459678053,
   -11737.57489509021,
   -7070.044464136927,
   1674.1843239038283,
   -1643.9273542613182,
   -3059.3471805819827
  ],
  [
   -3760.2347358312754,
   -9197.668460615241,
   68.89614605332828,
   -435.515697170943,
   -3677.7700723020675,
   -1401.7424752174813,
   -4641.390682301516,
   -6903.083055420137,
   -8706.793394571585,
   3255.020557295493,
   -7778.173352514995,
   -7628.944276914061,
   -4840.388173480413,
   -2499.0157622909055,
   -328.99444020404883,
   242.3657494508393
  ],
  [
   -11472.179362882083,
   -18015.03964695644,
   7629.798018677496,
   -6573.360200873257,
   1034.7592242979126,
   -6629.524042415259,
   -8247.516423767362,
   -706.0315065367271,
   -4155.39337866598,
   -2107.116377824855,
   -11887.106542639329,
   -16554.001878317617,
   -6491.542922967363,
   548.6245753827919,
   1246.761309985489,
   -4949.226995912887
  ],
  [
   -14457.831419482249,
   -11237.39268161314,
   -6846.482092851537,
   2883.77460351971,
   -4691.056104274391,
   -5855.730752176822,
   -6729.968387851679,
   -7356.215280185757,
   -20673.188139486625,
   966.4491588203089,
   -19212.48794006882,
   -19020.965697478627,
   -14131.772049440513,
   -4663.1774201635635,
   765.8304751689025,
   -3235.8751190364883
  ]
 ],