{
 "input_nodes": 12,
 "hidden_nodes": 16,
 "output_nodes": 20,
 "epochs": 1000,
 "lr": 0.10000000000000007,
 "output": 0,
 "epsilon": 0.01,
 "synapse0": [
  [
   -27199.64575708675,
   -15357.250850376826,
   -14531.693674179785,
   -6239.66140597261,
   -25702.17114358794,
   -31378.264050821836,
   -2874.121452181748,
   -38951.735258371955,
   -1389.9125504661483,
   -55122.82255575562,
   -50052.78329407743,
   -21361.751611206182,
   -55575.787177780396,
   -4428.997903173529,
   -16393.960680192886,
   -44198.58401848258
  ],
  [
   121266.97779179922,
   35870.83927690345,
   37769.29206088323,
   20994.989822675725,
   37864.198347486155,
   37121.07739293874,
   -10951.36604058012,
   83699.58705900799,
   -383.22602809482754,
   86358.88947139245,
   99153.63209762517,
   115826.00122887528,
   53765.92904523838,
   34793.62142696283,
   74073.4116110721,
   96938.27618774319
  ],
  [
   -247894.14744043164,
   -78185.16750527655,
   -40530.10919599458,
   -63322.54522198064,
   -86772.308591006,
   -118057.22470440484,
   45754.16069445168,
   -170314.5050519964,
   52.24047577458929,
   -109581.48407836563,
   -194013.80541085848,
   -224065.00935997535,
   -149796.56006395648,
   -163295.17796145543,
   -117546.66735442095,
   -155278.0115538028
  ],
  [
   61492.08705056776,
   -34122.93997636972,
   -68785.67554629504,
   -29613.01934428826,
   1330.0128963224508,
   -26292.297903666393,
   -28288.003977405948,
   28911.047653141442,
   -3897.9590514615566,
   -6551.376034848288,
   21819.505901040236,
   42710.72821752139,
   -4689.232353109188,
   -22491.736373076885,
   21490.40194627477,
   41213.398345835725
  ],
  [
   -78323.8914914744,
   -40843.60150385819,
   -28770.37363566299,
   -35472.63480464212,
   -43681.56035556709,
   -59887.857469605406,
   -3261.400970333979,
   -70779.99829471149,
   -1470.0682603523665,
   -25169.690916294083,
   -30241.639997531747,
   -59022.67410853805,
   -89483.6690286959,
   -65976.52648776466,
   -3526.7063637891342,
   -30085.286518428566
  ],
  [
   -25697.58766701236,
   -15938.168676094805,
   -6745.310409589639,
   -21099.47865762701,
   -14554.227499387198,
   -37853.04452342544,
   -2755.6421687804,
   -9445.269692040572,
   -264.5445761983436,
   -5316.406390531275,
   -19994.502988214237,
   -21943.42367631551,
   -19192.043067188937,
   -53784.99119882242,
   2235.241341702741,
   -2580.6339920780447
  ],
  [
   -5117.011225511734,
   -3129.4530136363096,
   -4182.887549904686,
   -6481.908842835107,
   -21443.00376410312,
   -9293.306212006057,
   -11021.239781819597,
   -14298.178855759681,
   -1823.544331828501,
   -28741.859125855415,
   -36637.307840447946,
   -13819.475698392747,
   -19228.779302589774,
   -29390.879904556685,
   -5588.240641488607,
   -11050.529368914578
  ],
  [
   70461.54423164623,
   32676.929194702163,
   22113.90414077908,
   25090.115430825157,
   20014.300481004775,
   31339.239136885404,
   7259.772919232874,
   37131.754090761395,
   -824.0539637661485,
   14114.830764583992,
   21038.311194419646,
   74392.16376263455,
   16026.9156613875,
   71692.83749029035,
   28790.472897171116,
   17799.64899278362
  ],
  [
   53475.59540969677,
   -13531.05131863284,
   -11822.299869232302,
   -17594.40040510573,
   1898.5025381891912,
   -17915.88491653433,
   503.72535124937735,
   41236.80490146983,
   -2116.463978137935,
   16351.165204569228,
   -4355.419851009499,
   27386.84224495553,
   655.8172928523815,
   -24265.380291987,
   2305.145721015206,
   28174.374392215195
  ],
  [
   7301.869862194432,
   -10518.633698831909,
   -11612.822558985892,
   2555.892351014126,
   -8663.653365637087,
   -7470.780007755141,
   -10518.517810632004,
   -19153.436450819732,
   -1269.325146356115,
   -25915.58155476602,
   -15930.358553490401,
   6272.168719848965,
   -27792.96233449361,
   5663.063767358382,
   -3284.7718940406594,
   -8068.187001971496
  ],
  [
   -115684.20523109866,
   -57500.15125496999,
   -46793.661513854815,
   -42107.13062060091,
   -52089.67965376572,
   -52225.23032828397,
   -9082.639781560249,
   -79721.12555304369,
   -965.34639892716,
   -73234.18019760515,
   -85015.25602394815,
   -127502.71224497777,
   -72786.24563838627,
   -85740.54903962577,
   -64961.52403075218,
   -74571.90938121195
  ],
  [
   104052.05312663851,
   55207.069884470795,
   55727.638980176875,
   42455.37389321904,
   15297.889938227825,
   68797.15601194673,
   -20023.934468807653,
   42766.177437704304,
   -770.3233447037484,
   32247.929717636274,
   48954.752935488636,
   94847.08545409304,
   56601.88198576162,
   58900.19129977565,
   50501.07333519946,
   53288.09701875077
  ]
 ],