{
 "input_nodes": 12,
 "hidden_nodes": 16,
 "output_nodes": 20,
 "epochs": 1000,
 "lr": 0.5,
 "output": 0,
 "epsilon": 0.01,
 "synapse0": [
  [
   -1077.5581744495487,
   -6027.071937367162,
   -560.9330179450064,
   2568.074532734624,
   -1197.4336884315692,
   295.6420887215632,
   -917.4316836845214,
   3979.8499342728096,
   -4239.927940156602,
   -5895.247137567239,
   -991.1793320398704,
   -2229.8761887138767,
   -945.5335261382882,
   3716.8905637524986,
   1535.5830777079943,
   587.1922477302836
  ],
  [
   -2319.029388736983,
   2317.112926445683,
   -373.6983181703076,
   -2583.1889930831476,
   -15.539105521641547,
   -1501.9960508966828,
   310.45705658747926,
   -5226.84160799065,
   -1137.5229213053688,
   5730.847053777482,
   -3438.5778262021704,
   -3064.1834226610545,
   617.4586616774438,
   -5805.459612211063,
   -1614.4003454148392,
   -1372.739230230034
  ],
  [
   -1489.2682446795186,
   3468.8135269500713,
   -11417.030746496015,
   -8845.322369151949,
   -3743.4098529590156,
   -2790.283923941629,
   -399.5187547897332,
   2707.1643626380983,
   -15113.836182312109,
   -3566.4680895945057,
   -8535.965698361379,
   -7608.000984593671,
   -1503.717611228696,
   2299.156135645433,
   1425.6959897997433,
   -3192.918802629673
  ],
  [
   -2756.676369801017,
   -12030.279403059521,
   -6115.86717636115,
   -2598.8041695314846,
   -2387.934431888682,
   -525.472432920687,
   -357.7550748953412,
   507.93322810036625,
   -11095.06115572406,
   -1771.1348333440253,
   -2636.9041949226375,
   -3868.2969428157708,
   1751.6847434417984,
   -7051.115545198062,
   1880.3663830082355,
   -924.4182843806907
  ],
  [
   1102.4982186334119,
   2105.728661394517,
   -2585.2405696481687,
   826.0123580911267,
   -1404.4894750262506,
   1751.1916128840232,
   1565.7830879472986,
   1107.7313380734483,
   -2346.3230062985504,
   -1405.431660668228,
   2078.185070270667,
   1458.0064549101253,
   637.0790279102298,
   -2062.866526552946,
   -259.05759518139786,
   952.7088153701454
  ],
  [
   -2908.5755269120205,
   1349.3789764635035,
   -3056.3372389899146,
   264.984996921418,
   -2061.975071646477,
   -157.5481529244857,
   2162.4039676299153,
   -430.301186845159,
   -8378.175634146786,
   -2988.2421219674275,
   -3886.425945152297,
   -5201.992949252884,
   238.80082493693675,
   -206.2634037523542,
   -161.2146154713581,
   -333.43395039945983
  ],
  [
   -2114.5036131900765,
   -3403.6272386180576,
   4928.2603898759935,
   607.859711459767,
   1619.0827433606744,
   -826.4913503334693,
   -780.2046318803581,
   -2771.612392732756,
   6700.941996517747,
   696.9656746558961,
   1423.4538637014605,
   682.5063394090042,
   -3512.512752714698,
   -1381.8256562706301,
   1211.0676108320135,
   -974.9063203335145
  ],
  [
   -3747.209167889518,
   -8554.54924363816,
   406.0448680253126,
   1185.2279155887059,
   -480.1678168030864,
   -2376.6582961987388,
   -3393.620515577334,
   -231.99879613888714,
   -5075.246663847604,
   -681.6984305431887,
   -7064.345204757137,
   -1792.486113311037,
   -4475.675027192415,
   2559.832072559708,
   -659.8482477721008,
   -687.3929748366365
  ],
  [
   -7876.41288883664,
   -3623.58561019774,
   -749.9669656503594,
   -969.650196111735,
   -1626.113476345358,
   -2686.624893462681,
   -94.97748111780416,
   -3224.283556123493,
   -7084.38378285337,
   -1479.0340152585363,
   -7957.652354116827,
   -9201.949730366081,
   -3762.0872047752987,
   980.5614590988608,
   -1512.6729106027612,
   -2281.517336090063
  ],
  [
   -1704.3709991608412,
   -4658.882931648298,
   -475.896839372807,
   -617.7795222727349,
   -2710.7336170894546,
   -770.129572870974,
   -1589.6607443375256,
   -4847.417822871808,
   -6416.161067194298,
   3685.3668100243785,
   -5465.301699431801,
   -5025.705207138673,
   -993.8030408798974,
   -1324.65008721661,
   -825.7286015825218,
   516.5331259719434
  ],
  [
   -7497.76969125832,
   -11490.388424043373,
   6087.097628077832,
   -3030.4515991814455,
   879.9204915745987,
   -4623.016480286241,
   -3185.478936297058,
   -29.174905138908628,
   -2122.1531415691143,
   -1773.6785924351007,
   -7725.8961288621385,
   -12556.22418944652,
   -2018.8030298799667,
   -754.7919624008493,
   693.6293279506585,
   -3479.3432164267197
  ],
  [
   -8026.260883887196,
   -6436.011905840136,
   -7795.323693890878,
   -22.45930347172085,
   -3608.8853599737636,
   -3812.640597892052,
   -1249.1278996912692,
   -3886.850252295994,
   -15087.989986871007,
   1072.18863542677,
   -12994.850972554805,
   -13153.032185144155,
   -2873.476882840844,
   -3590.9461328229286,
   236.07678420071494,
   -2098.3400641435305
  ]
 ],