{
 "input_nodes": 12,
 "hidden_nodes": 16,
 "output_nodes": 20,
 "epochs": 1000,
 "lr": 0.6000000000000001,
 "output": 0,
 "epsilon": 0.01,
 "synapse0": [
  [
   -8787.942539382982,
   -12851.43582233091,
   28038.7083079292,
   27528.64692811284,
   -13547.682830284351,
   -34466.38537471573,
   -7552.629611489135,
   -2976.7441092652134,
   -2492.980977551909,
   -12418.962585236131,
   -11849.546019444562,
   -9363.224352083877,
   -7857.524113028486,
   -18370.988081414158,
   -12720.340396408923,
   -53763.28469287918
  ],
  [
   -18526.31728704691,
   -8709.800103206617,
   -49488.19086717518,
   -41687.70781647435,
   1391.5416463602953,
   8333.77755549053,
   9993.92634949349,
   86.64293866391526,
   2119.97302202276,
   12541.616207323643,
   -38023.77004303966,
   121.20079644639254,
   -12070.3922335079,
   -28207.20442584012,
   5226.234323064286,
   29592.15636861231
  ],
  [
   -37931.57019177545,
   -7886.227595941152,
   -37755.673348395845,
   -27057.9803088049,
   -31646.04255411435,
   -31727.460864116838,
   -24510.278085131114,
   -2736.2131197717363,
   13898.697406799247,
   -2921.0392927514945,
   -100499.20813250198,
   -13244.147960596003,
   -7384.069701388649,
   -66757.53159267503,
   -21506.884323696555,
   -133428.1064196026
  ],
  [
   -21060.46069096614,
   -26755.38682276675,
   -26130.253289283482,
   -23767.009397014157,
   26956.542576756776,
   -15104.437600497216,
   2248.2701737100692,
   -10306.592539205765,
   -15704.949932981097,
   4257.812253092303,
   -18680.822178550592,
   -13593.05169379979,
   -16187.081104315794,
   -18710.25664372911,
   -21200.587139073596,
   32773.806596727125
  ],
  [
   -32317.971844179574,
   -35441.392131868546,
   -22892.46150465385,
   -21072.236253630286,
   -15290.072722391664,
   -34482.99334022547,
   31267.007174535196,
   -1596.1753291745981,
   4194.393874992219,
   3860.4241038250375,
   -74641.59183059781,
   10615.459724383603,
   4596.2651658286395,
   -67551.05640471137,
   -9833.93595862888,
   -14358.410602688098
  ],
  [
   -15436.426580808973,
   9910.63871039409,
   -1708.0754935457578,
   4207.091574568854,
   -28401.71369778688,
   -32862.05703267537,
   -29814.881606254436,
   -6610.275735813453,
   -6661.1062382320215,
   -2760.1098928302818,
   1709.6349123413972,
   -26142.060355138547,
   -25074.162933499723,
   -4800.030743726251,
   2609.188735693457,
   -30414.590704144375
  ],
  [
   -35286.10547589493,
   13878.953518736102,
   7177.414530040541,
   8359.27361988056,
   -16509.160171437634,
   -6233.67711433026,
   -58478.97002755287,
   1010.6107418545216,
   360.00175067480143,
   -6788.4588121126535,
   -50201.84599685761,
   -27491.928243209157,
   -42552.573519553705,
   -52680.98749116871,
   -7794.30069706453,
   -67315.98212135096
  ],
  [
   -40872.02922810339,
   19559.872921422044,
   -4975.665337095006,
   -2675.8032586186077,
   -28431.835238792206,
   -82344.43432919223,
   -51942.99556130719,
   -6344.844607087522,
   1131.7595254216399,
   -4306.46573050066,
   -75183.64308475278,
   -25798.569294761117,
   -34048.209734949,
   -74307.233960189,
   -29449.063724273503,
   -65582.14259874224
  ],
  [
   -25947.323320005355,
   6996.716326023551,
   -5626.070722386201,
   -4233.029497728819,
   -4059.4971155938933,
   31322.187249348775,
   -38998.98244440364,
   -3536.479347491579,
   -8220.705986759685,
   -7067.156013625681,
   -30566.753599551557,
   -20758.63807394178,
   -30725.800512277714,
   -26876.55594070869,
   -11185.659290782705,
   -43026.12675130778
  ],
  [
   27772.62435112373,
   -17972.469333151075,
   -10822.71751495638,
   -8390.95601491407,
   16469.137512890742,
   33694.570864355795,
   20848.31556720256,
   -1047.0436820714108,
   -6564.712504582283,
   5214.3752579200445,
   62047.27723649672,
   1654.219081011003,
   5438.149845866243,
   49151.66099005717,
   -1543.517661342508,
   -11624.985637725047
  ],
  [
   -56712.251795474134,
   -25572.35585386198,
   54768.31797421776,
   44367.44369856079,
   -22072.35459228493,
   -101710.87465890858,
   -73572.02758783987,
   -7850.8617171561145,
   -1479.4855042002691,
   -39015.14251894521,
   -59409.63967542933,
   -54613.657817497246,
   -39156.47014361495,
   -32917.9698150229,
   -4947.5994948397065,
   -131785.9269910338
  ],
  [
   -50873.45642144441,
   21835.662271482743,
   -7218.176069242594,
   -18710.98033822443,
   10515.9835271409,
   -41012.12031170188,
   -56639.732771605646,
   -8123.592774760768,
   -14065.847825094283,
   -505.3971510262827,
   -61622.66394961014,
   -31315.12184029574,
   -38273.82977622842,
   -56353.368323169474,
   -22764.3223847598,
   -17580.701155481536
  ]
 ],