{
 "input_nodes": 12,
 "hidden_nodes": 16,
 "output_nodes": 20,
 "epochs": 1000,
 "lr": 0.30000000000000004,
 "output": 0,
 "epsilon": 0.01,
 "synapse0": [
  [
   -7076.270297655389,
   -955.4566401621142,
   3306.3462926125726,
   4555.209810201386,
   -4895.3814399045195,
   -13305.502257818694,
   2606.7764328645126,
   -1932.142588119592,
   -2512.977735885791,
   -1835.8128556064598,
   -13107.253633322189,
   -3750.4799712013346,
   -5454.055531349442,
   -17632.76770884768,
   -9391.552565176951,
   -19530.391353715928
  ],
  [
   -11124.014103924648,
   -9088.959141083134,
   -6486.505214731646,
   -6076.829633480039,
   -360.7583236126191,
   4059.6484503445004,
   324.56217983362416,
   653.7874598660945,
   3747.3572323685958,
   591.647639248864,
   -17309.748011315445,
   -2450.7911048571295,
   -7929.072003619623,
   -15682.007334357035,
   3704.2309050595686,
   7806.735453630854
  ],
  [
   -17601.053369138677,
   -6694.510856972898,
   -4972.113782234192,
   -2437.9224419354896,
   -11935.532495259049,
   -12942.047956003287,
   -9588.767564932414,
   -1342.0015915912672,
   7544.604610389391,
   -810.4644209285296,
   -49126.01144921233,
   -7782.875251571129,
   -3089.3289408034434,
   -38663.86175806934,
   -15587.086201708904,
   -65773.9167729627
  ],
  [
   -7479.6067580680465,
   -18976.840342174855,
   -1135.0737590878196,
   -2288.211777354222,
   11643.264539818047,
   5545.581458577301,
   4575.4485622906095,
   -5050.576509062567,
   -7082.2783000918635,
   2338.172916027645,
   -3363.729452883835,
   -4072.4909028951142,
   -3594.5866389602943,
   -7045.3472291185235,
   -11253.320711176271,
   20859.942861948653
  ],
  [
   -17446.21238901006,
   -17779.39583458511,
   -4289.685033273802,
   -5227.789217335754,
   -4104.303763594589,
   -2114.036727880673,
   15283.647288294425,
   -917.0548224844767,
   2444.2649443206537,
   52.6401793914426,
   -35244.88013351037,
   7393.584910645396,
   3972.7096006529455,
   -37915.924320983395,
   -5871.417841483208,
   599.172055141312
  ],
  [
   -14206.539768854298,
   5257.857379226686,
   -3114.1137695663383,
   -110.86260494801371,
   -16540.882484865422,
   -22515.73467943665,
   -10688.075425788193,
   -3772.065805068082,
   -3670.14782769495,
   508.0862187971955,
   -7621.808011061222,
   -16929.39723437582,
   -17844.853008960003,
   -11061.95141378961,
   240.47523390488945,
   -21897.951471031636
  ],
  [
   -24237.258394967183,
   10478.807349538054,
   2239.358602657307,
   3352.937748785624,
   -9661.34815493785,
   -3435.4648040553047,
   -29586.713239882527,
   360.8435870247971,
   590.9013048953085,
   -2244.2469804565826,
   -31602.22515730575,
   -20177.745429942526,
   -31192.305947709665,
   -37429.67901841499,
   -6771.205797537905,
   -38005.57986879662
  ],
  [
   -23392.69937427327,
   7651.26351085784,
   -317.2637410293029,
   792.5807361578544,
   -10749.898723018126,
   -29396.93070757004,
   -19978.600977272967,
   -3931.316973258947,
   9.284102353588374,
   -787.3789287638361,
   -38975.108034546065,
   -14242.898341829612,
   -19080.25363458867,
   -44864.299933534945,
   -20171.790095435492,
   -28072.02442976898
  ],
  [
   -19964.632594015133,
   -1768.6420867327909,
   1378.4335256352954,
   -709.2769007971265,
   -1500.9334356467793,
   9027.520693904595,
   -17353.74876394655,
   -2415.6243831359143,
   -5646.027689109921,
   -3021.8062353855853,
   -20779.824280394587,
   -14370.227371103047,
   -21883.316312237715,
   -20939.647868624535,
   -8087.605470715945,
   -14287.656617084076
  ],
  [
   16606.75976392669,
   -10482.134016559103,
   -3662.2684583416503,
   -3468.1523057839927,
   6774.376848235253,
   16912.593186112135,
   20193.219817067104,
   -105.85893648367161,
   -3177.866147930445,
   2246.531142555683,
   34862.311709537826,
   2902.9279764475305,
   5655.720741928096,
   28303.84920056924,
   -1305.5141073419725,
   1084.8823841571254
  ],
  [
   -28747.64097971829,
   -8236.769079951544,
   8538.644794604099,
   6217.624949948235,
   -23169.88577942391,
   -31094.57075793945,
   -25119.256976211953,
   -4496.913591993448,
   -546.5009594532869,
   -3400.0266611241914,
   -38048.08383457112,
   -27677.475960458945,
   -21305.146062751253,
   -24662.734687153028,
   -4478.137368491548,
   -71935.69469937026
  ],
  [
   -26803.40067277822,
   10006.357299559158,
   1081.6025811256281,
   -6277.2731600473435,
   -3612.721986819777,
   -8814.217998747763,
   -21432.576152799895,
   -4058.379290374553,
   -5543.63608623602,
   3974.290712695384,
   -31616.115800072985,
   -15473.320660518611,
   -20819.795133133706,
   -35419.644911877185,
   -13747.982855398492,
   -3587.2924219389492
  ]
 ],