{
 "input_nodes": 12,
 "hidden_nodes": 16,
 "output_nodes": 20,
 "epochs": 1000,
 "lr": 0.5,
 "output": 0,
 "epsilon": 0.01,
 "synapse0": [
  [
   -3115.9962590333575,
   -998.6492474075294,
   1475.564861243245,
   2166.47194724475,
   -2218.7388315699154,
   -3471.9328502652347,
   1056.2057912624962,
   -513.1788270316646,
   -406.9634362194356,
   -821.5378344053294,
   -6079.499516594953,
   -1261.53285309172,
   -1255.0868383212899,
   -7003.835214830814,
   -2965.2172320981476,
   -5905.063305637806
  ],
  [
   -2746.211100256771,
   -1773.9972378366842,
   -2406.8328701454334,
   -2441.852875651924,
   -262.4338749866324,
   1599.272448536709,
   222.27681858844946,
   65.84328456763173,
   753.7825078624753,
   78.38040303746715,
   -3838.902530792518,
   -1068.6755937143562,
   -3846.979625514667,
   -4679.93562743786,
   309.24201686093215,
   1081.1084217230643
  ],
  [
   -4638.770985454373,
   -232.1229657706435,
   -2256.6423181121836,
   -2373.898776749655,
   -5367.460695981363,
   -4502.857823396184,
   -765.911850894259,
   -219.23266331938336,
   2044.804662935519,
   -316.27591449734376,
   -15008.785556097371,
   -1700.11888741666,
   -870.8971451294653,
   -13401.518695758003,
   -6133.315609169304,
   -12463.06721051066
  ],
  [
   -2372.8489483522435,
   -6221.533125887819,
   -717.2937073076439,
   -1124.8548244347057,
   2523.8146485430584,
   1713.0334906522266,
   -2000.2124680601792,
   -1725.0874490483839,
   -1937.9014473945567,
   718.2693365787379,
   -2693.844113920666,
   -1266.2510619463249,
   -1992.6065034879448,
   -4309.693467510453,
   -4230.550688707301,
   2699.6196580642054
  ],
  [
   -7187.38885360874,
   -5730.889018092994,
   -843.0852828727774,
   -1871.345187588769,
   -2121.283506231979,
   -829.6922275078899,
   2806.695869702508,
   -518.192131486027,
   283.8959324446003,
   -232.21177722051422,
   -12101.493990794192,
   2352.0292261233403,
   1298.977379801659,
   -13392.35634078481,
   -1891.2810499863826,
   3.7500110579758097
  ],
  [
   -3710.404934759241,
   3113.8385689286447,
   -1121.690363380699,
   797.8911904805169,
   -4500.889423532742,
   -4218.562127969053,
   -3781.6302357211844,
   -946.6446986531619,
   -857.3822168875048,
   0.16546505557849883,
   -1204.4707886739047,
   -4622.148973203643,
   -5644.435488897544,
   -3475.959534888394,
   339.61159094846187,
   -4483.2479664878
  ],
  [
   -7919.274643886318,
   1464.2575592967512,
   883.0404847239639,
   692.1007308048557,
   -3677.9612476279694,
   -779.2659876917733,
   -6399.594538612662,
   -146.5224819064647,
   386.5682487272757,
   -933.2364660365641,
   -9297.730856177002,
   -7818.242299144141,
   -11616.362937883572,
   -11874.278724207845,
   -3256.130946412517,
   -10365.89423396586
  ],
  [
   -9505.073657576919,
   2226.7666376401653,
   -364.8816675652487,
   -675.4756299615868,
   -6489.748434731376,
   -8464.811635664795,
   -3854.0891716539877,
   -1348.5553204769828,
   497.29840475654197,
   -299.5062363783277,
   -15931.100248630162,
   -6176.867428948441,
   -8087.562599584168,
   -18566.09540879725,
   -8232.852111227501,
   -11961.950474665522
  ],
  [
   -4790.997362038065,
   287.8481490206424,
   -1065.5674903679278,
   -962.9957242606349,
   -2079.5709599941997,
   1654.5436215868779,
   -3971.164008757431,
   -949.8704860397748,
   -1121.3493787969303,
   -916.8702089664979,
   -6143.398515955221,
   -4937.6362366670055,
   -8337.529050473933,
   -7189.8844798343225,
   -3723.331426273327,
   -4107.437362855022
  ],
  [
   5475.962647833413,
   -1751.2468411886243,
   -938.9472337728654,
   -864.4484045368237,
   2609.898807341083,
   4491.491543528493,
   6388.293064347659,
   -157.41530328228586,
   -1342.1581367985907,
   923.4294965594037,
   10852.001622958047,
   332.08680392703997,
   1494.689681065874,
   9155.325212893758,
   -1291.9736198580665,
   2808.406978048913
  ],
  [
   -5210.891219053172,
   -3857.668857987066,
   2800.979000471526,
   3454.144803987797,
   -7973.6693679701775,
   -7134.757477307743,
   -3041.7754303433335,
   -1179.5986891264872,
   -32.82884001295842,
   -1179.0191691559105,
   -6899.924362269283,
   -6968.7735523324245,
   -5095.5126059239055,
   -5930.552168184743,
   -1875.9446868898262,
   -15501.713502965846
  ],
  [
   -6852.014835297091,
   900.0687920730041,
   235.12107377994113,
   -2167.9757596057425,
   -493.91853674437056,
   3.677900524044189,
   -6447.714870344896,
   -1392.0471299928272,
   -1484.3480491212924,
   1688.512457334016,
   -8169.614755560443,
   -4520.157043951682,
   -6566.210945510262,
   -11935.670095422833,
   -6590.132537289231,
   702.9320636578915
  ]
 ],