{
 "input_nodes": 12,
 "hidden_nodes": 16,
 "output_nodes": 20,
 "epochs": 1000,
 "lr": 0.6000000000000001,
 "output": 0,
 "epsilon": 0.01,
 "synapse0": [
  [
   -6743.01199965392,
   -543.3822776067968,
   2827.987799092979,
   3869.6648114620584,
   -4412.2510490092845,
   -11812.48975355281,
   2756.504452243653,
   -1959.9994283314031,
   -2392.966433164317,
   -1736.7667004052096,
   -12189.252462278075,
   -3726.804340147743,
   -5412.665888863486,
   -16613.110158338186,
   -9063.6919823818,
   -17479.792779947613
  ],
  [
   -10686.466589680505,
   -8890.497645729047,
   -5506.559495264232,
   -5362.928669541916,
   -770.3864631127869,
   3228.2570132841647,
   -65.67609410703119,
   650.0570985059226,
   3506.8665259729246,
   509.6650688453792,
   -16588.758034361515,
   -2536.965241350649,
   -7770.14425192239,
   -15234.215145315664,
   3426.2060582537365,
   5883.252998411137
  ],
  [
   -15780.630515602868,
   -6205.954458910852,
   -4390.478003146602,
   -2060.215617158599,
   -10715.181432971347,
   -11061.831596016009,
   -7814.373403551303,
   -1288.5564407577124,
   6808.1355064965055,
   -710.7813108776568,
   -44393.399673100605,
   -7074.943079673555,
   -2624.8622907701815,
   -35431.03546734714,
   -14952.023893381762,
   -58414.530310132446
  ],
  [
   -7106.9840629437185,
   -18474.48813150262,
   -617.5749858758354,
   -1840.2792027650892,
   11288.602108238027,
   6089.560379873446,
   4274.530638875709,
   -4723.849449161741,
   -6902.209708025272,
   2169.1222225928263,
   -2837.2597897041164,
   -3621.7434486993166,
   -3077.1338991421408,
   -6470.624997970601,
   -10472.136604647021,
   20397.137255677833
  ],
  [
   -16505.843603441896,
   -16497.85597698318,
   -3014.4012452695592,
   -4599.851062014956,
   -3871.913517976077,
   -2020.6718751526562,
   13360.070787443312,
   -1045.0373174013982,
   2222.397298983069,
   -21.705881080485934,
   -32510.25954074207,
   6491.655077499563,
   3281.2817287184334,
   -35520.15448044377,
   -5692.962512751171,
   1015.8278010347025
  ],
  [
   -14362.967436067058,
   4784.085502494802,
   -2596.393751686568,
   267.2300443405152,
   -16037.018904909166,
   -22071.518725946727,
   -9944.395160018568,
   -3580.517443853426,
   -3529.457949924942,
   368.10692853304135,
   -8629.164841880067,
   -16292.214102659564,
   -17325.173984377383,
   -11938.551162827709,
   -165.0169355815999,
   -21901.199615588423
  ],
  [
   -22905.006241859097,
   9559.299411143855,
   1861.8646273379843,
   2699.748233562767,
   -9265.702099221791,
   -3327.819853298903,
   -26919.517719618274,
   238.7961274644839,
   531.7432018516699,
   -2061.914628458635,
   -29357.076747784668,
   -19598.10483881726,
   -30174.205085796013,
   -35091.5827699145,
   -6545.252820474135,
   -35549.59700637004
  ],
  [
   -22682.866055077913,
   7283.505057419552,
   95.67584256148805,
   1018.9444126585732,
   -11033.25870421652,
   -28326.904969810366,
   -19015.625694219416,
   -3831.5952602489647,
   312.40233996568185,
   -937.0715849369512,
   -38028.489090997886,
   -13911.88417598794,
   -18446.15112932545,
   -43786.09316896772,
   -19635.391288869516,
   -29165.687519574763
  ],
  [
   -18733.53209029032,
   -1788.5085300321869,
   865.3122090198653,
   -882.0515925481516,
   -1463.1807493470378,
   8660.75134992622,
   -15752.17265853149,
   -2325.894596939195,
   -5509.170417537597,
   -2725.6359103460454,
   -19177.252358720467,
   -13786.624741238922,
   -21126.138975087502,
   -19554.89598157104,
   -7729.18986128387,
   -13011.253098550702
  ],
  [
   15117.088085825015,
   -9915.776125339491,
   -2945.6856679540992,
   -2987.377012533155,
   6495.026902333148,
   15152.548730557057,
   19121.37850496876,
   -128.5588839802218,
   -3007.0574745077083,
   2006.5309006268828,
   32216.3774413537,
   2490.466021531896,
   5159.932361780207,
   26104.505054696354,
   -1484.3321652235895,
   764.9128812873388
  ],
  [
   -26948.060572778133,
   -7301.268626578212,
   6657.979652410301,
   5244.087873959767,
   -22166.18836608131,
   -27342.171557623675,
   -22547.023436619496,
   -4314.0956213939335,
   -763.5677830864661,
   -2862.5077632936973,
   -35810.80567786974,
   -26189.708329086472,
   -20199.752541403603,
   -23352.221387427366,
   -4334.559914754329,
   -67230.32008999438
  ],
  [
   -25337.231499218462,
   8910.219843570243,
   870.5129248206804,
   -5754.639249411955,
   -3891.3603765780863,
   -8086.710460490275,
   -20178.510653773123,
   -4014.9359194090734,
   -5061.875449808049,
   3942.804538223328,
   -29771.057309767362,
   -15206.429784140068,
   -20516.174059391647,
   -33966.939513897385,
   -13406.956557470288,
   -4537.204728570108
  ]
 ],