{
 "input_nodes": 12,
 "hidden_nodes": 16,
 "output_nodes": 20,
 "epochs": 1000,
 "lr": 0.15000000000000008,
 "output": 0,
 "epsilon": 0.01,
 "synapse0": [
  [
   1968.9186094027252,
   -26181.294455872143,
   -5917.010437606286,
   -2269.881356038808,
   -11155.904009664686,
   -33206.675296388654,
   4113.352890269387,
   -10424.164274479617,
   10925.129491894133,
   -11888.682670976183,
   3735.344695071454,
   -1324.1706953543226,
   -11663.956864844356,
   4009.588983417484,
   2232.191885283755,
   657.2410583191479
  ],
  [
   -19283.46134013403,
   2816.546860276187,
   -5715.429786222867,
   4722.909186090564,
   -16658.317963247486,
   37275.927374530154,
   -2662.130142518807,
   7302.992547372309,
   -26801.971074229285,
   1937.9469030234566,
   -1763.5300450101686,
   -4384.992744643835,
   3990.3243728970183,
   -5185.101542784012,
   -1767.292040070762,
   -1745.175483678493
  ],
  [
   -17325.200939183276,
   -87814.34056552577,
   19989.88935565898,
   868.4992944641955,
   -30401.929756065052,
   -54740.625158630304,
   -9685.059954619588,
   -419.6951816504872,
   -29420.358670544083,
   -17496.712195976335,
   -7961.004449459409,
   3859.7983003806085,
   -7838.184259937966,
   -115.69372768923624,
   4210.357511800773,
   -16408.520612108787
  ],
  [
   -22642.582815923954,
   20626.280333536488,
   -5721.707473917077,
   -9945.975227983252,
   -33208.2677464483,
   -35282.50433324916,
   309.98681937155646,
   316.32764340840123,
   -46108.73563100771,
   -15241.53716085195,
   -7947.313588062742,
   4161.325968730731,
   6322.169437381428,
   2974.2595059611167,
   -4119.145845747404,
   8751.159124791695
  ],
  [
   8146.7471733309085,
   -17563.59808106557,
   14464.800355960448,
   7903.9519567513025,
   -25507.87845249981,
   -32003.805917745878,
   439.8000415195749,
   6816.997181962605,
   20510.072921306124,
   -3619.0728943327495,
   -15070.625038191482,
   3804.422348179322,
   -1757.4992385193232,
   -3160.766663168653,
   246.04208272710054,
   -17758.091157666368
  ],
  [
   -56176.68914554607,
   -5789.542686372476,
   -3763.307304060242,
   -3656.3195606652107,
   -20064.771916608443,
   -3280.565264173204,
   -10289.292954857316,
   8437.0346589464,
   -87044.87453101198,
   6789.027885063163,
   -11085.176837479314,
   -4147.82303669407,
   6353.485061134835,
   -4023.398708472117,
   749.1396580254429,
   2851.4274554175813
  ],
  [
   -24385.952234793316,
   -22678.24804919462,
   1072.975994418829,
   -2431.6322069643584,
   -25075.223511869295,
   -19007.483266352752,
   -5940.060213061312,
   4688.059355638164,
   -7469.6376243337,
   -23784.286935289572,
   -4428.467437622569,
   -3459.244060169554,
   -1319.094159072942,
   -1060.7013522505829,
   -1787.9020736573923,
   -9596.788137651836
  ],
  [
   -53331.5558835625,
   -14011.329512650982,
   10224.364686921961,
   -1994.794633962098,
   -73490.70502163163,
   -37686.62853624144,
   1723.7702026114066,
   -8048.153789628284,
   -63099.7080030223,
   -20051.538511218594,
   7705.462680518514,
   -3441.4690092907317,
   -3541.5664566782,
   11795.677528913513,
   -892.0320834416658,
   -9860.999852928471
  ],
  [
   12716.536921004224,
   -632.5125632712738,
   14528.97807856376,
   5257.51534028458,
   -7690.884999403706,
   -29664.060876870484,
   3289.183299696967,
   1339.7649458540482,
   19806.466376478158,
   -2011.8466023595392,
   -3517.0832888008295,
   -194.0094849098424,
   180.33130378896362,
   4720.983446220623,
   -2909.5407726268513,
   -9449.959810355958
  ],
  [
   -16144.540071584841,
   -4638.459395765259,
   -13471.107280226806,
   4113.074177089442,
   -12798.322746841199,
   685.2047296862218,
   2357.5857501753458,
   5083.426345688443,
   -3637.949108807981,
   11384.034865318961,
   -10359.809527395753,
   18.096008951064444,
   230.43430933228115,
   -6598.00365188,
   -655.9385082276319,
   473.8160455766045
  ],
  [
   -28307.56243113438,
   -54649.14121600696,
   -14314.27643325684,
   -6012.542331407625,
   -29352.18284624588,
   -10201.721547241514,
   -1032.6782369902032,
   -31175.98815377337,
   -18109.715037808695,
   -33367.132619829645,
   20744.422486675176,
   1068.358258865447,
   -11464.365247499125,
   -7137.864948944357,
   1427.0164366714916,
   -489.5574396142798
  ],
  [
   7341.8663810816515,
   1013.2605864074351,
   -40956.97025796694,
   -3627.0394143795174,
   32693.42482766782,
   -13776.327999291256,
   -1740.1460741068008,
   -7203.3267784239,
   -2797.5825393543714,
   14905.861543710133,
   7982.985667723279,
   3682.808701641857,
   3169.941660532843,
   -9207.458124199502,
   -4906.2887855693125,
   -14517.629030209275
  ]
 ],