{
 "input_nodes": 12,
 "hidden_nodes": 16,
 "output_nodes": 20,
 "epochs": 1000,
 "lr": 0.30000000000000004,
 "output": 0,
 "epsilon": 0.01,
 "synapse0": [
  [
   -1505.4606552058747,
   -20761.18685404397,
   -6284.858275029694,
   -2519.155518157905,
   -12490.463967930356,
   -31034.02556222794,
   4179.664085148498,
   -8013.404601338063,
   7086.144511847961,
   -6748.513420332946,
   2874.8187501156217,
   -1083.3984255923135,
   -8474.928152491937,
   3602.876558626814,
   1758.5984008949872,
   3343.890087112347
  ],
  [
   -11486.644253253222,
   6807.941924458067,
   -6790.446091997568,
   5068.861623417797,
   -10955.186464365293,
   33569.99028072921,
   -2573.7995251759576,
   6019.478374612524,
   -20571.027361671844,
   2849.534717448195,
   -1233.708415980761,
   -3894.742111691557,
   2749.1015199189537,
   -4433.865313095438,
   -1720.189602894849,
   -5299.488644032336
  ],
  [
   -15528.273221221632,
   -73514.37152476792,
   18158.209157221056,
   1148.3585065734096,
   -29093.031839241627,
   -52381.99841192068,
   -9356.469790747633,
   -381.3162196704397,
   -27740.98586280163,
   -12261.599053980202,
   -7307.6258823869375,
   3666.920750312581,
   -6425.57026978724,
   762.0498677596592,
   3390.0536077428796,
   -13043.738673029884
  ],
  [
   -20460.05937652876,
   10138.998121908464,
   -5648.741077049356,
   -9339.99216282765,
   -27642.664707239503,
   -32058.027943754045,
   226.59876188797975,
   837.0312575342595,
   -42446.62967292415,
   -15722.67136259873,
   -6242.806685856304,
   3159.83655458955,
   4652.19183338612,
   2078.8782555503117,
   -2713.3964764477455,
   7075.095297305415
  ],
  [
   9103.289340438514,
   -16939.011407378486,
   11928.557736894656,
   7896.244752273763,
   -19812.588248885328,
   -28790.62584885205,
   551.7082577204227,
   5385.352025237646,
   21107.68847441004,
   1550.1822504974514,
   -12855.788086516546,
   3419.090261509403,
   -1959.928336976132,
   -2127.131542843215,
   345.67958903244966,
   -16054.59306259916
  ],
  [
   -49305.75250652852,
   -1189.4762419060696,
   -4931.970315390599,
   -2864.748237213929,
   -17234.568507837088,
   -2384.259865019697,
   -10044.246000676167,
   7239.311997240018,
   -80752.75338562649,
   4198.96587777192,
   -9055.42787256635,
   -4198.846244785612,
   5366.4110739406615,
   -3816.109806464801,
   746.8322452573976,
   2198.877101171954
  ],
  [
   -19495.937709026104,
   -12137.541430340558,
   -1140.570710437434,
   -2262.9579457890404,
   -18228.0102143613,
   -20439.55137607112,
   -5803.065406027148,
   7092.500274613234,
   -7024.224631243065,
   -15816.309679661063,
   -5931.231314056252,
   -2562.11201319222,
   1539.5154896243323,
   -1546.7012708140676,
   -1877.0347002895478,
   -11327.229764125163
  ],
  [
   -43853.775773326255,
   -9159.400369529372,
   6778.1165191875225,
   -1718.304374278557,
   -61568.38885332156,
   -32455.95397003665,
   2368.234940710025,
   -7032.197908927237,
   -51194.62317773733,
   -13805.860593216457,
   6543.410652221053,
   -3695.0892754427946,
   -1464.6424454368862,
   11702.065682480417,
   59.50925690908308,
   -9013.221755616225
  ],
  [
   13325.632207581606,
   -3735.48359712845,
   14693.8170795575,
   5173.692612632887,
   -6889.0722068998375,
   -27341.781956258197,
   3222.9429957215248,
   1382.4511585968326,
   20994.82258127959,
   -6341.917707513319,
   -2137.3182725389856,
   -631.5739120523756,
   -775.6693260103433,
   3879.8227288899884,
   -2340.147992728311,
   -9655.96355356148
  ],
  [
   -11945.050659879344,
   407.1274728904867,
   -14519.240491563798,
   4325.896490553688,
   -8216.10738954632,
   -1998.7476769128707,
   1921.3440991527586,
   4452.162555245328,
   -60.20923973107163,
   14424.912246453338,
   -9393.180316389864,
   506.73153005496795,
   639.7275445409409,
   -5949.83449846262,
   -715.7380908509724,
   -1055.2259308703808
  ],
  [
   -23252.281205354717,
   -40335.150669677496,
   -15662.79703387219,
   -5665.725407633216,
   -25715.992366500268,
   -13641.624597446702,
   -804.9253004168282,
   -27469.70890547157,
   -15774.348127558917,
   -28119.32638426538,
   18632.711840912627,
   1210.6459635259807,
   -8248.737410853795,
   -6746.043191817806,
   1228.765626360077,
   -2425.1977066591244
  ],
  [
   7534.777977273045,
   6211.670514950075,
   -40202.47760389712,
   -3961.340714517275,
   30573.660861652043,
   -11672.274334771539,
   -1305.9065523505628,
   -5303.637343943609,
   1355.3981131435364,
   17217.155418987968,
   7098.093999487587,
   3241.961679318219,
   3618.3719578235427,
   -9659.258712937255,
   -4716.216562847296,
   -10424.179036051943
  ]
 ],