{
 "input_nodes": 12,
 "hidden_nodes": 16,
 "output_nodes": 20,
 "epochs": 1000,
 "lr": 0.4,
 "output": 0,
 "epsilon": 0.01,
 "synapse0": [
  [
   -379.44832463347643,
   -724.2454408390113,
   1375.6013117313275,
   -2464.5206097507557,
   1.770328368691843,
   18.57039194849117,
   -948.0308755029944,
   -353.0287140735507,
   884.582227222131,
   -10.660779733935525,
   441.29664865500956,
   -337.70823878092494,
   170.13830524199653,
   15.270918384467493,
   655.3194333577612,
   323.8698042395358
  ],
  [
   -798.2761018590647,
   904.599997483995,
   -4120.741234654369,
   1093.7476741339428,
   -642.6024365754807,
   947.3434194558967,
   -48.65291138157592,
   56.02695938107223,
   -2325.11085934128,
   1044.379531795273,
   -331.23950239124883,
   -870.2750484412873,
   -473.36330803459276,
   -403.3084744226236,
   -1087.2759707592945,
   -682.8236973781165
  ],
  [
   857.2582945322105,
   -344.69718067534,
   101.52029091437042,
   1395.016032931344,
   159.04508174233126,
   -1089.8897971458446,
   -247.42460982366393,
   327.6325068264591,
   978.5848804346931,
   250.4667949410582,
   -1092.0572704814526,
   -1068.7316130531024,
   -2088.5653712858802,
   16.675241298148244,
   565.7271498615247,
   -1625.2767816126407
  ],
  [
   -2856.5730237114167,
   -532.8719423799035,
   -2756.4972101182357,
   -2644.07144330696,
   -2115.212044743436,
   -1866.8608712920964,
   633.2275692460058,
   886.9562129244734,
   -8553.147655565368,
   -4389.89687601068,
   -1274.4687062312614,
   -1129.1788103097172,
   -88.29126525993595,
   91.7471651294527,
   108.94670366285102,
   -213.16207604708129
  ],
  [
   283.8737820780757,
   -506.70234058772127,
   4021.5069799153466,
   2738.44355362794,
   -749.6062477805539,
   -120.50852407230859,
   -103.68925474561246,
   1154.239834020128,
   506.5643157917807,
   693.8472787831384,
   -1304.5653845896745,
   1441.361476528933,
   -1033.2535661118416,
   -1198.9470259493128,
   -14.504425402514798,
   -2027.7536070907436
  ],
  [
   -1083.948220313716,
   -323.2347346935771,
   -6294.176902130333,
   -1742.9575119655674,
   -877.4105661566667,
   204.2107551979816,
   -783.6323153067333,
   627.013455425604,
   -4989.41155717726,
   -385.0459279706756,
   -866.551470281743,
   -2214.598811794364,
   -655.7159919785801,
   -403.94035460718186,
   -341.1603192490062,
   -1138.6397827929522
  ],
  [
   -1623.2870583582078,
   -520.0586560371853,
   -2057.16729663502,
   -2037.5956723127265,
   -657.0152004918568,
   259.0557456428261,
   -203.46209680664992,
   437.87829060831757,
   -1064.1259323073589,
   -939.3649232572528,
   -1062.1651833571632,
   -1384.1661423652376,
   -1076.0896845036343,
   -1466.4021219047509,
   -213.9069509756515,
   -2261.7359700113175
  ],
  [
   -3361.9023948609624,
   917.2618481248658,
   -4779.294562347235,
   -914.9461091906327,
   -1380.3046726044622,
   163.46893339111236,
   66.17800447484997,
   -1232.4442194531096,
   -4827.174006935031,
   -2119.0630946156493,
   -536.0603271553563,
   -1833.4195738624398,
   1430.040862533601,
   828.9441396762367,
   -168.86749252002028,
   605.3494443342744
  ],
  [
   -85.6857119253693,
   716.6221189174805,
   1397.6338824214376,
   485.93749431467637,
   -534.2931787398834,
   -223.8330708616129,
   344.5350863267216,
   -276.28719615558583,
   225.68031429750658,
   -1282.0610499202076,
   -1219.6776135964003,
   -1798.9903429293945,
   -552.865516465804,
   -572.3557095596302,
   -315.3718528163294,
   -2801.4944573977345
  ],
  [
   -1447.9923977882877,
   -702.5012788027534,
   -2149.228703029079,
   1423.3264091118936,
   -554.1720983488237,
   -277.9681581405535,
   232.92448490391968,
   -87.8806547426719,
   -661.8985768622616,
   407.7573115464609,
   -166.29879510943283,
   1735.627479366106,
   -736.8419319285064,
   -1205.5556318833035,
   -212.24642426979568,
   -1951.7737584965173
  ],
  [
   -1658.9074923338653,
   -867.0501850149194,
   -5262.618210989499,
   -3510.998416997701,
   -1070.0204981353893,
   -1088.1029999872062,
   392.9716941610418,
   -2367.1281857220592,
   -2153.46642254436,
   -1764.2669800923468,
   1327.3754905158196,
   293.5062536178704,
   -800.3200713644279,
   -1589.605756897017,
   675.2486931222957,
   -743.3744292167047
  ],
  [
   1413.5849298337926,
   -3014.3452906776092,
   -7041.2138088264555,
   -4059.3178091331224,
   1737.0118961107648,
   -116.52865652028679,
   633.8635861675574,
   -136.40947210979124,
   618.6163417919608,
   1208.415074984199,
   1602.4488067675247,
   1385.490539413472,
   2055.6571554675243,
   -1159.3277330415265,
   -674.2025815613409,
   1641.8143057149632
  ]
 ],