{
 "input_nodes": 12,
 "hidden_nodes": 16,
 "output_nodes": 20,
 "epochs": 1000,
 "lr": 0.30000000000000004,
 "output": 0,
 "epsilon": 0.01,
 "synapse0": [
  [
   -7796.086684384901,
   -5348.897048306677,
   -13598.735720428944,
   -458.2308554492232,
   -9323.535245271,
   1700.5365844483779,
   -11619.849876130358,
   -48431.66720785365,
   -12055.173190311947,
   -15652.02227769679,
   -5002.249538742019,
   2101.2459393728273,
   -5016.448878632994,
   -21940.621271391647,
   -8488.492731172126,
   -855.677675185152
  ],
  [
   14284.335038301939,
   -3926.16690531439,
   14524.98876284249,
   -3832.5939970095965,
   9682.34504179282,
   -12985.480535283186,
   14087.626885305626,
   15734.943168729062,
   24020.693742214447,
   10002.868828469482,
   14680.318828886142,
   -14995.708867524898,
   1477.1725750215537,
   13501.069786430788,
   13444.188493182863,
   -3513.4164733900084
  ],
  [
   1148.6900970681536,
   6657.887287491778,
   -64638.25277900286,
   2385.5096837439514,
   -38513.25983836573,
   -4595.692489186117,
   7187.768397908221,
   21478.170840225608,
   -46275.36725893351,
   -55246.5528291584,
   2073.9458853133533,
   -3600.5850608584406,
   2367.137195936892,
   -56561.400951742085,
   3567.7269489771666,
   -504.2259464465233
  ],
  [
   51.476582184200204,
   3295.76175881484,
   -58771.9178073139,
   8645.28096661798,
   -25744.255039630487,
   -2115.8373195987715,
   -10970.826885896344,
   -42114.930630586925,
   -5514.659848517343,
   -48677.65543522242,
   -3351.668517474954,
   -2420.7562639129683,
   -385.25491856183515,
   -48309.60492413107,
   -5051.170110425023,
   10629.391718499086
  ],
  [
   -8941.317916685912,
   2043.510111630208,
   -32120.14142061824,
   2818.0679598789043,
   -10976.993319382625,
   -612.9680734520415,
   -7811.6747898445265,
   -65188.50212644241,
   -29662.79887004877,
   -6890.318287921897,
   -9876.976521294619,
   4456.715217914953,
   -7400.592908727503,
   -31526.81501938806,
   -8472.576088021142,
   -5090.073529513901
  ],
  [
   -5880.701906916545,
   3207.926511942946,
   -2385.181431955434,
   3667.894424643271,
   4842.081360787871,
   2789.0857410381977,
   -8543.460738804253,
   29239.863564290998,
   10312.458597591089,
   -8144.297265778326,
   -11189.485195425019,
   1956.7053072337128,
   -2630.0671283252664,
   -1487.1567876198426,
   -7503.602499908465,
   -1300.1015008216475
  ],
  [
   -3273.7010385247468,
   -3744.5213769331194,
   -26363.85227912336,
   -629.5749229552105,
   -22871.940258366045,
   -1872.0255456331327,
   1844.1019176600205,
   -14217.177764234397,
   -29427.710364477825,
   -36945.80803915898,
   -831.5229938273453,
   -1275.242264055449,
   2352.797843268893,
   -36547.51328049873,
   165.36620417408784,
   619.2233360393733
  ],
  [
   -8219.080456000249,
   -2383.558689446409,
   -5764.505314862326,
   -1814.1162621841206,
   11723.668345456374,
   5531.325282460658,
   -3084.329025063841,
   -41200.26503107696,
   26414.923536801733,
   5289.597315058266,
   -566.1455014520945,
   2679.5914424097077,
   -4153.417671017723,
   1741.2842358326404,
   -4548.954416987536,
   3733.3036210861474
  ],
  [
   -1031.882175038451,
   5722.150664007419,
   -15626.163821778839,
   -466.0225666405797,
   -20649.71635935863,
   480.4291688283491,
   1311.9158418743734,
   -19066.584415769565,
   -41714.956759228444,
   -30925.395088737267,
   -6952.494756771301,
   5858.2285547072215,
   2391.3252715654885,
   -22288.808389518446,
   -3711.4324268324526,
   -4453.64160662058
  ],
  [
   -723.6541271709897,
   -1511.215514107597,
   -9145.693361504429,
   -2110.923784909437,
   -10214.694336511502,
   -4744.162768365334,
   310.1181146993269,
   -22360.044164078085,
   -19037.76794681516,
   -14872.966749592011,
   5822.527415748118,
   -8635.58547187638,
   -793.9795834524051,
   -20866.508322322006,
   5594.150541193582,
   -3131.8461728914936
  ],
  [
   -1460.7934656135433,
   -984.620000904016,
   3178.0384529057187,
   -4325.923094864273,
   -6931.0171672726465,
   4993.6215905377785,
   -2851.1797002138524,
   -57463.915974356314,
   -8444.406580542869,
   -1764.6409908426085,
   574.6907873514436,
   5241.727091668453,
   1348.4468035788914,
   -8883.972836214036,
   -3720.4660892029938,
   -4101.865229450144
  ],
  [
   501.60382886809685,
   552.203515189013,
   25418.12089150983,
   -4786.6893847482115,
   -12688.243456659626,
   -748.2457122604411,
   6861.237539718435,
   11317.21829668104,
   -38636.34942337066,
   2780.200912761801,
   -13641.829366758977,
   970.7259534487221,
   -5598.265233305606,
   16312.601612236806,
   -6748.769551869533,
   -20846.641097529533
  ]
 ],