{
 "input_nodes": 12,
 "hidden_nodes": 16,
 "output_nodes": 20,
 "epochs": 1000,
 "lr": 0.8000000000000003,
 "output": 0,
 "epsilon": 0.01,
 "synapse0": [
  [
   -3591.7234367836877,
   -3190.2999820164223,
   -8689.518190115301,
   -1041.3496913311305,
   -6229.854465078188,
   1504.3392681093721,
   -6104.825187141932,
   -35319.09325726413,
   -4521.658044112217,
   -10974.79194754548,
   -2478.2042958686666,
   1396.681679350021,
   -2563.3482069874917,
   -15269.051473701134,
   -4234.90099894499,
   -2073.902816324308
  ],
  [
   8175.470956314941,
   -5308.061494080161,
   13024.87267018576,
   -1552.1750550330946,
   7036.134430108195,
   -8697.831961019545,
   9962.532027986661,
   13915.56733819148,
   13569.999100757026,
   7192.507072120984,
   11439.019084421636,
   -7581.566741895879,
   297.84191519334894,
   11674.84409133632,
   7544.0312886740685,
   633.9632892309562
  ],
  [
   1579.7386048907736,
   4382.507696374087,
   -41392.31903215777,
   1411.333849894514,
   -27553.605760983075,
   -3692.8537311260698,
   7793.612314349918,
   11696.020060605402,
   -31635.466315708713,
   -37679.483622593994,
   870.1559556114346,
   -636.7524468213073,
   1063.0581942197527,
   -39730.728626827404,
   2552.6188060105665,
   -3697.880733406453
  ],
  [
   1857.8458010641932,
   3048.2457448389673,
   -33993.49472255427,
   5981.085125598275,
   -17096.52929542862,
   -1918.5262009598496,
   -8237.79563052268,
   -29941.494229966007,
   -8593.140392650206,
   -33814.05471572268,
   -2297.4936439581106,
   -2125.7023038370667,
   -622.5920215375958,
   -33008.15222901006,
   -1710.248719533788,
   8745.913990110896
  ],
  [
   -1993.7506879827483,
   1492.7309049631408,
   -16303.130988254627,
   790.8915122691571,
   -7851.125977847631,
   -977.2105515364018,
   1255.8960719967836,
   -36983.85194543472,
   -9438.498444845012,
   -3684.081636451908,
   -6547.262506087145,
   3313.8858273238548,
   -3913.2026318022163,
   -17985.20778800151,
   -2585.528052024446,
   -7303.319849511554
  ],
  [
   -5526.859992152,
   2200.0503984771854,
   -2.223410825218949,
   2445.7349504905233,
   3700.388911915919,
   2377.7629090453256,
   -8594.729716813179,
   18274.80965741061,
   6340.973816429394,
   -4776.588039231007,
   -7403.677875758428,
   -380.8577702577061,
   -2118.240028438104,
   -300.4682368606843,
   -6235.227217360821,
   1649.119344427795
  ],
  [
   -944.7959493487388,
   -2496.539523987141,
   -13906.405437264551,
   -25.62610794741806,
   -15754.77818345761,
   -1876.874563544232,
   3599.3706121971522,
   -8642.360247049759,
   -23419.62551047227,
   -24327.42772700246,
   -1167.4878197713658,
   -822.8534433073615,
   884.5273459735178,
   -24411.379041510434,
   600.5555956874146,
   -4160.592110954731
  ],
  [
   -4946.683472524663,
   -1001.5738077019184,
   -8599.35061599104,
   -2968.6878005451126,
   5699.520229467315,
   3464.8679882943065,
   15.129377721880447,
   -31967.126878225732,
   13928.381659591561,
   -1842.0947333182341,
   2582.968527035217,
   -1231.7353187874387,
   833.8406800576906,
   -3533.255225608714,
   -2888.747376114432,
   4126.232406685937
  ],
  [
   -925.52513810526,
   3893.033315727591,
   -12661.020187850441,
   -855.296684594341,
   -14958.358836420904,
   -710.1612774501765,
   191.03909180460496,
   -13716.132395381423,
   -25564.172036767137,
   -22284.34184870719,
   -5851.551467431723,
   2547.424063426602,
   462.5257152909205,
   -17437.014244999442,
   -1840.8379483226977,
   -4125.529434811912
  ],
  [
   -734.914561787539,
   -2518.0495224748265,
   -5199.273210320199,
   -528.381387297843,
   -6721.6694065062065,
   -2116.719700723041,
   -462.57235123353524,
   -17196.367550603318,
   -9296.769096867602,
   -9074.87929421573,
   3655.6168633531925,
   -2746.162462879696,
   -660.9724790787457,
   -13653.629708684799,
   2788.0796759390687,
   -3217.8265834650406
  ],
  [
   -593.4427741729913,
   835.9325164910318,
   4954.2517840697665,
   -3456.826848676139,
   -3737.161451978192,
   3512.5644256609,
   -2406.3162909926523,
   -35084.3293769578,
   -5373.705768256681,
   -315.76325452043955,
   -2836.661872360614,
   3224.3401300154055,
   1034.4393138805692,
   -4729.363789403288,
   -1482.3469756693146,
   -6999.620041668017
  ],
  [
   2376.062586267432,
   -1061.8616001825324,
   15093.810934934281,
   -3431.416234515977,
   -8664.992849166347,
   -1953.2247620644632,
   3856.2216497632326,
   13890.233572801164,
   -15954.613881019142,
   5374.010743674903,
   -12396.747639797019,
   1448.3872506676973,
   -1517.7122356959378,
   14910.235040174208,
   -5502.451913577315,
   -19770.81706519315
  ]
 ],