{
 "input_nodes": 12,
 "hidden_nodes": 16,
 "output_nodes": 20,
 "epochs": 1000,
 "lr": 0.7000000000000002,
 "output": 0,
 "epsilon": 0.01,
 "synapse0": [
  [
   -554.9394992549924,
   -89.5210455516023,
   -230.41341172341737,
   -565.3052075456652,
   -329.1696131708181,
   113.04657668334258,
   -146.47486328330845,
   -924.0511888933323,
   -48.33239298932118,
   -527.7828337184685,
   1.7519233770926865,
   -350.718686593251,
   38.25994931112475,
   -546.8771903851846,
   -42.45656675793633,
   -35.94881177001239
  ],
  [
   296.54539743915007,
   -653.9924786790211,
   322.7524373657484,
   -32.50370867051825,
   166.47841434956013,
   -574.8537786349121,
   17.057266247535942,
   80.84223086119775,
   -379.78609377900693,
   80.66886837912742,
   276.1979762526635,
   992.1030309485104,
   -25.81906880425969,
   225.9251263418155,
   -27.973075918986602,
   32.970422823927024
  ],
  [
   617.9409753823413,
   232.49191840916484,
   -838.9067522897523,
   197.07191600459169,
   -1916.2027038151452,
   -215.67471890898096,
   -299.49820106280646,
   636.1228585654219,
   -162.89275345330933,
   -813.6987670223529,
   141.18328002096027,
   408.52699064433955,
   -91.2541713570074,
   -2035.9844339121612,
   -860.9879588666242,
   305.30211950351077
  ],
  [
   -303.05836077319,
   398.5921359500498,
   273.83062622743887,
   -572.4061659064923,
   -845.6251686640727,
   -150.3872095620067,
   -398.71998596099064,
   -657.7876878832697,
   -331.54259102747056,
   -1104.2956942756402,
   121.6382228580887,
   -290.1730685121782,
   -84.14365207316374,
   -1706.6198156235323,
   -45.56314104756922,
   -181.9640576251365
  ],
  [
   -233.5078273960596,
   280.3880274022695,
   -1144.5942661669783,
   -863.8938317938481,
   -726.9766305297467,
   -188.22654678214397,
   219.42267249824158,
   -1236.0516548613869,
   31.591447782347643,
   175.59181098534432,
   -7.2328575656488,
   -296.3286015763433,
   -66.01825843457998,
   -711.0501437528443,
   -606.217790862791,
   -122.87424869436789
  ],
  [
   -46.57307482359572,
   314.95283908257136,
   229.02834312506545,
   215.7434654287371,
   -105.36343052816656,
   32.071969466279704,
   232.00351603263707,
   220.35726287839103,
   -78.80268187814693,
   -615.7652790597177,
   -63.314498250623565,
   -514.2965518012163,
   -134.57774464243454,
   -869.5366408470205,
   21.55752500408718,
   -71.01109790240349
  ],
  [
   -142.0589412783396,
   -262.48009218289786,
   -113.38908382257041,
   31.063094560320554,
   -950.9497874676296,
   -117.87808362681903,
   -89.31342025739681,
   -290.7895075552993,
   -80.80969436087278,
   -588.5348815400138,
   -42.81898883035817,
   268.44741596347393,
   -340.84627199888115,
   -673.6194839872459,
   -338.05491217286004,
   50.32010208251159
  ],
  [
   -77.53117213104814,
   -214.05761057235776,
   327.8797481332653,
   29.504313188253818,
   498.63044259618806,
   356.5469110004705,
   -278.0740622413603,
   -264.39140500509274,
   17.14265201226337,
   -384.16799569806545,
   -203.2135134908435,
   280.23148838428153,
   11.11841428737285,
   127.44586134793033,
   237.8899967353453,
   37.93738437649954
  ],
  [
   -8.712732780832715,
   288.6299436795306,
   -121.35343340395622,
   207.1182083975707,
   -1398.680777339087,
   135.22340563605601,
   44.92047393715929,
   79.97448082152187,
   -25.476892010974783,
   -766.3124552821588,
   10.505466362033147,
   -509.1663197560181,
   -298.99818111819775,
   -1365.815636862109,
   -381.7829574583107,
   64.34961091866407
  ],
  [
   16.524969188326814,
   -246.58660760773859,
   -254.81131022834418,
   -347.61218229582533,
   -449.7110208759407,
   -160.66078890470627,
   -56.335820480143525,
   -689.049784882427,
   81.82678705051178,
   -192.1910595956343,
   36.05519710574917,
   70.36722132389086,
   -12.79815144273284,
   -460.5363750484825,
   -257.7078387117241,
   -58.52399989314292
  ],
  [
   -325.75276209220175,
   105.42186957892474,
   -288.24565711847094,
   -512.4073904179546,
   274.7256352256579,
   410.28874499055206,
   -256.68075843273675,
   -1049.521269513244,
   358.68796602015686,
   284.4680360899867,
   -260.51804352302435,
   -246.7657928119569,
   82.62678599568675,
   589.4244601402708,
   -72.38109377774627,
   -69.67226434979433
  ],
  [
   -323.11784489894586,
   -213.32986376799226,
   -907.4755270047076,
   -90.76241782701048,
   -868.489262432418,
   -124.07546517677532,
   470.05092742248485,
   186.84863187313397,
   16.631031669776835,
   440.7292363783614,
   -230.9391890721568,
   -206.91568574158117,
   56.971154158847504,
   129.93582865551224,
   -424.86995264172475,
   344.2027730881638
  ]
 ],