{
 "input_nodes": 12,
 "hidden_nodes": 16,
 "output_nodes": 20,
 "epochs": 1000,
 "lr": 0.8000000000000003,
 "output": 0,
 "epsilon": 0.01,
 "synapse0": [
  [
   -340.84789057819796,
   -475.5612903899672,
   -1105.481139093378,
   -1140.1442483572152,
   -1520.7807067761792,
   216.0126992970955,
   -801.0631817999537,
   -2978.39901588898,
   -351.6519528482452,
   -1160.2464801075964,
   -719.7016048518058,
   -1094.279086249896,
   -49.08889963299381,
   -2507.043953225618,
   -943.656372541876,
   -587.9023974950574
  ],
  [
   499.199437424828,
   -3002.637926689125,
   1977.7177066661163,
   20.647251517304966,
   1126.8373038194857,
   -2290.730811026011,
   2605.528774011597,
   -320.4688708217681,
   -1312.4590968410462,
   -1479.290100461221,
   2536.522317940457,
   2368.558428304838,
   3.055362158269076,
   1418.2969577536483,
   2305.2296001925843,
   684.9784217460862
  ],
  [
   668.3271317167041,
   886.4825161599844,
   -3693.793706325773,
   535.1913782700839,
   -5971.510749881737,
   -206.54811154074244,
   500.50783101182253,
   2859.398778615485,
   -885.9416034731529,
   -2036.570773654473,
   1382.5886307933513,
   1075.2613007224277,
   -339.81436634977257,
   -7366.806681178935,
   -1543.7320785336797,
   425.4289287322447
  ],
  [
   840.939939419466,
   1132.724880806001,
   -1283.4238530309094,
   -92.65820210374135,
   -5844.784410025202,
   -695.3822811754651,
   -2372.3084289424514,
   -6666.184503025874,
   -1514.5301820861125,
   -5173.6232908967195,
   241.02632961841775,
   -750.6361838057181,
   408.1275116829396,
   -9893.700371733192,
   1118.923752554024,
   -1563.4548991632257
  ],
  [
   314.73378628106934,
   1214.1371244055247,
   -1399.9687359494317,
   223.050193466868,
   -2453.733807984489,
   -118.02155310323745,
   222.84709368177047,
   -5728.15396705373,
   -950.2961233355798,
   452.16960144825094,
   -935.1492640754526,
   -861.033613353195,
   -427.03897878553124,
   -3835.996811904408,
   -4165.520882159518,
   414.150412656741
  ],
  [
   -511.53220115403826,
   1522.2608048706836,
   -2951.648607782723,
   445.3510946992009,
   396.72091715351866,
   362.93554574417533,
   -1679.1696807635758,
   -376.2705905357966,
   1284.7380964114025,
   -1914.7337999055778,
   -789.4367634736891,
   -3352.8485838053152,
   -232.77590720375457,
   -2768.216635951375,
   555.1483058130638,
   -791.2177479437946
  ],
  [
   16.449459758475317,
   -1148.8226270647494,
   -946.2786683398826,
   677.4760206859378,
   -3841.887697485551,
   -464.50600305889117,
   614.1409666552231,
   -1048.279486050817,
   -463.3675710216357,
   -1037.0954622687054,
   673.3833337172321,
   979.2453939965349,
   12.738321406735135,
   -4873.788768132186,
   -496.64243297973513,
   237.8959342037231
  ],
  [
   -1012.5675596858486,
   -753.5768656255871,
   -2706.6473323521977,
   -1361.2794784786158,
   1207.7483653123338,
   1067.9918019372637,
   -490.7330771994017,
   -2557.2518994046973,
   205.58086326797334,
   71.38658720503952,
   83.87873009865605,
   -148.20432086568408,
   461.83203603291685,
   -683.2406374071503,
   1058.5592293375905,
   16.18428288837813
  ],
  [
   -372.9754044357342,
   1722.894282805231,
   -1401.8971449617688,
   246.51657587046398,
   -4563.026581792577,
   455.5447652579688,
   -149.25766112927045,
   -5603.640286983083,
   -933.4181365817789,
   -2956.5331349228286,
   -522.439321707503,
   -761.4248523250249,
   -89.61352666318962,
   -6017.120183074826,
   -1818.8210358611946,
   -685.3448684471759
  ],
  [
   324.31885770432143,
   -1622.8416433882378,
   131.24423356582412,
   -245.89649884996783,
   -626.9493495472801,
   -701.9036509600968,
   -17.853660474937165,
   190.6634238882187,
   -124.78018478336678,
   713.851632700852,
   45.99579347681002,
   39.697823766036514,
   1.6769965647493388,
   -706.2403913566204,
   -604.749604349439,
   -128.7225391711457
  ],
  [
   -593.5125619681638,
   833.0318975296884,
   1176.8071225306235,
   -1163.3788573421582,
   -1213.7766340847595,
   1535.3282911460763,
   -1134.374326334614,
   -2777.130882290613,
   -816.0374272946783,
   1737.8901948339844,
   -905.61803833153,
   1062.3421428422464,
   -393.9076329845348,
   -239.73281168994438,
   -2089.1618250391116,
   -178.333446857154
  ],
  [
   -290.2449155847964,
   -242.97198470797034,
   104.8105663188424,
   -756.1752743302526,
   -3993.4644518317755,
   -253.78437960134175,
   1473.9360996171367,
   1261.1098033318585,
   -2625.093372353954,
   -2441.9737649773297,
   -2004.1241176155354,
   1458.4489964506854,
   -1131.720134075015,
   1799.5459416296126,
   -4543.32563272301,
   391.21524278196097
  ]
 ],