{
 "input_nodes": 12,
 "hidden_nodes": 16,
 "output_nodes": 20,
 "epochs": 1000,
 "lr": 0.10000000000000007,
 "output": 0,
 "epsilon": 0.01,
 "synapse0": [
  [
   -5368.7428302722765,
   -4064.163117685509,
   -9510.479404995162,
   -763.9724316374793,
   -7179.600472558636,
   1574.9194242730214,
   -8362.358657986872,
   -41002.329622812256,
   -7983.251531810548,
   -12375.420453940073,
   -3894.585519626768,
   1728.8971577429174,
   -4200.60013301261,
   -17191.752944958946,
   -6521.122314340243,
   -1633.0176183199308
  ],
  [
   10285.811123182995,
   -5299.095271402695,
   11994.349350100345,
   -2218.03813610636,
   7689.293020568832,
   -10152.698670262966,
   10482.302336992056,
   11925.898901497416,
   18892.195555896877,
   7767.755085172511,
   12473.959746953245,
   -10082.302636385839,
   973.2873487666927,
   11213.595894562202,
   9591.83944804004,
   -1428.1228228675816
  ],
  [
   2664.817318925167,
   5677.792703751227,
   -51874.614286978125,
   1871.235615218382,
   -32908.64886665649,
   -3852.9536903164394,
   9302.612980465934,
   20299.402909099215,
   -37200.37389262626,
   -46317.342997253545,
   1783.197243402605,
   -2418.2294611400894,
   1575.7203078662924,
   -46811.41694188509,
   3639.5568574133317,
   -1131.8047881696014
  ],
  [
   1240.513028532092,
   3002.6925238469553,
   -44705.26975703344,
   6856.1232856409515,
   -20453.884419358506,
   -1412.1169060994987,
   -9692.758069084872,
   -39874.11847059577,
   -3525.08665570331,
   -40852.61932981861,
   -1969.4286289804418,
   -1553.8798232325173,
   -537.653773578859,
   -39825.4766162796,
   -3813.781566429677,
   11615.665820644479
  ],
  [
   -5516.657860322325,
   2130.5793672743453,
   -25705.474766309977,
   1880.83746020568,
   -9001.486131001297,
   -1253.1272490137321,
   -3155.778016325959,
   -53219.360291585814,
   -17513.828576449065,
   -5980.4548732861995,
   -8662.163197437792,
   2171.4129301484722,
   -5849.35215859346,
   -25831.188181062735,
   -5764.333239565272,
   -5222.491214606062
  ],
  [
   -4582.832659233602,
   3144.1661090774073,
   2930.885884319222,
   2232.132288007706,
   4326.110093732913,
   2691.7737536821996,
   -6072.117272720803,
   23649.516457608912,
   5441.539380600729,
   -5519.068508318309,
   -8422.356471066581,
   765.1822416264113,
   -724.2907983759791,
   740.1248961973174,
   -5999.768658412757,
   -937.0625378769423
  ],
  [
   -2260.895465550668,
   -3331.3630299650526,
   -21549.178667414257,
   227.23816969126543,
   -19884.06059047829,
   -1903.6110859981727,
   2468.127456899738,
   -11807.548601289613,
   -25841.419073491335,
   -31257.805621897376,
   -1217.2672927622907,
   -1453.9539908466998,
   628.7693372958064,
   -31158.980608813257,
   -642.7865964722307,
   -571.8664226219989
  ],
  [
   -5833.972667722707,
   -1186.1754647734717,
   -7093.812708416574,
   -2902.631689967782,
   7372.308467037956,
   4669.988376235474,
   1003.370703713502,
   -41803.03559122119,
   18617.39994450134,
   760.8408315546867,
   2623.764664942822,
   662.1565492751533,
   -1772.7717517067729,
   -1490.9288251787302,
   -2804.3910992935507,
   3971.3973722446303
  ],
  [
   -253.52029717517698,
   5128.199512179125,
   -14971.462043854022,
   -650.5219897232066,
   -18577.087021186268,
   -564.172868386017,
   997.6189637394637,
   -18641.117933635884,
   -34434.165065458685,
   -27991.301128596737,
   -6386.94271949325,
   3921.2695583082814,
   1257.6866595206795,
   -20537.920234301382,
   -3930.8565771638077,
   -3521.027456666196
  ],
  [
   -995.6875305328724,
   -1899.1285322068466,
   -7022.989356163974,
   -1048.112509551442,
   -8952.421416801835,
   -3089.3598017387217,
   505.6751458542819,
   -20431.336294777393,
   -16818.952715279414,
   -12211.718998290426,
   5109.410250158175,
   -4962.873757813084,
   -858.1530934355815,
   -17710.211396374874,
   3993.8584198230715,
   -2726.7683780336592
  ],
  [
   -467.3694897737337,
   110.92022865095383,
   3920.9801834908744,
   -3998.0129061875828,
   -4946.396438742174,
   3979.980783649374,
   -2095.9186827002877,
   -47345.90411302553,
   -2925.4294028065005,
   -1093.831718596258,
   -500.71457770767205,
   3416.700733611033,
   985.5507439182007,
   -6736.78827434278,
   -1844.2517962637917,
   -5916.5548509477385
  ],
  [
   690.4553145593958,
   -1094.9998335195535,
   19081.539006086405,
   -3505.5306404487246,
   -10754.671697199556,
   -1887.6884673318107,
   3245.076054360634,
   9536.705441114611,
   -26797.17908695228,
   4516.111447983237,
   -13425.075311910849,
   1812.3412503054808,
   -4373.8735549755565,
   14886.123167289661,
   -7179.1566399135545,
   -20794.45539958133
  ]
 ],