{
 "input_nodes": 12,
 "hidden_nodes": 16,
 "output_nodes": 20,
 "epochs": 1000,
 "lr": 0.6000000000000001,
 "output": 0,
 "epsilon": 0.01,
 "synapse0": [
  [
   347.69600146107837,
   -7555.988888815025,
   -24297.22012132862,
   1674.85930112914,
   -14850.25383900922,
   -1891.5920128622715,
   7160.143260778021,
   -4766.782358394122,
   -19632.694806644897,
   -20841.78391788798,
   272.4239187243011,
   -6995.78098699467,
   -10007.387388162102,
   -2531.8135559699076,
   -5658.486540575215,
   -20098.70996805287
  ],
  [
   -3322.9748563865164,
   14194.046780474144,
   18238.74852687841,
   1957.9021945584198,
   -1757.6442282273042,
   3219.4141412032427,
   -13122.63873778664,
   -19670.545287561585,
   7240.319935078009,
   19035.66218178102,
   2179.5416737522237,
   -3803.3259829245267,
   6715.961166878179,
   -9222.035570160424,
   -5455.356778613745,
   12988.272483384075
  ],
  [
   6896.869493577063,
   -19958.877142856618,
   11180.55086515723,
   -9389.422236456447,
   -2943.0771828683783,
   -2802.598964909327,
   -12584.193652746371,
   -20812.2179680224,
   -8988.606085019574,
   18408.688998750138,
   -8231.264978923755,
   -24336.118295380973,
   -28335.781525301783,
   12517.578189323733,
   -1785.5668328418608,
   3681.9963966192277
  ],
  [
   -8640.329245480956,
   2412.612339322125,
   -8767.554901498925,
   6340.3166146107205,
   -17037.138960740984,
   4575.579137130674,
   227.14922298276628,
   -16383.603119994352,
   16835.85185779728,
   -7430.143015899354,
   -1809.9161462478944,
   3443.827203346411,
   6297.036206379581,
   -11756.69328447881,
   -1557.9740272655806,
   -26826.783780633188
  ],
  [
   2281.4953681168654,
   1300.4727879825175,
   8697.799952829448,
   5655.713428054465,
   2623.405438982236,
   -3121.696088530372,
   -11482.942195324127,
   -5746.105939246054,
   15688.034734777313,
   2776.7453642437613,
   1510.13118480025,
   2874.561257133361,
   4324.266669780497,
   -3267.1436087609545,
   15815.267427592315,
   2081.824689875769
  ],
  [
   -501.6493462636657,
   1388.5979428816615,
   -14253.252413295395,
   2847.1171044608527,
   -21344.590849887394,
   -2414.137554946457,
   13757.228533303674,
   -18351.011222611673,
   -17547.958133900804,
   -13043.953710404377,
   -2312.4290033855245,
   -7149.268948427725,
   -1951.1253107361497,
   -701.5052869791213,
   -4287.941080586092,
   -15538.960306906318
  ],
  [
   -3787.8304395695786,
   2807.0891674125924,
   8227.94052544461,
   -3192.0391065598747,
   3324.895966745623,
   692.6501190090167,
   -21753.5850609965,
   -6133.114582471493,
   1748.8717667258115,
   13755.800774052186,
   6947.351739747223,
   781.7538360907176,
   -2733.821022947472,
   -2800.390197422727,
   -2930.2129659710904,
   18282.45358886947
  ],
  [
   -3451.8776728372204,
   -1558.241570388774,
   -25557.888021268285,
   -3384.0151954251373,
   -24828.702986449767,
   -3269.232367208004,
   -19773.79074726605,
   -36038.916853084025,
   -31840.992090265016,
   -30724.416407735946,
   -5591.593784730985,
   -16023.420417017367,
   6962.117901356352,
   -1550.7146484662824,
   -28599.216210378887,
   -31830.28767587242
  ],
  [
   -4244.241968306705,
   -1861.7734237912493,
   -18350.423924555264,
   875.1224318240312,
   -9640.373560622515,
   -948.4322576490496,
   9361.893516940523,
   -14292.157073003582,
   -15655.55800940073,
   -15295.897515878154,
   914.4437900812588,
   -10211.599362055726,
   -2960.273294432485,
   -3829.120326928543,
   -23666.516358424975,
   -13948.093242237906
  ],
  [
   604.5911480016736,
   5246.331329051102,
   -326.55466495900475,
   -3681.8912945678335,
   -13683.047416959336,
   -1347.8746515030484,
   -19005.00275750448,
   -30188.327323666173,
   -8062.103374587359,
   -1603.6003671251897,
   -7223.455970808756,
   -2385.7280043788583,
   -730.3381591404819,
   -4682.700914950374,
   -1820.635043802346,
   -7416.491997364429
  ],
  [
   -3871.8100180874403,
   -9144.521685851209,
   -12000.61330744585,
   -8003.554945249487,
   -11896.296156301827,
   -8878.111716229281,
   -18563.843619516658,
   -20848.08319404342,
   -10155.010066495684,
   -14029.218613555264,
   -7554.497637608952,
   -4018.665038834543,
   -2005.6011681518214,
   12551.906669153053,
   -2831.4750489826333,
   -16690.036936583565
  ],
  [
   5945.982867935861,
   12465.769190640302,
   31771.86632782812,
   -120.64766042972803,
   24074.529469900568,
   -1421.833539596526,
   -931.174833946199,
   -1.3437971117501322,
   12919.508674291665,
   24524.420521484877,
   1728.6369914197437,
   3230.9167933979684,
   2442.4898021197155,
   -9652.719046197153,
   15588.356349295887,
   29451.06985742599
  ]
 ],