{
 "input_nodes": 12,
 "hidden_nodes": 16,
 "output_nodes": 20,
 "epochs": 1000,
 "lr": 0.5,
 "output": 0,
 "epsilon": 0.01,
 "synapse0": [
  [
   1053.7575102346786,
   -1789.8327653508632,
   -2020.9986547243677,
   -445.0751876791431,
   -431.0838634823595,
   732.2549737861993,
   -3439.974504429949,
   -471.59338119568923,
   -920.800727889806,
   -1155.4194168026534,
   865.3647946450286,
   -494.8713804857105,
   -3165.282729950448,
   -627.8357503303284,
   373.3718536830421,
   -2907.985009260752
  ],
  [
   -652.2890716421281,
   2662.484579119561,
   2367.372642866779,
   61.19405276467791,
   362.1455547429534,
   -2451.756182645464,
   2052.631970467121,
   273.03266694193746,
   52.87735799168831,
   795.8000346477551,
   -161.02809939782614,
   312.8807946634556,
   2746.2318796890704,
   -1929.0655668795337,
   -893.9551478045006,
   2832.7327709440215
  ],
  [
   768.8011814092014,
   -4068.8498521122874,
   3638.1205610036895,
   -3417.3162068119436,
   958.408171341171,
   -1680.3322959500836,
   -3737.297523489418,
   -1318.134233489268,
   -5232.627615904857,
   538.0553889993611,
   -776.4608289529424,
   -1231.7729515684046,
   -6306.93332064384,
   1715.3746209669373,
   -1157.9588573354897,
   -114.21083378612029
  ],
  [
   440.0399063170689,
   842.945161902227,
   -5652.962224481566,
   -1316.6284509613583,
   -1023.1359092015922,
   -1224.3326530923148,
   -277.0783959609332,
   -1141.2137389576633,
   -851.4415327403483,
   -215.92625763719346,
   1833.1457961433516,
   383.955245633616,
   -3349.756404876946,
   -2194.477399134185,
   -1617.2415858896243,
   -150.45277624809046
  ],
  [
   611.4346135085163,
   840.8044090803611,
   -1752.7811452350365,
   1748.9676740689158,
   94.62173138888241,
   -981.8295600532439,
   4066.884550991965,
   -571.2281405161684,
   -3112.5692996434705,
   497.3154892988455,
   632.9931968705779,
   285.39341079477254,
   826.1744044027082,
   -762.8667665768788,
   1275.593250878121,
   588.216413770503
  ],
  [
   392.5939531687906,
   -629.179267158742,
   -2265.3521136956006,
   -332.85023092387877,
   -837.7007972453677,
   -745.982014991392,
   -2143.657776995386,
   -21.39963727949761,
   -839.9746780623763,
   -1008.9094607762108,
   -272.00038675773925,
   672.3397916316994,
   365.3040396355936,
   -119.10784359836056,
   -2231.721080666107,
   -628.7617647432762
  ],
  [
   -853.9759688174302,
   109.70706035623635,
   416.66962509174664,
   -1253.0626340907795,
   -412.0120501504588,
   -459.5285825501365,
   -511.1376772742699,
   240.64683178237348,
   2928.691835128938,
   865.9220739300171,
   4.433839855558115,
   -338.4549726434225,
   -1346.9904609190207,
   -434.7373883954893,
   672.0966744069349,
   -138.86031423281386
  ],
  [
   -1122.2648629560422,
   374.5271344399634,
   -1227.9352553031422,
   -1667.6993475245326,
   -1309.7392237672022,
   -3733.0486514866293,
   -7193.359496656457,
   -1237.979346359263,
   -1829.8266730032394,
   -2724.151900440481,
   -646.3111085731948,
   -2485.864327091633,
   2336.0763349151707,
   -554.1182091850753,
   -3453.0505255905696,
   -1797.5247891461854
  ],
  [
   -215.14885682545463,
   -1702.7878360892219,
   -161.43480937042628,
   -2297.3424058612954,
   -412.96948562307733,
   -360.7333901465497,
   -4786.667611292341,
   435.37891515258445,
   555.6253507433215,
   -915.7632868097613,
   521.0131357005829,
   165.8069080806465,
   -436.33190841119307,
   -474.4957306931928,
   -1905.0576848893293,
   -1194.860781057481
  ],
  [
   -246.62463896934665,
   483.08724534547423,
   -258.5514852230834,
   -395.53722298257725,
   -882.2314580409184,
   -3699.7809920305135,
   -2255.94529740945,
   -1209.914760886854,
   -1389.6340197755762,
   -861.1053185885569,
   -927.3993356638496,
   -1777.2478889451972,
   -3256.5035378765247,
   -464.4837498610967,
   -2134.1073987527016,
   -1252.8507928929535
  ],
  [
   -1319.2235423506454,
   -522.0445925880681,
   -5188.823565314827,
   -1080.327150441673,
   -3549.548445791397,
   -931.367870341709,
   -3981.1532083492666,
   -1992.8669045529339,
   -2199.356927359521,
   -2656.000029545024,
   -1770.2430443939243,
   -2007.1919975967746,
   -1994.0438994101848,
   2725.2395086772744,
   -1520.5382634938528,
   -4866.913381772116
  ],
  [
   778.0128085281997,
   2328.7335484661653,
   4872.323170067278,
   3125.137736249697,
   1429.3311855487734,
   2299.906408313805,
   5666.424376184115,
   1066.4312739946156,
   -1453.11278337105,
   1141.5758661589534,
   -389.7335235463572,
   1391.466086186009,
   -73.98053065133088,
   -1807.4631760941372,
   2859.0894796357493,
   1083.4769817743622
  ]
 ],