{
 "input_nodes": 12,
 "hidden_nodes": 16,
 "output_nodes": 20,
 "epochs": 1000,
 "lr": 0.5,
 "output": 0,
 "epsilon": 0.01,
 "synapse0": [
  [
   785.94987101964,
   3461.7635370585226,
   -1130.0974315906167,
   -11846.826077747133,
   -10130.493712900945,
   -2612.341493164369,
   -8235.874230408692,
   -1733.2730251156968,
   204.81221347807934,
   -5762.522313756152,
   4532.346843314055,
   6518.60433363875,
   -4854.766628104451,
   -4469.725234150615,
   -1723.6893301904556,
   847.474114058225
  ],
  [
   -2364.3760713792904,
   -15455.100806976918,
   5205.629025549383,
   9367.587056556664,
   -8727.363211791011,
   1828.6213262823433,
   1219.4087436686013,
   2499.855779412013,
   1070.5789458522745,
   7533.353395432354,
   -8440.000480661247,
   -10987.100080025752,
   1659.0209563622686,
   4373.198217602268,
   -2613.736271149813,
   -8943.929541806578
  ],
  [
   -17715.605249680455,
   13206.196118028878,
   -11468.223794717182,
   -6227.8222079833295,
   3802.546898644091,
   2128.8022233746556,
   -4751.684048471155,
   1427.5390140678567,
   -4904.305151871002,
   -10776.585599482845,
   2870.124443827784,
   7212.879272978302,
   -12735.225590339214,
   -15640.503576208386,
   1297.237995296346,
   8469.787017099448
  ],
  [
   -2552.2697156692643,
   7295.401086716349,
   -1824.6929222951953,
   -11458.327640303733,
   -24798.352669870197,
   1312.208730169589,
   -10516.021595782375,
   2120.669263865464,
   -432.48720961312915,
   -2606.8279292204634,
   2766.0990669743906,
   2897.524975122615,
   -15991.908897784222,
   -5704.357268436002,
   -1269.845230557142,
   2536.445055271708
  ],
  [
   -3033.3803729038077,
   5556.57852932792,
   1474.1533467153888,
   -16940.111168395528,
   -30647.581523879973,
   -2212.864097244849,
   -25058.823339715564,
   -614.0159431230254,
   -1876.2923763155522,
   -3336.6336033816124,
   4258.583574990422,
   5739.37165970768,
   -16355.990018271852,
   -4032.0454075468156,
   -1323.8638194758182,
   -140.6243537477821
  ],
  [
   -6032.073598489934,
   -3729.0629379940324,
   903.9609421676562,
   -5537.381315997326,
   -6022.852291106573,
   -4615.349246101466,
   -6768.926401094701,
   -5091.22033079637,
   3476.231304328451,
   2565.8475778120755,
   1754.8671942974156,
   339.8109935400201,
   -4244.890420378165,
   -5334.271086296667,
   8.087796745854387,
   -3167.8650136957463
  ],
  [
   1102.7666632308838,
   3914.4058047455387,
   -428.3492818380528,
   -361.157671751616,
   -1819.9916408133713,
   336.47418484556755,
   -6908.96798388481,
   -1055.3386192623327,
   -2340.5227159922947,
   -11694.339276938656,
   1561.862647485407,
   3335.414686045758,
   -2809.947653529571,
   -3045.5292345991074,
   -2924.3144527953705,
   -2284.5173282463484
  ],
  [
   -6863.484949698421,
   6307.74867361383,
   -3104.078853914497,
   -1099.095810348196,
   6463.886650976196,
   652.4547582619326,
   -7292.589164500804,
   -2480.666443845115,
   -2856.7989891568095,
   -3505.6055125794132,
   793.4497807480241,
   803.4195691977698,
   2751.1100280510486,
   755.7149402808171,
   -2057.4855825921836,
   -3259.032779559464
  ],
  [
   6680.956779558991,
   -1493.9510741631927,
   4318.9768381726535,
   -6956.105542402556,
   -13878.00773819568,
   -9760.69364625564,
   -8498.465900213441,
   11013.438506290311,
   1239.104941812119,
   2206.548037591726,
   220.3840716923017,
   795.4844100918749,
   -5157.300653525433,
   208.9782018079832,
   1477.16920728717,
   -2031.3073455235708
  ],
  [
   -3230.1320563514014,
   179.07078862642595,
   -1111.6866681978752,
   491.51991924714935,
   10050.623689952128,
   -576.9354520566733,
   858.9137878385139,
   -4529.851127325844,
   -1388.8894551590595,
   -5762.4820929526795,
   -1858.720701075354,
   -770.6513497532418,
   4170.274114853294,
   -3523.10214279117,
   -306.1307585574599,
   898.6523876292031
  ],
  [
   4291.632028041169,
   -5776.450122270033,
   -6340.249239342901,
   4094.952747438932,
   15160.79386168279,
   2430.607994411046,
   7318.736323016822,
   -8908.027458677578,
   -62.29061992032332,
   -1229.0217367988043,
   -7158.146205572151,
   -3626.621497479596,
   742.4065744730395,
   -2.5000274137536724,
   -887.5754533238701,
   -4288.034844301842
  ],
  [
   -5803.174953148325,
   -13635.649418762878,
   -4277.754738329079,
   3119.1773292024354,
   10453.271401493212,
   538.2924571401257,
   4427.897155367226,
   -9203.3249195367,
   2124.3896860089753,
   5492.17641890554,
   531.2842861525846,
   -6129.326280991564,
   5659.98962355955,
   -8803.302316396359,
   3876.2228331901883,
   4149.593229398829
  ]
 ],