{
 "input_nodes": 12,
 "hidden_nodes": 16,
 "output_nodes": 20,
 "epochs": 1000,
 "lr": 0.5,
 "output": 0,
 "epsilon": 0.01,
 "synapse0": [
  [
   -2737.7118042640395,
   4051.7793798661564,
   594.8760906354464,
   -5108.98325975164,
   -5958.499377845673,
   -504.748915112519,
   -2349.0704480628765,
   -1415.6406395426175,
   521.8881955787307,
   -3618.347556963582,
   2612.159629876751,
   1575.2315413177819,
   -675.2870738366041,
   -789.3932074588179,
   269.55134619889964,
   2325.2106274893426
  ],
  [
   526.15913660191,
   -7923.351624659105,
   1053.6321702381404,
   4587.039860453945,
   -5363.48620350086,
   -1830.169850519011,
   2441.9725789427025,
   436.77022191599605,
   1201.2524290191036,
   2206.7151189353413,
   -6602.003829388122,
   -5793.071307378492,
   -1623.243469434968,
   -16.15107458868666,
   -4528.056458343762,
   -6533.553924739971
  ],
  [
   -4411.043832396495,
   4512.31945172333,
   -2490.5343891383122,
   -2615.223438262382,
   -5508.706343449543,
   2049.307238029576,
   -2417.4309441339738,
   -3449.7704585377655,
   -3733.4438612587983,
   -2295.8244120277204,
   694.6257603986064,
   2994.2476539225663,
   -7556.401876985575,
   -191.93200246025893,
   3858.349439622488,
   1864.1027068177525
  ],
  [
   -4814.816196057321,
   4745.030786020268,
   268.94391164464975,
   -554.9120221794535,
   -15540.827241999808,
   1556.1575882553761,
   -3066.7767315103456,
   -972.7986094882828,
   -805.3193416540788,
   -3173.343153129698,
   590.2227088760989,
   -42.057556149080064,
   -10159.58697760973,
   -1215.5078196420825,
   -512.3999933955025,
   1222.6278522217058
  ],
  [
   -6853.136694439397,
   1563.7654923450032,
   1103.1680181172173,
   -4380.600588631263,
   -13737.129220748562,
   -299.9085436615416,
   -1698.9426532414445,
   777.2998011032254,
   -168.8012883665693,
   -2251.2240678861904,
   2123.9107901305974,
   297.5414837191741,
   -9630.802966526155,
   153.26561222560653,
   -272.9421743124767,
   1243.0161544686855
  ],
  [
   -3970.3683401945955,
   -2437.697720002336,
   -167.74784198945792,
   539.9502014787873,
   -4255.301406016599,
   -2410.4150796140098,
   -84.24619763458196,
   -1853.84399055422,
   2434.035717428291,
   -368.3066200468354,
   -72.53126267874607,
   -2127.2524712853146,
   -513.2600262606537,
   -1597.9660430655056,
   -113.72337652944947,
   -585.3867526955227
  ],
  [
   -2373.5163466631852,
   1905.814109328975,
   542.6819892573684,
   -2156.3958477130063,
   -4048.5086887111293,
   347.3753103506426,
   -1262.0001234564158,
   -2723.383224368291,
   -1794.597500977573,
   -3028.2901133215155,
   -187.6983327289279,
   429.6865781994293,
   -2702.5480164914648,
   -247.8569560348978,
   -152.3218741903895,
   -579.6193889651474
  ],
  [
   -705.6571106007583,
   -1031.8641495696397,
   848.0773451898591,
   -2910.987267899784,
   1208.831108944842,
   743.3013554072054,
   -486.20070625501927,
   -4140.351214678202,
   -961.4923033059989,
   1051.7627976498802,
   -153.26077878372251,
   -41.44081116995052,
   1464.5870649203746,
   -156.3140542013218,
   254.13536120461538,
   -2894.818071226612
  ],
  [
   -2757.6226037280776,
   -1009.0307725527672,
   1554.1015356184198,
   -1402.1689380915434,
   -9285.370564419372,
   -2788.847796313906,
   -558.4096513218784,
   2410.840520526333,
   -825.0625113630078,
   1291.7129745253849,
   1200.8907609103173,
   3.890081244704308,
   -2670.6261965161166,
   -1752.1353952435868,
   1333.8130561812313,
   -782.7918058396252
  ],
  [
   592.7679080987539,
   -1897.8722618856534,
   111.26385638068773,
   -805.4812736793274,
   662.430607604743,
   -10.638786668777707,
   -565.5236091194402,
   -4319.420561843543,
   -13.739516323151761,
   -1877.633148962122,
   -1134.5822080479145,
   -1961.3632091743102,
   3753.4872411939336,
   -537.1403544469821,
   197.47445865719834,
   -1104.0585672666919
  ],
  [
   4507.302013625906,
   -519.2873620588433,
   -2490.1982799365496,
   1950.0707803841256,
   6991.497139229184,
   1712.8705727863382,
   -251.42784810434938,
   -6143.213816685548,
   -605.1641939360412,
   -4181.121538646497,
   -3413.5988052026437,
   -1536.6383601069726,
   1289.2472988566624,
   86.6010078398826,
   -1014.843972466545,
   -703.8459469654513
  ],
  [
   421.7560439527017,
   -5844.546849500818,
   -4884.665760048803,
   2718.686452896256,
   -617.983622366565,
   -1612.9538348965991,
   2373.7169878557247,
   -5475.983823892718,
   1913.2596499705323,
   1099.0599595700903,
   401.26785762953335,
   -3555.0059356938973,
   7077.908051162329,
   2747.794945417592,
   -528.9449897791196,
   -999.6747572203595
  ]
 ],