{
 "input_nodes": 12,
 "hidden_nodes": 16,
 "output_nodes": 20,
 "epochs": 1000,
 "lr": 0.9000000000000004,
 "output": 0,
 "epsilon": 0.01,
 "synapse0": [
  [
   -2245.2982015230746,
   1575.8283302668442,
   -3345.1613992822836,
   -1119.6654347931242,
   -7509.781539900189,
   -10328.008649719883,
   -4937.579181057241,
   -1985.2338349914648,
   -185.6959851588599,
   327.71293617652236,
   3590.246880404177,
   -1121.8710002376054,
   -3926.28445711316,
   -5281.560708601608,
   -1497.2138070098342,
   -4850.28164686306
  ],
  [
   4464.622879822706,
   -1910.0847609083205,
   1082.3062451123444,
   -691.9052780522248,
   -7779.454120281944,
   8354.415026013457,
   5151.940114832191,
   -4942.322397699536,
   84.19248795490194,
   640.1641548206453,
   -5147.101047685591,
   1539.460643679999,
   1413.3929010411218,
   6658.462543073902,
   -1384.8456201350891,
   7361.2226301743685
  ],
  [
   -12826.711028111462,
   1931.5962036151836,
   -7925.00484211486,
   -561.9438303410069,
   -20843.981117402305,
   -12538.4322467841,
   -2820.9855166284947,
   -13306.633705880495,
   -4864.183026147788,
   1194.7118726802032,
   -141.48587338093267,
   -1509.624258933882,
   -10536.421110367397,
   -4395.554791350795,
   1965.431593523583,
   -1406.086051184935
  ],
  [
   -3151.700166321383,
   1621.651339292785,
   2188.222655501878,
   367.38006324274676,
   -1914.3545098616387,
   -4371.856124846702,
   247.2249068510788,
   -6299.0464970135245,
   1123.4678317115263,
   748.3323974484488,
   103.73072311177738,
   -1614.5853554901933,
   -1021.1021860773614,
   935.4255662145375,
   -391.63986613818855,
   2424.764009780014
  ],
  [
   -2236.3952902314545,
   1341.5948198662165,
   -2143.9191653704133,
   580.9048774058975,
   -11373.91911364687,
   -25297.116084710855,
   -6989.044466841,
   -4717.309772649329,
   -3276.156897394012,
   -2130.035451166648,
   485.0525571686373,
   -1843.8529723331421,
   -5724.168514134302,
   -6698.874385775855,
   2208.686687820959,
   -20.43364238407108
  ],
  [
   9596.69531954345,
   1885.1715007893679,
   -129.8914642279204,
   -2628.6674616093906,
   -2671.716856136508,
   -2225.331577560507,
   746.7292757149723,
   2220.111582584967,
   302.84912158913664,
   -182.5618409466053,
   -3339.0627379156754,
   -3851.3640867571826,
   -460.172399824287,
   464.7718607302298,
   1682.6075305862496,
   1076.5942682173193
  ],
  [
   -7790.205698627924,
   -465.53563366950505,
   -9313.134862448365,
   -1346.4420769602916,
   -15323.772579260012,
   -9294.1010619978,
   -6020.138492025586,
   -2596.5241857247524,
   27.003968418167055,
   299.71174325131966,
   -1261.6137839203104,
   2453.3772946969452,
   -4373.518833832662,
   -8720.97216279979,
   312.8153294511171,
   -5954.720803099575
  ],
  [
   3715.2150456508566,
   -1397.8273422793443,
   -2738.687555349403,
   -413.43824043485324,
   -31128.57507594622,
   -14537.070995320406,
   5916.145090290893,
   -17278.535324849163,
   414.35503870333065,
   1753.6229820535114,
   -1463.4678587944566,
   857.7569743611958,
   -7372.748155080061,
   838.7030013289506,
   -1312.7860192359287,
   1677.7501838360702
  ],
  [
   -1623.7748713471406,
   -417.49747255095247,
   -4363.364408172802,
   2736.9721348855433,
   -25304.388738987025,
   9025.420893376562,
   -2763.5929491715815,
   -15330.471655261652,
   777.672510985705,
   -3466.533945258026,
   -1114.2245291297495,
   190.78298549473982,
   -3803.9114577492333,
   1941.8890526127827,
   -2798.050124941037,
   -1173.2532240001713
  ],
  [
   8100.480497053724,
   -1221.185187838452,
   -5087.203180735731,
   861.6048841500223,
   -27182.81424528651,
   7658.254812171073,
   1274.5584767015591,
   -14858.792386449895,
   3377.494931579152,
   -1934.0935567001864,
   -1340.0437574775183,
   379.03838803071284,
   -9767.64730296479,
   2379.5451891997536,
   -2608.9017155264364,
   675.9183650206156
  ],
  [
   -20946.92250771872,
   -5840.509227447155,
   -4007.3008306988586,
   1008.715217600529,
   -6748.139075810467,
   -55155.8702911254,
   -6962.564259708146,
   -13237.600196738198,
   -151.15434136978962,
   3341.950790183968,
   3398.6704461873815,
   2176.851406566873,
   -6232.66410771407,
   -12361.424341569429,
   -1335.7935232039924,
   -6827.000509231244
  ],
  [
   7033.738844450626,
   1429.2362820209596,
   -3061.6458381929365,
   -1161.163141117318,
   -4982.074562378931,
   3373.412626086638,
   -3215.1494849416645,
   3301.6367669525353,
   -2831.50037299415,
   -2835.5246128867457,
   -1531.553934975229,
   -619.0446672509192,
   1176.1736910536088,
   -849.5884900959172,
   -583.3057056708533,
   -3433.757929521073
  ]
 ],