{
 "input_nodes": 12,
 "hidden_nodes": 16,
 "output_nodes": 20,
 "epochs": 1000,
 "lr": 0.6500000000000001,
 "output": 0,
 "epsilon": 0.01,
 "synapse0": [
  [
   -1323.8934155354068,
   147.9969166191703,
   2385.00419655588,
   2484.5002751063744,
   604.1285519378164,
   -926.6660375786829,
   -3480.128801595167,
   1614.5521542587956,
   -6896.503702445682,
   2180.428490294699,
   1119.6647855008684,
   -6724.158680025477,
   -1963.3936720898869,
   3490.901441994858,
   -1820.1969731420852,
   2126.227820380366
  ],
  [
   -1180.5857667418732,
   2174.3126176769592,
   -3447.5463705079655,
   -3431.717887889463,
   -4777.226763429017,
   4866.266032523463,
   2635.4166704050654,
   -3448.8012636242906,
   9711.539206549167,
   -4104.731635664431,
   -2531.4299065626637,
   7339.213878888544,
   729.2543431626601,
   -3975.510509988031,
   -304.79279038244437,
   -2649.783344078206
  ],
  [
   -5880.080070730341,
   -2921.7798367784503,
   8264.6017606433,
   340.5315192306324,
   -2301.491630513241,
   -6675.819398868188,
   6207.071383505317,
   -13437.602560007486,
   -5903.202559018076,
   2729.313250713904,
   1017.9248827029248,
   460.0021165205341,
   -2501.883041943195,
   5331.877479516575,
   -12117.347875272753,
   -3276.506734629468
  ],
  [
   -3113.192228268377,
   3881.1000063574465,
   -2299.183697142927,
   -154.58778823556398,
   -8167.625404563549,
   2183.0883759982084,
   -695.213430011625,
   -4482.866252439888,
   2296.3959308033277,
   769.6223424876553,
   1463.4195662564098,
   -732.5557442276157,
   -4398.125823603136,
   1373.1558048329769,
   -1905.6668324663776,
   6170.797195479233
  ],
  [
   -1535.6421533959106,
   -3234.949422247116,
   -3886.3887863197306,
   2813.7605605876925,
   1870.207972058316,
   -3291.923407679232,
   -3645.8315597069522,
   -2266.12334713268,
   -5282.906407493203,
   -637.0778318256026,
   1915.3182400242229,
   1159.7919722511283,
   -2448.4319392370776,
   -1752.4812866375755,
   -8434.119702081096,
   1125.0704086138644
  ],
  [
   2914.6627353207627,
   720.0683664601723,
   2772.4346511887106,
   628.2184451571351,
   488.4083364550435,
   432.2045396815902,
   -2799.9000517958243,
   2031.5524098902065,
   -6585.632391130825,
   814.5703789741966,
   -446.8642738687467,
   -4113.934433267871,
   -20.536846113250107,
   -1111.7861687986547,
   -433.7292518501344,
   898.0157206961696
  ],
  [
   213.23845867428912,
   3812.593425197602,
   79.86831285812927,
   903.2779137572802,
   318.1792017602311,
   -352.44590790607737,
   -4972.797519128148,
   5120.43939002761,
   -4742.351538262722,
   -376.7213188911294,
   -867.6055357404854,
   -2474.827348424174,
   -233.27613338632077,
   -1444.7203484064153,
   1026.2567043154352,
   -232.67766690192224
  ],
  [
   -3320.484712496588,
   -9044.862782860086,
   -2424.7331563190687,
   -2878.24479504525,
   5716.164444600423,
   -2287.3743983110257,
   2861.2766378806837,
   1025.0789217537647,
   -3515.4900461905577,
   -3648.0577894951903,
   1234.3156588330062,
   1428.0285258652987,
   562.2115817336621,
   -4447.363108578026,
   -4457.652294667245,
   -8584.838362415672
  ],
  [
   347.45437043824245,
   -729.3907052345357,
   -3138.49682762127,
   -697.2030811027786,
   1497.4099103124547,
   -2210.872259652176,
   -1262.6261557955727,
   1351.5447944124064,
   -2378.944492818606,
   -1198.3276088401624,
   -1822.7267741432354,
   -2552.1274619810233,
   2003.9263977028497,
   2016.3627704575126,
   4261.626946215426,
   -2198.8069597218114
  ],
  [
   -5118.257773033629,
   -4107.419917297436,
   -3461.6471985788817,
   -419.8887615416022,
   -780.0782476917096,
   -3190.4169311836154,
   -431.007284902518,
   -2639.6171845139725,
   -6816.125087070835,
   221.56843162804287,
   -506.67927312953424,
   1630.9031137829436,
   -1024.4323486393514,
   33.52334701879718,
   -953.2338039872901,
   -7706.123113984939
  ],
  [
   -8481.717719425089,
   1299.3284807934654,
   -1308.9369193532052,
   502.04208873896255,
   -6328.548795683245,
   -2754.3312253774193,
   1584.2533066561782,
   -4564.671023941823,
   -2021.2657973748676,
   1620.5536574257053,
   -3647.733940467974,
   -1418.8521145401369,
   2859.916843476591,
   -2796.039814074944,
   2515.2708374831413,
   -6789.961900109254
  ],
  [
   -3150.978909592421,
   -1783.764278668527,
   1865.3246991687006,
   -44.67275668233556,
   -14115.811789752035,
   3362.2311129592204,
   -84.80628818743438,
   -4015.14315481936,
   4520.123434985252,
   -591.4809746851181,
   2993.2037353909805,
   -2774.25696616911,
   -3101.0082166513052,
   -1873.17869189542,
   -138.21236117801666,
   -2622.1982829128715
  ]
 ],