{
 "input_nodes": 12,
 "hidden_nodes": 16,
 "output_nodes": 20,
 "epochs": 1000,
 "lr": 0.8000000000000003,
 "output": 0,
 "epsilon": 0.01,
 "synapse0": [
  [
   165.240386538684,
   1795.055819869692,
   1865.0849835877657,
   2233.565221691332,
   301.6454501235422,
   -2263.464391004655,
   -1087.7833938538868,
   -339.6457604513827,
   -3563.7657675478417,
   -268.9924970978968,
   -747.6678897503269,
   -3078.6846555696766,
   -560.7355306209244,
   3020.838956884262,
   -1105.954489960678,
   553.8278937137624
  ],
  [
   -838.075083076609,
   -410.57933133045145,
   -2179.5329797638237,
   -2773.2021286339614,
   -455.4438612678375,
   2879.754995905539,
   160.81136260430867,
   265.0466324189417,
   4011.5379039431054,
   -1051.2627883094617,
   -821.0159016199876,
   3571.540268830419,
   427.3081935218143,
   -2978.3497236969147,
   -235.52736187410073,
   28.630455822562453
  ],
  [
   -3855.3055488647888,
   -3725.6858124091195,
   4056.1767822734982,
   129.2324360168832,
   2039.528273512562,
   -2570.819324045284,
   2287.1974413660173,
   -4698.922683327534,
   -4655.49061068017,
   2940.3226609050075,
   634.4133028721999,
   -689.8745680893937,
   -3403.8187451113336,
   -546.2496069317419,
   -7955.319546731729,
   -1805.5729687137148
  ],
  [
   -601.6421603296442,
   -98.20684765343266,
   -463.4317310724685,
   638.335612163829,
   -1726.4250253728073,
   136.07297643484114,
   -38.161459390424575,
   -2036.6178685965185,
   1738.437444239972,
   -1982.1287815465962,
   697.1847539208542,
   -1126.7560048347084,
   -2195.9795148446274,
   -750.0144313343259,
   -2712.5953158404745,
   3453.673400228352
  ],
  [
   1656.2698703231192,
   -1557.0626154429794,
   -1942.0279271140012,
   1236.8670872177217,
   -631.4299558550823,
   -2935.0548046066633,
   -4044.412402804486,
   -1343.138481227622,
   -2048.272375969857,
   -1090.263082758193,
   1181.678920973195,
   -110.28212372137615,
   -1743.4201712650893,
   -1949.0445497657897,
   -4166.9353335986525,
   -856.3580030463006
  ],
  [
   880.4346610098573,
   1810.1868913772278,
   1017.2979839783401,
   508.9754748428903,
   -580.1301089252372,
   896.9840522030893,
   -2085.2690942808467,
   377.21721955539476,
   -1550.6027170627463,
   -543.6987337333418,
   -579.6488293905331,
   -1104.95002753721,
   -35.8903426176322,
   558.7088908395502,
   706.2270736654822,
   -2841.108353143845
  ],
  [
   -2808.340509086482,
   1223.2985915732104,
   416.5625105863023,
   1236.1135283436058,
   -248.22681327988246,
   -1728.166823026621,
   -3381.8048865429737,
   624.6730197287186,
   -3690.237268921373,
   -386.05434134242256,
   -318.0978106824063,
   -1232.4092151654575,
   495.58411762469916,
   1261.6466657085682,
   451.1662265868343,
   65.52508019632684
  ],
  [
   -341.32603730724475,
   -2572.4844238256646,
   -545.5270453608849,
   -3270.1525511053687,
   -1287.2023987983637,
   -2147.6829333051664,
   1276.079655242954,
   2267.0432038500994,
   -2431.438538475996,
   313.38836443432643,
   221.72615180321213,
   507.2830901601466,
   446.8020798463747,
   -2966.731558524848,
   -1129.9543561544797,
   -6732.337623071199
  ],
  [
   -571.9758322075253,
   -929.8337413216325,
   -1861.152062475437,
   -292.02484615181123,
   157.36152175736635,
   -2090.8171731543807,
   -1216.4333577137413,
   -213.69145083433585,
   -2063.4694195722423,
   35.077624686700005,
   -679.6952536124173,
   -641.2428743145141,
   1783.5276568657598,
   -516.2487799672241,
   4586.209169885907,
   -1879.086227751045
  ],
  [
   -742.0776593414271,
   -2615.8979614106624,
   -935.5558041719427,
   -400.26314594459745,
   582.3500530270751,
   -3239.7809684332374,
   -1361.3621558520458,
   262.4422951220753,
   -6092.453272707497,
   53.78084079914971,
   736.4174109811272,
   441.4027761518495,
   -883.1488675663479,
   -1768.5038112800344,
   -1329.8437901940454,
   -923.3789804644604
  ],
  [
   -4678.102819267006,
   -2527.8521864801505,
   -983.4693868062496,
   562.6041179251822,
   1118.0329081717766,
   782.5699647679918,
   992.9794505973246,
   -941.2966584309953,
   104.37041653982587,
   854.8665403264357,
   -1794.6477552414685,
   -666.5928016604928,
   2649.7647031140914,
   -5900.112553736933,
   3459.989150144401,
   -1348.3606730258368
  ],
  [
   -452.2210484342165,
   -2524.009814205336,
   1056.3278225275824,
   -736.2032584461002,
   -2278.430310309265,
   -2624.143709192147,
   917.8341443654405,
   -931.8977692552384,
   951.7831220110165,
   -1554.9403552182462,
   1073.0349612153836,
   -852.1808394950328,
   -1941.001250731343,
   869.9347286270474,
   -2642.067077578971,
   1031.5457831580827
  ]
 ],