{
 "input_nodes": 12,
 "hidden_nodes": 16,
 "output_nodes": 20,
 "epochs": 1000,
 "lr": 0.55,
 "output": 0,
 "epsilon": 0.01,
 "synapse0": [
  [
   -37.837736728962355,
   76.77634058253841,
   -29.43247618661375,
   -72.54935265223625,
   -113.06847237358748,
   -16.176613219661643,
   -33.5861179050807,
   18.389374578325345,
   -1.1020521349470167,
   30.2820291967336,
   63.716706991448206,
   20.63392993910746,
   48.33164958187598,
   -15.451673533603953,
   -27.028305590882987,
   -11.865368508918491
  ],
  [
   107.18888859643924,
   -185.8318336695848,
   -11.260981680429051,
   36.83106180449067,
   197.1003751112226,
   48.69925370519188,
   28.678174559503603,
   -70.52663847359221,
   -128.871171563577,
   -50.125117480287095,
   -146.69563768853195,
   -10.29940818032714,
   -131.0288279219995,
   118.72859789168919,
   58.311184855442654,
   18.3978447976438
  ],
  [
   -74.26918694806864,
   -70.19395448093654,
   13.261660412248848,
   18.895951203169545,
   -20.43781383282096,
   2.506721515242727,
   -43.27839718236139,
   -9.036247643734153,
   36.417022873878835,
   32.45070873249024,
   -31.73593612389717,
   33.212952375601255,
   -22.277188617588155,
   43.116074766017,
   -19.776682807895536,
   -11.930066765464389
  ],
  [
   -48.153209198407865,
   71.17243925346345,
   -131.16072902970816,
   -83.13125204251321,
   -146.41655337872928,
   -70.88843787661726,
   -28.299499312039156,
   6.715593674668478,
   127.56580015829817,
   44.80648659628126,
   68.99939183089593,
   25.426389217917574,
   79.98007605033648,
   -79.22912555153651,
   -114.07497205269732,
   -49.39138467965802
  ],
  [
   -15.355654587262006,
   63.927771986451994,
   33.47881528367718,
   -59.49711246105276,
   -139.46623540451242,
   -31.976607253260163,
   -55.57002726885455,
   48.33695831296111,
   13.780536506623728,
   35.672638109837834,
   56.608002750240786,
   12.832486424478589,
   34.85729024602623,
   -72.52331150254876,
   -18.724795781080456,
   -7.288926369357271
  ],
  [
   60.45529995988634,
   21.917149317074145,
   -23.137089201472453,
   -57.07391575363066,
   -52.33811488344573,
   -40.5868995046274,
   -30.818729322800472,
   9.349603120592974,
   -50.19891822621546,
   4.062577991743324,
   27.959014125236994,
   -2.916242944986616,
   29.990416010630675,
   -28.125520427640463,
   -35.13266124151144,
   -15.957865935918225
  ],
  [
   -49.64719444120972,
   0.6073053213580892,
   64.5652169238948,
   42.38677011508287,
   -43.16881577224727,
   -34.29193547047743,
   -22.89661466666034,
   27.38798804756855,
   20.216908146238165,
   -1.5442687201098717,
   13.300494617312143,
   -1.016326666119771,
   35.47147381017926,
   -65.14025886556693,
   -19.957951857355905,
   -8.488876824907456
  ],
  [
   -48.87252282485842,
   -120.09969897974648,
   144.74734886956617,
   115.3641779537096,
   79.29596344142465,
   21.66970625384994,
   -16.62124492766076,
   3.459247385280994,
   -28.45868043373225,
   5.276024190089352,
   -84.91393538461136,
   34.15464865915197,
   -75.48367473807822,
   -3.368926222004156,
   54.60652382576214,
   21.889678006384216
  ],
  [
   55.26983368036671,
   -11.207373452300864,
   -255.4918035036424,
   -181.0812455859358,
   -105.33280429465077,
   -38.489818386718824,
   -21.18674688826983,
   -65.51056598883687,
   1.7715681664229486,
   6.3936233180488005,
   11.603427882877872,
   9.731482181556801,
   44.667794461644235,
   103.83683632219127,
   -113.09478237718055,
   -55.24077084322347
  ],
  [
   62.7283423565846,
   77.15223547767013,
   -58.763051378478615,
   -53.76827986556511,
   -71.59502079893885,
   -89.74812033885755,
   -7.326376864854454,
   12.644871656507487,
   -38.0217707745872,
   -75.3911292751012,
   49.49944546299454,
   -89.86306322439772,
   70.76988683615332,
   -58.13694583434785,
   -85.62931787150549,
   -34.98510727426168
  ],
  [
   39.755680716641706,
   -101.30572357093469,
   -94.0587347330721,
   20.967950090277863,
   41.102214337454164,
   15.353930090428358,
   41.526125423312045,
   -75.7641601722504,
   51.614696727682016,
   2.8704593998096843,
   -75.12686891840488,
   22.673175186964478,
   -79.55459708495776,
   -27.568340346612448,
   -8.541252762319523,
   -4.382746509575187
  ],
  [
   71.95277612974651,
   -71.82601903420976,
   6.672499160641007,
   67.98708595693356,
   125.07558422414078,
   18.849339682755918,
   83.6134879217533,
   -48.965322296758984,
   -20.159915640795116,
   -50.70068238427288,
   -78.2721043630663,
   -55.626007812409426,
   -103.70659443699748,
   -66.31913867304063,
   43.29724938031226,
   21.833889631738614
  ]
 ],