{
 "input_nodes": 12,
 "hidden_nodes": 16,
 "output_nodes": 20,
 "epochs": 1000,
 "lr": 0.55,
 "output": 0,
 "epsilon": 0.01,
 "synapse0": [
  [
   -37.98256190020201,
   80.09693455291752,
   -32.551152367336925,
   -76.2234975418339,
   -118.2378782401215,
   -16.716080992235426,
   -33.58079657137663,
   19.05926885520819,
   -1.3336103332202596,
   29.974358402219618,
   66.73979997027904,
   19.68660509382162,
   49.783240671235106,
   -18.065593851869924,
   -27.594925528358793,
   -12.088219414849444
  ],
  [
   109.40890221260882,
   -189.28059458487812,
   -12.00586184851969,
   36.66152202268763,
   201.74049280357107,
   49.64541799580848,
   30.18349266843986,
   -71.66184957468623,
   -132.53326796025644,
   -50.9146152262512,
   -150.64789646371705,
   -9.54471583740738,
   -133.30227864145257,
   122.35804381685118,
   59.24509142963188,
   18.698022393339688
  ],
  [
   -74.09353101065757,
   -72.33533053007648,
   12.814976027930106,
   18.573113106295615,
   -19.289127775842367,
   2.9000213724175756,
   -43.30920730432325,
   -9.711855274090759,
   35.7443963074081,
   32.41080862360369,
   -33.873108666369035,
   33.5326274088145,
   -23.046608951540836,
   44.99011812426253,
   -19.70922947998257,
   -11.947737848682866
  ],
  [
   -49.594554207254994,
   70.19659889939322,
   -135.44505625271958,
   -82.69619604054662,
   -150.95535986018982,
   -71.92591024531154,
   -29.308013527126857,
   4.692851862759367,
   133.5632877215732,
   46.63451504684298,
   70.19436990178544,
   25.0307052447334,
   80.7692763945424,
   -84.83722115340149,
   -116.26491872464,
   -50.18475566517994
  ],
  [
   -14.605922839166265,
   64.35093311868869,
   29.913378969381483,
   -62.22324989397473,
   -142.6518469645105,
   -32.43641994792753,
   -55.78599589756714,
   48.287241970902635,
   14.837174887778046,
   36.38250692684068,
   57.250513317945554,
   13.301215680022642,
   35.569063104698984,
   -74.48062749117658,
   -19.427413532166653,
   -7.579870912718427
  ],
  [
   61.82948918828608,
   20.06025699202725,
   -24.65101938586777,
   -55.108594571977115,
   -52.07981986230551,
   -41.20555716138952,
   -29.368100784810782,
   7.449060998900052,
   -46.89308097812385,
   3.7351551956834337,
   27.04054070570258,
   -4.229270620571118,
   27.898272222695784,
   -34.72270193140611,
   -35.71857216794564,
   -16.087833233834722
  ],
  [
   -52.34810760083685,
   0.3855532069974597,
   71.5008199006475,
   47.32825361193632,
   -43.56858023321629,
   -34.66381207208323,
   -25.161415163667158,
   28.07467119350686,
   23.1395880497289,
   -1.5369612114214242,
   12.976888292958785,
   -1.7619923537782491,
   34.85621508569445,
   -69.04764680177728,
   -19.80169198439178,
   -8.37696466236187
  ],
  [
   -49.71079768488796,
   -121.11890015119022,
   153.40944132594262,
   120.67277381067031,
   83.46222266091532,
   22.469870610536788,
   -17.03908767080146,
   4.704319140200276,
   -30.76593074081382,
   5.4559515317289256,
   -87.00650577701342,
   35.31887437531932,
   -77.79897268098405,
   -5.323808914975091,
   56.92690729908517,
   22.76059803795311
  ],
  [
   56.890986053625234,
   -10.983317441510149,
   -262.7278608858533,
   -189.40521764231102,
   -109.5739429899855,
   -38.511167471828,
   -22.72269956837622,
   -65.13417146390492,
   -1.1102416978020075,
   5.47440175521594,
   11.066126377833402,
   10.404116983296015,
   47.28719597984902,
   112.26661728042752,
   -114.46078863240601,
   -55.87770162586431
  ],
  [
   63.18656641396355,
   76.83942944691347,
   -61.539806624657544,
   -58.15496846286461,
   -73.00022080435825,
   -89.06915873835257,
   -7.727095222577522,
   13.058092244920665,
   -41.63215699143637,
   -75.33906780944744,
   48.411578502201024,
   -88.61177230131196,
   71.57065445137683,
   -52.97095180755706,
   -85.3246389351007,
   -34.950329897434216
  ],
  [
   39.4971390538898,
   -102.62357917635887,
   -92.63925418703717,
   24.390948444651,
   41.375825709052734,
   14.119446766614272,
   40.429527458137784,
   -77.0501251198526,
   56.66185918158878,
   2.3171936276195693,
   -76.8236974848663,
   20.96797891960762,
   -80.72685775368414,
   -32.577729585551005,
   -9.927939458803312,
   -4.8818254225799
  ],
  [
   72.53483642204205,
   -73.23988778954275,
   7.448069808769007,
   70.62466390793008,
   127.70757381915722,
   18.901929044467458,
   85.24680929901197,
   -50.49381031924964,
   -18.9505680615055,
   -51.32469472271095,
   -79.3314993191509,
   -57.10229800897565,
   -106.01439045638087,
   -70.04012294384096,
   43.684355598036845,
   22.07575167463171
  ]
 ],