{
 "input_nodes": 12,
 "hidden_nodes": 16,
 "output_nodes": 20,
 "epochs": 1000,
 "lr": 0.55,
 "output": 0,
 "epsilon": 0.01,
 "synapse0": [
  [
   -37.92360677681511,
   79.3378396102149,
   -32.065837259072424,
   -75.4840246335488,
   -117.1692000252113,
   -16.609823654507906,
   -33.54878199827412,
   18.844897529174116,
   -1.2828334322509143,
   30.038222375076767,
   66.07579859812627,
   19.861210189417793,
   49.474148967340874,
   -17.501294506663964,
   -27.51263779787895,
   -12.052971789477072
  ],
  [
   108.96895360629249,
   -188.39350747445283,
   -11.692219995283343,
   36.674081499824375,
   200.80388602347875,
   49.42316218609147,
   29.81966590950326,
   -71.28917755276647,
   -131.6953354312685,
   -50.836091648214754,
   -149.77189193962266,
   -9.766892998463758,
   -132.84887686094032,
   121.62845668217331,
   59.066572022341894,
   18.636534314829692
  ],
  [
   -74.16033885685668,
   -71.79015614554109,
   13.011938226500016,
   18.65388036203624,
   -19.551714259137864,
   2.807773840258364,
   -43.338665343896906,
   -9.492396276039898,
   35.98389299862811,
   32.423265844091596,
   -33.36769534602471,
   33.44261338629331,
   -22.885893125493713,
   44.56881502754107,
   -19.711596619732056,
   -11.94239547944171
  ],
  [
   -49.38398482338362,
   70.36688151301951,
   -134.6746578364511,
   -82.80365191768216,
   -150.12030397699306,
   -71.7120168700268,
   -29.130645423293082,
   5.090595684335364,
   132.40195679366278,
   46.36928280246235,
   69.98117288565489,
   25.208918070560816,
   80.6745804334925,
   -83.68534653298062,
   -115.84815208196419,
   -50.035803537702876
  ],
  [
   -14.821056225925082,
   64.21314167969459,
   30.605892288048096,
   -61.60462262384845,
   -141.98762000399196,
   -32.36513478000374,
   -55.786836908776664,
   48.25372821415257,
   14.72850810045785,
   36.24765201109024,
   57.08796345642085,
   13.18851061309604,
   35.425785799875676,
   -74.0753706329929,
   -19.339437917912758,
   -7.541267049656737
  ],
  [
   61.58430026786216,
   20.356724258307246,
   -24.408231317878553,
   -55.42346186877628,
   -52.00037739109218,
   -41.10732310615771,
   -29.619262099150752,
   7.754142936067355,
   -47.46196206701443,
   3.732280236075894,
   27.138367955551786,
   -4.066409922498538,
   28.245556325764873,
   -33.422504214635296,
   -35.64639014790901,
   -16.076248515963837
  ],
  [
   -51.78489238195506,
   0.4390172904619953,
   70.02626156969774,
   46.289950209587545,
   -43.560669810154046,
   -34.559393948685,
   -24.628880238607316,
   27.9327432105663,
   22.47781660407315,
   -1.5129076737007061,
   13.113616690733567,
   -1.6271086347039145,
   34.96289565977683,
   -68.31101387119024,
   -19.79495544078959,
   -8.38050041161272
  ],
  [
   -49.52349253164756,
   -120.7625341910832,
   151.72436428949078,
   119.48281183761367,
   82.5235439121989,
   22.304173674711418,
   -17.00522959613684,
   4.585043593982229,
   -30.395100299944612,
   5.339923812126795,
   -86.48299490188336,
   35.00920741331657,
   -77.31816886599013,
   -4.8382893472753326,
   56.479910092985676,
   22.59312179143479
  ],
  [
   56.53013281264904,
   -10.933481503281095,
   -261.1009686243889,
   -187.67110750538944,
   -108.68430128915465,
   -38.51099489349715,
   -22.454592968190987,
   -65.12142120285235,
   -0.4629902975252463,
   5.651891153251844,
   11.215134335834756,
   10.285222673262878,
   46.74390971336126,
   110.57169190093208,
   -114.15701228917057,
   -55.74213856177836
  ],
  [
   63.03712976343447,
   77.01953537400324,
   -60.68715357873436,
   -57.176116207138385,
   -72.71281181176502,
   -89.18888128260735,
   -7.69394776982267,
   13.113594315600064,
   -40.95046716920646,
   -75.37756946495456,
   48.69661394986276,
   -88.88562537881042,
   71.38212708450965,
   -54.06602148091711,
   -85.30974546844836,
   -34.92789324966189
  ],
  [
   39.59537688266064,
   -102.46767974496109,
   -93.16807257279233,
   23.66384117354484,
   41.42611354140502,
   14.392092824099013,
   40.77143299129713,
   -76.87922896575886,
   55.65428098840072,
   2.5176571265675354,
   -76.51057974817797,
   21.41710852518764,
   -80.49341562164713,
   -31.490311268495244,
   -9.658865135728773,
   -4.788483444018979
  ],
  [
   72.45078013211798,
   -72.89151992023109,
   7.180685983567096,
   70.01716476122863,
   127.07640368016774,
   18.868246508789618,
   84.93874672172144,
   -50.18717233854083,
   -19.117284425146774,
   -51.239716521693495,
   -79.0600428906187,
   -56.87050127850808,
   -105.54735024042752,
   -69.36005099501506,
   43.5746619894222,
   22.015862540575263
  ]
 ],