{
 "input_nodes": 12,
 "hidden_nodes": 16,
 "output_nodes": 20,
 "epochs": 1000,
 "lr": 0.35000000000000003,
 "output": 0,
 "epsilon": 0.01,
 "synapse0": [
  [
   61.662198363734106,
   -57.92847079416499,
   -82.93913646568924,
   -10.403866132233997,
   -108.67772289330746,
   -30.934681553711165,
   -31.936476706434107,
   -73.99192557187678,
   -103.97526282637949,
   -13.039366285580062,
   103.81023098927798,
   -135.84850831362635,
   -61.8668623792885,
   -125.15207189188988,
   -41.11520812024655,
   -0.5372761140420524
  ],
  [
   83.13567690248054,
   47.486453164118025,
   91.75369001027774,
   -42.5676320125773,
   75.32145164367307,
   6.273015396606999,
   62.5367852575494,
   -165.21643463912253,
   145.70843582938465,
   31.5410145621038,
   -153.88785362366428,
   352.8272631563783,
   22.06059905713881,
   -107.45104731162901,
   29.499058668357094,
   106.01189652671752
  ],
  [
   178.25178743618187,
   0.4030764175149913,
   -138.54139946472233,
   -32.692665593505794,
   4.83094894095135,
   -49.07609832935889,
   -110.12343394380666,
   85.25920397523676,
   293.22613381683664,
   -540.1282614409762,
   -88.86890128560725,
   9.569770503604412,
   -30.735779424794735,
   239.18068717928546,
   -43.74665990554342,
   72.90114963422954
  ],
  [
   20.784060677603538,
   -156.25554051411754,
   56.226551896267765,
   -15.922024448825564,
   -273.71974223468715,
   -69.40384212265415,
   -38.22453225512245,
   69.67884700707494,
   -272.8377422786742,
   -164.40787845606144,
   44.196456125635734,
   -124.86416076852588,
   -266.11463931102776,
   59.81028652357897,
   -22.626975726950295,
   -295.6304930599814
  ],
  [
   -129.7661767764248,
   68.48634805859697,
   -105.47376078279378,
   104.04888407799048,
   -51.69964132623316,
   -6.00232682412639,
   43.76126032103002,
   18.200276611393317,
   -478.92454041979113,
   -48.54210479250464,
   91.85501263843551,
   169.77132233159503,
   -86.20178976111578,
   -33.564399474018764,
   72.3179229004002,
   -818.4343897346446
  ],
  [
   -20.18048443218831,
   22.870511905965543,
   -73.17077154160961,
   -36.24213350593085,
   -34.99927213897731,
   -42.10034376805826,
   -115.09443640441059,
   51.12768084442083,
   -171.73532780534927,
   -305.88489856700943,
   20.932539262108616,
   -98.8716910448577,
   197.9764463581209,
   167.97475794784845,
   -84.72637243847721,
   -212.3944095738428
  ],
  [
   30.2689329562857,
   43.97114031403183,
   -233.40811853121193,
   -170.84039109777302,
   -50.42460220508865,
   2.571621737592695,
   33.569997926104655,
   -16.51761458866099,
   138.8460693771841,
   -568.0451750266076,
   21.093095790545245,
   -0.9666214391635749,
   -255.14471359362818,
   -86.50326952197942,
   46.01266499790177,
   -111.45881620820842
  ],
  [
   69.95161363058294,
   -114.32671041100507,
   -69.72467553594952,
   138.04178314206212,
   -83.89388291937753,
   -55.1530389728422,
   -40.059853408915885,
   -5.507099945038709,
   -130.9122543187141,
   225.40549541445716,
   -57.69322393671797,
   -100.71354832067385,
   29.618688153871723,
   153.5104226137003,
   -56.628887770144864,
   119.64852773178212
  ],
  [
   -131.9155115727931,
   -240.6643716428349,
   -44.32535742606231,
   -285.43354390352533,
   -142.36271138552857,
   -118.03610053054491,
   -24.334482511429375,
   30.645754064702828,
   -174.80847624486873,
   -16.06874675872256,
   -56.469960093247266,
   62.978475836767075,
   -58.208993000733145,
   -260.03401932726956,
   -133.14999077385795,
   -25.480919151148303
  ],
  [
   -118.70211585684719,
   38.3416750832665,
   304.97277360360346,
   -130.23544833715712,
   -114.39199129836446,
   -8.141362679537991,
   -131.8471729851576,
   49.128021595707565,
   -291.3875165678788,
   -649.7446989034346,
   159.98029660076674,
   -232.8745926162546,
   12.998850976102915,
   -50.66475580012079,
   -48.44721259231393,
   -117.16120160072776
  ],
  [
   117.50981460143265,
   -133.79103175665762,
   -89.9476668288189,
   -34.52235019347703,
   -114.34029464583767,
   -83.65430762050302,
   -129.0591740012894,
   15.61036851061914,
   -32.64198988954789,
   18.72301119764125,
   -57.3437215857112,
   102.19840586987243,
   209.05305374925894,
   -11.985277347738975,
   -180.72607226086268,
   -8.68283514945625
  ],
  [
   -158.80566910420524,
   -85.63190263565403,
   110.40537860963073,
   22.802821251873105,
   26.99600662554345,
   -75.32794214048072,
   -39.91079378128742,
   -21.010746816674118,
   -87.42001685999949,
   259.50452162900876,
   -149.19636477146196,
   -100.40245770227509,
   41.09851091137887,
   43.7306862933061,
   -64.8887246817309,
   154.43744226971316
  ]
 ],