{
 "input_nodes": 12,
 "hidden_nodes": 16,
 "output_nodes": 20,
 "epochs": 1000,
 "lr": 0.7000000000000002,
 "output": 0,
 "epsilon": 0.01,
 "synapse0": [
  [
   1.8182153167626929,
   -61.67464934710573,
   -54.14695005209578,
   0.8639759292700486,
   -54.99252111227636,
   -26.747176457603693,
   -24.88527855550733,
   -31.835107402511277,
   -55.20143121970228,
   11.207227575436459,
   71.24593068183538,
   -67.34576693907297,
   -25.643934452404203,
   -74.27382257854568,
   -25.49105130857629,
   -3.5354368701274126
  ],
  [
   35.427355639572426,
   68.24709593810668,
   100.76728259120887,
   -4.956576238940737,
   80.09895611509451,
   6.4166729226479795,
   54.34691322677212,
   -111.01663488167934,
   104.91451576293618,
   67.25236229072584,
   -159.6781031105385,
   229.70440534599766,
   15.692086745571453,
   -87.7263341308538,
   39.349004481542465,
   115.45086651404101
  ],
  [
   129.3923428465545,
   7.223340131971629,
   -67.50921019107535,
   30.051348544351363,
   27.29731239648403,
   -28.827804793931474,
   -71.89473097710065,
   44.186712427864684,
   270.5558312244096,
   -319.7049068106056,
   -74.69907722080441,
   25.766023607126787,
   -8.37611852306514,
   136.4650701859455,
   -20.97086504327293,
   47.23174753476926
  ],
  [
   -3.3148462669215952,
   -51.69732652065751,
   21.235007071861645,
   28.943203673567883,
   -109.40516988932976,
   -44.81439443269423,
   -47.54527392217389,
   76.75786916589797,
   -153.25847539444726,
   -83.47119667625748,
   -68.75721563131613,
   -74.40388918564723,
   -124.70235071725237,
   76.89846579109542,
   -27.768488201082704,
   -106.20904278711349
  ],
  [
   -71.71420332655839,
   7.723860021448428,
   -113.2145991023782,
   32.30326290604119,
   -52.82771507370143,
   -30.840868348044772,
   8.161613503672607,
   7.571250550796168,
   -266.8274466129361,
   -122.60278145449765,
   86.07276779015785,
   40.38266547244732,
   -108.65626614644401,
   -40.23711367803537,
   26.33802358026494,
   -338.84978872262593
  ],
  [
   -32.337142274012194,
   -48.13652511382581,
   -40.82306834853632,
   -4.108295490461765,
   -62.25500633641651,
   -58.712645505882776,
   -99.20274197301734,
   46.100414376638824,
   -50.49724774905088,
   -320.37378069131864,
   -5.508995253695323,
   -61.55916310553053,
   52.267918578642345,
   125.62044444294753,
   -85.90505103570744,
   -119.66307449072697
  ],
  [
   -62.026304857150826,
   130.0465354085191,
   -108.00382976847797,
   -55.034323980665015,
   57.65426470928191,
   33.641369559507666,
   42.995790050224635,
   27.23080639445599,
   86.01371345046115,
   -279.15365050074945,
   -46.89580308586403,
   -34.172786833530196,
   -143.1408179720724,
   3.8392455474774834,
   103.98312668274106,
   -128.54409921875438
  ],
  [
   -4.139261093850039,
   -95.22806435260966,
   -38.954894778405546,
   84.38431082540266,
   -61.01804021784744,
   -60.10612210710143,
   -30.68268793684856,
   -50.09969884262116,
   -143.12184728670613,
   172.71850922998055,
   29.523053150388332,
   2.6985536309130755,
   43.363912709975615,
   39.42197584815194,
   -60.082039798209195,
   64.09663897663137
  ],
  [
   -97.7481239670886,
   -109.83622846686461,
   21.75287758297231,
   -158.29945882684993,
   -41.591345430343594,
   -59.74194456222658,
   -8.29497651966295,
   13.589083207415413,
   -166.3350338704434,
   96.58455797287698,
   -64.32737361363813,
   -42.16415544967018,
   -37.30158490306329,
   -141.1202030080825,
   -55.23419812487614,
   6.00925866433125
  ],
  [
   -71.65491766853383,
   24.170581048741713,
   121.39929061916176,
   -85.61845992378258,
   -88.02776646328435,
   24.085408757616054,
   -82.05392609027558,
   61.99212038810666,
   -209.27801860495114,
   -488.0708125732561,
   132.59665634360766,
   -129.9867856384579,
   3.332681975500763,
   -61.042480668521996,
   -57.78897582166245,
   -168.20610307028082
  ],
  [
   62.77373612491644,
   -194.0632210761478,
   -28.175072905491504,
   -29.829378824983298,
   -110.22906562499044,
   -97.67238007225686,
   -112.16336468633943,
   15.533523225174022,
   45.76954662568615,
   -6.691036803840444,
   -56.73845977752389,
   26.077272961810607,
   89.23995953778751,
   -9.578671684542746,
   -152.3269696996608,
   66.99304375141621
  ],
  [
   -87.2167757091044,
   -77.05887957077438,
   43.31695087326625,
   -38.25645354118405,
   1.3986927830273848,
   -51.12410925054201,
   -22.023691083934523,
   -31.38608388592315,
   -115.97582723702398,
   192.88599556341134,
   -60.927032704273635,
   -43.09406569111559,
   70.83808691334472,
   13.391702472050154,
   -70.70190765362534,
   -16.927945440365882
  ]
 ],