{
 "input_nodes": 12,
 "hidden_nodes": 16,
 "output_nodes": 20,
 "epochs": 1000,
 "lr": 0.20000000000000007,
 "output": 0,
 "epsilon": 0.01,
 "synapse0": [
  [
   75302.70606970147,
   108903.08599959944,
   57083.94557630032,
   106911.18250410462,
   31424.831938832507,
   31864.68614518641,
   106517.13190568765,
   39959.63799452542,
   52044.244267569426,
   80662.06496460144,
   43421.077017843054,
   98101.86529908283,
   65124.4882530437,
   110589.02269604764,
   35633.34488785595,
   62471.270765179775
  ],
  [
   -159211.60920253836,
   -298115.97691638145,
   -196403.0346151147,
   -219923.18702705362,
   -99573.02648112674,
   -125937.9696742281,
   -278398.96595390263,
   -163203.4787645405,
   -191876.3330787209,
   -159708.19174304768,
   -185859.0591349933,
   -333008.2229582437,
   -133638.44451928433,
   -230674.09645186787,
   -83402.15215629693,
   -134526.526172875
  ],
  [
   103079.99821133273,
   261268.8129198157,
   208012.17440361256,
   228439.51728740457,
   72939.84629784114,
   98094.11467485417,
   290047.2461658515,
   150511.3678246374,
   225735.65902306163,
   159317.5766611483,
   189392.6093087877,
   446271.1649802882,
   73907.28007833878,
   175166.369673038,
   70700.0435961033,
   81777.84019538933
  ],
  [
   29334.18858817794,
   75493.24295307233,
   82958.32788627161,
   121448.0980170407,
   -14248.93112329439,
   57489.39394505734,
   94730.14242584498,
   21140.244780058696,
   154535.47464495487,
   71371.67346525413,
   104691.91500598003,
   188493.18655456492,
   52174.59614256544,
   69639.01077790098,
   -13117.55641135083,
   95262.14487477735
  ],
  [
   30707.491829187784,
   45533.5571753422,
   45219.41382655806,
   46393.363404091884,
   24883.447875802016,
   12802.857634194332,
   47118.645972472434,
   21320.270597130733,
   11035.79214487853,
   47837.29488057777,
   9515.200311482391,
   44821.65730888121,
   26908.44454373168,
   59498.451937081016,
   28357.72519853709,
   16713.92809642392
  ],
  [
   -54601.10331038778,
   -101317.47357498413,
   -88773.74822037527,
   -76923.19130943551,
   -35706.94264985211,
   -67505.90320840676,
   -102250.29716217774,
   -61516.53631898149,
   -58185.985079361104,
   -53889.41801068401,
   -41746.19466279668,
   -128205.82982190046,
   -49694.61220602411,
   -51627.23442442344,
   -18217.97509648807,
   -52581.37603410758
  ],
  [
   -51888.318870973475,
   -135797.9836542355,
   -42391.61910694024,
   -60593.001126066425,
   -25977.123347249548,
   -36812.40317646752,
   -84788.68118787906,
   -58181.35686835155,
   -100934.88513772022,
   -48598.602530232834,
   -72105.90244384464,
   -111197.26028530409,
   -81308.23915387625,
   -89301.21904945151,
   -65108.57279075365,
   -18379.249428460873
  ],
  [
   -99496.32276732782,
   -137763.21084460634,
   -85282.46273440467,
   -97226.20757168432,
   -40486.6458655327,
   -44094.14131025403,
   -111789.9931248925,
   -58195.462434145586,
   -94537.3075144982,
   -72236.92356237647,
   -110018.39788098382,
   -144825.2753274178,
   -98697.54137551946,
   -100930.89039319725,
   -53096.64626392628,
   -93118.06325697109
  ],
  [
   -51867.89032180446,
   -34772.40713520182,
   -47013.614766829014,
   -37371.35721181509,
   26023.74543861394,
   -6171.759793559256,
   -34101.22795968037,
   16259.280515201579,
   -62543.6725388986,
   -25032.16582095237,
   -31677.017944140847,
   -90554.71522888547,
   -53825.64142558087,
   -23503.725477286283,
   18859.939387797884,
   -53349.21231958682
  ],
  [
   -5996.1111497257725,
   -18239.012732549712,
   -45083.72442333928,
   11288.368046547499,
   208.15100527163932,
   -21456.484311963242,
   -12572.186031361973,
   -15455.900303467384,
   -75240.81744436336,
   13357.717370017608,
   -70789.61648970122,
   -79788.34220418849,
   -11045.230776522545,
   44833.27731826453,
   32810.844642250224,
   -28275.353487130433
  ],
  [
   -126370.57102656458,
   -318796.63792508625,
   -252692.49807062742,
   -250431.2093868558,
   -77395.81800890467,
   -125213.68416124406,
   -323006.8699600599,
   -164649.50812443238,
   -298640.855055234,
   -172557.21132111258,
   -221843.38233490963,
   -535595.7551807851,
   -114490.59092514246,
   -224145.26720018135,
   -68921.99887484581,
   -144397.74712112892
  ],
  [
   50928.70238452449,
   100286.21556245082,
   67996.17443068618,
   128995.81644001245,
   23749.310649001753,
   81338.1523719066,
   118286.15828848642,
   43224.486988734134,
   65502.070706335864,
   70077.76193801178,
   8961.761503458856,
   159771.3982445701,
   26584.88262969979,
   123519.6677162146,
   21110.993437926292,
   74294.8916066645
  ]
 ],