{
 "input_nodes": 12,
 "hidden_nodes": 16,
 "output_nodes": 20,
 "epochs": 1000,
 "lr": 0.10000000000000007,
 "output": 0,
 "epsilon": 0.01,
 "synapse0": [
  [
   6762.802473895115,
   14614.298825241156,
   10068.189782050456,
   8501.371923831075,
   6301.622908463404,
   2812.9482067582867,
   10122.636059291672,
   6336.182819510821,
   4503.957485787247,
   2350.526547731958,
   8399.823210924798,
   9221.201756173903,
   6239.238115216271,
   9904.031554348572,
   2793.6512918578474,
   8356.002713390024
  ],
  [
   -26876.879744732953,
   -27301.126002118348,
   -24675.86261518589,
   -16126.317661606427,
   -17312.816254369798,
   -21236.07957003612,
   -20572.526595229625,
   -13444.348100451043,
   -16934.397292526097,
   -8881.004797187605,
   -19795.56770879961,
   -29276.72047992502,
   -17045.693626503762,
   -20029.440031660786,
   -6678.884127997387,
   -23571.02805666468
  ],
  [
   29226.277426897534,
   27783.37695462338,
   24770.713299294282,
   11542.6018811071,
   15687.650759585642,
   23277.087654742372,
   19191.681273008868,
   11249.403775622774,
   17660.097293758754,
   7212.874949230636,
   16804.19788446246,
   38704.06146447767,
   13238.132632739513,
   15562.239090436211,
   6240.0776274059735,
   19559.412732560926
  ],
  [
   6123.438066526298,
   13413.801258527259,
   8175.936356972304,
   2873.812934156377,
   6781.663942411002,
   2080.759647485514,
   10549.98949138022,
   4098.638067636727,
   11757.015683676991,
   1508.664609246564,
   14095.326548687832,
   15091.285338961692,
   3359.034603835617,
   2138.9118551019146,
   1119.5060410220506,
   7325.346045963525
  ],
  [
   4224.795668624297,
   5574.911992110322,
   5822.601971288844,
   2316.6481336099678,
   4300.9384866405935,
   363.1814602749091,
   3578.747215444029,
   3279.224193889035,
   3452.4073707744906,
   2209.8073919524945,
   1398.3261150845121,
   5289.647054190384,
   2176.4439411591597,
   4803.721012205604,
   205.584394054548,
   5084.712896009804
  ],
  [
   -7761.20227390703,
   -6756.268420148447,
   -9004.529951498293,
   -4411.093597150278,
   -6366.941939490853,
   -6483.397959150598,
   -7704.353499763312,
   -4690.112142837781,
   -7232.228014167376,
   -1173.7224416106762,
   -7823.019524236823,
   -10810.734615373183,
   -5849.857858925944,
   -5187.438332722284,
   -2621.099431650791,
   -10224.826217426822
  ],
  [
   -11115.870211689236,
   -8083.004076516282,
   -6931.030299627064,
   -6825.283319428733,
   -8671.462218316306,
   -7217.988094432709,
   -4102.059505390915,
   -4314.130246117256,
   -6135.434749756193,
   -7264.419580572347,
   -5102.863545138277,
   -10849.758456900981,
   -7091.2302682439085,
   -9737.031907772844,
   -2457.660123809729,
   -9241.016738486505
  ],
  [
   -12991.776559650776,
   -11383.26856237276,
   -10042.324522965182,
   -8165.822933082428,
   -10287.369226438306,
   -5253.049410535314,
   -7262.77958342859,
   -4875.195279574326,
   -9747.219126482943,
   -8125.324511118531,
   -11591.11290761518,
   -12116.189371056988,
   -9278.916493022642,
   -9660.171414427972,
   -3432.8637046066665,
   -13164.875834671166
  ],
  [
   -624.6202647732997,
   -2412.8712485547617,
   -1934.7329191083518,
   -2703.7531959140883,
   -5447.159876371417,
   432.1311674514787,
   -5681.76030810418,
   99.12342953417557,
   -6916.707421215495,
   -841.4348824444842,
   -7279.127368816839,
   -6841.644557126001,
   -1149.2582311503509,
   -115.89464285388952,
   -1109.9015142901624,
   -5580.698767878464
  ],
  [
   -4716.604205977455,
   761.7003796431374,
   -2276.839818672804,
   4475.999417565792,
   -4575.700266833907,
   -3402.865833418223,
   -2333.6445838315967,
   1257.2320743193652,
   -7273.363710357485,
   -2775.882061085257,
   -4780.47910742035,
   -6689.14029508911,
   -1318.2826770056408,
   5225.949995072729,
   -184.74103398494614,
   -3878.5775078261927
  ],
  [
   -32098.680492594787,
   -31160.384388183822,
   -27615.498336665576,
   -15373.257758087173,
   -20984.29818620887,
   -21767.95688286524,
   -23766.451999364403,
   -12478.056403430333,
   -25289.296148656507,
   -11769.749275177124,
   -24773.106166316385,
   -47079.754436406656,
   -16601.74159391623,
   -17983.669409529386,
   -7020.402453300119,
   -26630.69395904852
  ],
  [
   9511.952538554004,
   15061.003085122216,
   10678.092412333845,
   9633.100355941537,
   -34.110783595865485,
   6214.301933991479,
   10714.477948884118,
   5561.452597040363,
   5862.2958115827105,
   -4020.127530686215,
   12122.286709951399,
   13500.6310348531,
   5778.361348526155,
   9097.098246414698,
   4547.792717507498,
   8290.640148613162
  ]
 ],