{
 "input_nodes": 12,
 "hidden_nodes": 16,
 "output_nodes": 20,
 "epochs": 1000,
 "lr": 0.4,
 "output": 0,
 "epsilon": 0.01,
 "synapse0": [
  [
   67619.27417775446,
   92507.86014029298,
   49669.19710672087,
   96163.69539235861,
   27692.647566279516,
   28149.449762912318,
   95085.95307752526,
   33775.497607317135,
   47904.081154204454,
   69793.86757874672,
   43156.52517363552,
   89307.88247894809,
   62958.84765954509,
   94760.35507232293,
   27967.475720164817,
   56055.50903186319
  ],
  [
   -151370.21178207514,
   -267881.03402474633,
   -175970.17126070114,
   -192425.04492947503,
   -87762.75740987058,
   -111246.9241901283,
   -245125.6865287232,
   -143101.46732354254,
   -164441.62803439857,
   -136562.65134850843,
   -171537.19701096648,
   -296672.1779801309,
   -126461.44998728784,
   -204538.0216265705,
   -65826.99261785382,
   -118322.90051296604
  ],
  [
   94461.60851753569,
   237639.6784084796,
   190193.353035175,
   195899.271645458,
   66887.52102073022,
   93958.43765167907,
   251548.52188285434,
   143790.56839453362,
   197499.38135979697,
   136735.80390124215,
   170617.69556496968,
   395097.6818360596,
   61793.137229722175,
   149057.79228050765,
   58302.95479429081,
   76042.50113511109
  ],
  [
   17698.465679207864,
   69007.24592304918,
   67239.7667569555,
   108158.9916630974,
   -13539.611480786929,
   52878.01520342172,
   78492.74687104039,
   26403.37230871645,
   134507.36942886366,
   57189.731913587195,
   91409.81721358508,
   158078.64437371696,
   38491.168577813165,
   51096.08670763317,
   -19294.7261322919,
   85558.19754089328
  ],
  [
   30252.79733152445,
   38036.841210504055,
   40337.43844064568,
   38539.388432686654,
   19666.841472508517,
   10700.378647324302,
   38789.81368221988,
   13405.687751765538,
   10331.987021331111,
   38403.90635904254,
   6916.033715876833,
   37778.924799265136,
   26031.175551451175,
   49923.5992968409,
   21314.75785333983,
   11770.538795549899
  ],
  [
   -53527.64601481539,
   -95402.65827461463,
   -79461.87633563779,
   -70172.44068107942,
   -31665.472983496802,
   -63118.80436972727,
   -87562.82894026766,
   -53758.83967184456,
   -45261.62954683371,
   -46450.01039738713,
   -44464.47476778847,
   -114952.95606482385,
   -46964.558365604076,
   -45616.744563460576,
   -14863.994376100569,
   -45623.998027549
  ],
  [
   -43932.794707765395,
   -118667.22496536766,
   -41871.260880049704,
   -48164.83112044172,
   -22979.97493143109,
   -28000.765689359356,
   -80915.90369046955,
   -48586.08963198671,
   -81499.44015777807,
   -41284.25392708146,
   -61086.21681594851,
   -95146.03509786767,
   -83215.46972822724,
   -80993.36717007383,
   -55219.607829486136,
   -20937.3017216938
  ],
  [
   -78471.99145610239,
   -126222.12557975198,
   -77892.99906387118,
   -82902.52748736736,
   -39801.82721254976,
   -40082.84106806481,
   -97948.02053236609,
   -51425.84819737945,
   -75589.10694904785,
   -62075.78252490928,
   -96957.22251034113,
   -119486.08279909566,
   -88727.82080486277,
   -85020.50234901093,
   -40164.48430357826,
   -86783.50994687626
  ],
  [
   -37704.67855058307,
   -33648.74776915792,
   -37654.35739828354,
   -36861.72244127383,
   23960.805013923,
   -6115.422043018155,
   -24819.954224315657,
   9963.935304176506,
   -53995.26925795889,
   -22093.925124051846,
   -31956.052592038857,
   -79625.42976866128,
   -46695.56521220056,
   -15937.25580395286,
   20702.302480265782,
   -43809.522510278395
  ],
  [
   -8185.851570284315,
   -18618.55109151977,
   -37882.585992564,
   10035.017186503843,
   -315.0251568254858,
   -21792.131123052113,
   -3010.8292316737175,
   -19816.27975399293,
   -61745.45332673175,
   14937.80747372702,
   -63568.37638925787,
   -68987.72541630661,
   -4866.023566447187,
   45592.05188908247,
   30875.93798695006,
   -23673.484773567543
  ],
  [
   -114838.94350680507,
   -297111.508125473,
   -226439.18593329197,
   -217583.22731794554,
   -66203.41709235775,
   -111600.53262933619,
   -279075.8595502522,
   -155160.9314922391,
   -256669.4012924301,
   -145000.5901367956,
   -199563.68779213168,
   -470505.50863540225,
   -101139.5839616755,
   -197390.05296324397,
   -52362.6737044473,
   -125824.5680025071
  ],
  [
   42112.39691109723,
   90162.97327246217,
   59618.17086478993,
   115899.70867494396,
   19570.583186089607,
   73194.3344828541,
   104195.34090960614,
   42689.2862950642,
   53675.17808974164,
   57805.51955126906,
   14814.796816773594,
   138079.1175006617,
   21070.263053748626,
   106914.771800666,
   14285.453226475225,
   62910.42578415898
  ]
 ],