{
 "input_nodes": 12,
 "hidden_nodes": 16,
 "output_nodes": 20,
 "epochs": 1000,
 "lr": 0.7000000000000002,
 "output": 0,
 "epsilon": 0.01,
 "synapse0": [
  [
   -2870.488596903628,
   -8988.002843099672,
   1213.4024057325432,
   867.9753510431211,
   -3086.303121134419,
   -6960.3196560833685,
   -4678.298775731605,
   819.1190950549258,
   -8708.858302460612,
   414.9863310879569,
   -7707.547348252721,
   -1506.3708472561952,
   -845.7640056931061,
   -134.58041727741718,
   1726.5245953813255,
   615.4855357542103
  ],
  [
   -1354.1486970486042,
   2996.3902994208665,
   -953.393001169365,
   -2560.3531721052036,
   3614.91539685846,
   9874.425071836102,
   5637.238780438912,
   -3750.6572922681944,
   12758.880167762214,
   -3767.1198915799455,
   9847.971334898226,
   4433.296234471275,
   4150.473174040958,
   632.5195225743931,
   -2823.0785886016097,
   -2133.657561211648
  ],
  [
   -3877.5600935197886,
   -20786.022774989728,
   -499.9582030861834,
   78.64533665021877,
   5923.21839522353,
   -2545.564832501819,
   1297.6975779764703,
   132.96153359235043,
   -501.9058425109694,
   -4152.479352264339,
   315.121955526194,
   -16872.081422377054,
   1665.6380973968664,
   2465.285912695748,
   -1933.8561952357156,
   -742.5958857533595
  ],
  [
   -14328.89037089057,
   9109.235474283892,
   4148.197468168352,
   1706.9310990652418,
   -3010.36776488315,
   -2846.74613356312,
   -2362.0206592118675,
   -7390.167774485538,
   -11388.540333036872,
   1903.3872580661514,
   -8537.933752100165,
   -4702.264448547886,
   -7874.502298770005,
   197.53794263214013,
   -1420.2864515856265,
   -229.67970655753714
  ],
  [
   -4610.502371942808,
   36.013999960837424,
   -628.3426728639904,
   59.05189610410994,
   1580.567933506039,
   -2411.5940305148574,
   -1119.6705845936394,
   -4811.924301643999,
   -4749.403815959136,
   354.97614743810226,
   -2978.339161298453,
   -2937.0850395183875,
   3303.5880146387376,
   1267.1677942843144,
   1836.8220468238483,
   -1036.2345025152613
  ],
  [
   -1676.3521901914353,
   -278.26788314713485,
   -928.1079713144255,
   1883.0506293943945,
   412.25939863777955,
   2568.166180734054,
   4084.318965672358,
   -1837.1017288953474,
   -153.57008149954828,
   4779.506551073319,
   4538.230572151644,
   -5511.015695518886,
   1791.8371413893185,
   51.00268860376851,
   95.737091599618,
   -912.1062453040086
  ],
  [
   -1281.8956146613698,
   -10344.433662536432,
   -558.4324143118912,
   -2329.8442516389096,
   -4426.850873869821,
   -3309.90130333396,
   -4881.300715689959,
   -1348.4180023252331,
   -6389.109330745933,
   -2049.2343213017807,
   -5330.036367822394,
   1141.4441516452941,
   2242.4352602083122,
   -2018.0715681650959,
   1026.3241305539098,
   283.91698226092484
  ],
  [
   -8087.498081504933,
   6167.126080042179,
   713.5936977112179,
   1729.0163467953641,
   -3132.6003075646113,
   -398.35453252969455,
   -2200.723806089187,
   -7285.928708367297,
   -1673.827104598175,
   -2684.8707365156247,
   -28.62955872389731,
   -11127.030724457682,
   -6214.266997596596,
   -1786.2148570816728,
   -1053.9663792126391,
   332.10594559114884
  ],
  [
   -8778.288375610895,
   888.0136856608136,
   -1310.8704866680182,
   -1041.1232313193445,
   -1305.650382581553,
   2622.5299923635516,
   -2261.015017130025,
   -9624.139677997782,
   -3066.622614595819,
   -2384.090335180869,
   2632.7114036542007,
   -1228.047285434276,
   -1156.777786571745,
   -1056.792308519491,
   -237.8272749039238,
   236.52275680332602
  ],
  [
   -3236.116433386393,
   -4366.293657762226,
   -1517.93072255488,
   -2066.3553302439504,
   -4970.276212110386,
   -1676.0869714806772,
   -4022.312704768586,
   -1518.138543264059,
   563.0449471739026,
   -5277.588461464514,
   -3957.646256966205,
   861.1504630022262,
   202.4535293865955,
   -159.1644044173551,
   284.15637765521745,
   -196.0402599685173
  ],
  [
   -16200.876594508269,
   -13524.928151092561,
   -1666.558104552339,
   3009.30712132205,
   -1668.0695987803351,
   -9682.178816168238,
   364.22353699719054,
   -11051.081250166895,
   -3315.648417095063,
   -916.3408803745331,
   -10701.414834529936,
   -4380.3893684077475,
   -8200.620484350657,
   -1618.3929115691385,
   -579.2881527672205,
   2136.6289925519823
  ],
  [
   -17532.763896310775,
   -14426.066722244597,
   -3349.516660544461,
   1343.0573335635836,
   -8948.537050519957,
   -3422.829339203381,
   -8902.502994104456,
   -15302.379502561838,
   1155.7796800865133,
   1054.6201604743674,
   84.40318919998258,
   14173.352220330953,
   -3090.7234598577647,
   18.49701068262994,
   -1336.8391705040315,
   250.07973981963235
  ]
 ],