{
 "input_nodes": 12,
 "hidden_nodes": 16,
 "output_nodes": 20,
 "epochs": 1000,
 "lr": 0.15000000000000008,
 "output": 0,
 "epsilon": 0.01,
 "synapse0": [
  [
   -971.8040723272824,
   -22985.975502155048,
   1720.4419406261584,
   3052.062127157516,
   -490.293114333148,
   -11593.597122532237,
   -2484.6747296815834,
   4031.5977494681997,
   -10091.60755972392,
   4269.963501003541,
   -12342.434853577464,
   -3807.1073585008944,
   -4756.809028065408,
   -1814.5153299246554,
   159.28144355261807,
   3335.506972756274
  ],
  [
   1628.3341125787465,
   -1059.0875846857793,
   -3241.3854090881605,
   -8417.87626032528,
   365.44064764230035,
   14951.5292818642,
   4912.348736378636,
   -2859.786385808208,
   15874.412045128713,
   -11255.850359071002,
   14323.466697018244,
   7121.9052807367925,
   3785.693267057962,
   3488.666535492044,
   -1826.6156630612672,
   -3452.5466410300987
  ],
  [
   6042.675870040364,
   -63198.40473890658,
   446.78653779599017,
   -4600.54102515578,
   14191.143280566674,
   -5996.848381370105,
   12015.360227529469,
   15854.69775695736,
   3263.7440899762178,
   -14303.029917023998,
   122.95833820280663,
   -19739.951553066305,
   2713.867182763428,
   2597.6906373934485,
   -3667.064257070383,
   917.6496360633198
  ],
  [
   -29981.405031084076,
   7395.086514501546,
   8460.43603169261,
   5095.01354218715,
   -11846.16054818734,
   -4929.299736001394,
   -4643.261591634721,
   -19162.569542990947,
   -16052.342943044281,
   -566.2144098955341,
   -14816.108183374221,
   -6799.0602528848,
   -7743.32432994207,
   2573.3846610447954,
   -2661.602756922914,
   -3695.1219222655654
  ],
  [
   8186.136204803831,
   13906.935860846013,
   1275.1339445618914,
   -2053.086485898094,
   11623.702665832803,
   -3960.5364833661,
   1546.298212502284,
   -4263.911984185055,
   -6218.690239652976,
   12315.279690320565,
   -146.5242542078587,
   -2579.5070380200355,
   -502.6630190102818,
   245.38777112117864,
   4616.94868266166,
   -1025.0005650179837
  ],
  [
   -11398.723547870606,
   -14325.645577263043,
   941.4588147605567,
   6789.5809487084525,
   11839.529629609748,
   537.08145841313,
   8038.508495795327,
   -14605.042937062044,
   4126.271999083957,
   13629.214344808483,
   490.37079520483024,
   -2256.2042101362167,
   -2347.138544298194,
   -1322.8981666364316,
   -4786.8528872694615,
   -3471.6257785799903
  ],
  [
   1165.9284918323647,
   -18013.532080801724,
   -926.9596028719556,
   -4063.1070865752686,
   -10984.769681339667,
   -4340.913518695361,
   -5052.172051964661,
   -331.48124306468344,
   -10039.461382880394,
   -282.6709658432183,
   -1604.2864790508852,
   2995.657069884229,
   -5116.567061601503,
   -3954.948145308909,
   305.4533109019692,
   1770.8960041150187
  ],
  [
   -6687.48303132386,
   -2684.714632554437,
   70.6686850777075,
   -1132.6091018352158,
   -17039.35328971074,
   5327.826574955035,
   -7048.45436548992,
   -171.6751976874206,
   85.30941041073909,
   -21662.510476443527,
   -1079.3894107332458,
   -16731.67251092139,
   1266.895693317997,
   889.3045454597088,
   187.96181643570523,
   -1771.528549896137
  ],
  [
   -10654.330628784119,
   -7035.004032544928,
   -2343.528817144015,
   -159.27110245824866,
   -8879.422737956636,
   2463.2153085448126,
   -5823.308825886648,
   -22457.920476600288,
   -3599.337113637627,
   -9180.357091891652,
   3621.309708222115,
   -3232.603372445769,
   -4474.556390313721,
   -1929.1173592404298,
   945.0992647099273,
   53.054478233426586
  ],
  [
   9204.348447583861,
   -21961.782284527726,
   -3870.111490269265,
   -5775.512873083882,
   -9077.372421735117,
   -5010.17420107243,
   -3771.8618941431855,
   1946.7135594253987,
   -5561.032371887676,
   -9102.638653456257,
   -1736.1217638075275,
   3249.716124696119,
   -2880.9345080983903,
   -1138.9074433764292,
   3374.7622392666203,
   1897.700205697106
  ],
  [
   -31457.223423568437,
   -41180.686235301815,
   -3873.1866705298726,
   8036.907667144871,
   -6702.431948544709,
   -13180.148634387795,
   2761.1654600765364,
   -19529.77118246687,
   -359.9531200563421,
   -5869.376329932545,
   -18765.696595663496,
   -4851.7174456919865,
   -13592.810906645718,
   -2045.198146939655,
   -7384.246797259075,
   3684.085423973849
  ],
  [
   -36463.732609815306,
   -11786.737782914925,
   -2057.67704766085,
   6605.818580691551,
   -8326.565299093245,
   -11222.998226871607,
   -18755.23370528547,
   -27069.60504128644,
   -3118.1984435273375,
   -1906.5403023183787,
   3322.1623283545714,
   13707.682937024481,
   7723.662001231399,
   -3233.115689850565,
   -4022.535571487653,
   -3502.329095288314
  ]
 ],