{
 "input_nodes": 12,
 "hidden_nodes": 16,
 "output_nodes": 20,
 "epochs": 1000,
 "lr": 0.6000000000000001,
 "output": 0,
 "epsilon": 0.01,
 "synapse0": [
  [
   -2744.808374151006,
   -9442.390141440332,
   1093.325220099825,
   909.0324434329984,
   -2898.7149978277307,
   -7149.72746571459,
   -4419.259121920268,
   952.8341786208608,
   -8936.048779746383,
   802.736079852712,
   -8470.87933037986,
   -1676.4937031541713,
   -957.3970327663604,
   -322.5791447009068,
   1805.408778528125,
   1037.5792007039927
  ],
  [
   -2466.843378210553,
   2390.1114983137854,
   -983.7131284315731,
   -2605.417222426929,
   3072.1519628391998,
   10398.648315239774,
   5387.020153389358,
   -4880.802177202021,
   12991.873020857503,
   -4848.897138445578,
   10475.076878496327,
   4792.091850710315,
   4135.774250833679,
   493.8371415763229,
   -2982.8855406950684,
   -2633.4417603619854
  ],
  [
   -1312.789325348745,
   -23179.63676247843,
   -128.12318837329212,
   -679.5723215993191,
   6243.9528685906525,
   -3463.9866541974807,
   2428.2897179104057,
   3101.583324585062,
   -50.68078423720336,
   -4297.56699171426,
   832.2452905875369,
   -16725.263932757447,
   1725.4989929671324,
   3099.879693051469,
   -1884.211331575642,
   -712.2951975616612
  ],
  [
   -16548.203868909066,
   9995.931924887203,
   4764.187837982753,
   1633.3794802936488,
   -3158.4709389307845,
   -3397.201620076864,
   -3522.462312398559,
   -9413.302319879898,
   -12242.828885255718,
   1595.883945553099,
   -8207.881223977227,
   -5255.160931580459,
   -7372.4039907290235,
   344.2196890147227,
   -1484.5217316283163,
   -369.009039559915
  ],
  [
   -5566.816101609333,
   -280.0873905157449,
   -409.8153439704136,
   -82.4329421155269,
   3214.4253206492817,
   -2625.932021604322,
   -717.0977963504245,
   -5939.7377741969385,
   -4709.058531994613,
   1812.327731429286,
   -3599.6448150796205,
   -2574.522294780966,
   3537.4680045486652,
   1207.2996779817615,
   2158.338292391919,
   -1283.0286806511256
  ],
  [
   -4515.034198356665,
   -533.26641935552,
   -1306.599522457942,
   2594.985086328938,
   1163.1509256073723,
   2650.0234440498607,
   4112.040355837141,
   -4064.227332999365,
   745.0849704991018,
   6210.9888598972875,
   4161.736231960355,
   -4397.155030616777,
   1320.798643680423,
   23.604625104024116,
   -1107.0687091551847,
   -1051.7581044626133
  ],
  [
   -1621.4742492025375,
   -12631.115069930795,
   -1007.9269236648737,
   -2461.5281238497255,
   -4676.715248671677,
   -3808.479480610287,
   -4968.367801641155,
   -1186.3523489021613,
   -7144.51949615224,
   -2318.4667021815735,
   -5912.240860880117,
   1647.1044428981363,
   2006.8593520266527,
   -2287.0349399329716,
   1099.503737064625,
   642.7633919159035
  ],
  [
   -6453.769602003289,
   5665.520804296217,
   520.3140997626779,
   1442.888088875541,
   -3600.4085777735986,
   820.1709914843398,
   -1467.8944624523863,
   -6495.5775257617925,
   -1976.5409792950538,
   -3547.507594563379,
   -639.5069329764717,
   -11378.758758722688,
   -6312.730341777823,
   -2172.1434948234605,
   -205.32069819509002,
   247.76179974668153
  ],
  [
   -10245.463959087632,
   1360.8414862791844,
   -1465.9651906543609,
   -602.2175416191362,
   -1458.6982194992509,
   2782.2868385465945,
   -3539.3414827887536,
   -11476.726359621225,
   -3790.6745889491535,
   -4257.279721356794,
   3744.8219974826598,
   -1171.1279394874919,
   -1278.9652728100841,
   -1730.3447135309057,
   -138.47885081505595,
   20.52054028909852
  ],
  [
   -2730.7716186718903,
   -4945.555383123231,
   -1428.8375472708385,
   -2048.14051501975,
   -5774.129312929019,
   -2168.4766986015425,
   -4515.7169589181985,
   -936.475915670512,
   -243.07820551607395,
   -6451.589738500814,
   -3511.032953094848,
   779.6593194597226,
   862.4515473564226,
   24.537603494623898,
   441.3886488915111,
   -644.941872036667
  ],
  [
   -18353.000371118334,
   -15524.872028729986,
   -1820.7242896364673,
   3220.8194337918576,
   -1676.6112246996338,
   -10659.243830267085,
   301.439665221444,
   -12661.632515183677,
   -3503.0102867619985,
   -1874.472625350057,
   -11486.856179250579,
   -4051.050821439409,
   -9020.235695131707,
   -2465.544395412612,
   -1225.3919887849142,
   2513.1340655992153
  ],
  [
   -19140.248542362857,
   -14183.771113592376,
   -3000.1949384141635,
   1662.6989935107454,
   -9793.6626161663,
   -4469.590148245205,
   -10997.087945190773,
   -16812.150061910485,
   -278.5314970384605,
   -182.44482484474767,
   1011.9285763681023,
   13675.887391998214,
   -2648.3792374357768,
   -38.32315940105422,
   -1118.8599598175124,
   -162.2702689702174
  ]
 ],