{
 "input_nodes": 12,
 "hidden_nodes": 16,
 "output_nodes": 20,
 "epochs": 1000,
 "lr": 0.30000000000000004,
 "output": 0,
 "epsilon": 0.01,
 "synapse0": [
  [
   892.4968637464215,
   -229.08554087138057,
   2828.268336265301,
   -1705.916561107104,
   -2789.8864042844525,
   5395.093981817111,
   1520.708616997482,
   5083.399272946333,
   657.1714065697098,
   -1075.2637357046233,
   615.9749980245517,
   -2363.2047004074334,
   2142.92189195119,
   -8134.021165220156,
   2363.013152556401,
   -12.779001469003271
  ],
  [
   5537.382956601204,
   36.932573200378464,
   8311.471186831262,
   4543.731841781635,
   2498.9329702604077,
   -7170.945206585125,
   -1427.8876377451343,
   -6270.497140484067,
   -3811.782946912699,
   -2979.743445417825,
   -397.4973338131647,
   3358.0081652477793,
   -4703.065255294597,
   4573.1875395616025,
   5014.305931899932,
   9047.866867966955
  ],
  [
   -16781.798060350047,
   -272.15299829892444,
   -24840.011521790308,
   -14809.967582530931,
   -1892.8934844343273,
   4794.172021896228,
   1334.1535642304661,
   5201.290507728764,
   456.63875510703576,
   3492.0068151805635,
   887.6718525148257,
   -2637.7663809562728,
   3936.8663698737837,
   -3400.9140871299905,
   1841.950724212792,
   -3543.4699082564734
  ],
  [
   -1273.6140583769586,
   -958.9588605921347,
   -2371.2199717797102,
   3693.3585800242668,
   -239.60062656471467,
   -1075.1612620265203,
   -1804.1983295757639,
   -2972.377307197624,
   205.70342542092084,
   136.5071122920518,
   -730.7438283204982,
   -4675.914856046558,
   3293.54865641105,
   -1905.490787358604,
   10169.492059824153,
   11117.226225594879
  ],
  [
   -21915.25773926641,
   1057.7795535513567,
   -32394.398538486086,
   -23888.51940657804,
   2189.855659716648,
   -463.6599645458816,
   1344.4487434791665,
   2407.8519879321634,
   3602.1571029430024,
   2755.477892450033,
   -2138.341449558858,
   -3263.6914969220143,
   -15.462944618302567,
   -122.18203243657388,
   -22516.5230722073,
   -31845.673545301317
  ],
  [
   -3602.1613218147313,
   -323.50954320626136,
   -7954.153193005428,
   -731.7077683900956,
   618.6882317303603,
   -7660.408888499704,
   -1591.6109417864486,
   -2790.3624093468807,
   -838.7937111376759,
   -657.4415062720724,
   2358.801344797753,
   -7182.974588689854,
   -1122.987824434165,
   -690.3390299309644,
   -1183.248389703743,
   2530.0532761348836
  ],
  [
   -6588.812768678793,
   373.34777706772303,
   -9903.348263150556,
   -5288.37615576783,
   972.1846022234088,
   -3596.7635789929727,
   -908.2388035166108,
   19.175866540733786,
   3087.890198730817,
   -864.7264687644539,
   -2991.661409107504,
   -4332.904692960288,
   -814.1224765866082,
   -917.3551899692286,
   -9076.832213409507,
   -8166.661664692785
  ],
  [
   -8582.164149428803,
   -825.1283696841452,
   -11403.225836731244,
   -10422.264305669612,
   -2165.442297986007,
   -529.8021491391355,
   669.9881084358642,
   1537.6674410949622,
   -1151.4740521541476,
   -2725.464732920017,
   -378.0547447932595,
   -6576.221958194502,
   -504.16033838060594,
   -2505.1924041419497,
   2669.824618895036,
   -3145.9782084022986
  ],
  [
   -6581.495239856218,
   819.0398904119581,
   -7570.6263249267195,
   -13628.895445574783,
   -1258.9080658410383,
   -1900.0311383214787,
   735.4196352993125,
   488.6621781046535,
   230.7710557820426,
   -743.5696860473123,
   2413.032387047208,
   -3805.887769179535,
   -2286.0271111294096,
   -566.665021782267,
   -12712.170854730963,
   -16646.44023338675
  ],
  [
   -5261.573786378184,
   832.0961323856376,
   -5611.306377199094,
   -3558.521690219667,
   2212.174445624559,
   3671.7869648058313,
   1141.2538156124922,
   -2076.2789230349117,
   -309.73330994805553,
   -256.3494004005193,
   -3508.861729801874,
   2434.7168294054345,
   -1523.7766302527405,
   -1461.4667186746424,
   -5105.42852431789,
   -10306.602952919786
  ],
  [
   -11232.009501543722,
   -468.8384857997593,
   -14143.292790836147,
   -17495.297904820756,
   -3472.2596331994146,
   3456.048919251577,
   523.4858901686899,
   -1501.3259878501635,
   -4034.852415352681,
   567.5336370498125,
   -470.44760860615685,
   4653.282702894138,
   -2934.1551941519583,
   2781.449957803541,
   -5113.260218756718,
   -12602.413022782763
  ],
  [
   -9008.022337028196,
   191.61326804192942,
   -10894.77104687837,
   -7076.985801702359,
   944.186211390363,
   -113.35157023704467,
   -4344.25367858025,
   -7311.330476337804,
   937.8980950228348,
   -3176.410382467005,
   -2462.8005553080475,
   -2787.5217413094297,
   -1375.4249010644705,
   2010.3630395292378,
   -13607.731426914861,
   -13571.79314909731
  ]
 ],