{
 "input_nodes": 12,
 "hidden_nodes": 16,
 "output_nodes": 20,
 "epochs": 1000,
 "lr": 0.6000000000000001,
 "output": 0,
 "epsilon": 0.01,
 "synapse0": [
  [
   198.51774006499105,
   -645.0558441114537,
   1337.621629918747,
   -610.7181741964074,
   -823.4393719855489,
   2210.182435218478,
   -1296.0735896479841,
   2373.2211910686883,
   -71.46496742814588,
   157.71811315229908,
   515.5865089208608,
   -1081.2584079365968,
   19.681877471689734,
   -2446.868369662833,
   242.40782290180246,
   -536.8723037328898
  ],
  [
   2589.6973131360146,
   272.8388396175486,
   2996.9246320961433,
   2855.211203614751,
   1076.6674570591292,
   -3569.870729752396,
   823.1371947715813,
   -1383.1643503848854,
   -472.5123188662521,
   -505.6094809085795,
   -1390.1863376983122,
   862.0746408922523,
   -1459.9087744201468,
   620.9579548623939,
   767.4454033282952,
   1904.5369095566891
  ],
  [
   -4729.765926153198,
   -277.34759577546083,
   -7663.4977660400455,
   -2020.6043592486174,
   -151.64761243728327,
   2710.6149272497,
   -266.68218573952436,
   1320.8104890979378,
   15.228149134407252,
   1227.6972224155204,
   135.52898859414705,
   -13.931678755179918,
   1788.9752467414291,
   -581.249234016049,
   1118.2150469460237,
   287.00557791892675
  ],
  [
   -343.80601887435154,
   -690.2812587588039,
   253.8177002906692,
   2647.4167129726006,
   -151.73584975114443,
   -977.4514294922072,
   -175.1063049304078,
   -510.80685888664215,
   -266.7943146935446,
   -117.46989719033347,
   -589.243956496805,
   -932.2292911688145,
   991.1129377741778,
   -566.1855737850597,
   2552.467934585978,
   2574.9281169035166
  ],
  [
   -6484.488086764431,
   803.8821551672785,
   -10444.278467677042,
   -8195.008537752225,
   822.0265755527776,
   -518.6775064917234,
   721.1017772203882,
   1071.8445830517592,
   682.8016166304424,
   105.7347260630873,
   682.768618159752,
   821.5107934365559,
   791.6736671775889,
   953.5232390704936,
   -2688.5565548404243,
   -6586.4647726654475
  ],
  [
   272.2945689744938,
   419.7443518338004,
   -1029.3787110598607,
   3863.9798284071667,
   -326.3310039122744,
   -4057.96487660549,
   -263.9228382292909,
   235.36377228845333,
   47.48673187028563,
   -355.14842487270556,
   331.3209621087238,
   -1218.1237736919738,
   862.157475676109,
   -60.775271163649315,
   1266.5817014270035,
   -241.28575077716698
  ],
  [
   -1049.1900400842126,
   524.3221098142,
   -1946.988367428578,
   -2467.440097010367,
   -286.15994816310894,
   -449.6698598504342,
   483.058098224216,
   278.71125038150774,
   820.1756497637424,
   -71.68435740295527,
   -297.82894665057773,
   377.24378544686215,
   -279.1226864688174,
   -77.71721541371545,
   -2796.3599520021057,
   -1457.2656341910338
  ],
  [
   -641.5503685743803,
   -535.680021216993,
   -761.0966418847764,
   776.6040417848749,
   -965.7970874247314,
   -1492.22355863484,
   -695.7933931216598,
   798.0233071231899,
   -608.2980984454988,
   -139.67855170530103,
   -1179.3310377444027,
   -246.69331399076188,
   -822.5493102914141,
   -294.73328805732586,
   1044.054952122945,
   1525.996936624099
  ],
  [
   -868.1556566323828,
   194.02038021114714,
   -321.6333655140362,
   -2165.1642867658893,
   -340.2791805709906,
   -157.6963753135482,
   -859.4451635142859,
   281.9647534405328,
   -284.22794782986364,
   -516.0812808298597,
   258.4599358813794,
   -925.6678013965409,
   -1013.6571694567701,
   109.89467116069423,
   -1643.0861789574963,
   -3975.5915534450987
  ],
  [
   -1017.2813580977127,
   18.44597938944552,
   -1044.0678979188722,
   -3823.708018581055,
   1244.749752391441,
   577.4787605470692,
   290.75990337063666,
   95.76710029880064,
   238.3799579276912,
   -552.845181662832,
   -853.9791322344417,
   494.11522444733237,
   -809.7341571819051,
   34.585551707328044,
   -1922.2176078644163,
   -1080.8293822367389
  ],
  [
   -2837.689253282017,
   -1217.691089995174,
   -3261.5992048164817,
   -4516.680415264006,
   -1451.1926458166267,
   2031.1448479072985,
   -718.3570859302774,
   -306.0623119614583,
   -1646.8957751881771,
   266.43804940723277,
   167.93262017195994,
   270.45617059538375,
   -1097.6141386678235,
   1312.6523268240837,
   -970.8105838629018,
   -1506.7168873514595
  ],
  [
   -3139.1345309431454,
   -287.9686904444485,
   -2392.894256647135,
   -5588.349273810407,
   -648.740883847417,
   804.2752830647167,
   -344.94409539634603,
   -1782.8787936961446,
   789.5026105813915,
   -1167.1697111830592,
   -878.2745530020615,
   -1272.907934410931,
   -991.8755044816801,
   334.22028849637707,
   -3786.610327369936,
   -4723.587758232663
  ]
 ],