{
 "input_nodes": 12,
 "hidden_nodes": 16,
 "output_nodes": 20,
 "epochs": 1000,
 "lr": 0.5,
 "output": 0,
 "epsilon": 0.01,
 "synapse0": [
  [
   -26785.92177124451,
   -6951.580727818411,
   -58331.23379833462,
   -61197.46940652602,
   -32361.0659032338,
   -19004.49531012118,
   -15877.13059548431,
   -24379.25781631058,
   -3841.8779122992337,
   -38088.35766044439,
   -34246.231582996596,
   -22091.9902189891,
   -66613.95704904704,
   -16310.685807099011,
   -21048.951233771077,
   -24738.50223266382
  ],
  [
   -13183.58829119752,
   9060.284361445125,
   61152.57577988873,
   56521.63589230793,
   30068.266871492448,
   42805.562817613274,
   -895.5750741237214,
   28552.04451942823,
   1365.1375194004206,
   31869.335065112846,
   30136.619568308415,
   40705.70784508793,
   87314.60083224208,
   11404.590204873173,
   10247.15411446421,
   27409.408127783772
  ],
  [
   -33454.18237662109,
   -12500.604080958316,
   -86013.15312237844,
   -105042.39915358557,
   -43798.61155496215,
   -80752.01350488405,
   -19360.4741412934,
   -34350.372529490494,
   -23332.77904588681,
   -65548.13989889497,
   -57104.431876154245,
   -57868.27404413835,
   -106287.97876768908,
   -18003.98194292168,
   -52453.93554230838,
   -34525.117963524535
  ],
  [
   -11421.445726265649,
   -8728.360014790442,
   -64828.93571695893,
   -70547.52785493188,
   -45991.8898007548,
   -49623.29915833597,
   -10181.235720170438,
   -31580.896262372356,
   -17589.883461278838,
   -43287.819035499706,
   -40942.881490147134,
   -32171.743834047236,
   -67414.25760849442,
   -14341.033793922172,
   -20189.591952939074,
   -24863.685655099966
  ],
  [
   26039.834773630184,
   -3917.9967452364035,
   -3768.824989564128,
   4467.921372394315,
   -7808.749571354255,
   22074.918593465216,
   3558.5837612989926,
   -5584.10833026499,
   -2030.520678251693,
   -5669.281763555461,
   -8701.429787058782,
   12653.44242206752,
   6755.947444282072,
   -5335.841251871203,
   10551.586205377042,
   -10922.772023641164
  ],
  [
   -20316.031505774412,
   -3301.4448021920753,
   2926.129547695041,
   5976.994272268008,
   -1135.7489694051592,
   17785.861120970538,
   2145.4497899202715,
   3692.856173093117,
   -9754.481313407787,
   3136.703082205555,
   -4294.37850053649,
   11370.594411407346,
   19799.28773596622,
   -8608.39503905766,
   -10082.322206108161,
   4795.619518885892
  ],
  [
   -34457.418967821286,
   5101.026242224616,
   29105.462042576568,
   31039.066718402548,
   11421.978153035412,
   31979.46340492415,
   -6669.365739496991,
   9461.412197784972,
   5478.021841546087,
   9462.054510328484,
   16347.001475025576,
   23577.195498923913,
   39423.09861070817,
   6885.010219098092,
   10751.593361775953,
   14250.320130430873
  ],
  [
   -40184.33162606262,
   -1025.9326994894657,
   11929.731370313219,
   9113.846154322817,
   7444.711632156601,
   22025.279934926606,
   -26286.47403667149,
   -3124.8928183101348,
   19915.188017725603,
   -16694.91744054001,
   -1699.2023035716982,
   19672.47263360764,
   10154.294340397071,
   3529.3310612844643,
   -10153.957645199645,
   472.57086406725176
  ],
  [
   20302.65628958489,
   -1090.4687960761714,
   -14349.751621436519,
   -22287.319210866874,
   -16162.808528947295,
   -16139.272029626507,
   -15547.18982051361,
   -17210.542241720646,
   -1486.745995486685,
   -23534.071033256918,
   -11806.17397390875,
   -4031.333901653344,
   -23319.275518833347,
   1.450273094783651,
   -15348.038009156406,
   -11293.096042586183
  ],
  [
   -4806.531832510858,
   1952.1843452941182,
   -922.8764223142306,
   2576.9884190457337,
   4882.29212117519,
   14220.728036426655,
   -7105.766449354458,
   4320.958824346252,
   12890.711461412426,
   3255.7959102773157,
   1769.907370050254,
   11011.61561332698,
   9397.987745591865,
   -46.38224410662844,
   7789.660849488607,
   -2317.901284520723
  ],
  [
   -1583.9166273912508,
   3348.674181435364,
   27115.843735077095,
   33894.71210913788,
   23838.394235330532,
   40634.24766960862,
   7491.734525322527,
   18232.979649789748,
   -2260.024627247949,
   38327.765960731915,
   26296.636267211703,
   29344.570066679353,
   59258.25826749987,
   10370.47589551759,
   14308.055695610112,
   17511.072413098365
  ],
  [
   -11329.631035249631,
   1966.8238454655943,
   2535.2903181681627,
   875.828529818876,
   1933.233082328625,
   14533.155576344563,
   -9262.041018804375,
   2303.7871182648696,
   -10002.355039899125,
   -967.9194554915763,
   758.6959910699389,
   11308.218680001908,
   26252.341304473477,
   4176.656270471726,
   -3163.400144882501,
   1300.898266482001
  ]
 ],