{
 "input_nodes": 12,
 "hidden_nodes": 16,
 "output_nodes": 20,
 "epochs": 1000,
 "lr": 0.20000000000000007,
 "output": 0,
 "epsilon": 0.01,
 "synapse0": [
  [
   -52990.45317998719,
   -13062.876870628892,
   -90810.0233678605,
   -100578.53621426603,
   -49132.855443896755,
   -41528.96128108226,
   -24839.076798005997,
   -38590.465821387865,
   -16601.20771053171,
   -55225.05207199197,
   -62882.70570512397,
   -75186.50121838995,
   -139162.7546863026,
   -29620.148081515963,
   -41550.47294438327,
   -34910.97602511266
  ],
  [
   -31271.193043039195,
   16296.547707966283,
   87966.0961733633,
   91849.79863432258,
   50065.069781205646,
   96113.16695872418,
   -2842.9449907542207,
   45880.751635304565,
   28648.818189439953,
   44937.41115817856,
   57867.36105049352,
   121166.65793355192,
   148024.59384777615,
   26733.016392304617,
   28266.24309311894,
   32628.490986334757
  ],
  [
   -82818.19900522014,
   -23854.501214364387,
   -141194.48281185346,
   -168062.22477743358,
   -68613.49535711958,
   -167176.05583781935,
   -33730.63650285852,
   -61450.152496790346,
   -71870.95665082536,
   -111760.11052425887,
   -92721.79361105783,
   -152927.95334226155,
   -210068.74431548396,
   -21873.737474462465,
   -87367.48718923859,
   -60251.6220977697
  ],
  [
   -13677.773156454217,
   -14734.565758386847,
   -101856.66842350636,
   -110634.37920454246,
   -72906.34699707145,
   -101093.75226217159,
   -15889.963682599227,
   -39924.35918204857,
   -39464.58801136941,
   -68433.30097055425,
   -74355.72484372929,
   -88129.69548789857,
   -131833.60350698035,
   -23166.650283477775,
   -38609.7073106276,
   -45889.22884486531
  ],
  [
   64503.11382449905,
   -3152.1334101203706,
   -20791.493280717536,
   -7477.353591627997,
   -10819.376160044932,
   36682.32762029837,
   3772.4334323488383,
   -1104.0739284516997,
   11205.137931450512,
   -10738.85829385352,
   -12377.267361535447,
   19111.549154794626,
   4968.071392483611,
   -11066.407608698824,
   8645.834830627946,
   -19946.025789993426
  ],
  [
   -34477.93532856001,
   -5997.495647057797,
   1757.1273330304946,
   4558.970531401325,
   687.7656805205693,
   39623.87306235583,
   3754.1176350624646,
   6644.678836420975,
   5363.363429256273,
   1831.3646239178918,
   229.81180437460625,
   36038.02162878762,
   22332.535420956894,
   -16744.40902977466,
   -11251.994298122292,
   6959.30056764147
  ],
  [
   -62424.18007229026,
   11024.049698697596,
   47531.23126719706,
   54705.23459876833,
   11198.554133726208,
   68571.45685777231,
   -9252.382782117542,
   21209.683464694157,
   25229.657565391408,
   30012.39020741201,
   19059.71968903005,
   62781.67016762552,
   63792.93150765567,
   11795.255961981878,
   20681.79012854787,
   19641.42169255719
  ],
  [
   -86054.57226881185,
   5716.689982269642,
   9547.14275300659,
   20165.788901291264,
   4434.798760035213,
   45123.34261699758,
   -43460.086868727885,
   -4718.938003531183,
   39949.014608779755,
   -6445.141260854526,
   -10358.38978103569,
   34549.654384904505,
   5648.288133551205,
   21390.612918865903,
   -5191.591546903383,
   -7988.171152012227
  ],
  [
   30689.490886602856,
   -314.72326907272685,
   -24212.430745390007,
   -29367.044369504387,
   -26330.283444029315,
   -35508.42467173475,
   -26090.761877728935,
   -13997.044391735495,
   2852.153921844259,
   -43372.03161235303,
   -20865.25874367587,
   -17688.90696969761,
   -55429.62365162925,
   5954.655425018185,
   -22725.59578605314,
   -19776.317513883434
  ],
  [
   -1497.884138489347,
   1371.5387609903778,
   -99.97084938683699,
   4628.412653982985,
   6894.551712105353,
   31346.59059182073,
   -12588.774726557107,
   5806.909489872343,
   26574.014297061847,
   18101.222696284694,
   1783.1748063157509,
   22398.764868337603,
   5764.944928644012,
   2432.95837195304,
   9426.088541573183,
   -2289.336998865132
  ],
  [
   -34246.83825193507,
   2368.0153820838477,
   53128.056853346214,
   49974.27911898945,
   39868.07883741899,
   85656.27947813284,
   9628.483237799348,
   29410.866015502306,
   15074.229738013792,
   46157.26349915242,
   52872.253146984476,
   82427.92716079777,
   76088.48995865698,
   3707.8455857723548,
   16966.20322585268,
   35521.22044631688
  ],
  [
   -51729.62012009287,
   -621.3648766207174,
   5067.680220577874,
   -748.3916642222867,
   8884.490173775328,
   34965.73201560918,
   -14801.145546101003,
   5022.322475609544,
   -5306.517342025539,
   -10235.21997834849,
   11207.165957230962,
   44587.853381288194,
   29006.62730769323,
   5272.118118364596,
   1171.946859855411,
   1367.4057023503854
  ]
 ],