{
 "input_nodes": 12,
 "hidden_nodes": 16,
 "output_nodes": 20,
 "epochs": 1000,
 "lr": 0.7000000000000002,
 "output": 0,
 "epsilon": 0.01,
 "synapse0": [
  [
   -18378.197619028713,
   -6257.270558239774,
   -34518.03215613465,
   -33972.00248986132,
   -19971.082698717917,
   -7895.643386745938,
   -9383.619262476399,
   -12891.241516250988,
   -6534.799690284127,
   -20454.634262242125,
   -19830.296394885645,
   -4111.760934278666,
   -30262.18738975721,
   -8195.66764964168,
   -7740.478373480633,
   -16950.85555581895
  ],
  [
   -1620.9867682666427,
   5550.478110140673,
   37559.62538233763,
   35133.77370609015,
   15089.02833661382,
   15287.752641841285,
   -334.41293618887886,
   15057.52470546423,
   5775.854423330661,
   19957.17141628956,
   20413.91881672262,
   7605.285202212144,
   42528.626422470414,
   4113.053534125948,
   5576.560633615466,
   17871.338768082976
  ],
  [
   -12450.04772815051,
   -7241.304133197754,
   -56360.92194726816,
   -58494.24450622526,
   -33049.29423993275,
   -31088.810858478904,
   -11243.149976133172,
   -19470.756087806098,
   -10253.09045068136,
   -37807.19720515066,
   -29380.12008787317,
   -16323.948032571203,
   -48250.591598373365,
   -12987.270506322433,
   -17653.375837128395,
   -23723.36681934919
  ],
  [
   -5099.240575692552,
   -4737.125957779801,
   -37937.526067586216,
   -36500.88307312014,
   -26547.30006040063,
   -17217.547334746934,
   -6165.467605995234,
   -19653.958063574286,
   -9614.875764682356,
   -26875.679648345194,
   -20015.65994989756,
   -7116.596861677312,
   -28180.365061723252,
   -7084.0273698897145,
   -2610.555282291469,
   -16376.107175749074
  ],
  [
   11552.08820444272,
   -2252.44728669567,
   2470.879629793019,
   5551.483708244496,
   -3436.11189274399,
   7959.5520526556165,
   3106.0734623971252,
   -6195.5509282017065,
   -5232.629018206377,
   -1349.2060095244235,
   -8783.749078252837,
   3301.6875243501845,
   3741.863964020213,
   -81.04920335395066,
   5846.7131262763805,
   -2887.577246538989
  ],
  [
   -9590.680515168247,
   -2407.5917844138467,
   4247.175451655881,
   9739.652445429314,
   79.49465309613227,
   7173.328460247654,
   1566.9965446682734,
   1165.4239477785625,
   -6006.581030203461,
   3576.1244169003667,
   -281.9509742348607,
   1466.931529538426,
   11161.617751008029,
   -4799.907070118407,
   -2166.4376692789733,
   2594.087733943492
  ],
  [
   -17930.558015762363,
   3117.397746448931,
   18105.01997370722,
   15599.622780391448,
   8712.113825939903,
   10669.581705155366,
   -3819.166793095798,
   6100.192481870961,
   4802.074155880068,
   6232.043350732192,
   10679.729605472756,
   5707.54553137592,
   18179.204900926285,
   4506.162398157456,
   899.6903725056904,
   8384.316268613007
  ],
  [
   -20982.302855320857,
   -263.58476034234866,
   5801.584714073605,
   -2676.160646251247,
   -1103.72082141122,
   10577.525355729316,
   -15679.219498787674,
   -893.2329044392645,
   8893.022228406273,
   -3596.685948002922,
   -607.8103905525629,
   9082.000495445252,
   7515.420304207546,
   3129.632721983948,
   -8515.219017514748,
   2130.793572329184
  ],
  [
   14621.274420113226,
   834.0481609139779,
   -13820.436946777752,
   -18261.49907866148,
   -14362.825811668003,
   -3983.9776371728276,
   -9138.205533224358,
   -12560.899101255894,
   -2191.2885434500745,
   -9252.136467979404,
   -6645.341006746867,
   212.37319016807294,
   -7417.539724160089,
   859.2152036698252,
   -2251.073945171332,
   -5967.362317972681
  ],
  [
   -6577.509949406338,
   -271.8766583881636,
   1777.455562119504,
   3187.503189918202,
   3338.1293687372986,
   5329.113737496664,
   -4247.367591834899,
   5409.668924459885,
   4486.973860900557,
   1711.174247171944,
   -382.3901390487669,
   5318.171512030057,
   6737.516826614428,
   1136.8990130293676,
   2400.766390021321,
   -985.1104408392941
  ],
  [
   -1374.3067523926368,
   4102.3922306499635,
   15324.148406973225,
   20087.13142397963,
   16505.436657887305,
   11363.796296168519,
   3339.476277536923,
   12788.794484270604,
   22.78300985020668,
   15882.657802118854,
   14096.805682151073,
   3958.160980032555,
   26420.07225292539,
   3621.365730879073,
   7788.016807198279,
   8915.276269175745
  ],
  [
   -644.6789513286018,
   1195.8310016198727,
   3036.046032505487,
   4754.906708621218,
   -1816.6901488608453,
   4498.264436592074,
   -5505.660123413952,
   -120.01360566263051,
   -1853.8662858852472,
   -404.8964660362391,
   2794.102190627334,
   -932.4731004812717,
   15894.186784106612,
   -201.70641812759456,
   3600.85050472629,
   1920.3319865058463
  ]
 ],