{
 "input_nodes": 12,
 "hidden_nodes": 16,
 "output_nodes": 20,
 "epochs": 1000,
 "lr": 0.5,
 "output": 0,
 "epsilon": 0.01,
 "synapse0": [
  [
   -34306.059376289144,
   -11150.922668115116,
   -73343.36215445709,
   -79096.26234420523,
   -39922.23618516467,
   -28619.723331674235,
   -20031.525213130888,
   -31868.8346406391,
   -5424.341572930631,
   -46154.15457527605,
   -44915.13996935877,
   -41374.34499137115,
   -93158.44658701036,
   -21472.57290931825,
   -36133.40339826415,
   -29443.874900120198
  ],
  [
   -23661.907209491226,
   12165.523569946108,
   73347.57013634423,
   70440.41360143443,
   39538.707354217884,
   65166.576878328626,
   -1684.2442088879563,
   34988.74909888268,
   7828.064272966995,
   34098.196198789345,
   38333.81159180794,
   73709.22369948293,
   114487.85538776914,
   17131.197874895923,
   24065.89127167435,
   30278.934175627284
  ],
  [
   -54453.50110486674,
   -19462.741105764362,
   -109759.04388842423,
   -136371.13504229317,
   -53744.84948231559,
   -118303.22682054868,
   -25394.906730301045,
   -51577.61236047876,
   -41553.77910724158,
   -94514.80013187978,
   -76699.23695956172,
   -100239.64500218087,
   -149603.36368706048,
   -21219.25839751326,
   -60986.26386858215,
   -45015.9983630188
  ],
  [
   -15742.596346434051,
   -12202.98325502394,
   -83059.91457143807,
   -91302.84677767215,
   -55891.66882645961,
   -71242.72637033927,
   -12639.506935542846,
   -38874.50619264796,
   -27228.876505648193,
   -53209.01365142104,
   -55432.25907448059,
   -57152.11553197037,
   -97706.1312267224,
   -19999.72277147414,
   -36638.25198867333,
   -31785.44780835089
  ],
  [
   43893.52123083393,
   -2281.296985575231,
   -12858.820293322207,
   -1287.1697720555364,
   -12243.654632027892,
   28505.507781012337,
   4364.889072093109,
   312.1931613756897,
   4187.816993682579,
   -3110.9971032084063,
   -9737.086926630931,
   18560.320420616154,
   6984.408491184781,
   -9599.900536148656,
   3353.877619993992,
   -14819.907232289372
  ],
  [
   -27846.527043787224,
   -3925.577142257875,
   1832.8503915843012,
   4492.83823078019,
   -389.5062643639588,
   26256.457548001446,
   3047.914382007794,
   6051.877625120175,
   -6801.159867864688,
   880.9890733064224,
   -3664.319110053009,
   21292.130005673396,
   23134.548365304185,
   -10702.416391361894,
   -13457.850357725467,
   4684.480358002626
  ],
  [
   -46878.339403716906,
   6710.760320203248,
   36552.12443172842,
   42923.6620443689,
   13681.576188599225,
   47866.84278212972,
   -7869.5554905866575,
   13279.07442211891,
   12210.764184088834,
   16200.345442455122,
   17649.348712724797,
   42691.166598488126,
   53483.28849157677,
   9256.957352879017,
   15241.770634165196,
   17995.170120777446
  ],
  [
   -53518.874197178695,
   -1763.4002199464537,
   9955.186627160723,
   14220.181435280254,
   8409.992049017223,
   31465.157591525076,
   -34600.05250903893,
   -5370.136151917108,
   30675.417401029958,
   -25592.584988770548,
   -6597.9869444208525,
   28785.187506190734,
   10323.67861978241,
   10108.486720804394,
   -1907.2711217889687,
   559.4108109999135
  ],
  [
   26650.89339958536,
   -222.3586671941997,
   -18231.764208397173,
   -28329.96567785917,
   -20914.123479985086,
   -23211.144039650535,
   -20798.53720956126,
   -19018.816114843354,
   1.513692409380935,
   -38071.31900142237,
   -18989.23577110298,
   -9274.106449540865,
   -35182.11883885381,
   821.3361234790812,
   -14523.205621416104,
   -12541.350931728684
  ],
  [
   -16.203577727909703,
   1830.3212833112452,
   -2340.300149958455,
   3362.1804023427417,
   5652.761427587544,
   21613.730111866418,
   -8682.243579500106,
   7059.705317219499,
   19582.68598044689,
   9993.63276081549,
   3121.443160710964,
   16912.495654893974,
   10501.541679408227,
   -591.3053412737114,
   2766.495616786173,
   -2407.356939554713
  ],
  [
   -10366.626310064004,
   4766.9364930980155,
   39675.4948544427,
   39531.40223510721,
   29004.794095053712,
   60485.16745771984,
   9290.786176083857,
   20214.476467308603,
   3486.665163331328,
   44077.06512230224,
   35171.371475739514,
   53131.84631858611,
   74834.71065403454,
   8340.457231663198,
   20011.400766207633,
   21048.406624136893
  ],
  [
   -31808.55549395947,
   2172.0772346312624,
   5705.6751226285105,
   -2016.050519994338,
   4521.450692381449,
   23489.494683382185,
   -11720.711420198004,
   -1856.6248468134604,
   -10800.203988589412,
   -7111.684373441251,
   1829.5484073920443,
   25965.9422464035,
   33334.56272010893,
   4244.028647696662,
   5498.722735629843,
   -298.9482263256632
  ]
 ],